$MeshFormat
4.1 0 8
$EndMeshFormat
$PhysicalNames
13
3 1 "layer01@Layer"
3 2 "layer02@Layer"
3 3 "layer03@Layer"
3 4 "layer04@Layer"
3 5 "layer05@Layer"
3 6 "layer06@Layer"
3 7 "layer07@Layer"
3 8 "layer08@Layer"
3 9 "layer09@Layer"
3 10 "layer10@Layer"
3 11 "layer11@Layer"
3 12 "well_inj@Well"
3 13 "well_prod@Well"
$EndPhysicalNames
$Entities
192 464 372 99
1 0 0 0 0 
2 18.288 0 0 0 
3 365.76 0 0 0 
4 384.048 0 0 0 
5 0 18.288 0 0 
6 18.288 18.288 0 0 
7 365.76 18.288 0 0 
8 384.048 18.288 0 0 
9 0 365.76 0 0 
10 18.288 365.76 0 0 
11 365.76 365.76 0 0 
12 384.048 365.76 0 0 
13 0 384.048 0 0 
14 18.288 384.048 0 0 
15 365.76 384.048 0 0 
16 384.048 384.048 0 0 
17 0 0 -6.096 0 
18 18.288 0 -6.096 0 
22 18.288 18.288 -6.096 0 
26 0 18.288 -6.096 0 
28 365.76 0 -6.096 0 
32 365.76 18.288 -6.096 0 
34 384.048 0 -6.096 0 
38 384.048 18.288 -6.096 0 
44 18.288 365.76 -6.096 0 
48 0 365.76 -6.096 0 
54 365.76 365.76 -6.096 0 
60 384.048 365.76 -6.096 0 
66 18.288 384.048 -6.096 0 
70 0 384.048 -6.096 0 
76 365.76 384.048 -6.096 0 
82 384.048 384.048 -6.096 0 
83 0 0 -12.192 0 
84 18.288 0 -12.192 0 
88 18.288 18.288 -12.192 0 
92 0 18.288 -12.192 0 
94 365.76 0 -12.192 0 
98 365.76 18.288 -12.192 0 
100 384.048 0 -12.192 0 
104 384.048 18.288 -12.192 0 
110 18.288 365.76 -12.192 0 
114 0 365.76 -12.192 0 
120 365.76 365.76 -12.192 0 
126 384.048 365.76 -12.192 0 
132 18.288 384.048 -12.192 0 
136 0 384.048 -12.192 0 
142 365.76 384.048 -12.192 0 
148 384.048 384.048 -12.192 0 
149 0 0 -18.288 0 
150 18.288 0 -18.288 0 
154 18.288 18.288 -18.288 0 
158 0 18.288 -18.288 0 
160 365.76 0 -18.288 0 
164 365.76 18.288 -18.288 0 
166 384.048 0 -18.288 0 
170 384.048 18.288 -18.288 0 
176 18.288 365.76 -18.288 0 
180 0 365.76 -18.288 0 
186 365.76 365.76 -18.288 0 
192 384.048 365.76 -18.288 0 
198 18.288 384.048 -18.288 0 
202 0 384.048 -18.288 0 
208 365.76 384.048 -18.288 0 
214 384.048 384.048 -18.288 0 
215 0 0 -24.384 0 
216 18.288 0 -24.384 0 
220 18.288 18.288 -24.384 0 
224 0 18.288 -24.384 0 
226 365.76 0 -24.384 0 
230 365.76 18.288 -24.384 0 
232 384.048 0 -24.384 0 
236 384.048 18.288 -24.384 0 
242 18.288 365.76 -24.384 0 
246 0 365.76 -24.384 0 
252 365.76 365.76 -24.384 0 
258 384.048 365.76 -24.384 0 
264 18.288 384.048 -24.384 0 
268 0 384.048 -24.384 0 
274 365.76 384.048 -24.384 0 
280 384.048 384.048 -24.384 0 
281 0 0 -30.48 0 
282 18.288 0 -30.48 0 
286 18.288 18.288 -30.48 0 
290 0 18.288 -30.48 0 
292 365.76 0 -30.48 0 
296 365.76 18.288 -30.48 0 
298 384.048 0 -30.48 0 
302 384.048 18.288 -30.48 0 
308 18.288 365.76 -30.48 0 
312 0 365.76 -30.48 0 
318 365.76 365.76 -30.48 0 
324 384.048 365.76 -30.48 0 
330 18.288 384.048 -30.48 0 
334 0 384.048 -30.48 0 
340 365.76 384.048 -30.48 0 
346 384.048 384.048 -30.48 0 
347 0 0 -36.576 0 
348 18.288 0 -36.576 0 
352 18.288 18.288 -36.576 0 
356 0 18.288 -36.576 0 
358 365.76 0 -36.576 0 
362 365.76 18.288 -36.576 0 
364 384.048 0 -36.576 0 
368 384.048 18.288 -36.576 0 
374 18.288 365.76 -36.576 0 
378 0 365.76 -36.576 0 
384 365.76 365.76 -36.576 0 
390 384.048 365.76 -36.576 0 
396 18.288 384.048 -36.576 0 
400 0 384.048 -36.576 0 
406 365.76 384.048 -36.576 0 
412 384.048 384.048 -36.576 0 
413 0 0 -42.672 0 
414 18.288 0 -42.672 0 
418 18.288 18.288 -42.672 0 
422 0 18.288 -42.672 0 
424 365.76 0 -42.672 0 
428 365.76 18.288 -42.672 0 
430 384.048 0 -42.672 0 
434 384.048 18.288 -42.672 0 
440 18.288 365.76 -42.672 0 
444 0 365.76 -42.672 0 
450 365.76 365.76 -42.672 0 
456 384.048 365.76 -42.672 0 
462 18.288 384.048 -42.672 0 
466 0 384.048 -42.672 0 
472 365.76 384.048 -42.672 0 
478 384.048 384.048 -42.672 0 
479 0 0 -48.768 0 
480 18.288 0 -48.768 0 
484 18.288 18.288 -48.768 0 
488 0 18.288 -48.768 0 
490 365.76 0 -48.768 0 
494 365.76 18.288 -48.768 0 
496 384.048 0 -48.768 0 
500 384.048 18.288 -48.768 0 
506 18.288 365.76 -48.768 0 
510 0 365.76 -48.768 0 
516 365.76 365.76 -48.768 0 
522 384.048 365.76 -48.768 0 
528 18.288 384.048 -48.768 0 
532 0 384.048 -48.768 0 
538 365.76 384.048 -48.768 0 
544 384.048 384.048 -48.768 0 
545 0 0 -54.864 0 
546 18.288 0 -54.864 0 
550 18.288 18.288 -54.864 0 
554 0 18.288 -54.864 0 
556 365.76 0 -54.864 0 
560 365.76 18.288 -54.864 0 
562 384.048 0 -54.864 0 
566 384.048 18.288 -54.864 0 
572 18.288 365.76 -54.864 0 
576 0 365.76 -54.864 0 
582 365.76 365.76 -54.864 0 
588 384.048 365.76 -54.864 0 
594 18.288 384.048 -54.864 0 
598 0 384.048 -54.864 0 
604 365.76 384.048 -54.864 0 
610 384.048 384.048 -54.864 0 
611 0 0 -60.96000000000001 0 
612 18.288 0 -60.96000000000001 0 
616 18.288 18.288 -60.96000000000001 0 
620 0 18.288 -60.96000000000001 0 
622 365.76 0 -60.96000000000001 0 
626 365.76 18.288 -60.96000000000001 0 
628 384.048 0 -60.96000000000001 0 
632 384.048 18.288 -60.96000000000001 0 
638 18.288 365.76 -60.96000000000001 0 
642 0 365.76 -60.96000000000001 0 
648 365.76 365.76 -60.96000000000001 0 
654 384.048 365.76 -60.96000000000001 0 
660 18.288 384.048 -60.96000000000001 0 
664 0 384.048 -60.96000000000001 0 
670 365.76 384.048 -60.96000000000001 0 
676 384.048 384.048 -60.96000000000001 0 
677 0 0 -67.05600000000001 0 
678 18.288 0 -67.05600000000001 0 
682 18.288 18.288 -67.05600000000001 0 
686 0 18.288 -67.05600000000001 0 
688 365.76 0 -67.05600000000001 0 
692 365.76 18.288 -67.05600000000001 0 
694 384.048 0 -67.05600000000001 0 
698 384.048 18.288 -67.05600000000001 0 
704 18.288 365.76 -67.05600000000001 0 
708 0 365.76 -67.05600000000001 0 
714 365.76 365.76 -67.05600000000001 0 
720 384.048 365.76 -67.05600000000001 0 
726 18.288 384.048 -67.05600000000001 0 
730 0 384.048 -67.05600000000001 0 
736 365.76 384.048 -67.05600000000001 0 
742 384.048 384.048 -67.05600000000001 0 
100 0 0 0 18.288 0 0 0 2 1 -2 
101 18.28800000000001 0 0 365.76 0 0 0 2 2 -3 
102 365.76 0 0 384.048 0 0 0 2 3 -4 
103 0 18.288 0 18.288 18.288 0 0 2 5 -6 
104 18.28800000000001 18.288 0 365.76 18.288 0 0 2 6 -7 
105 365.76 18.288 0 384.048 18.288 0 0 2 7 -8 
106 0 365.76 0 18.288 365.76 0 0 2 9 -10 
107 18.28800000000001 365.76 0 365.76 365.76 0 0 2 10 -11 
108 365.76 365.76 0 384.048 365.76 0 0 2 11 -12 
109 0 384.048 0 18.288 384.048 0 0 2 13 -14 
110 18.28800000000001 384.048 0 365.76 384.048 0 0 2 14 -15 
111 365.76 384.048 0 384.048 384.048 0 0 2 15 -16 
200 0 0 0 0 18.288 0 0 2 1 -5 
201 18.288 0 0 18.288 18.288 0 0 2 2 -6 
202 365.76 0 0 365.76 18.288 0 0 2 3 -7 
203 384.048 0 0 384.048 18.288 0 0 2 4 -8 
204 0 18.28800000000001 0 0 365.76 0 0 2 5 -9 
205 18.288 18.28800000000001 0 18.288 365.76 0 0 2 6 -10 
206 365.76 18.28800000000001 0 365.76 365.76 0 0 2 7 -11 
207 384.048 18.28800000000001 0 384.048 365.76 0 0 2 8 -12 
208 0 365.76 0 0 384.048 0 0 2 9 -13 
209 18.288 365.76 0 18.288 384.048 0 0 2 10 -14 
210 365.76 365.76 0 365.76 384.048 0 0 2 11 -15 
211 384.048 365.76 0 384.048 384.048 0 0 2 12 -16 
213 0 0 -6.096 18.288 0 -6.096 0 2 17 -18 
214 18.288 0 -6.096 18.288 18.288 -6.096 0 2 18 -22 
215 0 18.288 -6.096 18.288 18.288 -6.096 0 2 22 -26 
216 0 0 -6.096 0 18.288 -6.096 0 2 26 -17 
218 0 0 -6.096 0 0 0 0 2 1 -17 
219 18.288 0 -6.096 18.288 0 0 0 2 2 -18 
223 18.288 18.288 -6.096 18.288 18.288 0 0 2 6 -22 
227 0 18.288 -6.096 0 18.288 0 0 2 5 -26 
235 18.28800000000001 0 -6.096 365.76 0 -6.096 0 2 18 -28 
236 365.76 0 -6.096 365.76 18.288 -6.096 0 2 28 -32 
237 18.28800000000001 18.288 -6.096 365.76 18.288 -6.096 0 2 32 -22 
241 365.76 0 -6.096 365.76 0 0 0 2 3 -28 
245 365.76 18.288 -6.096 365.76 18.288 0 0 2 7 -32 
257 365.76 0 -6.096 384.048 0 -6.096 0 2 28 -34 
258 384.048 0 -6.096 384.048 18.288 -6.096 0 2 34 -38 
259 365.76 18.288 -6.096 384.048 18.288 -6.096 0 2 38 -32 
263 384.048 0 -6.096 384.048 0 0 0 2 4 -34 
267 384.048 18.288 -6.096 384.048 18.288 0 0 2 8 -38 
280 18.288 18.28800000000001 -6.096 18.288 365.76 -6.096 0 2 22 -44 
281 0 365.76 -6.096 18.288 365.76 -6.096 0 2 44 -48 
282 0 18.28800000000001 -6.096 0 365.76 -6.096 0 2 48 -26 
289 18.288 365.76 -6.096 18.288 365.76 0 0 2 10 -44 
293 0 365.76 -6.096 0 365.76 0 0 2 9 -48 
302 365.76 18.28800000000001 -6.096 365.76 365.76 -6.096 0 2 32 -54 
303 18.28800000000001 365.76 -6.096 365.76 365.76 -6.096 0 2 54 -44 
311 365.76 365.76 -6.096 365.76 365.76 0 0 2 11 -54 
324 384.048 18.28800000000001 -6.096 384.048 365.76 -6.096 0 2 38 -60 
325 365.76 365.76 -6.096 384.048 365.76 -6.096 0 2 60 -54 
333 384.048 365.76 -6.096 384.048 365.76 0 0 2 12 -60 
346 18.288 365.76 -6.096 18.288 384.048 -6.096 0 2 44 -66 
347 0 384.048 -6.096 18.288 384.048 -6.096 0 2 66 -70 
348 0 365.76 -6.096 0 384.048 -6.096 0 2 70 -48 
355 18.288 384.048 -6.096 18.288 384.048 0 0 2 14 -66 
359 0 384.048 -6.096 0 384.048 0 0 2 13 -70 
368 365.76 365.76 -6.096 365.76 384.048 -6.096 0 2 54 -76 
369 18.28800000000001 384.048 -6.096 365.76 384.048 -6.096 0 2 76 -66 
377 365.76 384.048 -6.096 365.76 384.048 0 0 2 15 -76 
390 384.048 365.76 -6.096 384.048 384.048 -6.096 0 2 60 -82 
391 365.76 384.048 -6.096 384.048 384.048 -6.096 0 2 82 -76 
399 384.048 384.048 -6.096 384.048 384.048 0 0 2 16 -82 
411 0 0 -12.192 18.288 0 -12.192 0 2 83 -84 
412 18.288 0 -12.192 18.288 18.288 -12.192 0 2 84 -88 
413 0 18.288 -12.192 18.288 18.288 -12.192 0 2 88 -92 
414 0 0 -12.192 0 18.288 -12.192 0 2 92 -83 
416 0 0 -12.192 0 0 -6.096 0 2 17 -83 
417 18.288 0 -12.192 18.288 0 -6.096 0 2 18 -84 
421 18.288 18.288 -12.192 18.288 18.288 -6.096 0 2 22 -88 
425 0 18.288 -12.192 0 18.288 -6.096 0 2 26 -92 
433 18.28800000000001 0 -12.192 365.76 0 -12.192 0 2 84 -94 
434 365.76 0 -12.192 365.76 18.288 -12.192 0 2 94 -98 
435 18.28800000000001 18.288 -12.192 365.76 18.288 -12.192 0 2 98 -88 
439 365.76 0 -12.192 365.76 0 -6.096 0 2 28 -94 
443 365.76 18.288 -12.192 365.76 18.288 -6.096 0 2 32 -98 
455 365.76 0 -12.192 384.048 0 -12.192 0 2 94 -100 
456 384.048 0 -12.192 384.048 18.288 -12.192 0 2 100 -104 
457 365.76 18.288 -12.192 384.048 18.288 -12.192 0 2 104 -98 
461 384.048 0 -12.192 384.048 0 -6.096 0 2 34 -100 
465 384.048 18.288 -12.192 384.048 18.288 -6.096 0 2 38 -104 
478 18.288 18.28800000000001 -12.192 18.288 365.76 -12.192 0 2 88 -110 
479 0 365.76 -12.192 18.288 365.76 -12.192 0 2 110 -114 
480 0 18.28800000000001 -12.192 0 365.76 -12.192 0 2 114 -92 
487 18.288 365.76 -12.192 18.288 365.76 -6.096 0 2 44 -110 
491 0 365.76 -12.192 0 365.76 -6.096 0 2 48 -114 
500 365.76 18.28800000000001 -12.192 365.76 365.76 -12.192 0 2 98 -120 
501 18.28800000000001 365.76 -12.192 365.76 365.76 -12.192 0 2 120 -110 
509 365.76 365.76 -12.192 365.76 365.76 -6.096 0 2 54 -120 
522 384.048 18.28800000000001 -12.192 384.048 365.76 -12.192 0 2 104 -126 
523 365.76 365.76 -12.192 384.048 365.76 -12.192 0 2 126 -120 
531 384.048 365.76 -12.192 384.048 365.76 -6.096 0 2 60 -126 
544 18.288 365.76 -12.192 18.288 384.048 -12.192 0 2 110 -132 
545 0 384.048 -12.192 18.288 384.048 -12.192 0 2 132 -136 
546 0 365.76 -12.192 0 384.048 -12.192 0 2 136 -114 
553 18.288 384.048 -12.192 18.288 384.048 -6.096 0 2 66 -132 
557 0 384.048 -12.192 0 384.048 -6.096 0 2 70 -136 
566 365.76 365.76 -12.192 365.76 384.048 -12.192 0 2 120 -142 
567 18.28800000000001 384.048 -12.192 365.76 384.048 -12.192 0 2 142 -132 
575 365.76 384.048 -12.192 365.76 384.048 -6.096 0 2 76 -142 
588 384.048 365.76 -12.192 384.048 384.048 -12.192 0 2 126 -148 
589 365.76 384.048 -12.192 384.048 384.048 -12.192 0 2 148 -142 
597 384.048 384.048 -12.192 384.048 384.048 -6.096 0 2 82 -148 
609 0 0 -18.288 18.288 0 -18.288 0 2 149 -150 
610 18.288 0 -18.288 18.288 18.288 -18.288 0 2 150 -154 
611 0 18.288 -18.288 18.288 18.288 -18.288 0 2 154 -158 
612 0 0 -18.288 0 18.288 -18.288 0 2 158 -149 
614 0 0 -18.288 0 0 -12.192 0 2 83 -149 
615 18.288 0 -18.288 18.288 0 -12.192 0 2 84 -150 
619 18.288 18.288 -18.288 18.288 18.288 -12.192 0 2 88 -154 
623 0 18.288 -18.288 0 18.288 -12.192 0 2 92 -158 
631 18.28800000000001 0 -18.288 365.76 0 -18.288 0 2 150 -160 
632 365.76 0 -18.288 365.76 18.288 -18.288 0 2 160 -164 
633 18.28800000000001 18.288 -18.288 365.76 18.288 -18.288 0 2 164 -154 
637 365.76 0 -18.288 365.76 0 -12.192 0 2 94 -160 
641 365.76 18.288 -18.288 365.76 18.288 -12.192 0 2 98 -164 
653 365.76 0 -18.288 384.048 0 -18.288 0 2 160 -166 
654 384.048 0 -18.288 384.048 18.288 -18.288 0 2 166 -170 
655 365.76 18.288 -18.288 384.048 18.288 -18.288 0 2 170 -164 
659 384.048 0 -18.288 384.048 0 -12.192 0 2 100 -166 
663 384.048 18.288 -18.288 384.048 18.288 -12.192 0 2 104 -170 
676 18.288 18.28800000000001 -18.288 18.288 365.76 -18.288 0 2 154 -176 
677 0 365.76 -18.288 18.288 365.76 -18.288 0 2 176 -180 
678 0 18.28800000000001 -18.288 0 365.76 -18.288 0 2 180 -158 
685 18.288 365.76 -18.288 18.288 365.76 -12.192 0 2 110 -176 
689 0 365.76 -18.288 0 365.76 -12.192 0 2 114 -180 
698 365.76 18.28800000000001 -18.288 365.76 365.76 -18.288 0 2 164 -186 
699 18.28800000000001 365.76 -18.288 365.76 365.76 -18.288 0 2 186 -176 
707 365.76 365.76 -18.288 365.76 365.76 -12.192 0 2 120 -186 
720 384.048 18.28800000000001 -18.288 384.048 365.76 -18.288 0 2 170 -192 
721 365.76 365.76 -18.288 384.048 365.76 -18.288 0 2 192 -186 
729 384.048 365.76 -18.288 384.048 365.76 -12.192 0 2 126 -192 
742 18.288 365.76 -18.288 18.288 384.048 -18.288 0 2 176 -198 
743 0 384.048 -18.288 18.288 384.048 -18.288 0 2 198 -202 
744 0 365.76 -18.288 0 384.048 -18.288 0 2 202 -180 
751 18.288 384.048 -18.288 18.288 384.048 -12.192 0 2 132 -198 
755 0 384.048 -18.288 0 384.048 -12.192 0 2 136 -202 
764 365.76 365.76 -18.288 365.76 384.048 -18.288 0 2 186 -208 
765 18.28800000000001 384.048 -18.288 365.76 384.048 -18.288 0 2 208 -198 
773 365.76 384.048 -18.288 365.76 384.048 -12.192 0 2 142 -208 
786 384.048 365.76 -18.288 384.048 384.048 -18.288 0 2 192 -214 
787 365.76 384.048 -18.288 384.048 384.048 -18.288 0 2 214 -208 
795 384.048 384.048 -18.288 384.048 384.048 -12.192 0 2 148 -214 
807 0 0 -24.384 18.288 0 -24.384 0 2 215 -216 
808 18.288 0 -24.384 18.288 18.288 -24.384 0 2 216 -220 
809 0 18.288 -24.384 18.288 18.288 -24.384 0 2 220 -224 
810 0 0 -24.384 0 18.288 -24.384 0 2 224 -215 
812 0 0 -24.384 0 0 -18.288 0 2 149 -215 
813 18.288 0 -24.384 18.288 0 -18.288 0 2 150 -216 
817 18.288 18.288 -24.384 18.288 18.288 -18.288 0 2 154 -220 
821 0 18.288 -24.384 0 18.288 -18.288 0 2 158 -224 
829 18.28800000000001 0 -24.384 365.76 0 -24.384 0 2 216 -226 
830 365.76 0 -24.384 365.76 18.288 -24.384 0 2 226 -230 
831 18.28800000000001 18.288 -24.384 365.76 18.288 -24.384 0 2 230 -220 
835 365.76 0 -24.384 365.76 0 -18.288 0 2 160 -226 
839 365.76 18.288 -24.384 365.76 18.288 -18.288 0 2 164 -230 
851 365.76 0 -24.384 384.048 0 -24.384 0 2 226 -232 
852 384.048 0 -24.384 384.048 18.288 -24.384 0 2 232 -236 
853 365.76 18.288 -24.384 384.048 18.288 -24.384 0 2 236 -230 
857 384.048 0 -24.384 384.048 0 -18.288 0 2 166 -232 
861 384.048 18.288 -24.384 384.048 18.288 -18.288 0 2 170 -236 
874 18.288 18.28800000000001 -24.384 18.288 365.76 -24.384 0 2 220 -242 
875 0 365.76 -24.384 18.288 365.76 -24.384 0 2 242 -246 
876 0 18.28800000000001 -24.384 0 365.76 -24.384 0 2 246 -224 
883 18.288 365.76 -24.384 18.288 365.76 -18.288 0 2 176 -242 
887 0 365.76 -24.384 0 365.76 -18.288 0 2 180 -246 
896 365.76 18.28800000000001 -24.384 365.76 365.76 -24.384 0 2 230 -252 
897 18.28800000000001 365.76 -24.384 365.76 365.76 -24.384 0 2 252 -242 
905 365.76 365.76 -24.384 365.76 365.76 -18.288 0 2 186 -252 
918 384.048 18.28800000000001 -24.384 384.048 365.76 -24.384 0 2 236 -258 
919 365.76 365.76 -24.384 384.048 365.76 -24.384 0 2 258 -252 
927 384.048 365.76 -24.384 384.048 365.76 -18.288 0 2 192 -258 
940 18.288 365.76 -24.384 18.288 384.048 -24.384 0 2 242 -264 
941 0 384.048 -24.384 18.288 384.048 -24.384 0 2 264 -268 
942 0 365.76 -24.384 0 384.048 -24.384 0 2 268 -246 
949 18.288 384.048 -24.384 18.288 384.048 -18.288 0 2 198 -264 
953 0 384.048 -24.384 0 384.048 -18.288 0 2 202 -268 
962 365.76 365.76 -24.384 365.76 384.048 -24.384 0 2 252 -274 
963 18.28800000000001 384.048 -24.384 365.76 384.048 -24.384 0 2 274 -264 
971 365.76 384.048 -24.384 365.76 384.048 -18.288 0 2 208 -274 
984 384.048 365.76 -24.384 384.048 384.048 -24.384 0 2 258 -280 
985 365.76 384.048 -24.384 384.048 384.048 -24.384 0 2 280 -274 
993 384.048 384.048 -24.384 384.048 384.048 -18.288 0 2 214 -280 
1005 0 0 -30.48 18.288 0 -30.48 0 2 281 -282 
1006 18.288 0 -30.48 18.288 18.288 -30.48 0 2 282 -286 
1007 0 18.288 -30.48 18.288 18.288 -30.48 0 2 286 -290 
1008 0 0 -30.48 0 18.288 -30.48 0 2 290 -281 
1010 0 0 -30.48 0 0 -24.384 0 2 215 -281 
1011 18.288 0 -30.48 18.288 0 -24.384 0 2 216 -282 
1015 18.288 18.288 -30.48 18.288 18.288 -24.384 0 2 220 -286 
1019 0 18.288 -30.48 0 18.288 -24.384 0 2 224 -290 
1027 18.28800000000001 0 -30.48 365.76 0 -30.48 0 2 282 -292 
1028 365.76 0 -30.48 365.76 18.288 -30.48 0 2 292 -296 
1029 18.28800000000001 18.288 -30.48 365.76 18.288 -30.48 0 2 296 -286 
1033 365.76 0 -30.48 365.76 0 -24.384 0 2 226 -292 
1037 365.76 18.288 -30.48 365.76 18.288 -24.384 0 2 230 -296 
1049 365.76 0 -30.48 384.048 0 -30.48 0 2 292 -298 
1050 384.048 0 -30.48 384.048 18.288 -30.48 0 2 298 -302 
1051 365.76 18.288 -30.48 384.048 18.288 -30.48 0 2 302 -296 
1055 384.048 0 -30.48 384.048 0 -24.384 0 2 232 -298 
1059 384.048 18.288 -30.48 384.048 18.288 -24.384 0 2 236 -302 
1072 18.288 18.28800000000001 -30.48 18.288 365.76 -30.48 0 2 286 -308 
1073 0 365.76 -30.48 18.288 365.76 -30.48 0 2 308 -312 
1074 0 18.28800000000001 -30.48 0 365.76 -30.48 0 2 312 -290 
1081 18.288 365.76 -30.48 18.288 365.76 -24.384 0 2 242 -308 
1085 0 365.76 -30.48 0 365.76 -24.384 0 2 246 -312 
1094 365.76 18.28800000000001 -30.48 365.76 365.76 -30.48 0 2 296 -318 
1095 18.28800000000001 365.76 -30.48 365.76 365.76 -30.48 0 2 318 -308 
1103 365.76 365.76 -30.48 365.76 365.76 -24.384 0 2 252 -318 
1116 384.048 18.28800000000001 -30.48 384.048 365.76 -30.48 0 2 302 -324 
1117 365.76 365.76 -30.48 384.048 365.76 -30.48 0 2 324 -318 
1125 384.048 365.76 -30.48 384.048 365.76 -24.384 0 2 258 -324 
1138 18.288 365.76 -30.48 18.288 384.048 -30.48 0 2 308 -330 
1139 0 384.048 -30.48 18.288 384.048 -30.48 0 2 330 -334 
1140 0 365.76 -30.48 0 384.048 -30.48 0 2 334 -312 
1147 18.288 384.048 -30.48 18.288 384.048 -24.384 0 2 264 -330 
1151 0 384.048 -30.48 0 384.048 -24.384 0 2 268 -334 
1160 365.76 365.76 -30.48 365.76 384.048 -30.48 0 2 318 -340 
1161 18.28800000000001 384.048 -30.48 365.76 384.048 -30.48 0 2 340 -330 
1169 365.76 384.048 -30.48 365.76 384.048 -24.384 0 2 274 -340 
1182 384.048 365.76 -30.48 384.048 384.048 -30.48 0 2 324 -346 
1183 365.76 384.048 -30.48 384.048 384.048 -30.48 0 2 346 -340 
1191 384.048 384.048 -30.48 384.048 384.048 -24.384 0 2 280 -346 
1203 0 0 -36.576 18.288 0 -36.576 0 2 347 -348 
1204 18.288 0 -36.576 18.288 18.288 -36.576 0 2 348 -352 
1205 0 18.288 -36.576 18.288 18.288 -36.576 0 2 352 -356 
1206 0 0 -36.576 0 18.288 -36.576 0 2 356 -347 
1208 0 0 -36.576 0 0 -30.48 0 2 281 -347 
1209 18.288 0 -36.576 18.288 0 -30.48 0 2 282 -348 
1213 18.288 18.288 -36.576 18.288 18.288 -30.48 0 2 286 -352 
1217 0 18.288 -36.576 0 18.288 -30.48 0 2 290 -356 
1225 18.28800000000001 0 -36.576 365.76 0 -36.576 0 2 348 -358 
1226 365.76 0 -36.576 365.76 18.288 -36.576 0 2 358 -362 
1227 18.28800000000001 18.288 -36.576 365.76 18.288 -36.576 0 2 362 -352 
1231 365.76 0 -36.576 365.76 0 -30.48 0 2 292 -358 
1235 365.76 18.288 -36.576 365.76 18.288 -30.48 0 2 296 -362 
1247 365.76 0 -36.576 384.048 0 -36.576 0 2 358 -364 
1248 384.048 0 -36.576 384.048 18.288 -36.576 0 2 364 -368 
1249 365.76 18.288 -36.576 384.048 18.288 -36.576 0 2 368 -362 
1253 384.048 0 -36.576 384.048 0 -30.48 0 2 298 -364 
1257 384.048 18.288 -36.576 384.048 18.288 -30.48 0 2 302 -368 
1270 18.288 18.28800000000001 -36.576 18.288 365.76 -36.576 0 2 352 -374 
1271 0 365.76 -36.576 18.288 365.76 -36.576 0 2 374 -378 
1272 0 18.28800000000001 -36.576 0 365.76 -36.576 0 2 378 -356 
1279 18.288 365.76 -36.576 18.288 365.76 -30.48 0 2 308 -374 
1283 0 365.76 -36.576 0 365.76 -30.48 0 2 312 -378 
1292 365.76 18.28800000000001 -36.576 365.76 365.76 -36.576 0 2 362 -384 
1293 18.28800000000001 365.76 -36.576 365.76 365.76 -36.576 0 2 384 -374 
1301 365.76 365.76 -36.576 365.76 365.76 -30.48 0 2 318 -384 
1314 384.048 18.28800000000001 -36.576 384.048 365.76 -36.576 0 2 368 -390 
1315 365.76 365.76 -36.576 384.048 365.76 -36.576 0 2 390 -384 
1323 384.048 365.76 -36.576 384.048 365.76 -30.48 0 2 324 -390 
1336 18.288 365.76 -36.576 18.288 384.048 -36.576 0 2 374 -396 
1337 0 384.048 -36.576 18.288 384.048 -36.576 0 2 396 -400 
1338 0 365.76 -36.576 0 384.048 -36.576 0 2 400 -378 
1345 18.288 384.048 -36.576 18.288 384.048 -30.48 0 2 330 -396 
1349 0 384.048 -36.576 0 384.048 -30.48 0 2 334 -400 
1358 365.76 365.76 -36.576 365.76 384.048 -36.576 0 2 384 -406 
1359 18.28800000000001 384.048 -36.576 365.76 384.048 -36.576 0 2 406 -396 
1367 365.76 384.048 -36.576 365.76 384.048 -30.48 0 2 340 -406 
1380 384.048 365.76 -36.576 384.048 384.048 -36.576 0 2 390 -412 
1381 365.76 384.048 -36.576 384.048 384.048 -36.576 0 2 412 -406 
1389 384.048 384.048 -36.576 384.048 384.048 -30.48 0 2 346 -412 
1401 0 0 -42.672 18.288 0 -42.672 0 2 413 -414 
1402 18.288 0 -42.672 18.288 18.288 -42.672 0 2 414 -418 
1403 0 18.288 -42.672 18.288 18.288 -42.672 0 2 418 -422 
1404 0 0 -42.672 0 18.288 -42.672 0 2 422 -413 
1406 0 0 -42.672 0 0 -36.576 0 2 347 -413 
1407 18.288 0 -42.672 18.288 0 -36.576 0 2 348 -414 
1411 18.288 18.288 -42.672 18.288 18.288 -36.576 0 2 352 -418 
1415 0 18.288 -42.672 0 18.288 -36.576 0 2 356 -422 
1423 18.28800000000001 0 -42.672 365.76 0 -42.672 0 2 414 -424 
1424 365.76 0 -42.672 365.76 18.288 -42.672 0 2 424 -428 
1425 18.28800000000001 18.288 -42.672 365.76 18.288 -42.672 0 2 428 -418 
1429 365.76 0 -42.672 365.76 0 -36.576 0 2 358 -424 
1433 365.76 18.288 -42.672 365.76 18.288 -36.576 0 2 362 -428 
1445 365.76 0 -42.672 384.048 0 -42.672 0 2 424 -430 
1446 384.048 0 -42.672 384.048 18.288 -42.672 0 2 430 -434 
1447 365.76 18.288 -42.672 384.048 18.288 -42.672 0 2 434 -428 
1451 384.048 0 -42.672 384.048 0 -36.576 0 2 364 -430 
1455 384.048 18.288 -42.672 384.048 18.288 -36.576 0 2 368 -434 
1468 18.288 18.28800000000001 -42.672 18.288 365.76 -42.672 0 2 418 -440 
1469 0 365.76 -42.672 18.288 365.76 -42.672 0 2 440 -444 
1470 0 18.28800000000001 -42.672 0 365.76 -42.672 0 2 444 -422 
1477 18.288 365.76 -42.672 18.288 365.76 -36.576 0 2 374 -440 
1481 0 365.76 -42.672 0 365.76 -36.576 0 2 378 -444 
1490 365.76 18.28800000000001 -42.672 365.76 365.76 -42.672 0 2 428 -450 
1491 18.28800000000001 365.76 -42.672 365.76 365.76 -42.672 0 2 450 -440 
1499 365.76 365.76 -42.672 365.76 365.76 -36.576 0 2 384 -450 
1512 384.048 18.28800000000001 -42.672 384.048 365.76 -42.672 0 2 434 -456 
1513 365.76 365.76 -42.672 384.048 365.76 -42.672 0 2 456 -450 
1521 384.048 365.76 -42.672 384.048 365.76 -36.576 0 2 390 -456 
1534 18.288 365.76 -42.672 18.288 384.048 -42.672 0 2 440 -462 
1535 0 384.048 -42.672 18.288 384.048 -42.672 0 2 462 -466 
1536 0 365.76 -42.672 0 384.048 -42.672 0 2 466 -444 
1543 18.288 384.048 -42.672 18.288 384.048 -36.576 0 2 396 -462 
1547 0 384.048 -42.672 0 384.048 -36.576 0 2 400 -466 
1556 365.76 365.76 -42.672 365.76 384.048 -42.672 0 2 450 -472 
1557 18.28800000000001 384.048 -42.672 365.76 384.048 -42.672 0 2 472 -462 
1565 365.76 384.048 -42.672 365.76 384.048 -36.576 0 2 406 -472 
1578 384.048 365.76 -42.672 384.048 384.048 -42.672 0 2 456 -478 
1579 365.76 384.048 -42.672 384.048 384.048 -42.672 0 2 478 -472 
1587 384.048 384.048 -42.672 384.048 384.048 -36.576 0 2 412 -478 
1599 0 0 -48.768 18.288 0 -48.768 0 2 479 -480 
1600 18.288 0 -48.768 18.288 18.288 -48.768 0 2 480 -484 
1601 0 18.288 -48.768 18.288 18.288 -48.768 0 2 484 -488 
1602 0 0 -48.768 0 18.288 -48.768 0 2 488 -479 
1604 0 0 -48.768 0 0 -42.672 0 2 413 -479 
1605 18.288 0 -48.768 18.288 0 -42.672 0 2 414 -480 
1609 18.288 18.288 -48.768 18.288 18.288 -42.672 0 2 418 -484 
1613 0 18.288 -48.768 0 18.288 -42.672 0 2 422 -488 
1621 18.28800000000001 0 -48.768 365.76 0 -48.768 0 2 480 -490 
1622 365.76 0 -48.768 365.76 18.288 -48.768 0 2 490 -494 
1623 18.28800000000001 18.288 -48.768 365.76 18.288 -48.768 0 2 494 -484 
1627 365.76 0 -48.768 365.76 0 -42.672 0 2 424 -490 
1631 365.76 18.288 -48.768 365.76 18.288 -42.672 0 2 428 -494 
1643 365.76 0 -48.768 384.048 0 -48.768 0 2 490 -496 
1644 384.048 0 -48.768 384.048 18.288 -48.768 0 2 496 -500 
1645 365.76 18.288 -48.768 384.048 18.288 -48.768 0 2 500 -494 
1649 384.048 0 -48.768 384.048 0 -42.672 0 2 430 -496 
1653 384.048 18.288 -48.768 384.048 18.288 -42.672 0 2 434 -500 
1666 18.288 18.28800000000001 -48.768 18.288 365.76 -48.768 0 2 484 -506 
1667 0 365.76 -48.768 18.288 365.76 -48.768 0 2 506 -510 
1668 0 18.28800000000001 -48.768 0 365.76 -48.768 0 2 510 -488 
1675 18.288 365.76 -48.768 18.288 365.76 -42.672 0 2 440 -506 
1679 0 365.76 -48.768 0 365.76 -42.672 0 2 444 -510 
1688 365.76 18.28800000000001 -48.768 365.76 365.76 -48.768 0 2 494 -516 
1689 18.28800000000001 365.76 -48.768 365.76 365.76 -48.768 0 2 516 -506 
1697 365.76 365.76 -48.768 365.76 365.76 -42.672 0 2 450 -516 
1710 384.048 18.28800000000001 -48.768 384.048 365.76 -48.768 0 2 500 -522 
1711 365.76 365.76 -48.768 384.048 365.76 -48.768 0 2 522 -516 
1719 384.048 365.76 -48.768 384.048 365.76 -42.672 0 2 456 -522 
1732 18.288 365.76 -48.768 18.288 384.048 -48.768 0 2 506 -528 
1733 0 384.048 -48.768 18.288 384.048 -48.768 0 2 528 -532 
1734 0 365.76 -48.768 0 384.048 -48.768 0 2 532 -510 
1741 18.288 384.048 -48.768 18.288 384.048 -42.672 0 2 462 -528 
1745 0 384.048 -48.768 0 384.048 -42.672 0 2 466 -532 
1754 365.76 365.76 -48.768 365.76 384.048 -48.768 0 2 516 -538 
1755 18.28800000000001 384.048 -48.768 365.76 384.048 -48.768 0 2 538 -528 
1763 365.76 384.048 -48.768 365.76 384.048 -42.672 0 2 472 -538 
1776 384.048 365.76 -48.768 384.048 384.048 -48.768 0 2 522 -544 
1777 365.76 384.048 -48.768 384.048 384.048 -48.768 0 2 544 -538 
1785 384.048 384.048 -48.768 384.048 384.048 -42.672 0 2 478 -544 
1797 0 0 -54.864 18.288 0 -54.864 0 2 545 -546 
1798 18.288 0 -54.864 18.288 18.288 -54.864 0 2 546 -550 
1799 0 18.288 -54.864 18.288 18.288 -54.864 0 2 550 -554 
1800 0 0 -54.864 0 18.288 -54.864 0 2 554 -545 
1802 0 0 -54.864 0 0 -48.768 0 2 479 -545 
1803 18.288 0 -54.864 18.288 0 -48.768 0 2 480 -546 
1807 18.288 18.288 -54.864 18.288 18.288 -48.768 0 2 484 -550 
1811 0 18.288 -54.864 0 18.288 -48.768 0 2 488 -554 
1819 18.28800000000001 0 -54.864 365.76 0 -54.864 0 2 546 -556 
1820 365.76 0 -54.864 365.76 18.288 -54.864 0 2 556 -560 
1821 18.28800000000001 18.288 -54.864 365.76 18.288 -54.864 0 2 560 -550 
1825 365.76 0 -54.864 365.76 0 -48.768 0 2 490 -556 
1829 365.76 18.288 -54.864 365.76 18.288 -48.768 0 2 494 -560 
1841 365.76 0 -54.864 384.048 0 -54.864 0 2 556 -562 
1842 384.048 0 -54.864 384.048 18.288 -54.864 0 2 562 -566 
1843 365.76 18.288 -54.864 384.048 18.288 -54.864 0 2 566 -560 
1847 384.048 0 -54.864 384.048 0 -48.768 0 2 496 -562 
1851 384.048 18.288 -54.864 384.048 18.288 -48.768 0 2 500 -566 
1864 18.288 18.28800000000001 -54.864 18.288 365.76 -54.864 0 2 550 -572 
1865 0 365.76 -54.864 18.288 365.76 -54.864 0 2 572 -576 
1866 0 18.28800000000001 -54.864 0 365.76 -54.864 0 2 576 -554 
1873 18.288 365.76 -54.864 18.288 365.76 -48.768 0 2 506 -572 
1877 0 365.76 -54.864 0 365.76 -48.768 0 2 510 -576 
1886 365.76 18.28800000000001 -54.864 365.76 365.76 -54.864 0 2 560 -582 
1887 18.28800000000001 365.76 -54.864 365.76 365.76 -54.864 0 2 582 -572 
1895 365.76 365.76 -54.864 365.76 365.76 -48.768 0 2 516 -582 
1908 384.048 18.28800000000001 -54.864 384.048 365.76 -54.864 0 2 566 -588 
1909 365.76 365.76 -54.864 384.048 365.76 -54.864 0 2 588 -582 
1917 384.048 365.76 -54.864 384.048 365.76 -48.768 0 2 522 -588 
1930 18.288 365.76 -54.864 18.288 384.048 -54.864 0 2 572 -594 
1931 0 384.048 -54.864 18.288 384.048 -54.864 0 2 594 -598 
1932 0 365.76 -54.864 0 384.048 -54.864 0 2 598 -576 
1939 18.288 384.048 -54.864 18.288 384.048 -48.768 0 2 528 -594 
1943 0 384.048 -54.864 0 384.048 -48.768 0 2 532 -598 
1952 365.76 365.76 -54.864 365.76 384.048 -54.864 0 2 582 -604 
1953 18.28800000000001 384.048 -54.864 365.76 384.048 -54.864 0 2 604 -594 
1961 365.76 384.048 -54.864 365.76 384.048 -48.768 0 2 538 -604 
1974 384.048 365.76 -54.864 384.048 384.048 -54.864 0 2 588 -610 
1975 365.76 384.048 -54.864 384.048 384.048 -54.864 0 2 610 -604 
1983 384.048 384.048 -54.864 384.048 384.048 -48.768 0 2 544 -610 
1995 0 0 -60.96000000000001 18.288 0 -60.96000000000001 0 2 611 -612 
1996 18.288 0 -60.96000000000001 18.288 18.288 -60.96000000000001 0 2 612 -616 
1997 0 18.288 -60.96000000000001 18.288 18.288 -60.96000000000001 0 2 616 -620 
1998 0 0 -60.96000000000001 0 18.288 -60.96000000000001 0 2 620 -611 
2000 0 0 -60.96000000000001 0 0 -54.864 0 2 545 -611 
2001 18.288 0 -60.96000000000001 18.288 0 -54.864 0 2 546 -612 
2005 18.288 18.288 -60.96000000000001 18.288 18.288 -54.864 0 2 550 -616 
2009 0 18.288 -60.96000000000001 0 18.288 -54.864 0 2 554 -620 
2017 18.28800000000001 0 -60.96000000000001 365.76 0 -60.96000000000001 0 2 612 -622 
2018 365.76 0 -60.96000000000001 365.76 18.288 -60.96000000000001 0 2 622 -626 
2019 18.28800000000001 18.288 -60.96000000000001 365.76 18.288 -60.96000000000001 0 2 626 -616 
2023 365.76 0 -60.96000000000001 365.76 0 -54.864 0 2 556 -622 
2027 365.76 18.288 -60.96000000000001 365.76 18.288 -54.864 0 2 560 -626 
2039 365.76 0 -60.96000000000001 384.048 0 -60.96000000000001 0 2 622 -628 
2040 384.048 0 -60.96000000000001 384.048 18.288 -60.96000000000001 0 2 628 -632 
2041 365.76 18.288 -60.96000000000001 384.048 18.288 -60.96000000000001 0 2 632 -626 
2045 384.048 0 -60.96000000000001 384.048 0 -54.864 0 2 562 -628 
2049 384.048 18.288 -60.96000000000001 384.048 18.288 -54.864 0 2 566 -632 
2062 18.288 18.28800000000001 -60.96000000000001 18.288 365.76 -60.96000000000001 0 2 616 -638 
2063 0 365.76 -60.96000000000001 18.288 365.76 -60.96000000000001 0 2 638 -642 
2064 0 18.28800000000001 -60.96000000000001 0 365.76 -60.96000000000001 0 2 642 -620 
2071 18.288 365.76 -60.96000000000001 18.288 365.76 -54.864 0 2 572 -638 
2075 0 365.76 -60.96000000000001 0 365.76 -54.864 0 2 576 -642 
2084 365.76 18.28800000000001 -60.96000000000001 365.76 365.76 -60.96000000000001 0 2 626 -648 
2085 18.28800000000001 365.76 -60.96000000000001 365.76 365.76 -60.96000000000001 0 2 648 -638 
2093 365.76 365.76 -60.96000000000001 365.76 365.76 -54.864 0 2 582 -648 
2106 384.048 18.28800000000001 -60.96000000000001 384.048 365.76 -60.96000000000001 0 2 632 -654 
2107 365.76 365.76 -60.96000000000001 384.048 365.76 -60.96000000000001 0 2 654 -648 
2115 384.048 365.76 -60.96000000000001 384.048 365.76 -54.864 0 2 588 -654 
2128 18.288 365.76 -60.96000000000001 18.288 384.048 -60.96000000000001 0 2 638 -660 
2129 0 384.048 -60.96000000000001 18.288 384.048 -60.96000000000001 0 2 660 -664 
2130 0 365.76 -60.96000000000001 0 384.048 -60.96000000000001 0 2 664 -642 
2137 18.288 384.048 -60.96000000000001 18.288 384.048 -54.864 0 2 594 -660 
2141 0 384.048 -60.96000000000001 0 384.048 -54.864 0 2 598 -664 
2150 365.76 365.76 -60.96000000000001 365.76 384.048 -60.96000000000001 0 2 648 -670 
2151 18.28800000000001 384.048 -60.96000000000001 365.76 384.048 -60.96000000000001 0 2 670 -660 
2159 365.76 384.048 -60.96000000000001 365.76 384.048 -54.864 0 2 604 -670 
2172 384.048 365.76 -60.96000000000001 384.048 384.048 -60.96000000000001 0 2 654 -676 
2173 365.76 384.048 -60.96000000000001 384.048 384.048 -60.96000000000001 0 2 676 -670 
2181 384.048 384.048 -60.96000000000001 384.048 384.048 -54.864 0 2 610 -676 
2193 0 0 -67.05600000000001 18.288 0 -67.05600000000001 0 2 677 -678 
2194 18.288 0 -67.05600000000001 18.288 18.288 -67.05600000000001 0 2 678 -682 
2195 0 18.288 -67.05600000000001 18.288 18.288 -67.05600000000001 0 2 682 -686 
2196 0 0 -67.05600000000001 0 18.288 -67.05600000000001 0 2 686 -677 
2198 0 0 -67.05600000000001 0 0 -60.96000000000001 0 2 611 -677 
2199 18.288 0 -67.05600000000001 18.288 0 -60.96000000000001 0 2 612 -678 
2203 18.288 18.288 -67.05600000000001 18.288 18.288 -60.96000000000001 0 2 616 -682 
2207 0 18.288 -67.05600000000001 0 18.288 -60.96000000000001 0 2 620 -686 
2215 18.28800000000001 0 -67.05600000000001 365.76 0 -67.05600000000001 0 2 678 -688 
2216 365.76 0 -67.05600000000001 365.76 18.288 -67.05600000000001 0 2 688 -692 
2217 18.28800000000001 18.288 -67.05600000000001 365.76 18.288 -67.05600000000001 0 2 692 -682 
2221 365.76 0 -67.05600000000001 365.76 0 -60.96000000000001 0 2 622 -688 
2225 365.76 18.288 -67.05600000000001 365.76 18.288 -60.96000000000001 0 2 626 -692 
2237 365.76 0 -67.05600000000001 384.048 0 -67.05600000000001 0 2 688 -694 
2238 384.048 0 -67.05600000000001 384.048 18.288 -67.05600000000001 0 2 694 -698 
2239 365.76 18.288 -67.05600000000001 384.048 18.288 -67.05600000000001 0 2 698 -692 
2243 384.048 0 -67.05600000000001 384.048 0 -60.96000000000001 0 2 628 -694 
2247 384.048 18.288 -67.05600000000001 384.048 18.288 -60.96000000000001 0 2 632 -698 
2260 18.288 18.28800000000001 -67.05600000000001 18.288 365.76 -67.05600000000001 0 2 682 -704 
2261 0 365.76 -67.05600000000001 18.288 365.76 -67.05600000000001 0 2 704 -708 
2262 0 18.28800000000001 -67.05600000000001 0 365.76 -67.05600000000001 0 2 708 -686 
2269 18.288 365.76 -67.05600000000001 18.288 365.76 -60.96000000000001 0 2 638 -704 
2273 0 365.76 -67.05600000000001 0 365.76 -60.96000000000001 0 2 642 -708 
2282 365.76 18.28800000000001 -67.05600000000001 365.76 365.76 -67.05600000000001 0 2 692 -714 
2283 18.28800000000001 365.76 -67.05600000000001 365.76 365.76 -67.05600000000001 0 2 714 -704 
2291 365.76 365.76 -67.05600000000001 365.76 365.76 -60.96000000000001 0 2 648 -714 
2304 384.048 18.28800000000001 -67.05600000000001 384.048 365.76 -67.05600000000001 0 2 698 -720 
2305 365.76 365.76 -67.05600000000001 384.048 365.76 -67.05600000000001 0 2 720 -714 
2313 384.048 365.76 -67.05600000000001 384.048 365.76 -60.96000000000001 0 2 654 -720 
2326 18.288 365.76 -67.05600000000001 18.288 384.048 -67.05600000000001 0 2 704 -726 
2327 0 384.048 -67.05600000000001 18.288 384.048 -67.05600000000001 0 2 726 -730 
2328 0 365.76 -67.05600000000001 0 384.048 -67.05600000000001 0 2 730 -708 
2335 18.288 384.048 -67.05600000000001 18.288 384.048 -60.96000000000001 0 2 660 -726 
2339 0 384.048 -67.05600000000001 0 384.048 -60.96000000000001 0 2 664 -730 
2348 365.76 365.76 -67.05600000000001 365.76 384.048 -67.05600000000001 0 2 714 -736 
2349 18.28800000000001 384.048 -67.05600000000001 365.76 384.048 -67.05600000000001 0 2 736 -726 
2357 365.76 384.048 -67.05600000000001 365.76 384.048 -60.96000000000001 0 2 670 -736 
2370 384.048 365.76 -67.05600000000001 384.048 384.048 -67.05600000000001 0 2 720 -742 
2371 365.76 384.048 -67.05600000000001 384.048 384.048 -67.05600000000001 0 2 742 -736 
2379 384.048 384.048 -67.05600000000001 384.048 384.048 -60.96000000000001 0 2 676 -742 
1 0 0 0 18.288 18.288 0 0 4 100 201 -103 -200 
2 18.28800000000001 0 0 365.76 18.288 0 0 4 101 202 -104 -201 
3 365.76 0 0 384.048 18.288 0 0 4 102 203 -105 -202 
4 0 18.28800000000001 0 18.288 365.76 0 0 4 103 205 -106 -204 
5 18.28800000000001 18.28800000000001 0 365.76 365.76 0 0 4 104 206 -107 -205 
6 365.76 18.28800000000001 0 384.048 365.76 0 0 4 105 207 -108 -206 
7 0 365.76 0 18.288 384.048 0 0 4 106 209 -109 -208 
8 18.28800000000001 365.76 0 365.76 384.048 0 0 4 107 210 -110 -209 
9 365.76 365.76 0 384.048 384.048 0 0 4 108 211 -111 -210 
220 0 0 -6.096 18.288 0 0 0 4 100 219 -213 -218 
224 18.288 0 -6.096 18.288 18.288 0 0 4 201 223 -214 -219 
228 0 18.288 -6.096 18.288 18.288 0 0 4 -103 227 -215 -223 
232 0 0 -6.096 0 18.288 0 0 4 -200 218 -216 -227 
233 0 0 -6.096 18.288 18.288 -6.096 0 4 213 214 215 216 
242 18.28800000000001 0 -6.096 365.76 0 0 0 4 101 241 -235 -219 
246 365.76 0 -6.096 365.76 18.288 0 0 4 202 245 -236 -241 
250 18.28800000000001 18.288 -6.096 365.76 18.288 0 0 4 -104 223 -237 -245 
255 18.28800000000001 0 -6.096 365.76 18.288 -6.096 0 4 235 236 237 -214 
264 365.76 0 -6.096 384.048 0 0 0 4 102 263 -257 -241 
268 384.048 0 -6.096 384.048 18.288 0 0 4 203 267 -258 -263 
272 365.76 18.288 -6.096 384.048 18.288 0 0 4 -105 245 -259 -267 
277 365.76 0 -6.096 384.048 18.288 -6.096 0 4 257 258 259 -236 
290 18.288 18.28800000000001 -6.096 18.288 365.76 0 0 4 205 289 -280 -223 
294 0 365.76 -6.096 18.288 365.76 0 0 4 -106 293 -281 -289 
298 0 18.28800000000001 -6.096 0 365.76 0 0 4 -204 227 -282 -293 
299 0 18.28800000000001 -6.096 18.288 365.76 -6.096 0 4 -215 280 281 282 
312 365.76 18.28800000000001 -6.096 365.76 365.76 0 0 4 206 311 -302 -245 
316 18.28800000000001 365.76 -6.096 365.76 365.76 0 0 4 -107 289 -303 -311 
321 18.28800000000001 18.28800000000001 -6.096 365.76 365.76 -6.096 0 4 -237 302 303 -280 
334 384.048 18.28800000000001 -6.096 384.048 365.76 0 0 4 207 333 -324 -267 
338 365.76 365.76 -6.096 384.048 365.76 0 0 4 -108 311 -325 -333 
343 365.76 18.28800000000001 -6.096 384.048 365.76 -6.096 0 4 -259 324 325 -302 
356 18.288 365.76 -6.096 18.288 384.048 0 0 4 209 355 -346 -289 
360 0 384.048 -6.096 18.288 384.048 0 0 4 -109 359 -347 -355 
364 0 365.76 -6.096 0 384.048 0 0 4 -208 293 -348 -359 
365 0 365.76 -6.096 18.288 384.048 -6.096 0 4 -281 346 347 348 
378 365.76 365.76 -6.096 365.76 384.048 0 0 4 210 377 -368 -311 
382 18.28800000000001 384.048 -6.096 365.76 384.048 0 0 4 -110 355 -369 -377 
387 18.28800000000001 365.76 -6.096 365.76 384.048 -6.096 0 4 -303 368 369 -346 
400 384.048 365.76 -6.096 384.048 384.048 0 0 4 211 399 -390 -333 
404 365.76 384.048 -6.096 384.048 384.048 0 0 4 -111 377 -391 -399 
409 365.76 365.76 -6.096 384.048 384.048 -6.096 0 4 -325 390 391 -368 
418 0 0 -12.192 18.288 0 -6.096 0 4 213 417 -411 -416 
422 18.288 0 -12.192 18.288 18.288 -6.096 0 4 214 421 -412 -417 
426 0 18.288 -12.192 18.288 18.288 -6.096 0 4 215 425 -413 -421 
430 0 0 -12.192 0 18.288 -6.096 0 4 216 416 -414 -425 
431 0 0 -12.192 18.288 18.288 -12.192 0 4 411 412 413 414 
440 18.28800000000001 0 -12.192 365.76 0 -6.096 0 4 235 439 -433 -417 
444 365.76 0 -12.192 365.76 18.288 -6.096 0 4 236 443 -434 -439 
448 18.28800000000001 18.288 -12.192 365.76 18.288 -6.096 0 4 237 421 -435 -443 
453 18.28800000000001 0 -12.192 365.76 18.288 -12.192 0 4 433 434 435 -412 
462 365.76 0 -12.192 384.048 0 -6.096 0 4 257 461 -455 -439 
466 384.048 0 -12.192 384.048 18.288 -6.096 0 4 258 465 -456 -461 
470 365.76 18.288 -12.192 384.048 18.288 -6.096 0 4 259 443 -457 -465 
475 365.76 0 -12.192 384.048 18.288 -12.192 0 4 455 456 457 -434 
488 18.288 18.28800000000001 -12.192 18.288 365.76 -6.096 0 4 280 487 -478 -421 
492 0 365.76 -12.192 18.288 365.76 -6.096 0 4 281 491 -479 -487 
496 0 18.28800000000001 -12.192 0 365.76 -6.096 0 4 282 425 -480 -491 
497 0 18.28800000000001 -12.192 18.288 365.76 -12.192 0 4 -413 478 479 480 
510 365.76 18.28800000000001 -12.192 365.76 365.76 -6.096 0 4 302 509 -500 -443 
514 18.28800000000001 365.76 -12.192 365.76 365.76 -6.096 0 4 303 487 -501 -509 
519 18.28800000000001 18.28800000000001 -12.192 365.76 365.76 -12.192 0 4 -435 500 501 -478 
532 384.048 18.28800000000001 -12.192 384.048 365.76 -6.096 0 4 324 531 -522 -465 
536 365.76 365.76 -12.192 384.048 365.76 -6.096 0 4 325 509 -523 -531 
541 365.76 18.28800000000001 -12.192 384.048 365.76 -12.192 0 4 -457 522 523 -500 
554 18.288 365.76 -12.192 18.288 384.048 -6.096 0 4 346 553 -544 -487 
558 0 384.048 -12.192 18.288 384.048 -6.096 0 4 347 557 -545 -553 
562 0 365.76 -12.192 0 384.048 -6.096 0 4 348 491 -546 -557 
563 0 365.76 -12.192 18.288 384.048 -12.192 0 4 -479 544 545 546 
576 365.76 365.76 -12.192 365.76 384.048 -6.096 0 4 368 575 -566 -509 
580 18.28800000000001 384.048 -12.192 365.76 384.048 -6.096 0 4 369 553 -567 -575 
585 18.28800000000001 365.76 -12.192 365.76 384.048 -12.192 0 4 -501 566 567 -544 
598 384.048 365.76 -12.192 384.048 384.048 -6.096 0 4 390 597 -588 -531 
602 365.76 384.048 -12.192 384.048 384.048 -6.096 0 4 391 575 -589 -597 
607 365.76 365.76 -12.192 384.048 384.048 -12.192 0 4 -523 588 589 -566 
616 0 0 -18.288 18.288 0 -12.192 0 4 411 615 -609 -614 
620 18.288 0 -18.288 18.288 18.288 -12.192 0 4 412 619 -610 -615 
624 0 18.288 -18.288 18.288 18.288 -12.192 0 4 413 623 -611 -619 
628 0 0 -18.288 0 18.288 -12.192 0 4 414 614 -612 -623 
629 0 0 -18.288 18.288 18.288 -18.288 0 4 609 610 611 612 
638 18.28800000000001 0 -18.288 365.76 0 -12.192 0 4 433 637 -631 -615 
642 365.76 0 -18.288 365.76 18.288 -12.192 0 4 434 641 -632 -637 
646 18.28800000000001 18.288 -18.288 365.76 18.288 -12.192 0 4 435 619 -633 -641 
651 18.28800000000001 0 -18.288 365.76 18.288 -18.288 0 4 631 632 633 -610 
660 365.76 0 -18.288 384.048 0 -12.192 0 4 455 659 -653 -637 
664 384.048 0 -18.288 384.048 18.288 -12.192 0 4 456 663 -654 -659 
668 365.76 18.288 -18.288 384.048 18.288 -12.192 0 4 457 641 -655 -663 
673 365.76 0 -18.288 384.048 18.288 -18.288 0 4 653 654 655 -632 
686 18.288 18.28800000000001 -18.288 18.288 365.76 -12.192 0 4 478 685 -676 -619 
690 0 365.76 -18.288 18.288 365.76 -12.192 0 4 479 689 -677 -685 
694 0 18.28800000000001 -18.288 0 365.76 -12.192 0 4 480 623 -678 -689 
695 0 18.28800000000001 -18.288 18.288 365.76 -18.288 0 4 -611 676 677 678 
708 365.76 18.28800000000001 -18.288 365.76 365.76 -12.192 0 4 500 707 -698 -641 
712 18.28800000000001 365.76 -18.288 365.76 365.76 -12.192 0 4 501 685 -699 -707 
717 18.28800000000001 18.28800000000001 -18.288 365.76 365.76 -18.288 0 4 -633 698 699 -676 
730 384.048 18.28800000000001 -18.288 384.048 365.76 -12.192 0 4 522 729 -720 -663 
734 365.76 365.76 -18.288 384.048 365.76 -12.192 0 4 523 707 -721 -729 
739 365.76 18.28800000000001 -18.288 384.048 365.76 -18.288 0 4 -655 720 721 -698 
752 18.288 365.76 -18.288 18.288 384.048 -12.192 0 4 544 751 -742 -685 
756 0 384.048 -18.288 18.288 384.048 -12.192 0 4 545 755 -743 -751 
760 0 365.76 -18.288 0 384.048 -12.192 0 4 546 689 -744 -755 
761 0 365.76 -18.288 18.288 384.048 -18.288 0 4 -677 742 743 744 
774 365.76 365.76 -18.288 365.76 384.048 -12.192 0 4 566 773 -764 -707 
778 18.28800000000001 384.048 -18.288 365.76 384.048 -12.192 0 4 567 751 -765 -773 
783 18.28800000000001 365.76 -18.288 365.76 384.048 -18.288 0 4 -699 764 765 -742 
796 384.048 365.76 -18.288 384.048 384.048 -12.192 0 4 588 795 -786 -729 
800 365.76 384.048 -18.288 384.048 384.048 -12.192 0 4 589 773 -787 -795 
805 365.76 365.76 -18.288 384.048 384.048 -18.288 0 4 -721 786 787 -764 
814 0 0 -24.384 18.288 0 -18.288 0 4 609 813 -807 -812 
818 18.288 0 -24.384 18.288 18.288 -18.288 0 4 610 817 -808 -813 
822 0 18.288 -24.384 18.288 18.288 -18.288 0 4 611 821 -809 -817 
826 0 0 -24.384 0 18.288 -18.288 0 4 612 812 -810 -821 
827 0 0 -24.384 18.288 18.288 -24.384 0 4 807 808 809 810 
836 18.28800000000001 0 -24.384 365.76 0 -18.288 0 4 631 835 -829 -813 
840 365.76 0 -24.384 365.76 18.288 -18.288 0 4 632 839 -830 -835 
844 18.28800000000001 18.288 -24.384 365.76 18.288 -18.288 0 4 633 817 -831 -839 
849 18.28800000000001 0 -24.384 365.76 18.288 -24.384 0 4 829 830 831 -808 
858 365.76 0 -24.384 384.048 0 -18.288 0 4 653 857 -851 -835 
862 384.048 0 -24.384 384.048 18.288 -18.288 0 4 654 861 -852 -857 
866 365.76 18.288 -24.384 384.048 18.288 -18.288 0 4 655 839 -853 -861 
871 365.76 0 -24.384 384.048 18.288 -24.384 0 4 851 852 853 -830 
884 18.288 18.28800000000001 -24.384 18.288 365.76 -18.288 0 4 676 883 -874 -817 
888 0 365.76 -24.384 18.288 365.76 -18.288 0 4 677 887 -875 -883 
892 0 18.28800000000001 -24.384 0 365.76 -18.288 0 4 678 821 -876 -887 
893 0 18.28800000000001 -24.384 18.288 365.76 -24.384 0 4 -809 874 875 876 
906 365.76 18.28800000000001 -24.384 365.76 365.76 -18.288 0 4 698 905 -896 -839 
910 18.28800000000001 365.76 -24.384 365.76 365.76 -18.288 0 4 699 883 -897 -905 
915 18.28800000000001 18.28800000000001 -24.384 365.76 365.76 -24.384 0 4 -831 896 897 -874 
928 384.048 18.28800000000001 -24.384 384.048 365.76 -18.288 0 4 720 927 -918 -861 
932 365.76 365.76 -24.384 384.048 365.76 -18.288 0 4 721 905 -919 -927 
937 365.76 18.28800000000001 -24.384 384.048 365.76 -24.384 0 4 -853 918 919 -896 
950 18.288 365.76 -24.384 18.288 384.048 -18.288 0 4 742 949 -940 -883 
954 0 384.048 -24.384 18.288 384.048 -18.288 0 4 743 953 -941 -949 
958 0 365.76 -24.384 0 384.048 -18.288 0 4 744 887 -942 -953 
959 0 365.76 -24.384 18.288 384.048 -24.384 0 4 -875 940 941 942 
972 365.76 365.76 -24.384 365.76 384.048 -18.288 0 4 764 971 -962 -905 
976 18.28800000000001 384.048 -24.384 365.76 384.048 -18.288 0 4 765 949 -963 -971 
981 18.28800000000001 365.76 -24.384 365.76 384.048 -24.384 0 4 -897 962 963 -940 
994 384.048 365.76 -24.384 384.048 384.048 -18.288 0 4 786 993 -984 -927 
998 365.76 384.048 -24.384 384.048 384.048 -18.288 0 4 787 971 -985 -993 
1003 365.76 365.76 -24.384 384.048 384.048 -24.384 0 4 -919 984 985 -962 
1012 0 0 -30.48 18.288 0 -24.384 0 4 807 1011 -1005 -1010 
1016 18.288 0 -30.48 18.288 18.288 -24.384 0 4 808 1015 -1006 -1011 
1020 0 18.288 -30.48 18.288 18.288 -24.384 0 4 809 1019 -1007 -1015 
1024 0 0 -30.48 0 18.288 -24.384 0 4 810 1010 -1008 -1019 
1025 0 0 -30.48 18.288 18.288 -30.48 0 4 1005 1006 1007 1008 
1034 18.28800000000001 0 -30.48 365.76 0 -24.384 0 4 829 1033 -1027 -1011 
1038 365.76 0 -30.48 365.76 18.288 -24.384 0 4 830 1037 -1028 -1033 
1042 18.28800000000001 18.288 -30.48 365.76 18.288 -24.384 0 4 831 1015 -1029 -1037 
1047 18.28800000000001 0 -30.48 365.76 18.288 -30.48 0 4 1027 1028 1029 -1006 
1056 365.76 0 -30.48 384.048 0 -24.384 0 4 851 1055 -1049 -1033 
1060 384.048 0 -30.48 384.048 18.288 -24.384 0 4 852 1059 -1050 -1055 
1064 365.76 18.288 -30.48 384.048 18.288 -24.384 0 4 853 1037 -1051 -1059 
1069 365.76 0 -30.48 384.048 18.288 -30.48 0 4 1049 1050 1051 -1028 
1082 18.288 18.28800000000001 -30.48 18.288 365.76 -24.384 0 4 874 1081 -1072 -1015 
1086 0 365.76 -30.48 18.288 365.76 -24.384 0 4 875 1085 -1073 -1081 
1090 0 18.28800000000001 -30.48 0 365.76 -24.384 0 4 876 1019 -1074 -1085 
1091 0 18.28800000000001 -30.48 18.288 365.76 -30.48 0 4 -1007 1072 1073 1074 
1104 365.76 18.28800000000001 -30.48 365.76 365.76 -24.384 0 4 896 1103 -1094 -1037 
1108 18.28800000000001 365.76 -30.48 365.76 365.76 -24.384 0 4 897 1081 -1095 -1103 
1113 18.28800000000001 18.28800000000001 -30.48 365.76 365.76 -30.48 0 4 -1029 1094 1095 -1072 
1126 384.048 18.28800000000001 -30.48 384.048 365.76 -24.384 0 4 918 1125 -1116 -1059 
1130 365.76 365.76 -30.48 384.048 365.76 -24.384 0 4 919 1103 -1117 -1125 
1135 365.76 18.28800000000001 -30.48 384.048 365.76 -30.48 0 4 -1051 1116 1117 -1094 
1148 18.288 365.76 -30.48 18.288 384.048 -24.384 0 4 940 1147 -1138 -1081 
1152 0 384.048 -30.48 18.288 384.048 -24.384 0 4 941 1151 -1139 -1147 
1156 0 365.76 -30.48 0 384.048 -24.384 0 4 942 1085 -1140 -1151 
1157 0 365.76 -30.48 18.288 384.048 -30.48 0 4 -1073 1138 1139 1140 
1170 365.76 365.76 -30.48 365.76 384.048 -24.384 0 4 962 1169 -1160 -1103 
1174 18.28800000000001 384.048 -30.48 365.76 384.048 -24.384 0 4 963 1147 -1161 -1169 
1179 18.28800000000001 365.76 -30.48 365.76 384.048 -30.48 0 4 -1095 1160 1161 -1138 
1192 384.048 365.76 -30.48 384.048 384.048 -24.384 0 4 984 1191 -1182 -1125 
1196 365.76 384.048 -30.48 384.048 384.048 -24.384 0 4 985 1169 -1183 -1191 
1201 365.76 365.76 -30.48 384.048 384.048 -30.48 0 4 -1117 1182 1183 -1160 
1210 0 0 -36.576 18.288 0 -30.48 0 4 1005 1209 -1203 -1208 
1214 18.288 0 -36.576 18.288 18.288 -30.48 0 4 1006 1213 -1204 -1209 
1218 0 18.288 -36.576 18.288 18.288 -30.48 0 4 1007 1217 -1205 -1213 
1222 0 0 -36.576 0 18.288 -30.48 0 4 1008 1208 -1206 -1217 
1223 0 0 -36.576 18.288 18.288 -36.576 0 4 1203 1204 1205 1206 
1232 18.28800000000001 0 -36.576 365.76 0 -30.48 0 4 1027 1231 -1225 -1209 
1236 365.76 0 -36.576 365.76 18.288 -30.48 0 4 1028 1235 -1226 -1231 
1240 18.28800000000001 18.288 -36.576 365.76 18.288 -30.48 0 4 1029 1213 -1227 -1235 
1245 18.28800000000001 0 -36.576 365.76 18.288 -36.576 0 4 1225 1226 1227 -1204 
1254 365.76 0 -36.576 384.048 0 -30.48 0 4 1049 1253 -1247 -1231 
1258 384.048 0 -36.576 384.048 18.288 -30.48 0 4 1050 1257 -1248 -1253 
1262 365.76 18.288 -36.576 384.048 18.288 -30.48 0 4 1051 1235 -1249 -1257 
1267 365.76 0 -36.576 384.048 18.288 -36.576 0 4 1247 1248 1249 -1226 
1280 18.288 18.28800000000001 -36.576 18.288 365.76 -30.48 0 4 1072 1279 -1270 -1213 
1284 0 365.76 -36.576 18.288 365.76 -30.48 0 4 1073 1283 -1271 -1279 
1288 0 18.28800000000001 -36.576 0 365.76 -30.48 0 4 1074 1217 -1272 -1283 
1289 0 18.28800000000001 -36.576 18.288 365.76 -36.576 0 4 -1205 1270 1271 1272 
1302 365.76 18.28800000000001 -36.576 365.76 365.76 -30.48 0 4 1094 1301 -1292 -1235 
1306 18.28800000000001 365.76 -36.576 365.76 365.76 -30.48 0 4 1095 1279 -1293 -1301 
1311 18.28800000000001 18.28800000000001 -36.576 365.76 365.76 -36.576 0 4 -1227 1292 1293 -1270 
1324 384.048 18.28800000000001 -36.576 384.048 365.76 -30.48 0 4 1116 1323 -1314 -1257 
1328 365.76 365.76 -36.576 384.048 365.76 -30.48 0 4 1117 1301 -1315 -1323 
1333 365.76 18.28800000000001 -36.576 384.048 365.76 -36.576 0 4 -1249 1314 1315 -1292 
1346 18.288 365.76 -36.576 18.288 384.048 -30.48 0 4 1138 1345 -1336 -1279 
1350 0 384.048 -36.576 18.288 384.048 -30.48 0 4 1139 1349 -1337 -1345 
1354 0 365.76 -36.576 0 384.048 -30.48 0 4 1140 1283 -1338 -1349 
1355 0 365.76 -36.576 18.288 384.048 -36.576 0 4 -1271 1336 1337 1338 
1368 365.76 365.76 -36.576 365.76 384.048 -30.48 0 4 1160 1367 -1358 -1301 
1372 18.28800000000001 384.048 -36.576 365.76 384.048 -30.48 0 4 1161 1345 -1359 -1367 
1377 18.28800000000001 365.76 -36.576 365.76 384.048 -36.576 0 4 -1293 1358 1359 -1336 
1390 384.048 365.76 -36.576 384.048 384.048 -30.48 0 4 1182 1389 -1380 -1323 
1394 365.76 384.048 -36.576 384.048 384.048 -30.48 0 4 1183 1367 -1381 -1389 
1399 365.76 365.76 -36.576 384.048 384.048 -36.576 0 4 -1315 1380 1381 -1358 
1408 0 0 -42.672 18.288 0 -36.576 0 4 1203 1407 -1401 -1406 
1412 18.288 0 -42.672 18.288 18.288 -36.576 0 4 1204 1411 -1402 -1407 
1416 0 18.288 -42.672 18.288 18.288 -36.576 0 4 1205 1415 -1403 -1411 
1420 0 0 -42.672 0 18.288 -36.576 0 4 1206 1406 -1404 -1415 
1421 0 0 -42.672 18.288 18.288 -42.672 0 4 1401 1402 1403 1404 
1430 18.28800000000001 0 -42.672 365.76 0 -36.576 0 4 1225 1429 -1423 -1407 
1434 365.76 0 -42.672 365.76 18.288 -36.576 0 4 1226 1433 -1424 -1429 
1438 18.28800000000001 18.288 -42.672 365.76 18.288 -36.576 0 4 1227 1411 -1425 -1433 
1443 18.28800000000001 0 -42.672 365.76 18.288 -42.672 0 4 1423 1424 1425 -1402 
1452 365.76 0 -42.672 384.048 0 -36.576 0 4 1247 1451 -1445 -1429 
1456 384.048 0 -42.672 384.048 18.288 -36.576 0 4 1248 1455 -1446 -1451 
1460 365.76 18.288 -42.672 384.048 18.288 -36.576 0 4 1249 1433 -1447 -1455 
1465 365.76 0 -42.672 384.048 18.288 -42.672 0 4 1445 1446 1447 -1424 
1478 18.288 18.28800000000001 -42.672 18.288 365.76 -36.576 0 4 1270 1477 -1468 -1411 
1482 0 365.76 -42.672 18.288 365.76 -36.576 0 4 1271 1481 -1469 -1477 
1486 0 18.28800000000001 -42.672 0 365.76 -36.576 0 4 1272 1415 -1470 -1481 
1487 0 18.28800000000001 -42.672 18.288 365.76 -42.672 0 4 -1403 1468 1469 1470 
1500 365.76 18.28800000000001 -42.672 365.76 365.76 -36.576 0 4 1292 1499 -1490 -1433 
1504 18.28800000000001 365.76 -42.672 365.76 365.76 -36.576 0 4 1293 1477 -1491 -1499 
1509 18.28800000000001 18.28800000000001 -42.672 365.76 365.76 -42.672 0 4 -1425 1490 1491 -1468 
1522 384.048 18.28800000000001 -42.672 384.048 365.76 -36.576 0 4 1314 1521 -1512 -1455 
1526 365.76 365.76 -42.672 384.048 365.76 -36.576 0 4 1315 1499 -1513 -1521 
1531 365.76 18.28800000000001 -42.672 384.048 365.76 -42.672 0 4 -1447 1512 1513 -1490 
1544 18.288 365.76 -42.672 18.288 384.048 -36.576 0 4 1336 1543 -1534 -1477 
1548 0 384.048 -42.672 18.288 384.048 -36.576 0 4 1337 1547 -1535 -1543 
1552 0 365.76 -42.672 0 384.048 -36.576 0 4 1338 1481 -1536 -1547 
1553 0 365.76 -42.672 18.288 384.048 -42.672 0 4 -1469 1534 1535 1536 
1566 365.76 365.76 -42.672 365.76 384.048 -36.576 0 4 1358 1565 -1556 -1499 
1570 18.28800000000001 384.048 -42.672 365.76 384.048 -36.576 0 4 1359 1543 -1557 -1565 
1575 18.28800000000001 365.76 -42.672 365.76 384.048 -42.672 0 4 -1491 1556 1557 -1534 
1588 384.048 365.76 -42.672 384.048 384.048 -36.576 0 4 1380 1587 -1578 -1521 
1592 365.76 384.048 -42.672 384.048 384.048 -36.576 0 4 1381 1565 -1579 -1587 
1597 365.76 365.76 -42.672 384.048 384.048 -42.672 0 4 -1513 1578 1579 -1556 
1606 0 0 -48.768 18.288 0 -42.672 0 4 1401 1605 -1599 -1604 
1610 18.288 0 -48.768 18.288 18.288 -42.672 0 4 1402 1609 -1600 -1605 
1614 0 18.288 -48.768 18.288 18.288 -42.672 0 4 1403 1613 -1601 -1609 
1618 0 0 -48.768 0 18.288 -42.672 0 4 1404 1604 -1602 -1613 
1619 0 0 -48.768 18.288 18.288 -48.768 0 4 1599 1600 1601 1602 
1628 18.28800000000001 0 -48.768 365.76 0 -42.672 0 4 1423 1627 -1621 -1605 
1632 365.76 0 -48.768 365.76 18.288 -42.672 0 4 1424 1631 -1622 -1627 
1636 18.28800000000001 18.288 -48.768 365.76 18.288 -42.672 0 4 1425 1609 -1623 -1631 
1641 18.28800000000001 0 -48.768 365.76 18.288 -48.768 0 4 1621 1622 1623 -1600 
1650 365.76 0 -48.768 384.048 0 -42.672 0 4 1445 1649 -1643 -1627 
1654 384.048 0 -48.768 384.048 18.288 -42.672 0 4 1446 1653 -1644 -1649 
1658 365.76 18.288 -48.768 384.048 18.288 -42.672 0 4 1447 1631 -1645 -1653 
1663 365.76 0 -48.768 384.048 18.288 -48.768 0 4 1643 1644 1645 -1622 
1676 18.288 18.28800000000001 -48.768 18.288 365.76 -42.672 0 4 1468 1675 -1666 -1609 
1680 0 365.76 -48.768 18.288 365.76 -42.672 0 4 1469 1679 -1667 -1675 
1684 0 18.28800000000001 -48.768 0 365.76 -42.672 0 4 1470 1613 -1668 -1679 
1685 0 18.28800000000001 -48.768 18.288 365.76 -48.768 0 4 -1601 1666 1667 1668 
1698 365.76 18.28800000000001 -48.768 365.76 365.76 -42.672 0 4 1490 1697 -1688 -1631 
1702 18.28800000000001 365.76 -48.768 365.76 365.76 -42.672 0 4 1491 1675 -1689 -1697 
1707 18.28800000000001 18.28800000000001 -48.768 365.76 365.76 -48.768 0 4 -1623 1688 1689 -1666 
1720 384.048 18.28800000000001 -48.768 384.048 365.76 -42.672 0 4 1512 1719 -1710 -1653 
1724 365.76 365.76 -48.768 384.048 365.76 -42.672 0 4 1513 1697 -1711 -1719 
1729 365.76 18.28800000000001 -48.768 384.048 365.76 -48.768 0 4 -1645 1710 1711 -1688 
1742 18.288 365.76 -48.768 18.288 384.048 -42.672 0 4 1534 1741 -1732 -1675 
1746 0 384.048 -48.768 18.288 384.048 -42.672 0 4 1535 1745 -1733 -1741 
1750 0 365.76 -48.768 0 384.048 -42.672 0 4 1536 1679 -1734 -1745 
1751 0 365.76 -48.768 18.288 384.048 -48.768 0 4 -1667 1732 1733 1734 
1764 365.76 365.76 -48.768 365.76 384.048 -42.672 0 4 1556 1763 -1754 -1697 
1768 18.28800000000001 384.048 -48.768 365.76 384.048 -42.672 0 4 1557 1741 -1755 -1763 
1773 18.28800000000001 365.76 -48.768 365.76 384.048 -48.768 0 4 -1689 1754 1755 -1732 
1786 384.048 365.76 -48.768 384.048 384.048 -42.672 0 4 1578 1785 -1776 -1719 
1790 365.76 384.048 -48.768 384.048 384.048 -42.672 0 4 1579 1763 -1777 -1785 
1795 365.76 365.76 -48.768 384.048 384.048 -48.768 0 4 -1711 1776 1777 -1754 
1804 0 0 -54.864 18.288 0 -48.768 0 4 1599 1803 -1797 -1802 
1808 18.288 0 -54.864 18.288 18.288 -48.768 0 4 1600 1807 -1798 -1803 
1812 0 18.288 -54.864 18.288 18.288 -48.768 0 4 1601 1811 -1799 -1807 
1816 0 0 -54.864 0 18.288 -48.768 0 4 1602 1802 -1800 -1811 
1817 0 0 -54.864 18.288 18.288 -54.864 0 4 1797 1798 1799 1800 
1826 18.28800000000001 0 -54.864 365.76 0 -48.768 0 4 1621 1825 -1819 -1803 
1830 365.76 0 -54.864 365.76 18.288 -48.768 0 4 1622 1829 -1820 -1825 
1834 18.28800000000001 18.288 -54.864 365.76 18.288 -48.768 0 4 1623 1807 -1821 -1829 
1839 18.28800000000001 0 -54.864 365.76 18.288 -54.864 0 4 1819 1820 1821 -1798 
1848 365.76 0 -54.864 384.048 0 -48.768 0 4 1643 1847 -1841 -1825 
1852 384.048 0 -54.864 384.048 18.288 -48.768 0 4 1644 1851 -1842 -1847 
1856 365.76 18.288 -54.864 384.048 18.288 -48.768 0 4 1645 1829 -1843 -1851 
1861 365.76 0 -54.864 384.048 18.288 -54.864 0 4 1841 1842 1843 -1820 
1874 18.288 18.28800000000001 -54.864 18.288 365.76 -48.768 0 4 1666 1873 -1864 -1807 
1878 0 365.76 -54.864 18.288 365.76 -48.768 0 4 1667 1877 -1865 -1873 
1882 0 18.28800000000001 -54.864 0 365.76 -48.768 0 4 1668 1811 -1866 -1877 
1883 0 18.28800000000001 -54.864 18.288 365.76 -54.864 0 4 -1799 1864 1865 1866 
1896 365.76 18.28800000000001 -54.864 365.76 365.76 -48.768 0 4 1688 1895 -1886 -1829 
1900 18.28800000000001 365.76 -54.864 365.76 365.76 -48.768 0 4 1689 1873 -1887 -1895 
1905 18.28800000000001 18.28800000000001 -54.864 365.76 365.76 -54.864 0 4 -1821 1886 1887 -1864 
1918 384.048 18.28800000000001 -54.864 384.048 365.76 -48.768 0 4 1710 1917 -1908 -1851 
1922 365.76 365.76 -54.864 384.048 365.76 -48.768 0 4 1711 1895 -1909 -1917 
1927 365.76 18.28800000000001 -54.864 384.048 365.76 -54.864 0 4 -1843 1908 1909 -1886 
1940 18.288 365.76 -54.864 18.288 384.048 -48.768 0 4 1732 1939 -1930 -1873 
1944 0 384.048 -54.864 18.288 384.048 -48.768 0 4 1733 1943 -1931 -1939 
1948 0 365.76 -54.864 0 384.048 -48.768 0 4 1734 1877 -1932 -1943 
1949 0 365.76 -54.864 18.288 384.048 -54.864 0 4 -1865 1930 1931 1932 
1962 365.76 365.76 -54.864 365.76 384.048 -48.768 0 4 1754 1961 -1952 -1895 
1966 18.28800000000001 384.048 -54.864 365.76 384.048 -48.768 0 4 1755 1939 -1953 -1961 
1971 18.28800000000001 365.76 -54.864 365.76 384.048 -54.864 0 4 -1887 1952 1953 -1930 
1984 384.048 365.76 -54.864 384.048 384.048 -48.768 0 4 1776 1983 -1974 -1917 
1988 365.76 384.048 -54.864 384.048 384.048 -48.768 0 4 1777 1961 -1975 -1983 
1993 365.76 365.76 -54.864 384.048 384.048 -54.864 0 4 -1909 1974 1975 -1952 
2002 0 0 -60.96000000000001 18.288 0 -54.864 0 4 1797 2001 -1995 -2000 
2006 18.288 0 -60.96000000000001 18.288 18.288 -54.864 0 4 1798 2005 -1996 -2001 
2010 0 18.288 -60.96000000000001 18.288 18.288 -54.864 0 4 1799 2009 -1997 -2005 
2014 0 0 -60.96000000000001 0 18.288 -54.864 0 4 1800 2000 -1998 -2009 
2015 0 0 -60.96000000000001 18.288 18.288 -60.96000000000001 0 4 1995 1996 1997 1998 
2024 18.28800000000001 0 -60.96000000000001 365.76 0 -54.864 0 4 1819 2023 -2017 -2001 
2028 365.76 0 -60.96000000000001 365.76 18.288 -54.864 0 4 1820 2027 -2018 -2023 
2032 18.28800000000001 18.288 -60.96000000000001 365.76 18.288 -54.864 0 4 1821 2005 -2019 -2027 
2037 18.28800000000001 0 -60.96000000000001 365.76 18.288 -60.96000000000001 0 4 2017 2018 2019 -1996 
2046 365.76 0 -60.96000000000001 384.048 0 -54.864 0 4 1841 2045 -2039 -2023 
2050 384.048 0 -60.96000000000001 384.048 18.288 -54.864 0 4 1842 2049 -2040 -2045 
2054 365.76 18.288 -60.96000000000001 384.048 18.288 -54.864 0 4 1843 2027 -2041 -2049 
2059 365.76 0 -60.96000000000001 384.048 18.288 -60.96000000000001 0 4 2039 2040 2041 -2018 
2072 18.288 18.28800000000001 -60.96000000000001 18.288 365.76 -54.864 0 4 1864 2071 -2062 -2005 
2076 0 365.76 -60.96000000000001 18.288 365.76 -54.864 0 4 1865 2075 -2063 -2071 
2080 0 18.28800000000001 -60.96000000000001 0 365.76 -54.864 0 4 1866 2009 -2064 -2075 
2081 0 18.28800000000001 -60.96000000000001 18.288 365.76 -60.96000000000001 0 4 -1997 2062 2063 2064 
2094 365.76 18.28800000000001 -60.96000000000001 365.76 365.76 -54.864 0 4 1886 2093 -2084 -2027 
2098 18.28800000000001 365.76 -60.96000000000001 365.76 365.76 -54.864 0 4 1887 2071 -2085 -2093 
2103 18.28800000000001 18.28800000000001 -60.96000000000001 365.76 365.76 -60.96000000000001 0 4 -2019 2084 2085 -2062 
2116 384.048 18.28800000000001 -60.96000000000001 384.048 365.76 -54.864 0 4 1908 2115 -2106 -2049 
2120 365.76 365.76 -60.96000000000001 384.048 365.76 -54.864 0 4 1909 2093 -2107 -2115 
2125 365.76 18.28800000000001 -60.96000000000001 384.048 365.76 -60.96000000000001 0 4 -2041 2106 2107 -2084 
2138 18.288 365.76 -60.96000000000001 18.288 384.048 -54.864 0 4 1930 2137 -2128 -2071 
2142 0 384.048 -60.96000000000001 18.288 384.048 -54.864 0 4 1931 2141 -2129 -2137 
2146 0 365.76 -60.96000000000001 0 384.048 -54.864 0 4 1932 2075 -2130 -2141 
2147 0 365.76 -60.96000000000001 18.288 384.048 -60.96000000000001 0 4 -2063 2128 2129 2130 
2160 365.76 365.76 -60.96000000000001 365.76 384.048 -54.864 0 4 1952 2159 -2150 -2093 
2164 18.28800000000001 384.048 -60.96000000000001 365.76 384.048 -54.864 0 4 1953 2137 -2151 -2159 
2169 18.28800000000001 365.76 -60.96000000000001 365.76 384.048 -60.96000000000001 0 4 -2085 2150 2151 -2128 
2182 384.048 365.76 -60.96000000000001 384.048 384.048 -54.864 0 4 1974 2181 -2172 -2115 
2186 365.76 384.048 -60.96000000000001 384.048 384.048 -54.864 0 4 1975 2159 -2173 -2181 
2191 365.76 365.76 -60.96000000000001 384.048 384.048 -60.96000000000001 0 4 -2107 2172 2173 -2150 
2200 0 0 -67.05600000000001 18.288 0 -60.96000000000001 0 4 1995 2199 -2193 -2198 
2204 18.288 0 -67.05600000000001 18.288 18.288 -60.96000000000001 0 4 1996 2203 -2194 -2199 
2208 0 18.288 -67.05600000000001 18.288 18.288 -60.96000000000001 0 4 1997 2207 -2195 -2203 
2212 0 0 -67.05600000000001 0 18.288 -60.96000000000001 0 4 1998 2198 -2196 -2207 
2213 0 0 -67.05600000000001 18.288 18.288 -67.05600000000001 0 4 2193 2194 2195 2196 
2222 18.28800000000001 0 -67.05600000000001 365.76 0 -60.96000000000001 0 4 2017 2221 -2215 -2199 
2226 365.76 0 -67.05600000000001 365.76 18.288 -60.96000000000001 0 4 2018 2225 -2216 -2221 
2230 18.28800000000001 18.288 -67.05600000000001 365.76 18.288 -60.96000000000001 0 4 2019 2203 -2217 -2225 
2235 18.28800000000001 0 -67.05600000000001 365.76 18.288 -67.05600000000001 0 4 2215 2216 2217 -2194 
2244 365.76 0 -67.05600000000001 384.048 0 -60.96000000000001 0 4 2039 2243 -2237 -2221 
2248 384.048 0 -67.05600000000001 384.048 18.288 -60.96000000000001 0 4 2040 2247 -2238 -2243 
2252 365.76 18.288 -67.05600000000001 384.048 18.288 -60.96000000000001 0 4 2041 2225 -2239 -2247 
2257 365.76 0 -67.05600000000001 384.048 18.288 -67.05600000000001 0 4 2237 2238 2239 -2216 
2270 18.288 18.28800000000001 -67.05600000000001 18.288 365.76 -60.96000000000001 0 4 2062 2269 -2260 -2203 
2274 0 365.76 -67.05600000000001 18.288 365.76 -60.96000000000001 0 4 2063 2273 -2261 -2269 
2278 0 18.28800000000001 -67.05600000000001 0 365.76 -60.96000000000001 0 4 2064 2207 -2262 -2273 
2279 0 18.28800000000001 -67.05600000000001 18.288 365.76 -67.05600000000001 0 4 -2195 2260 2261 2262 
2292 365.76 18.28800000000001 -67.05600000000001 365.76 365.76 -60.96000000000001 0 4 2084 2291 -2282 -2225 
2296 18.28800000000001 365.76 -67.05600000000001 365.76 365.76 -60.96000000000001 0 4 2085 2269 -2283 -2291 
2301 18.28800000000001 18.28800000000001 -67.05600000000001 365.76 365.76 -67.05600000000001 0 4 -2217 2282 2283 -2260 
2314 384.048 18.28800000000001 -67.05600000000001 384.048 365.76 -60.96000000000001 0 4 2106 2313 -2304 -2247 
2318 365.76 365.76 -67.05600000000001 384.048 365.76 -60.96000000000001 0 4 2107 2291 -2305 -2313 
2323 365.76 18.28800000000001 -67.05600000000001 384.048 365.76 -67.05600000000001 0 4 -2239 2304 2305 -2282 
2336 18.288 365.76 -67.05600000000001 18.288 384.048 -60.96000000000001 0 4 2128 2335 -2326 -2269 
2340 0 384.048 -67.05600000000001 18.288 384.048 -60.96000000000001 0 4 2129 2339 -2327 -2335 
2344 0 365.76 -67.05600000000001 0 384.048 -60.96000000000001 0 4 2130 2273 -2328 -2339 
2345 0 365.76 -67.05600000000001 18.288 384.048 -67.05600000000001 0 4 -2261 2326 2327 2328 
2358 365.76 365.76 -67.05600000000001 365.76 384.048 -60.96000000000001 0 4 2150 2357 -2348 -2291 
2362 18.28800000000001 384.048 -67.05600000000001 365.76 384.048 -60.96000000000001 0 4 2151 2335 -2349 -2357 
2367 18.28800000000001 365.76 -67.05600000000001 365.76 384.048 -67.05600000000001 0 4 -2283 2348 2349 -2326 
2380 384.048 365.76 -67.05600000000001 384.048 384.048 -60.96000000000001 0 4 2172 2379 -2370 -2313 
2384 365.76 384.048 -67.05600000000001 384.048 384.048 -60.96000000000001 0 4 2173 2357 -2371 -2379 
2389 365.76 365.76 -67.05600000000001 384.048 384.048 -67.05600000000001 0 4 -2305 2370 2371 -2348 
1 0 0 -6.096 18.288 18.288 0 2 1 12 6 -1 233 220 224 -228 -232 
2 18.28800000000001 0 -6.096 365.76 18.288 0 1 1 6 -2 255 242 246 -250 -224 
3 365.76 0 -6.096 384.048 18.288 0 1 1 6 -3 277 264 268 -272 -246 
4 0 18.28800000000001 -6.096 18.288 365.76 0 1 1 6 -4 299 228 290 -294 -298 
5 18.28800000000001 18.28800000000001 -6.096 365.76 365.76 0 1 1 6 -5 321 250 312 -316 -290 
6 365.76 18.28800000000001 -6.096 384.048 365.76 0 1 1 6 -6 343 272 334 -338 -312 
7 0 365.76 -6.096 18.288 384.048 0 1 1 6 -7 365 294 356 -360 -364 
8 18.28800000000001 365.76 -6.096 365.76 384.048 0 1 1 6 -8 387 316 378 -382 -356 
9 365.76 365.76 -6.096 384.048 384.048 0 2 1 13 6 -9 409 338 400 -404 -378 
10 0 0 -12.192 18.288 18.288 -6.096 2 2 12 6 -233 431 418 422 426 430 
11 18.28800000000001 0 -12.192 365.76 18.288 -6.096 1 2 6 -255 453 440 444 448 -422 
12 365.76 0 -12.192 384.048 18.288 -6.096 1 2 6 -277 475 462 466 470 -444 
13 0 18.28800000000001 -12.192 18.288 365.76 -6.096 1 2 6 -299 497 -426 488 492 496 
14 18.28800000000001 18.28800000000001 -12.192 365.76 365.76 -6.096 1 2 6 -321 519 -448 510 514 -488 
15 365.76 18.28800000000001 -12.192 384.048 365.76 -6.096 1 2 6 -343 541 -470 532 536 -510 
16 0 365.76 -12.192 18.288 384.048 -6.096 1 2 6 -365 563 -492 554 558 562 
17 18.28800000000001 365.76 -12.192 365.76 384.048 -6.096 1 2 6 -387 585 -514 576 580 -554 
18 365.76 365.76 -12.192 384.048 384.048 -6.096 2 2 13 6 -409 607 -536 598 602 -576 
19 0 0 -18.288 18.288 18.288 -12.192 2 3 12 6 -431 629 616 620 624 628 
20 18.28800000000001 0 -18.288 365.76 18.288 -12.192 1 3 6 -453 651 638 642 646 -620 
21 365.76 0 -18.288 384.048 18.288 -12.192 1 3 6 -475 673 660 664 668 -642 
22 0 18.28800000000001 -18.288 18.288 365.76 -12.192 1 3 6 -497 695 -624 686 690 694 
23 18.28800000000001 18.28800000000001 -18.288 365.76 365.76 -12.192 1 3 6 -519 717 -646 708 712 -686 
24 365.76 18.28800000000001 -18.288 384.048 365.76 -12.192 1 3 6 -541 739 -668 730 734 -708 
25 0 365.76 -18.288 18.288 384.048 -12.192 1 3 6 -563 761 -690 752 756 760 
26 18.28800000000001 365.76 -18.288 365.76 384.048 -12.192 1 3 6 -585 783 -712 774 778 -752 
27 365.76 365.76 -18.288 384.048 384.048 -12.192 2 3 13 6 -607 805 -734 796 800 -774 
28 0 0 -24.384 18.288 18.288 -18.288 2 4 12 6 -629 827 814 818 822 826 
29 18.28800000000001 0 -24.384 365.76 18.288 -18.288 1 4 6 -651 849 836 840 844 -818 
30 365.76 0 -24.384 384.048 18.288 -18.288 1 4 6 -673 871 858 862 866 -840 
31 0 18.28800000000001 -24.384 18.288 365.76 -18.288 1 4 6 -695 893 -822 884 888 892 
32 18.28800000000001 18.28800000000001 -24.384 365.76 365.76 -18.288 1 4 6 -717 915 -844 906 910 -884 
33 365.76 18.28800000000001 -24.384 384.048 365.76 -18.288 1 4 6 -739 937 -866 928 932 -906 
34 0 365.76 -24.384 18.288 384.048 -18.288 1 4 6 -761 959 -888 950 954 958 
35 18.28800000000001 365.76 -24.384 365.76 384.048 -18.288 1 4 6 -783 981 -910 972 976 -950 
36 365.76 365.76 -24.384 384.048 384.048 -18.288 2 4 13 6 -805 1003 -932 994 998 -972 
37 0 0 -30.48 18.288 18.288 -24.384 2 5 12 6 -827 1025 1012 1016 1020 1024 
38 18.28800000000001 0 -30.48 365.76 18.288 -24.384 1 5 6 -849 1047 1034 1038 1042 -1016 
39 365.76 0 -30.48 384.048 18.288 -24.384 1 5 6 -871 1069 1056 1060 1064 -1038 
40 0 18.28800000000001 -30.48 18.288 365.76 -24.384 1 5 6 -893 1091 -1020 1082 1086 1090 
41 18.28800000000001 18.28800000000001 -30.48 365.76 365.76 -24.384 1 5 6 -915 1113 -1042 1104 1108 -1082 
42 365.76 18.28800000000001 -30.48 384.048 365.76 -24.384 1 5 6 -937 1135 -1064 1126 1130 -1104 
43 0 365.76 -30.48 18.288 384.048 -24.384 1 5 6 -959 1157 -1086 1148 1152 1156 
44 18.28800000000001 365.76 -30.48 365.76 384.048 -24.384 1 5 6 -981 1179 -1108 1170 1174 -1148 
45 365.76 365.76 -30.48 384.048 384.048 -24.384 2 5 13 6 -1003 1201 -1130 1192 1196 -1170 
46 0 0 -36.576 18.288 18.288 -30.48 2 6 12 6 -1025 1223 1210 1214 1218 1222 
47 18.28800000000001 0 -36.576 365.76 18.288 -30.48 1 6 6 -1047 1245 1232 1236 1240 -1214 
48 365.76 0 -36.576 384.048 18.288 -30.48 1 6 6 -1069 1267 1254 1258 1262 -1236 
49 0 18.28800000000001 -36.576 18.288 365.76 -30.48 1 6 6 -1091 1289 -1218 1280 1284 1288 
50 18.28800000000001 18.28800000000001 -36.576 365.76 365.76 -30.48 1 6 6 -1113 1311 -1240 1302 1306 -1280 
51 365.76 18.28800000000001 -36.576 384.048 365.76 -30.48 1 6 6 -1135 1333 -1262 1324 1328 -1302 
52 0 365.76 -36.576 18.288 384.048 -30.48 1 6 6 -1157 1355 -1284 1346 1350 1354 
53 18.28800000000001 365.76 -36.576 365.76 384.048 -30.48 1 6 6 -1179 1377 -1306 1368 1372 -1346 
54 365.76 365.76 -36.576 384.048 384.048 -30.48 2 6 13 6 -1201 1399 -1328 1390 1394 -1368 
55 0 0 -42.672 18.288 18.288 -36.576 2 7 12 6 -1223 1421 1408 1412 1416 1420 
56 18.28800000000001 0 -42.672 365.76 18.288 -36.576 1 7 6 -1245 1443 1430 1434 1438 -1412 
57 365.76 0 -42.672 384.048 18.288 -36.576 1 7 6 -1267 1465 1452 1456 1460 -1434 
58 0 18.28800000000001 -42.672 18.288 365.76 -36.576 1 7 6 -1289 1487 -1416 1478 1482 1486 
59 18.28800000000001 18.28800000000001 -42.672 365.76 365.76 -36.576 1 7 6 -1311 1509 -1438 1500 1504 -1478 
60 365.76 18.28800000000001 -42.672 384.048 365.76 -36.576 1 7 6 -1333 1531 -1460 1522 1526 -1500 
61 0 365.76 -42.672 18.288 384.048 -36.576 1 7 6 -1355 1553 -1482 1544 1548 1552 
62 18.28800000000001 365.76 -42.672 365.76 384.048 -36.576 1 7 6 -1377 1575 -1504 1566 1570 -1544 
63 365.76 365.76 -42.672 384.048 384.048 -36.576 2 7 13 6 -1399 1597 -1526 1588 1592 -1566 
64 0 0 -48.768 18.288 18.288 -42.672 2 8 12 6 -1421 1619 1606 1610 1614 1618 
65 18.28800000000001 0 -48.768 365.76 18.288 -42.672 1 8 6 -1443 1641 1628 1632 1636 -1610 
66 365.76 0 -48.768 384.048 18.288 -42.672 1 8 6 -1465 1663 1650 1654 1658 -1632 
67 0 18.28800000000001 -48.768 18.288 365.76 -42.672 1 8 6 -1487 1685 -1614 1676 1680 1684 
68 18.28800000000001 18.28800000000001 -48.768 365.76 365.76 -42.672 1 8 6 -1509 1707 -1636 1698 1702 -1676 
69 365.76 18.28800000000001 -48.768 384.048 365.76 -42.672 1 8 6 -1531 1729 -1658 1720 1724 -1698 
70 0 365.76 -48.768 18.288 384.048 -42.672 1 8 6 -1553 1751 -1680 1742 1746 1750 
71 18.28800000000001 365.76 -48.768 365.76 384.048 -42.672 1 8 6 -1575 1773 -1702 1764 1768 -1742 
72 365.76 365.76 -48.768 384.048 384.048 -42.672 2 8 13 6 -1597 1795 -1724 1786 1790 -1764 
73 0 0 -54.864 18.288 18.288 -48.768 2 9 12 6 -1619 1817 1804 1808 1812 1816 
74 18.28800000000001 0 -54.864 365.76 18.288 -48.768 1 9 6 -1641 1839 1826 1830 1834 -1808 
75 365.76 0 -54.864 384.048 18.288 -48.768 1 9 6 -1663 1861 1848 1852 1856 -1830 
76 0 18.28800000000001 -54.864 18.288 365.76 -48.768 1 9 6 -1685 1883 -1812 1874 1878 1882 
77 18.28800000000001 18.28800000000001 -54.864 365.76 365.76 -48.768 1 9 6 -1707 1905 -1834 1896 1900 -1874 
78 365.76 18.28800000000001 -54.864 384.048 365.76 -48.768 1 9 6 -1729 1927 -1856 1918 1922 -1896 
79 0 365.76 -54.864 18.288 384.048 -48.768 1 9 6 -1751 1949 -1878 1940 1944 1948 
80 18.28800000000001 365.76 -54.864 365.76 384.048 -48.768 1 9 6 -1773 1971 -1900 1962 1966 -1940 
81 365.76 365.76 -54.864 384.048 384.048 -48.768 2 9 13 6 -1795 1993 -1922 1984 1988 -1962 
82 0 0 -60.96000000000001 18.288 18.288 -54.864 2 10 12 6 -1817 2015 2002 2006 2010 2014 
83 18.28800000000001 0 -60.96000000000001 365.76 18.288 -54.864 1 10 6 -1839 2037 2024 2028 2032 -2006 
84 365.76 0 -60.96000000000001 384.048 18.288 -54.864 1 10 6 -1861 2059 2046 2050 2054 -2028 
85 0 18.28800000000001 -60.96000000000001 18.288 365.76 -54.864 1 10 6 -1883 2081 -2010 2072 2076 2080 
86 18.28800000000001 18.28800000000001 -60.96000000000001 365.76 365.76 -54.864 1 10 6 -1905 2103 -2032 2094 2098 -2072 
87 365.76 18.28800000000001 -60.96000000000001 384.048 365.76 -54.864 1 10 6 -1927 2125 -2054 2116 2120 -2094 
88 0 365.76 -60.96000000000001 18.288 384.048 -54.864 1 10 6 -1949 2147 -2076 2138 2142 2146 
89 18.28800000000001 365.76 -60.96000000000001 365.76 384.048 -54.864 1 10 6 -1971 2169 -2098 2160 2164 -2138 
90 365.76 365.76 -60.96000000000001 384.048 384.048 -54.864 2 10 13 6 -1993 2191 -2120 2182 2186 -2160 
91 0 0 -67.05600000000001 18.288 18.288 -60.96000000000001 2 11 12 6 -2015 2213 2200 2204 2208 2212 
92 18.28800000000001 0 -67.05600000000001 365.76 18.288 -60.96000000000001 1 11 6 -2037 2235 2222 2226 2230 -2204 
93 365.76 0 -67.05600000000001 384.048 18.288 -60.96000000000001 1 11 6 -2059 2257 2244 2248 2252 -2226 
94 0 18.28800000000001 -67.05600000000001 18.288 365.76 -60.96000000000001 1 11 6 -2081 2279 -2208 2270 2274 2278 
95 18.28800000000001 18.28800000000001 -67.05600000000001 365.76 365.76 -60.96000000000001 1 11 6 -2103 2301 -2230 2292 2296 -2270 
96 365.76 18.28800000000001 -67.05600000000001 384.048 365.76 -60.96000000000001 1 11 6 -2125 2323 -2252 2314 2318 -2292 
97 0 365.76 -67.05600000000001 18.288 384.048 -60.96000000000001 1 11 6 -2147 2345 -2274 2336 2340 2344 
98 18.28800000000001 365.76 -67.05600000000001 365.76 384.048 -60.96000000000001 1 11 6 -2169 2367 -2296 2358 2362 -2336 
99 365.76 365.76 -67.05600000000001 384.048 384.048 -60.96000000000001 2 11 13 6 -2191 2389 -2318 2380 2384 -2358 
$EndEntities
$Nodes
399 5808 1 5808
0 1 0 1
1
0 0 0
0 2 0 1
2
18.288 0 0
0 3 0 1
3
365.76 0 0
0 4 0 1
4
384.048 0 0
0 5 0 1
5
0 18.288 0
0 6 0 1
6
18.288 18.288 0
0 7 0 1
7
365.76 18.288 0
0 8 0 1
8
384.048 18.288 0
0 9 0 1
9
0 365.76 0
0 10 0 1
10
18.288 365.76 0
0 11 0 1
11
365.76 365.76 0
0 12 0 1
12
384.048 365.76 0
0 13 0 1
13
0 384.048 0
0 14 0 1
14
18.288 384.048 0
0 15 0 1
15
365.76 384.048 0
0 16 0 1
16
384.048 384.048 0
0 17 0 1
17
0 0 -6.096
0 18 0 1
18
18.288 0 -6.096
0 22 0 1
19
18.288 18.288 -6.096
0 26 0 1
20
0 18.288 -6.096
0 28 0 1
21
365.76 0 -6.096
0 32 0 1
22
365.76 18.288 -6.096
0 34 0 1
23
384.048 0 -6.096
0 38 0 1
24
384.048 18.288 -6.096
0 44 0 1
25
18.288 365.76 -6.096
0 48 0 1
26
0 365.76 -6.096
0 54 0 1
27
365.76 365.76 -6.096
0 60 0 1
28
384.048 365.76 -6.096
0 66 0 1
29
18.288 384.048 -6.096
0 70 0 1
30
0 384.048 -6.096
0 76 0 1
31
365.76 384.048 -6.096
0 82 0 1
32
384.048 384.048 -6.096
0 83 0 1
33
0 0 -12.192
0 84 0 1
34
18.288 0 -12.192
0 88 0 1
35
18.288 18.288 -12.192
0 92 0 1
36
0 18.288 -12.192
0 94 0 1
37
365.76 0 -12.192
0 98 0 1
38
365.76 18.288 -12.192
0 100 0 1
39
384.048 0 -12.192
0 104 0 1
40
384.048 18.288 -12.192
0 110 0 1
41
18.288 365.76 -12.192
0 114 0 1
42
0 365.76 -12.192
0 120 0 1
43
365.76 365.76 -12.192
0 126 0 1
44
384.048 365.76 -12.192
0 132 0 1
45
18.288 384.048 -12.192
0 136 0 1
46
0 384.048 -12.192
0 142 0 1
47
365.76 384.048 -12.192
0 148 0 1
48
384.048 384.048 -12.192
0 149 0 1
49
0 0 -18.288
0 150 0 1
50
18.288 0 -18.288
0 154 0 1
51
18.288 18.288 -18.288
0 158 0 1
52
0 18.288 -18.288
0 160 0 1
53
365.76 0 -18.288
0 164 0 1
54
365.76 18.288 -18.288
0 166 0 1
55
384.048 0 -18.288
0 170 0 1
56
384.048 18.288 -18.288
0 176 0 1
57
18.288 365.76 -18.288
0 180 0 1
58
0 365.76 -18.288
0 186 0 1
59
365.76 365.76 -18.288
0 192 0 1
60
384.048 365.76 -18.288
0 198 0 1
61
18.288 384.048 -18.288
0 202 0 1
62
0 384.048 -18.288
0 208 0 1
63
365.76 384.048 -18.288
0 214 0 1
64
384.048 384.048 -18.288
0 215 0 1
65
0 0 -24.384
0 216 0 1
66
18.288 0 -24.384
0 220 0 1
67
18.288 18.288 -24.384
0 224 0 1
68
0 18.288 -24.384
0 226 0 1
69
365.76 0 -24.384
0 230 0 1
70
365.76 18.288 -24.384
0 232 0 1
71
384.048 0 -24.384
0 236 0 1
72
384.048 18.288 -24.384
0 242 0 1
73
18.288 365.76 -24.384
0 246 0 1
74
0 365.76 -24.384
0 252 0 1
75
365.76 365.76 -24.384
0 258 0 1
76
384.048 365.76 -24.384
0 264 0 1
77
18.288 384.048 -24.384
0 268 0 1
78
0 384.048 -24.384
0 274 0 1
79
365.76 384.048 -24.384
0 280 0 1
80
384.048 384.048 -24.384
0 281 0 1
81
0 0 -30.48
0 282 0 1
82
18.288 0 -30.48
0 286 0 1
83
18.288 18.288 -30.48
0 290 0 1
84
0 18.288 -30.48
0 292 0 1
85
365.76 0 -30.48
0 296 0 1
86
365.76 18.288 -30.48
0 298 0 1
87
384.048 0 -30.48
0 302 0 1
88
384.048 18.288 -30.48
0 308 0 1
89
18.288 365.76 -30.48
0 312 0 1
90
0 365.76 -30.48
0 318 0 1
91
365.76 365.76 -30.48
0 324 0 1
92
384.048 365.76 -30.48
0 330 0 1
93
18.288 384.048 -30.48
0 334 0 1
94
0 384.048 -30.48
0 340 0 1
95
365.76 384.048 -30.48
0 346 0 1
96
384.048 384.048 -30.48
0 347 0 1
97
0 0 -36.576
0 348 0 1
98
18.288 0 -36.576
0 352 0 1
99
18.288 18.288 -36.576
0 356 0 1
100
0 18.288 -36.576
0 358 0 1
101
365.76 0 -36.576
0 362 0 1
102
365.76 18.288 -36.576
0 364 0 1
103
384.048 0 -36.576
0 368 0 1
104
384.048 18.288 -36.576
0 374 0 1
105
18.288 365.76 -36.576
0 378 0 1
106
0 365.76 -36.576
0 384 0 1
107
365.76 365.76 -36.576
0 390 0 1
108
384.048 365.76 -36.576
0 396 0 1
109
18.288 384.048 -36.576
0 400 0 1
110
0 384.048 -36.576
0 406 0 1
111
365.76 384.048 -36.576
0 412 0 1
112
384.048 384.048 -36.576
0 413 0 1
113
0 0 -42.672
0 414 0 1
114
18.288 0 -42.672
0 418 0 1
115
18.288 18.288 -42.672
0 422 0 1
116
0 18.288 -42.672
0 424 0 1
117
365.76 0 -42.672
0 428 0 1
118
365.76 18.288 -42.672
0 430 0 1
119
384.048 0 -42.672
0 434 0 1
120
384.048 18.288 -42.672
0 440 0 1
121
18.288 365.76 -42.672
0 444 0 1
122
0 365.76 -42.672
0 450 0 1
123
365.76 365.76 -42.672
0 456 0 1
124
384.048 365.76 -42.672
0 462 0 1
125
18.288 384.048 -42.672
0 466 0 1
126
0 384.048 -42.672
0 472 0 1
127
365.76 384.048 -42.672
0 478 0 1
128
384.048 384.048 -42.672
0 479 0 1
129
0 0 -48.768
0 480 0 1
130
18.288 0 -48.768
0 484 0 1
131
18.288 18.288 -48.768
0 488 0 1
132
0 18.288 -48.768
0 490 0 1
133
365.76 0 -48.768
0 494 0 1
134
365.76 18.288 -48.768
0 496 0 1
135
384.048 0 -48.768
0 500 0 1
136
384.048 18.288 -48.768
0 506 0 1
137
18.288 365.76 -48.768
0 510 0 1
138
0 365.76 -48.768
0 516 0 1
139
365.76 365.76 -48.768
0 522 0 1
140
384.048 365.76 -48.768
0 528 0 1
141
18.288 384.048 -48.768
0 532 0 1
142
0 384.048 -48.768
0 538 0 1
143
365.76 384.048 -48.768
0 544 0 1
144
384.048 384.048 -48.768
0 545 0 1
145
0 0 -54.864
0 546 0 1
146
18.288 0 -54.864
0 550 0 1
147
18.288 18.288 -54.864
0 554 0 1
148
0 18.288 -54.864
0 556 0 1
149
365.76 0 -54.864
0 560 0 1
150
365.76 18.288 -54.864
0 562 0 1
151
384.048 0 -54.864
0 566 0 1
152
384.048 18.288 -54.864
0 572 0 1
153
18.288 365.76 -54.864
0 576 0 1
154
0 365.76 -54.864
0 582 0 1
155
365.76 365.76 -54.864
0 588 0 1
156
384.048 365.76 -54.864
0 594 0 1
157
18.288 384.048 -54.864
0 598 0 1
158
0 384.048 -54.864
0 604 0 1
159
365.76 384.048 -54.864
0 610 0 1
160
384.048 384.048 -54.864
0 611 0 1
161
0 0 -60.96000000000001
0 612 0 1
162
18.288 0 -60.96000000000001
0 616 0 1
163
18.288 18.288 -60.96000000000001
0 620 0 1
164
0 18.288 -60.96000000000001
0 622 0 1
165
365.76 0 -60.96000000000001
0 626 0 1
166
365.76 18.288 -60.96000000000001
0 628 0 1
167
384.048 0 -60.96000000000001
0 632 0 1
168
384.048 18.288 -60.96000000000001
0 638 0 1
169
18.288 365.76 -60.96000000000001
0 642 0 1
170
0 365.76 -60.96000000000001
0 648 0 1
171
365.76 365.76 -60.96000000000001
0 654 0 1
172
384.048 365.76 -60.96000000000001
0 660 0 1
173
18.288 384.048 -60.96000000000001
0 664 0 1
174
0 384.048 -60.96000000000001
0 670 0 1
175
365.76 384.048 -60.96000000000001
0 676 0 1
176
384.048 384.048 -60.96000000000001
0 677 0 1
177
0 0 -67.05600000000001
0 678 0 1
178
18.288 0 -67.05600000000001
0 682 0 1
179
18.288 18.288 -67.05600000000001
0 686 0 1
180
0 18.288 -67.05600000000001
0 688 0 1
181
365.76 0 -67.05600000000001
0 692 0 1
182
365.76 18.288 -67.05600000000001
0 694 0 1
183
384.048 0 -67.05600000000001
0 698 0 1
184
384.048 18.288 -67.05600000000001
0 704 0 1
185
18.288 365.76 -67.05600000000001
0 708 0 1
186
0 365.76 -67.05600000000001
0 714 0 1
187
365.76 365.76 -67.05600000000001
0 720 0 1
188
384.048 365.76 -67.05600000000001
0 726 0 1
189
18.288 384.048 -67.05600000000001
0 730 0 1
190
0 384.048 -67.05600000000001
0 736 0 1
191
365.76 384.048 -67.05600000000001
0 742 0 1
192
384.048 384.048 -67.05600000000001
1 101 0 18
193
194
195
196
197
198
199
200
201
202
203
204
205
206
207
208
209
210
36.5759999999655 0 0
54.86399999993934 0 0
73.15199999988207 0 0
91.43999999984011 0 0
109.7279999997868 0 0
128.0159999997292 0 0
146.3039999996743 0 0
164.5919999996213 0 0
182.8799999995673 0 0
201.1679999995563 0 0
219.4559999996106 0 0
237.7439999996537 0 0
256.0319999997033 0 0
274.3199999997622 0 0
292.6079999998053 0 0
310.8959999998484 0 0
329.1839999999137 0 0
347.4719999999569 0 0
1 104 0 18
211
212
213
214
215
216
217
218
219
220
221
222
223
224
225
226
227
228
36.5759999999655 18.288 0
54.86399999993934 18.288 0
73.15199999988207 18.288 0
91.43999999984011 18.288 0
109.7279999997868 18.288 0
128.0159999997292 18.288 0
146.3039999996743 18.288 0
164.5919999996213 18.288 0
182.8799999995673 18.288 0
201.1679999995563 18.288 0
219.4559999996106 18.288 0
237.7439999996537 18.288 0
256.0319999997033 18.288 0
274.3199999997622 18.288 0
292.6079999998053 18.288 0
310.8959999998484 18.288 0
329.1839999999137 18.288 0
347.4719999999569 18.288 0
1 107 0 18
229
230
231
232
233
234
235
236
237
238
239
240
241
242
243
244
245
246
36.5759999999655 365.76 0
54.86399999993934 365.76 0
73.15199999988207 365.76 0
91.43999999984011 365.76 0
109.7279999997868 365.76 0
128.0159999997292 365.76 0
146.3039999996743 365.76 0
164.5919999996213 365.76 0
182.8799999995673 365.76 0
201.1679999995563 365.76 0
219.4559999996106 365.76 0
237.7439999996537 365.76 0
256.0319999997033 365.76 0
274.3199999997622 365.76 0
292.6079999998053 365.76 0
310.8959999998484 365.76 0
329.1839999999137 365.76 0
347.4719999999569 365.76 0
1 110 0 18
247
248
249
250
251
252
253
254
255
256
257
258
259
260
261
262
263
264
36.5759999999655 384.048 0
54.86399999993934 384.048 0
73.15199999988207 384.048 0
91.43999999984011 384.048 0
109.7279999997868 384.048 0
128.0159999997292 384.048 0
146.3039999996743 384.048 0
164.5919999996213 384.048 0
182.8799999995673 384.048 0
201.1679999995563 384.048 0
219.4559999996106 384.048 0
237.7439999996537 384.048 0
256.0319999997033 384.048 0
274.3199999997622 384.048 0
292.6079999998053 384.048 0
310.8959999998484 384.048 0
329.1839999999137 384.048 0
347.4719999999569 384.048 0
1 204 0 18
265
266
267
268
269
270
271
272
273
274
275
276
277
278
279
280
281
282
0 36.5759999999655 0
0 54.86399999993934 0
0 73.15199999988207 0
0 91.43999999984011 0
0 109.7279999997868 0
0 128.0159999997292 0
0 146.3039999996743 0
0 164.5919999996213 0
0 182.8799999995673 0
0 201.1679999995563 0
0 219.4559999996106 0
0 237.7439999996537 0
0 256.0319999997033 0
0 274.3199999997622 0
0 292.6079999998053 0
0 310.8959999998484 0
0 329.1839999999137 0
0 347.4719999999569 0
1 205 0 18
283
284
285
286
287
288
289
290
291
292
293
294
295
296
297
298
299
300
18.288 36.5759999999655 0
18.288 54.86399999993934 0
18.288 73.15199999988207 0
18.288 91.43999999984011 0
18.288 109.7279999997868 0
18.288 128.0159999997292 0
18.288 146.3039999996743 0
18.288 164.5919999996213 0
18.288 182.8799999995673 0
18.288 201.1679999995563 0
18.288 219.4559999996106 0
18.288 237.7439999996537 0
18.288 256.0319999997033 0
18.288 274.3199999997622 0
18.288 292.6079999998053 0
18.288 310.8959999998484 0
18.288 329.1839999999137 0
18.288 347.4719999999569 0
1 206 0 18
301
302
303
304
305
306
307
308
309
310
311
312
313
314
315
316
317
318
365.76 36.5759999999655 0
365.76 54.86399999993934 0
365.76 73.15199999988207 0
365.76 91.43999999984011 0
365.76 109.7279999997868 0
365.76 128.0159999997292 0
365.76 146.3039999996743 0
365.76 164.5919999996213 0
365.76 182.8799999995673 0
365.76 201.1679999995563 0
365.76 219.4559999996106 0
365.76 237.7439999996537 0
365.76 256.0319999997033 0
365.76 274.3199999997622 0
365.76 292.6079999998053 0
365.76 310.8959999998484 0
365.76 329.1839999999137 0
365.76 347.4719999999569 0
1 207 0 18
319
320
321
322
323
324
325
326
327
328
329
330
331
332
333
334
335
336
384.048 36.5759999999655 0
384.048 54.86399999993934 0
384.048 73.15199999988207 0
384.048 91.43999999984011 0
384.048 109.7279999997868 0
384.048 128.0159999997292 0
384.048 146.3039999996743 0
384.048 164.5919999996213 0
384.048 182.8799999995673 0
384.048 201.1679999995563 0
384.048 219.4559999996106 0
384.048 237.7439999996537 0
384.048 256.0319999997033 0
384.048 274.3199999997622 0
384.048 292.6079999998053 0
384.048 310.8959999998484 0
384.048 329.1839999999137 0
384.048 347.4719999999569 0
1 235 0 18
337
338
339
340
341
342
343
344
345
346
347
348
349
350
351
352
353
354
36.5759999999655 0 -6.096
54.86399999993934 0 -6.096
73.15199999988207 0 -6.096
91.43999999984011 0 -6.096
109.7279999997868 0 -6.096
128.0159999997292 0 -6.096
146.3039999996743 0 -6.096
164.5919999996213 0 -6.096
182.8799999995673 0 -6.096
201.1679999995563 0 -6.096
219.4559999996106 0 -6.096
237.7439999996537 0 -6.096
256.0319999997033 0 -6.096
274.3199999997622 0 -6.096
292.6079999998053 0 -6.096
310.8959999998484 0 -6.096
329.1839999999137 0 -6.096
347.4719999999569 0 -6.096
1 237 0 18
355
356
357
358
359
360
361
362
363
364
365
366
367
368
369
370
371
372
347.4719999999569 18.288 -6.096
329.1839999999137 18.288 -6.096
310.8959999998484 18.288 -6.096
292.6079999998053 18.288 -6.096
274.3199999997622 18.288 -6.096
256.0319999997033 18.288 -6.096
237.7439999996537 18.288 -6.096
219.4559999996106 18.288 -6.096
201.1679999995563 18.288 -6.096
182.8799999995673 18.288 -6.096
164.5919999996213 18.288 -6.096
146.3039999996743 18.288 -6.096
128.0159999997292 18.288 -6.096
109.7279999997868 18.288 -6.096
91.43999999984011 18.288 -6.096
73.15199999988207 18.288 -6.096
54.86399999993934 18.288 -6.096
36.5759999999655 18.288 -6.096
1 280 0 18
373
374
375
376
377
378
379
380
381
382
383
384
385
386
387
388
389
390
18.288 36.5759999999655 -6.096
18.288 54.86399999993934 -6.096
18.288 73.15199999988207 -6.096
18.288 91.43999999984011 -6.096
18.288 109.7279999997868 -6.096
18.288 128.0159999997292 -6.096
18.288 146.3039999996743 -6.096
18.288 164.5919999996213 -6.096
18.288 182.8799999995673 -6.096
18.288 201.1679999995563 -6.096
18.288 219.4559999996106 -6.096
18.288 237.7439999996537 -6.096
18.288 256.0319999997033 -6.096
18.288 274.3199999997622 -6.096
18.288 292.6079999998053 -6.096
18.288 310.8959999998484 -6.096
18.288 329.1839999999137 -6.096
18.288 347.4719999999569 -6.096
1 282 0 18
391
392
393
394
395
396
397
398
399
400
401
402
403
404
405
406
407
408
0 347.4719999999569 -6.096
0 329.1839999999137 -6.096
0 310.8959999998484 -6.096
0 292.6079999998053 -6.096
0 274.3199999997622 -6.096
0 256.0319999997033 -6.096
0 237.7439999996537 -6.096
0 219.4559999996106 -6.096
0 201.1679999995563 -6.096
0 182.8799999995673 -6.096
0 164.5919999996213 -6.096
0 146.3039999996743 -6.096
0 128.0159999997292 -6.096
0 109.7279999997868 -6.096
0 91.43999999984011 -6.096
0 73.15199999988207 -6.096
0 54.86399999993934 -6.096
0 36.5759999999655 -6.096
1 302 0 18
409
410
411
412
413
414
415
416
417
418
419
420
421
422
423
424
425
426
365.76 36.5759999999655 -6.096
365.76 54.86399999993934 -6.096
365.76 73.15199999988207 -6.096
365.76 91.43999999984011 -6.096
365.76 109.7279999997868 -6.096
365.76 128.0159999997292 -6.096
365.76 146.3039999996743 -6.096
365.76 164.5919999996213 -6.096
365.76 182.8799999995673 -6.096
365.76 201.1679999995563 -6.096
365.76 219.4559999996106 -6.096
365.76 237.7439999996537 -6.096
365.76 256.0319999997033 -6.096
365.76 274.3199999997622 -6.096
365.76 292.6079999998053 -6.096
365.76 310.8959999998484 -6.096
365.76 329.1839999999137 -6.096
365.76 347.4719999999569 -6.096
1 303 0 18
427
428
429
430
431
432
433
434
435
436
437
438
439
440
441
442
443
444
347.4719999999569 365.76 -6.096
329.1839999999137 365.76 -6.096
310.8959999998484 365.76 -6.096
292.6079999998053 365.76 -6.096
274.3199999997622 365.76 -6.096
256.0319999997033 365.76 -6.096
237.7439999996537 365.76 -6.096
219.4559999996106 365.76 -6.096
201.1679999995563 365.76 -6.096
182.8799999995673 365.76 -6.096
164.5919999996213 365.76 -6.096
146.3039999996743 365.76 -6.096
128.0159999997292 365.76 -6.096
109.7279999997868 365.76 -6.096
91.43999999984011 365.76 -6.096
73.15199999988207 365.76 -6.096
54.86399999993934 365.76 -6.096
36.5759999999655 365.76 -6.096
1 324 0 18
445
446
447
448
449
450
451
452
453
454
455
456
457
458
459
460
461
462
384.048 36.5759999999655 -6.096
384.048 54.86399999993934 -6.096
384.048 73.15199999988207 -6.096
384.048 91.43999999984011 -6.096
384.048 109.7279999997868 -6.096
384.048 128.0159999997292 -6.096
384.048 146.3039999996743 -6.096
384.048 164.5919999996213 -6.096
384.048 182.8799999995673 -6.096
384.048 201.1679999995563 -6.096
384.048 219.4559999996106 -6.096
384.048 237.7439999996537 -6.096
384.048 256.0319999997033 -6.096
384.048 274.3199999997622 -6.096
384.048 292.6079999998053 -6.096
384.048 310.8959999998484 -6.096
384.048 329.1839999999137 -6.096
384.048 347.4719999999569 -6.096
1 369 0 18
463
464
465
466
467
468
469
470
471
472
473
474
475
476
477
478
479
480
347.4719999999569 384.048 -6.096
329.1839999999137 384.048 -6.096
310.8959999998484 384.048 -6.096
292.6079999998053 384.048 -6.096
274.3199999997622 384.048 -6.096
256.0319999997033 384.048 -6.096
237.7439999996537 384.048 -6.096
219.4559999996106 384.048 -6.096
201.1679999995563 384.048 -6.096
182.8799999995673 384.048 -6.096
164.5919999996213 384.048 -6.096
146.3039999996743 384.048 -6.096
128.0159999997292 384.048 -6.096
109.7279999997868 384.048 -6.096
91.43999999984011 384.048 -6.096
73.15199999988207 384.048 -6.096
54.86399999993934 384.048 -6.096
36.5759999999655 384.048 -6.096
1 433 0 18
481
482
483
484
485
486
487
488
489
490
491
492
493
494
495
496
497
498
36.5759999999655 0 -12.192
54.86399999993934 0 -12.192
73.15199999988207 0 -12.192
91.43999999984011 0 -12.192
109.7279999997868 0 -12.192
128.0159999997292 0 -12.192
146.3039999996743 0 -12.192
164.5919999996213 0 -12.192
182.8799999995673 0 -12.192
201.1679999995563 0 -12.192
219.4559999996106 0 -12.192
237.7439999996537 0 -12.192
256.0319999997033 0 -12.192
274.3199999997622 0 -12.192
292.6079999998053 0 -12.192
310.8959999998484 0 -12.192
329.1839999999137 0 -12.192
347.4719999999569 0 -12.192
1 435 0 18
499
500
501
502
503
504
505
506
507
508
509
510
511
512
513
514
515
516
347.4719999999569 18.288 -12.192
329.1839999999137 18.288 -12.192
310.8959999998484 18.288 -12.192
292.6079999998053 18.288 -12.192
274.3199999997622 18.288 -12.192
256.0319999997033 18.288 -12.192
237.7439999996537 18.288 -12.192
219.4559999996106 18.288 -12.192
201.1679999995563 18.288 -12.192
182.8799999995673 18.288 -12.192
164.5919999996213 18.288 -12.192
146.3039999996743 18.288 -12.192
128.0159999997292 18.288 -12.192
109.7279999997868 18.288 -12.192
91.43999999984011 18.288 -12.192
73.15199999988207 18.288 -12.192
54.86399999993934 18.288 -12.192
36.5759999999655 18.288 -12.192
1 478 0 18
517
518
519
520
521
522
523
524
525
526
527
528
529
530
531
532
533
534
18.288 36.5759999999655 -12.192
18.288 54.86399999993934 -12.192
18.288 73.15199999988207 -12.192
18.288 91.43999999984011 -12.192
18.288 109.7279999997868 -12.192
18.288 128.0159999997292 -12.192
18.288 146.3039999996743 -12.192
18.288 164.5919999996213 -12.192
18.288 182.8799999995673 -12.192
18.288 201.1679999995563 -12.192
18.288 219.4559999996106 -12.192
18.288 237.7439999996537 -12.192
18.288 256.0319999997033 -12.192
18.288 274.3199999997622 -12.192
18.288 292.6079999998053 -12.192
18.288 310.8959999998484 -12.192
18.288 329.1839999999137 -12.192
18.288 347.4719999999569 -12.192
1 480 0 18
535
536
537
538
539
540
541
542
543
544
545
546
547
548
549
550
551
552
0 347.4719999999569 -12.192
0 329.1839999999137 -12.192
0 310.8959999998484 -12.192
0 292.6079999998053 -12.192
0 274.3199999997622 -12.192
0 256.0319999997033 -12.192
0 237.7439999996537 -12.192
0 219.4559999996106 -12.192
0 201.1679999995563 -12.192
0 182.8799999995673 -12.192
0 164.5919999996213 -12.192
0 146.3039999996743 -12.192
0 128.0159999997292 -12.192
0 109.7279999997868 -12.192
0 91.43999999984011 -12.192
0 73.15199999988207 -12.192
0 54.86399999993934 -12.192
0 36.5759999999655 -12.192
1 500 0 18
553
554
555
556
557
558
559
560
561
562
563
564
565
566
567
568
569
570
365.76 36.5759999999655 -12.192
365.76 54.86399999993934 -12.192
365.76 73.15199999988207 -12.192
365.76 91.43999999984011 -12.192
365.76 109.7279999997868 -12.192
365.76 128.0159999997292 -12.192
365.76 146.3039999996743 -12.192
365.76 164.5919999996213 -12.192
365.76 182.8799999995673 -12.192
365.76 201.1679999995563 -12.192
365.76 219.4559999996106 -12.192
365.76 237.7439999996537 -12.192
365.76 256.0319999997033 -12.192
365.76 274.3199999997622 -12.192
365.76 292.6079999998053 -12.192
365.76 310.8959999998484 -12.192
365.76 329.1839999999137 -12.192
365.76 347.4719999999569 -12.192
1 501 0 18
571
572
573
574
575
576
577
578
579
580
581
582
583
584
585
586
587
588
347.4719999999569 365.76 -12.192
329.1839999999137 365.76 -12.192
310.8959999998484 365.76 -12.192
292.6079999998053 365.76 -12.192
274.3199999997622 365.76 -12.192
256.0319999997033 365.76 -12.192
237.7439999996537 365.76 -12.192
219.4559999996106 365.76 -12.192
201.1679999995563 365.76 -12.192
182.8799999995673 365.76 -12.192
164.5919999996213 365.76 -12.192
146.3039999996743 365.76 -12.192
128.0159999997292 365.76 -12.192
109.7279999997868 365.76 -12.192
91.43999999984011 365.76 -12.192
73.15199999988207 365.76 -12.192
54.86399999993934 365.76 -12.192
36.5759999999655 365.76 -12.192
1 522 0 18
589
590
591
592
593
594
595
596
597
598
599
600
601
602
603
604
605
606
384.048 36.5759999999655 -12.192
384.048 54.86399999993934 -12.192
384.048 73.15199999988207 -12.192
384.048 91.43999999984011 -12.192
384.048 109.7279999997868 -12.192
384.048 128.0159999997292 -12.192
384.048 146.3039999996743 -12.192
384.048 164.5919999996213 -12.192
384.048 182.8799999995673 -12.192
384.048 201.1679999995563 -12.192
384.048 219.4559999996106 -12.192
384.048 237.7439999996537 -12.192
384.048 256.0319999997033 -12.192
384.048 274.3199999997622 -12.192
384.048 292.6079999998053 -12.192
384.048 310.8959999998484 -12.192
384.048 329.1839999999137 -12.192
384.048 347.4719999999569 -12.192
1 567 0 18
607
608
609
610
611
612
613
614
615
616
617
618
619
620
621
622
623
624
347.4719999999569 384.048 -12.192
329.1839999999137 384.048 -12.192
310.8959999998484 384.048 -12.192
292.6079999998053 384.048 -12.192
274.3199999997622 384.048 -12.192
256.0319999997033 384.048 -12.192
237.7439999996537 384.048 -12.192
219.4559999996106 384.048 -12.192
201.1679999995563 384.048 -12.192
182.8799999995673 384.048 -12.192
164.5919999996213 384.048 -12.192
146.3039999996743 384.048 -12.192
128.0159999997292 384.048 -12.192
109.7279999997868 384.048 -12.192
91.43999999984011 384.048 -12.192
73.15199999988207 384.048 -12.192
54.86399999993934 384.048 -12.192
36.5759999999655 384.048 -12.192
1 631 0 18
625
626
627
628
629
630
631
632
633
634
635
636
637
638
639
640
641
642
36.5759999999655 0 -18.288
54.86399999993934 0 -18.288
73.15199999988207 0 -18.288
91.43999999984011 0 -18.288
109.7279999997868 0 -18.288
128.0159999997292 0 -18.288
146.3039999996743 0 -18.288
164.5919999996213 0 -18.288
182.8799999995673 0 -18.288
201.1679999995563 0 -18.288
219.4559999996106 0 -18.288
237.7439999996537 0 -18.288
256.0319999997033 0 -18.288
274.3199999997622 0 -18.288
292.6079999998053 0 -18.288
310.8959999998484 0 -18.288
329.1839999999137 0 -18.288
347.4719999999569 0 -18.288
1 633 0 18
643
644
645
646
647
648
649
650
651
652
653
654
655
656
657
658
659
660
347.4719999999569 18.288 -18.288
329.1839999999137 18.288 -18.288
310.8959999998484 18.288 -18.288
292.6079999998053 18.288 -18.288
274.3199999997622 18.288 -18.288
256.0319999997033 18.288 -18.288
237.7439999996537 18.288 -18.288
219.4559999996106 18.288 -18.288
201.1679999995563 18.288 -18.288
182.8799999995673 18.288 -18.288
164.5919999996213 18.288 -18.288
146.3039999996743 18.288 -18.288
128.0159999997292 18.288 -18.288
109.7279999997868 18.288 -18.288
91.43999999984011 18.288 -18.288
73.15199999988207 18.288 -18.288
54.86399999993934 18.288 -18.288
36.5759999999655 18.288 -18.288
1 676 0 18
661
662
663
664
665
666
667
668
669
670
671
672
673
674
675
676
677
678
18.288 36.5759999999655 -18.288
18.288 54.86399999993934 -18.288
18.288 73.15199999988207 -18.288
18.288 91.43999999984011 -18.288
18.288 109.7279999997868 -18.288
18.288 128.0159999997292 -18.288
18.288 146.3039999996743 -18.288
18.288 164.5919999996213 -18.288
18.288 182.8799999995673 -18.288
18.288 201.1679999995563 -18.288
18.288 219.4559999996106 -18.288
18.288 237.7439999996537 -18.288
18.288 256.0319999997033 -18.288
18.288 274.3199999997622 -18.288
18.288 292.6079999998053 -18.288
18.288 310.8959999998484 -18.288
18.288 329.1839999999137 -18.288
18.288 347.4719999999569 -18.288
1 678 0 18
679
680
681
682
683
684
685
686
687
688
689
690
691
692
693
694
695
696
0 347.4719999999569 -18.288
0 329.1839999999137 -18.288
0 310.8959999998484 -18.288
0 292.6079999998053 -18.288
0 274.3199999997622 -18.288
0 256.0319999997033 -18.288
0 237.7439999996537 -18.288
0 219.4559999996106 -18.288
0 201.1679999995563 -18.288
0 182.8799999995673 -18.288
0 164.5919999996213 -18.288
0 146.3039999996743 -18.288
0 128.0159999997292 -18.288
0 109.7279999997868 -18.288
0 91.43999999984011 -18.288
0 73.15199999988207 -18.288
0 54.86399999993934 -18.288
0 36.5759999999655 -18.288
1 698 0 18
697
698
699
700
701
702
703
704
705
706
707
708
709
710
711
712
713
714
365.76 36.5759999999655 -18.288
365.76 54.86399999993934 -18.288
365.76 73.15199999988207 -18.288
365.76 91.43999999984011 -18.288
365.76 109.7279999997868 -18.288
365.76 128.0159999997292 -18.288
365.76 146.3039999996743 -18.288
365.76 164.5919999996213 -18.288
365.76 182.8799999995673 -18.288
365.76 201.1679999995563 -18.288
365.76 219.4559999996106 -18.288
365.76 237.7439999996537 -18.288
365.76 256.0319999997033 -18.288
365.76 274.3199999997622 -18.288
365.76 292.6079999998053 -18.288
365.76 310.8959999998484 -18.288
365.76 329.1839999999137 -18.288
365.76 347.4719999999569 -18.288
1 699 0 18
715
716
717
718
719
720
721
722
723
724
725
726
727
728
729
730
731
732
347.4719999999569 365.76 -18.288
329.1839999999137 365.76 -18.288
310.8959999998484 365.76 -18.288
292.6079999998053 365.76 -18.288
274.3199999997622 365.76 -18.288
256.0319999997033 365.76 -18.288
237.7439999996537 365.76 -18.288
219.4559999996106 365.76 -18.288
201.1679999995563 365.76 -18.288
182.8799999995673 365.76 -18.288
164.5919999996213 365.76 -18.288
146.3039999996743 365.76 -18.288
128.0159999997292 365.76 -18.288
109.7279999997868 365.76 -18.288
91.43999999984011 365.76 -18.288
73.15199999988207 365.76 -18.288
54.86399999993934 365.76 -18.288
36.5759999999655 365.76 -18.288
1 720 0 18
733
734
735
736
737
738
739
740
741
742
743
744
745
746
747
748
749
750
384.048 36.5759999999655 -18.288
384.048 54.86399999993934 -18.288
384.048 73.15199999988207 -18.288
384.048 91.43999999984011 -18.288
384.048 109.7279999997868 -18.288
384.048 128.0159999997292 -18.288
384.048 146.3039999996743 -18.288
384.048 164.5919999996213 -18.288
384.048 182.8799999995673 -18.288
384.048 201.1679999995563 -18.288
384.048 219.4559999996106 -18.288
384.048 237.7439999996537 -18.288
384.048 256.0319999997033 -18.288
384.048 274.3199999997622 -18.288
384.048 292.6079999998053 -18.288
384.048 310.8959999998484 -18.288
384.048 329.1839999999137 -18.288
384.048 347.4719999999569 -18.288
1 765 0 18
751
752
753
754
755
756
757
758
759
760
761
762
763
764
765
766
767
768
347.4719999999569 384.048 -18.288
329.1839999999137 384.048 -18.288
310.8959999998484 384.048 -18.288
292.6079999998053 384.048 -18.288
274.3199999997622 384.048 -18.288
256.0319999997033 384.048 -18.288
237.7439999996537 384.048 -18.288
219.4559999996106 384.048 -18.288
201.1679999995563 384.048 -18.288
182.8799999995673 384.048 -18.288
164.5919999996213 384.048 -18.288
146.3039999996743 384.048 -18.288
128.0159999997292 384.048 -18.288
109.7279999997868 384.048 -18.288
91.43999999984011 384.048 -18.288
73.15199999988207 384.048 -18.288
54.86399999993934 384.048 -18.288
36.5759999999655 384.048 -18.288
1 829 0 18
769
770
771
772
773
774
775
776
777
778
779
780
781
782
783
784
785
786
36.5759999999655 0 -24.384
54.86399999993934 0 -24.384
73.15199999988207 0 -24.384
91.43999999984011 0 -24.384
109.7279999997868 0 -24.384
128.0159999997292 0 -24.384
146.3039999996743 0 -24.384
164.5919999996213 0 -24.384
182.8799999995673 0 -24.384
201.1679999995563 0 -24.384
219.4559999996106 0 -24.384
237.7439999996537 0 -24.384
256.0319999997033 0 -24.384
274.3199999997622 0 -24.384
292.6079999998053 0 -24.384
310.8959999998484 0 -24.384
329.1839999999137 0 -24.384
347.4719999999569 0 -24.384
1 831 0 18
787
788
789
790
791
792
793
794
795
796
797
798
799
800
801
802
803
804
347.4719999999569 18.288 -24.384
329.1839999999137 18.288 -24.384
310.8959999998484 18.288 -24.384
292.6079999998053 18.288 -24.384
274.3199999997622 18.288 -24.384
256.0319999997033 18.288 -24.384
237.7439999996537 18.288 -24.384
219.4559999996106 18.288 -24.384
201.1679999995563 18.288 -24.384
182.8799999995673 18.288 -24.384
164.5919999996213 18.288 -24.384
146.3039999996743 18.288 -24.384
128.0159999997292 18.288 -24.384
109.7279999997868 18.288 -24.384
91.43999999984011 18.288 -24.384
73.15199999988207 18.288 -24.384
54.86399999993934 18.288 -24.384
36.5759999999655 18.288 -24.384
1 874 0 18
805
806
807
808
809
810
811
812
813
814
815
816
817
818
819
820
821
822
18.288 36.5759999999655 -24.384
18.288 54.86399999993934 -24.384
18.288 73.15199999988207 -24.384
18.288 91.43999999984011 -24.384
18.288 109.7279999997868 -24.384
18.288 128.0159999997292 -24.384
18.288 146.3039999996743 -24.384
18.288 164.5919999996213 -24.384
18.288 182.8799999995673 -24.384
18.288 201.1679999995563 -24.384
18.288 219.4559999996106 -24.384
18.288 237.7439999996537 -24.384
18.288 256.0319999997033 -24.384
18.288 274.3199999997622 -24.384
18.288 292.6079999998053 -24.384
18.288 310.8959999998484 -24.384
18.288 329.1839999999137 -24.384
18.288 347.4719999999569 -24.384
1 876 0 18
823
824
825
826
827
828
829
830
831
832
833
834
835
836
837
838
839
840
0 347.4719999999569 -24.384
0 329.1839999999137 -24.384
0 310.8959999998484 -24.384
0 292.6079999998053 -24.384
0 274.3199999997622 -24.384
0 256.0319999997033 -24.384
0 237.7439999996537 -24.384
0 219.4559999996106 -24.384
0 201.1679999995563 -24.384
0 182.8799999995673 -24.384
0 164.5919999996213 -24.384
0 146.3039999996743 -24.384
0 128.0159999997292 -24.384
0 109.7279999997868 -24.384
0 91.43999999984011 -24.384
0 73.15199999988207 -24.384
0 54.86399999993934 -24.384
0 36.5759999999655 -24.384
1 896 0 18
841
842
843
844
845
846
847
848
849
850
851
852
853
854
855
856
857
858
365.76 36.5759999999655 -24.384
365.76 54.86399999993934 -24.384
365.76 73.15199999988207 -24.384
365.76 91.43999999984011 -24.384
365.76 109.7279999997868 -24.384
365.76 128.0159999997292 -24.384
365.76 146.3039999996743 -24.384
365.76 164.5919999996213 -24.384
365.76 182.8799999995673 -24.384
365.76 201.1679999995563 -24.384
365.76 219.4559999996106 -24.384
365.76 237.7439999996537 -24.384
365.76 256.0319999997033 -24.384
365.76 274.3199999997622 -24.384
365.76 292.6079999998053 -24.384
365.76 310.8959999998484 -24.384
365.76 329.1839999999137 -24.384
365.76 347.4719999999569 -24.384
1 897 0 18
859
860
861
862
863
864
865
866
867
868
869
870
871
872
873
874
875
876
347.4719999999569 365.76 -24.384
329.1839999999137 365.76 -24.384
310.8959999998484 365.76 -24.384
292.6079999998053 365.76 -24.384
274.3199999997622 365.76 -24.384
256.0319999997033 365.76 -24.384
237.7439999996537 365.76 -24.384
219.4559999996106 365.76 -24.384
201.1679999995563 365.76 -24.384
182.8799999995673 365.76 -24.384
164.5919999996213 365.76 -24.384
146.3039999996743 365.76 -24.384
128.0159999997292 365.76 -24.384
109.7279999997868 365.76 -24.384
91.43999999984011 365.76 -24.384
73.15199999988207 365.76 -24.384
54.86399999993934 365.76 -24.384
36.5759999999655 365.76 -24.384
1 918 0 18
877
878
879
880
881
882
883
884
885
886
887
888
889
890
891
892
893
894
384.048 36.5759999999655 -24.384
384.048 54.86399999993934 -24.384
384.048 73.15199999988207 -24.384
384.048 91.43999999984011 -24.384
384.048 109.7279999997868 -24.384
384.048 128.0159999997292 -24.384
384.048 146.3039999996743 -24.384
384.048 164.5919999996213 -24.384
384.048 182.8799999995673 -24.384
384.048 201.1679999995563 -24.384
384.048 219.4559999996106 -24.384
384.048 237.7439999996537 -24.384
384.048 256.0319999997033 -24.384
384.048 274.3199999997622 -24.384
384.048 292.6079999998053 -24.384
384.048 310.8959999998484 -24.384
384.048 329.1839999999137 -24.384
384.048 347.4719999999569 -24.384
1 963 0 18
895
896
897
898
899
900
901
902
903
904
905
906
907
908
909
910
911
912
347.4719999999569 384.048 -24.384
329.1839999999137 384.048 -24.384
310.8959999998484 384.048 -24.384
292.6079999998053 384.048 -24.384
274.3199999997622 384.048 -24.384
256.0319999997033 384.048 -24.384
237.7439999996537 384.048 -24.384
219.4559999996106 384.048 -24.384
201.1679999995563 384.048 -24.384
182.8799999995673 384.048 -24.384
164.5919999996213 384.048 -24.384
146.3039999996743 384.048 -24.384
128.0159999997292 384.048 -24.384
109.7279999997868 384.048 -24.384
91.43999999984011 384.048 -24.384
73.15199999988207 384.048 -24.384
54.86399999993934 384.048 -24.384
36.5759999999655 384.048 -24.384
1 1027 0 18
913
914
915
916
917
918
919
920
921
922
923
924
925
926
927
928
929
930
36.5759999999655 0 -30.48
54.86399999993934 0 -30.48
73.15199999988207 0 -30.48
91.43999999984011 0 -30.48
109.7279999997868 0 -30.48
128.0159999997292 0 -30.48
146.3039999996743 0 -30.48
164.5919999996213 0 -30.48
182.8799999995673 0 -30.48
201.1679999995563 0 -30.48
219.4559999996106 0 -30.48
237.7439999996537 0 -30.48
256.0319999997033 0 -30.48
274.3199999997622 0 -30.48
292.6079999998053 0 -30.48
310.8959999998484 0 -30.48
329.1839999999137 0 -30.48
347.4719999999569 0 -30.48
1 1029 0 18
931
932
933
934
935
936
937
938
939
940
941
942
943
944
945
946
947
948
347.4719999999569 18.288 -30.48
329.1839999999137 18.288 -30.48
310.8959999998484 18.288 -30.48
292.6079999998053 18.288 -30.48
274.3199999997622 18.288 -30.48
256.0319999997033 18.288 -30.48
237.7439999996537 18.288 -30.48
219.4559999996106 18.288 -30.48
201.1679999995563 18.288 -30.48
182.8799999995673 18.288 -30.48
164.5919999996213 18.288 -30.48
146.3039999996743 18.288 -30.48
128.0159999997292 18.288 -30.48
109.7279999997868 18.288 -30.48
91.43999999984011 18.288 -30.48
73.15199999988207 18.288 -30.48
54.86399999993934 18.288 -30.48
36.5759999999655 18.288 -30.48
1 1072 0 18
949
950
951
952
953
954
955
956
957
958
959
960
961
962
963
964
965
966
18.288 36.5759999999655 -30.48
18.288 54.86399999993934 -30.48
18.288 73.15199999988207 -30.48
18.288 91.43999999984011 -30.48
18.288 109.7279999997868 -30.48
18.288 128.0159999997292 -30.48
18.288 146.3039999996743 -30.48
18.288 164.5919999996213 -30.48
18.288 182.8799999995673 -30.48
18.288 201.1679999995563 -30.48
18.288 219.4559999996106 -30.48
18.288 237.7439999996537 -30.48
18.288 256.0319999997033 -30.48
18.288 274.3199999997622 -30.48
18.288 292.6079999998053 -30.48
18.288 310.8959999998484 -30.48
18.288 329.1839999999137 -30.48
18.288 347.4719999999569 -30.48
1 1074 0 18
967
968
969
970
971
972
973
974
975
976
977
978
979
980
981
982
983
984
0 347.4719999999569 -30.48
0 329.1839999999137 -30.48
0 310.8959999998484 -30.48
0 292.6079999998053 -30.48
0 274.3199999997622 -30.48
0 256.0319999997033 -30.48
0 237.7439999996537 -30.48
0 219.4559999996106 -30.48
0 201.1679999995563 -30.48
0 182.8799999995673 -30.48
0 164.5919999996213 -30.48
0 146.3039999996743 -30.48
0 128.0159999997292 -30.48
0 109.7279999997868 -30.48
0 91.43999999984011 -30.48
0 73.15199999988207 -30.48
0 54.86399999993934 -30.48
0 36.5759999999655 -30.48
1 1094 0 18
985
986
987
988
989
990
991
992
993
994
995
996
997
998
999
1000
1001
1002
365.76 36.5759999999655 -30.48
365.76 54.86399999993934 -30.48
365.76 73.15199999988207 -30.48
365.76 91.43999999984011 -30.48
365.76 109.7279999997868 -30.48
365.76 128.0159999997292 -30.48
365.76 146.3039999996743 -30.48
365.76 164.5919999996213 -30.48
365.76 182.8799999995673 -30.48
365.76 201.1679999995563 -30.48
365.76 219.4559999996106 -30.48
365.76 237.7439999996537 -30.48
365.76 256.0319999997033 -30.48
365.76 274.3199999997622 -30.48
365.76 292.6079999998053 -30.48
365.76 310.8959999998484 -30.48
365.76 329.1839999999137 -30.48
365.76 347.4719999999569 -30.48
1 1095 0 18
1003
1004
1005
1006
1007
1008
1009
1010
1011
1012
1013
1014
1015
1016
1017
1018
1019
1020
347.4719999999569 365.76 -30.48
329.1839999999137 365.76 -30.48
310.8959999998484 365.76 -30.48
292.6079999998053 365.76 -30.48
274.3199999997622 365.76 -30.48
256.0319999997033 365.76 -30.48
237.7439999996537 365.76 -30.48
219.4559999996106 365.76 -30.48
201.1679999995563 365.76 -30.48
182.8799999995673 365.76 -30.48
164.5919999996213 365.76 -30.48
146.3039999996743 365.76 -30.48
128.0159999997292 365.76 -30.48
109.7279999997868 365.76 -30.48
91.43999999984011 365.76 -30.48
73.15199999988207 365.76 -30.48
54.86399999993934 365.76 -30.48
36.5759999999655 365.76 -30.48
1 1116 0 18
1021
1022
1023
1024
1025
1026
1027
1028
1029
1030
1031
1032
1033
1034
1035
1036
1037
1038
384.048 36.5759999999655 -30.48
384.048 54.86399999993934 -30.48
384.048 73.15199999988207 -30.48
384.048 91.43999999984011 -30.48
384.048 109.7279999997868 -30.48
384.048 128.0159999997292 -30.48
384.048 146.3039999996743 -30.48
384.048 164.5919999996213 -30.48
384.048 182.8799999995673 -30.48
384.048 201.1679999995563 -30.48
384.048 219.4559999996106 -30.48
384.048 237.7439999996537 -30.48
384.048 256.0319999997033 -30.48
384.048 274.3199999997622 -30.48
384.048 292.6079999998053 -30.48
384.048 310.8959999998484 -30.48
384.048 329.1839999999137 -30.48
384.048 347.4719999999569 -30.48
1 1161 0 18
1039
1040
1041
1042
1043
1044
1045
1046
1047
1048
1049
1050
1051
1052
1053
1054
1055
1056
347.4719999999569 384.048 -30.48
329.1839999999137 384.048 -30.48
310.8959999998484 384.048 -30.48
292.6079999998053 384.048 -30.48
274.3199999997622 384.048 -30.48
256.0319999997033 384.048 -30.48
237.7439999996537 384.048 -30.48
219.4559999996106 384.048 -30.48
201.1679999995563 384.048 -30.48
182.8799999995673 384.048 -30.48
164.5919999996213 384.048 -30.48
146.3039999996743 384.048 -30.48
128.0159999997292 384.048 -30.48
109.7279999997868 384.048 -30.48
91.43999999984011 384.048 -30.48
73.15199999988207 384.048 -30.48
54.86399999993934 384.048 -30.48
36.5759999999655 384.048 -30.48
1 1225 0 18
1057
1058
1059
1060
1061
1062
1063
1064
1065
1066
1067
1068
1069
1070
1071
1072
1073
1074
36.5759999999655 0 -36.576
54.86399999993934 0 -36.576
73.15199999988207 0 -36.576
91.43999999984011 0 -36.576
109.7279999997868 0 -36.576
128.0159999997292 0 -36.576
146.3039999996743 0 -36.576
164.5919999996213 0 -36.576
182.8799999995673 0 -36.576
201.1679999995563 0 -36.576
219.4559999996106 0 -36.576
237.7439999996537 0 -36.576
256.0319999997033 0 -36.576
274.3199999997622 0 -36.576
292.6079999998053 0 -36.576
310.8959999998484 0 -36.576
329.1839999999137 0 -36.576
347.4719999999569 0 -36.576
1 1227 0 18
1075
1076
1077
1078
1079
1080
1081
1082
1083
1084
1085
1086
1087
1088
1089
1090
1091
1092
347.4719999999569 18.288 -36.576
329.1839999999137 18.288 -36.576
310.8959999998484 18.288 -36.576
292.6079999998053 18.288 -36.576
274.3199999997622 18.288 -36.576
256.0319999997033 18.288 -36.576
237.7439999996537 18.288 -36.576
219.4559999996106 18.288 -36.576
201.1679999995563 18.288 -36.576
182.8799999995673 18.288 -36.576
164.5919999996213 18.288 -36.576
146.3039999996743 18.288 -36.576
128.0159999997292 18.288 -36.576
109.7279999997868 18.288 -36.576
91.43999999984011 18.288 -36.576
73.15199999988207 18.288 -36.576
54.86399999993934 18.288 -36.576
36.5759999999655 18.288 -36.576
1 1270 0 18
1093
1094
1095
1096
1097
1098
1099
1100
1101
1102
1103
1104
1105
1106
1107
1108
1109
1110
18.288 36.5759999999655 -36.576
18.288 54.86399999993934 -36.576
18.288 73.15199999988207 -36.576
18.288 91.43999999984011 -36.576
18.288 109.7279999997868 -36.576
18.288 128.0159999997292 -36.576
18.288 146.3039999996743 -36.576
18.288 164.5919999996213 -36.576
18.288 182.8799999995673 -36.576
18.288 201.1679999995563 -36.576
18.288 219.4559999996106 -36.576
18.288 237.7439999996537 -36.576
18.288 256.0319999997033 -36.576
18.288 274.3199999997622 -36.576
18.288 292.6079999998053 -36.576
18.288 310.8959999998484 -36.576
18.288 329.1839999999137 -36.576
18.288 347.4719999999569 -36.576
1 1272 0 18
1111
1112
1113
1114
1115
1116
1117
1118
1119
1120
1121
1122
1123
1124
1125
1126
1127
1128
0 347.4719999999569 -36.576
0 329.1839999999137 -36.576
0 310.8959999998484 -36.576
0 292.6079999998053 -36.576
0 274.3199999997622 -36.576
0 256.0319999997033 -36.576
0 237.7439999996537 -36.576
0 219.4559999996106 -36.576
0 201.1679999995563 -36.576
0 182.8799999995673 -36.576
0 164.5919999996213 -36.576
0 146.3039999996743 -36.576
0 128.0159999997292 -36.576
0 109.7279999997868 -36.576
0 91.43999999984011 -36.576
0 73.15199999988207 -36.576
0 54.86399999993934 -36.576
0 36.5759999999655 -36.576
1 1292 0 18
1129
1130
1131
1132
1133
1134
1135
1136
1137
1138
1139
1140
1141
1142
1143
1144
1145
1146
365.76 36.5759999999655 -36.576
365.76 54.86399999993934 -36.576
365.76 73.15199999988207 -36.576
365.76 91.43999999984011 -36.576
365.76 109.7279999997868 -36.576
365.76 128.0159999997292 -36.576
365.76 146.3039999996743 -36.576
365.76 164.5919999996213 -36.576
365.76 182.8799999995673 -36.576
365.76 201.1679999995563 -36.576
365.76 219.4559999996106 -36.576
365.76 237.7439999996537 -36.576
365.76 256.0319999997033 -36.576
365.76 274.3199999997622 -36.576
365.76 292.6079999998053 -36.576
365.76 310.8959999998484 -36.576
365.76 329.1839999999137 -36.576
365.76 347.4719999999569 -36.576
1 1293 0 18
1147
1148
1149
1150
1151
1152
1153
1154
1155
1156
1157
1158
1159
1160
1161
1162
1163
1164
347.4719999999569 365.76 -36.576
329.1839999999137 365.76 -36.576
310.8959999998484 365.76 -36.576
292.6079999998053 365.76 -36.576
274.3199999997622 365.76 -36.576
256.0319999997033 365.76 -36.576
237.7439999996537 365.76 -36.576
219.4559999996106 365.76 -36.576
201.1679999995563 365.76 -36.576
182.8799999995673 365.76 -36.576
164.5919999996213 365.76 -36.576
146.3039999996743 365.76 -36.576
128.0159999997292 365.76 -36.576
109.7279999997868 365.76 -36.576
91.43999999984011 365.76 -36.576
73.15199999988207 365.76 -36.576
54.86399999993934 365.76 -36.576
36.5759999999655 365.76 -36.576
1 1314 0 18
1165
1166
1167
1168
1169
1170
1171
1172
1173
1174
1175
1176
1177
1178
1179
1180
1181
1182
384.048 36.5759999999655 -36.576
384.048 54.86399999993934 -36.576
384.048 73.15199999988207 -36.576
384.048 91.43999999984011 -36.576
384.048 109.7279999997868 -36.576
384.048 128.0159999997292 -36.576
384.048 146.3039999996743 -36.576
384.048 164.5919999996213 -36.576
384.048 182.8799999995673 -36.576
384.048 201.1679999995563 -36.576
384.048 219.4559999996106 -36.576
384.048 237.7439999996537 -36.576
384.048 256.0319999997033 -36.576
384.048 274.3199999997622 -36.576
384.048 292.6079999998053 -36.576
384.048 310.8959999998484 -36.576
384.048 329.1839999999137 -36.576
384.048 347.4719999999569 -36.576
1 1359 0 18
1183
1184
1185
1186
1187
1188
1189
1190
1191
1192
1193
1194
1195
1196
1197
1198
1199
1200
347.4719999999569 384.048 -36.576
329.1839999999137 384.048 -36.576
310.8959999998484 384.048 -36.576
292.6079999998053 384.048 -36.576
274.3199999997622 384.048 -36.576
256.0319999997033 384.048 -36.576
237.7439999996537 384.048 -36.576
219.4559999996106 384.048 -36.576
201.1679999995563 384.048 -36.576
182.8799999995673 384.048 -36.576
164.5919999996213 384.048 -36.576
146.3039999996743 384.048 -36.576
128.0159999997292 384.048 -36.576
109.7279999997868 384.048 -36.576
91.43999999984011 384.048 -36.576
73.15199999988207 384.048 -36.576
54.86399999993934 384.048 -36.576
36.5759999999655 384.048 -36.576
1 1423 0 18
1201
1202
1203
1204
1205
1206
1207
1208
1209
1210
1211
1212
1213
1214
1215
1216
1217
1218
36.5759999999655 0 -42.672
54.86399999993934 0 -42.672
73.15199999988207 0 -42.672
91.43999999984011 0 -42.672
109.7279999997868 0 -42.672
128.0159999997292 0 -42.672
146.3039999996743 0 -42.672
164.5919999996213 0 -42.672
182.8799999995673 0 -42.672
201.1679999995563 0 -42.672
219.4559999996106 0 -42.672
237.7439999996537 0 -42.672
256.0319999997033 0 -42.672
274.3199999997622 0 -42.672
292.6079999998053 0 -42.672
310.8959999998484 0 -42.672
329.1839999999137 0 -42.672
347.4719999999569 0 -42.672
1 1425 0 18
1219
1220
1221
1222
1223
1224
1225
1226
1227
1228
1229
1230
1231
1232
1233
1234
1235
1236
347.4719999999569 18.288 -42.672
329.1839999999137 18.288 -42.672
310.8959999998484 18.288 -42.672
292.6079999998053 18.288 -42.672
274.3199999997622 18.288 -42.672
256.0319999997033 18.288 -42.672
237.7439999996537 18.288 -42.672
219.4559999996106 18.288 -42.672
201.1679999995563 18.288 -42.672
182.8799999995673 18.288 -42.672
164.5919999996213 18.288 -42.672
146.3039999996743 18.288 -42.672
128.0159999997292 18.288 -42.672
109.7279999997868 18.288 -42.672
91.43999999984011 18.288 -42.672
73.15199999988207 18.288 -42.672
54.86399999993934 18.288 -42.672
36.5759999999655 18.288 -42.672
1 1468 0 18
1237
1238
1239
1240
1241
1242
1243
1244
1245
1246
1247
1248
1249
1250
1251
1252
1253
1254
18.288 36.5759999999655 -42.672
18.288 54.86399999993934 -42.672
18.288 73.15199999988207 -42.672
18.288 91.43999999984011 -42.672
18.288 109.7279999997868 -42.672
18.288 128.0159999997292 -42.672
18.288 146.3039999996743 -42.672
18.288 164.5919999996213 -42.672
18.288 182.8799999995673 -42.672
18.288 201.1679999995563 -42.672
18.288 219.4559999996106 -42.672
18.288 237.7439999996537 -42.672
18.288 256.0319999997033 -42.672
18.288 274.3199999997622 -42.672
18.288 292.6079999998053 -42.672
18.288 310.8959999998484 -42.672
18.288 329.1839999999137 -42.672
18.288 347.4719999999569 -42.672
1 1470 0 18
1255
1256
1257
1258
1259
1260
1261
1262
1263
1264
1265
1266
1267
1268
1269
1270
1271
1272
0 347.4719999999569 -42.672
0 329.1839999999137 -42.672
0 310.8959999998484 -42.672
0 292.6079999998053 -42.672
0 274.3199999997622 -42.672
0 256.0319999997033 -42.672
0 237.7439999996537 -42.672
0 219.4559999996106 -42.672
0 201.1679999995563 -42.672
0 182.8799999995673 -42.672
0 164.5919999996213 -42.672
0 146.3039999996743 -42.672
0 128.0159999997292 -42.672
0 109.7279999997868 -42.672
0 91.43999999984011 -42.672
0 73.15199999988207 -42.672
0 54.86399999993934 -42.672
0 36.5759999999655 -42.672
1 1490 0 18
1273
1274
1275
1276
1277
1278
1279
1280
1281
1282
1283
1284
1285
1286
1287
1288
1289
1290
365.76 36.5759999999655 -42.672
365.76 54.86399999993934 -42.672
365.76 73.15199999988207 -42.672
365.76 91.43999999984011 -42.672
365.76 109.7279999997868 -42.672
365.76 128.0159999997292 -42.672
365.76 146.3039999996743 -42.672
365.76 164.5919999996213 -42.672
365.76 182.8799999995673 -42.672
365.76 201.1679999995563 -42.672
365.76 219.4559999996106 -42.672
365.76 237.7439999996537 -42.672
365.76 256.0319999997033 -42.672
365.76 274.3199999997622 -42.672
365.76 292.6079999998053 -42.672
365.76 310.8959999998484 -42.672
365.76 329.1839999999137 -42.672
365.76 347.4719999999569 -42.672
1 1491 0 18
1291
1292
1293
1294
1295
1296
1297
1298
1299
1300
1301
1302
1303
1304
1305
1306
1307
1308
347.4719999999569 365.76 -42.672
329.1839999999137 365.76 -42.672
310.8959999998484 365.76 -42.672
292.6079999998053 365.76 -42.672
274.3199999997622 365.76 -42.672
256.0319999997033 365.76 -42.672
237.7439999996537 365.76 -42.672
219.4559999996106 365.76 -42.672
201.1679999995563 365.76 -42.672
182.8799999995673 365.76 -42.672
164.5919999996213 365.76 -42.672
146.3039999996743 365.76 -42.672
128.0159999997292 365.76 -42.672
109.7279999997868 365.76 -42.672
91.43999999984011 365.76 -42.672
73.15199999988207 365.76 -42.672
54.86399999993934 365.76 -42.672
36.5759999999655 365.76 -42.672
1 1512 0 18
1309
1310
1311
1312
1313
1314
1315
1316
1317
1318
1319
1320
1321
1322
1323
1324
1325
1326
384.048 36.5759999999655 -42.672
384.048 54.86399999993934 -42.672
384.048 73.15199999988207 -42.672
384.048 91.43999999984011 -42.672
384.048 109.7279999997868 -42.672
384.048 128.0159999997292 -42.672
384.048 146.3039999996743 -42.672
384.048 164.5919999996213 -42.672
384.048 182.8799999995673 -42.672
384.048 201.1679999995563 -42.672
384.048 219.4559999996106 -42.672
384.048 237.7439999996537 -42.672
384.048 256.0319999997033 -42.672
384.048 274.3199999997622 -42.672
384.048 292.6079999998053 -42.672
384.048 310.8959999998484 -42.672
384.048 329.1839999999137 -42.672
384.048 347.4719999999569 -42.672
1 1557 0 18
1327
1328
1329
1330
1331
1332
1333
1334
1335
1336
1337
1338
1339
1340
1341
1342
1343
1344
347.4719999999569 384.048 -42.672
329.1839999999137 384.048 -42.672
310.8959999998484 384.048 -42.672
292.6079999998053 384.048 -42.672
274.3199999997622 384.048 -42.672
256.0319999997033 384.048 -42.672
237.7439999996537 384.048 -42.672
219.4559999996106 384.048 -42.672
201.1679999995563 384.048 -42.672
182.8799999995673 384.048 -42.672
164.5919999996213 384.048 -42.672
146.3039999996743 384.048 -42.672
128.0159999997292 384.048 -42.672
109.7279999997868 384.048 -42.672
91.43999999984011 384.048 -42.672
73.15199999988207 384.048 -42.672
54.86399999993934 384.048 -42.672
36.5759999999655 384.048 -42.672
1 1621 0 18
1345
1346
1347
1348
1349
1350
1351
1352
1353
1354
1355
1356
1357
1358
1359
1360
1361
1362
36.5759999999655 0 -48.768
54.86399999993934 0 -48.768
73.15199999988207 0 -48.768
91.43999999984011 0 -48.768
109.7279999997868 0 -48.768
128.0159999997292 0 -48.768
146.3039999996743 0 -48.768
164.5919999996213 0 -48.768
182.8799999995673 0 -48.768
201.1679999995563 0 -48.768
219.4559999996106 0 -48.768
237.7439999996537 0 -48.768
256.0319999997033 0 -48.768
274.3199999997622 0 -48.768
292.6079999998053 0 -48.768
310.8959999998484 0 -48.768
329.1839999999137 0 -48.768
347.4719999999569 0 -48.768
1 1623 0 18
1363
1364
1365
1366
1367
1368
1369
1370
1371
1372
1373
1374
1375
1376
1377
1378
1379
1380
347.4719999999569 18.288 -48.768
329.1839999999137 18.288 -48.768
310.8959999998484 18.288 -48.768
292.6079999998053 18.288 -48.768
274.3199999997622 18.288 -48.768
256.0319999997033 18.288 -48.768
237.7439999996537 18.288 -48.768
219.4559999996106 18.288 -48.768
201.1679999995563 18.288 -48.768
182.8799999995673 18.288 -48.768
164.5919999996213 18.288 -48.768
146.3039999996743 18.288 -48.768
128.0159999997292 18.288 -48.768
109.7279999997868 18.288 -48.768
91.43999999984011 18.288 -48.768
73.15199999988207 18.288 -48.768
54.86399999993934 18.288 -48.768
36.5759999999655 18.288 -48.768
1 1666 0 18
1381
1382
1383
1384
1385
1386
1387
1388
1389
1390
1391
1392
1393
1394
1395
1396
1397
1398
18.288 36.5759999999655 -48.768
18.288 54.86399999993934 -48.768
18.288 73.15199999988207 -48.768
18.288 91.43999999984011 -48.768
18.288 109.7279999997868 -48.768
18.288 128.0159999997292 -48.768
18.288 146.3039999996743 -48.768
18.288 164.5919999996213 -48.768
18.288 182.8799999995673 -48.768
18.288 201.1679999995563 -48.768
18.288 219.4559999996106 -48.768
18.288 237.7439999996537 -48.768
18.288 256.0319999997033 -48.768
18.288 274.3199999997622 -48.768
18.288 292.6079999998053 -48.768
18.288 310.8959999998484 -48.768
18.288 329.1839999999137 -48.768
18.288 347.4719999999569 -48.768
1 1668 0 18
1399
1400
1401
1402
1403
1404
1405
1406
1407
1408
1409
1410
1411
1412
1413
1414
1415
1416
0 347.4719999999569 -48.768
0 329.1839999999137 -48.768
0 310.8959999998484 -48.768
0 292.6079999998053 -48.768
0 274.3199999997622 -48.768
0 256.0319999997033 -48.768
0 237.7439999996537 -48.768
0 219.4559999996106 -48.768
0 201.1679999995563 -48.768
0 182.8799999995673 -48.768
0 164.5919999996213 -48.768
0 146.3039999996743 -48.768
0 128.0159999997292 -48.768
0 109.7279999997868 -48.768
0 91.43999999984011 -48.768
0 73.15199999988207 -48.768
0 54.86399999993934 -48.768
0 36.5759999999655 -48.768
1 1688 0 18
1417
1418
1419
1420
1421
1422
1423
1424
1425
1426
1427
1428
1429
1430
1431
1432
1433
1434
365.76 36.5759999999655 -48.768
365.76 54.86399999993934 -48.768
365.76 73.15199999988207 -48.768
365.76 91.43999999984011 -48.768
365.76 109.7279999997868 -48.768
365.76 128.0159999997292 -48.768
365.76 146.3039999996743 -48.768
365.76 164.5919999996213 -48.768
365.76 182.8799999995673 -48.768
365.76 201.1679999995563 -48.768
365.76 219.4559999996106 -48.768
365.76 237.7439999996537 -48.768
365.76 256.0319999997033 -48.768
365.76 274.3199999997622 -48.768
365.76 292.6079999998053 -48.768
365.76 310.8959999998484 -48.768
365.76 329.1839999999137 -48.768
365.76 347.4719999999569 -48.768
1 1689 0 18
1435
1436
1437
1438
1439
1440
1441
1442
1443
1444
1445
1446
1447
1448
1449
1450
1451
1452
347.4719999999569 365.76 -48.768
329.1839999999137 365.76 -48.768
310.8959999998484 365.76 -48.768
292.6079999998053 365.76 -48.768
274.3199999997622 365.76 -48.768
256.0319999997033 365.76 -48.768
237.7439999996537 365.76 -48.768
219.4559999996106 365.76 -48.768
201.1679999995563 365.76 -48.768
182.8799999995673 365.76 -48.768
164.5919999996213 365.76 -48.768
146.3039999996743 365.76 -48.768
128.0159999997292 365.76 -48.768
109.7279999997868 365.76 -48.768
91.43999999984011 365.76 -48.768
73.15199999988207 365.76 -48.768
54.86399999993934 365.76 -48.768
36.5759999999655 365.76 -48.768
1 1710 0 18
1453
1454
1455
1456
1457
1458
1459
1460
1461
1462
1463
1464
1465
1466
1467
1468
1469
1470
384.048 36.5759999999655 -48.768
384.048 54.86399999993934 -48.768
384.048 73.15199999988207 -48.768
384.048 91.43999999984011 -48.768
384.048 109.7279999997868 -48.768
384.048 128.0159999997292 -48.768
384.048 146.3039999996743 -48.768
384.048 164.5919999996213 -48.768
384.048 182.8799999995673 -48.768
384.048 201.1679999995563 -48.768
384.048 219.4559999996106 -48.768
384.048 237.7439999996537 -48.768
384.048 256.0319999997033 -48.768
384.048 274.3199999997622 -48.768
384.048 292.6079999998053 -48.768
384.048 310.8959999998484 -48.768
384.048 329.1839999999137 -48.768
384.048 347.4719999999569 -48.768
1 1755 0 18
1471
1472
1473
1474
1475
1476
1477
1478
1479
1480
1481
1482
1483
1484
1485
1486
1487
1488
347.4719999999569 384.048 -48.768
329.1839999999137 384.048 -48.768
310.8959999998484 384.048 -48.768
292.6079999998053 384.048 -48.768
274.3199999997622 384.048 -48.768
256.0319999997033 384.048 -48.768
237.7439999996537 384.048 -48.768
219.4559999996106 384.048 -48.768
201.1679999995563 384.048 -48.768
182.8799999995673 384.048 -48.768
164.5919999996213 384.048 -48.768
146.3039999996743 384.048 -48.768
128.0159999997292 384.048 -48.768
109.7279999997868 384.048 -48.768
91.43999999984011 384.048 -48.768
73.15199999988207 384.048 -48.768
54.86399999993934 384.048 -48.768
36.5759999999655 384.048 -48.768
1 1819 0 18
1489
1490
1491
1492
1493
1494
1495
1496
1497
1498
1499
1500
1501
1502
1503
1504
1505
1506
36.5759999999655 0 -54.864
54.86399999993934 0 -54.864
73.15199999988207 0 -54.864
91.43999999984011 0 -54.864
109.7279999997868 0 -54.864
128.0159999997292 0 -54.864
146.3039999996743 0 -54.864
164.5919999996213 0 -54.864
182.8799999995673 0 -54.864
201.1679999995563 0 -54.864
219.4559999996106 0 -54.864
237.7439999996537 0 -54.864
256.0319999997033 0 -54.864
274.3199999997622 0 -54.864
292.6079999998053 0 -54.864
310.8959999998484 0 -54.864
329.1839999999137 0 -54.864
347.4719999999569 0 -54.864
1 1821 0 18
1507
1508
1509
1510
1511
1512
1513
1514
1515
1516
1517
1518
1519
1520
1521
1522
1523
1524
347.4719999999569 18.288 -54.864
329.1839999999137 18.288 -54.864
310.8959999998484 18.288 -54.864
292.6079999998053 18.288 -54.864
274.3199999997622 18.288 -54.864
256.0319999997033 18.288 -54.864
237.7439999996537 18.288 -54.864
219.4559999996106 18.288 -54.864
201.1679999995563 18.288 -54.864
182.8799999995673 18.288 -54.864
164.5919999996213 18.288 -54.864
146.3039999996743 18.288 -54.864
128.0159999997292 18.288 -54.864
109.7279999997868 18.288 -54.864
91.43999999984011 18.288 -54.864
73.15199999988207 18.288 -54.864
54.86399999993934 18.288 -54.864
36.5759999999655 18.288 -54.864
1 1864 0 18
1525
1526
1527
1528
1529
1530
1531
1532
1533
1534
1535
1536
1537
1538
1539
1540
1541
1542
18.288 36.5759999999655 -54.864
18.288 54.86399999993934 -54.864
18.288 73.15199999988207 -54.864
18.288 91.43999999984011 -54.864
18.288 109.7279999997868 -54.864
18.288 128.0159999997292 -54.864
18.288 146.3039999996743 -54.864
18.288 164.5919999996213 -54.864
18.288 182.8799999995673 -54.864
18.288 201.1679999995563 -54.864
18.288 219.4559999996106 -54.864
18.288 237.7439999996537 -54.864
18.288 256.0319999997033 -54.864
18.288 274.3199999997622 -54.864
18.288 292.6079999998053 -54.864
18.288 310.8959999998484 -54.864
18.288 329.1839999999137 -54.864
18.288 347.4719999999569 -54.864
1 1866 0 18
1543
1544
1545
1546
1547
1548
1549
1550
1551
1552
1553
1554
1555
1556
1557
1558
1559
1560
0 347.4719999999569 -54.864
0 329.1839999999137 -54.864
0 310.8959999998484 -54.864
0 292.6079999998053 -54.864
0 274.3199999997622 -54.864
0 256.0319999997033 -54.864
0 237.7439999996537 -54.864
0 219.4559999996106 -54.864
0 201.1679999995563 -54.864
0 182.8799999995673 -54.864
0 164.5919999996213 -54.864
0 146.3039999996743 -54.864
0 128.0159999997292 -54.864
0 109.7279999997868 -54.864
0 91.43999999984011 -54.864
0 73.15199999988207 -54.864
0 54.86399999993934 -54.864
0 36.5759999999655 -54.864
1 1886 0 18
1561
1562
1563
1564
1565
1566
1567
1568
1569
1570
1571
1572
1573
1574
1575
1576
1577
1578
365.76 36.5759999999655 -54.864
365.76 54.86399999993934 -54.864
365.76 73.15199999988207 -54.864
365.76 91.43999999984011 -54.864
365.76 109.7279999997868 -54.864
365.76 128.0159999997292 -54.864
365.76 146.3039999996743 -54.864
365.76 164.5919999996213 -54.864
365.76 182.8799999995673 -54.864
365.76 201.1679999995563 -54.864
365.76 219.4559999996106 -54.864
365.76 237.7439999996537 -54.864
365.76 256.0319999997033 -54.864
365.76 274.3199999997622 -54.864
365.76 292.6079999998053 -54.864
365.76 310.8959999998484 -54.864
365.76 329.1839999999137 -54.864
365.76 347.4719999999569 -54.864
1 1887 0 18
1579
1580
1581
1582
1583
1584
1585
1586
1587
1588
1589
1590
1591
1592
1593
1594
1595
1596
347.4719999999569 365.76 -54.864
329.1839999999137 365.76 -54.864
310.8959999998484 365.76 -54.864
292.6079999998053 365.76 -54.864
274.3199999997622 365.76 -54.864
256.0319999997033 365.76 -54.864
237.7439999996537 365.76 -54.864
219.4559999996106 365.76 -54.864
201.1679999995563 365.76 -54.864
182.8799999995673 365.76 -54.864
164.5919999996213 365.76 -54.864
146.3039999996743 365.76 -54.864
128.0159999997292 365.76 -54.864
109.7279999997868 365.76 -54.864
91.43999999984011 365.76 -54.864
73.15199999988207 365.76 -54.864
54.86399999993934 365.76 -54.864
36.5759999999655 365.76 -54.864
1 1908 0 18
1597
1598
1599
1600
1601
1602
1603
1604
1605
1606
1607
1608
1609
1610
1611
1612
1613
1614
384.048 36.5759999999655 -54.864
384.048 54.86399999993934 -54.864
384.048 73.15199999988207 -54.864
384.048 91.43999999984011 -54.864
384.048 109.7279999997868 -54.864
384.048 128.0159999997292 -54.864
384.048 146.3039999996743 -54.864
384.048 164.5919999996213 -54.864
384.048 182.8799999995673 -54.864
384.048 201.1679999995563 -54.864
384.048 219.4559999996106 -54.864
384.048 237.7439999996537 -54.864
384.048 256.0319999997033 -54.864
384.048 274.3199999997622 -54.864
384.048 292.6079999998053 -54.864
384.048 310.8959999998484 -54.864
384.048 329.1839999999137 -54.864
384.048 347.4719999999569 -54.864
1 1953 0 18
1615
1616
1617
1618
1619
1620
1621
1622
1623
1624
1625
1626
1627
1628
1629
1630
1631
1632
347.4719999999569 384.048 -54.864
329.1839999999137 384.048 -54.864
310.8959999998484 384.048 -54.864
292.6079999998053 384.048 -54.864
274.3199999997622 384.048 -54.864
256.0319999997033 384.048 -54.864
237.7439999996537 384.048 -54.864
219.4559999996106 384.048 -54.864
201.1679999995563 384.048 -54.864
182.8799999995673 384.048 -54.864
164.5919999996213 384.048 -54.864
146.3039999996743 384.048 -54.864
128.0159999997292 384.048 -54.864
109.7279999997868 384.048 -54.864
91.43999999984011 384.048 -54.864
73.15199999988207 384.048 -54.864
54.86399999993934 384.048 -54.864
36.5759999999655 384.048 -54.864
1 2017 0 18
1633
1634
1635
1636
1637
1638
1639
1640
1641
1642
1643
1644
1645
1646
1647
1648
1649
1650
36.5759999999655 0 -60.96000000000001
54.86399999993934 0 -60.96000000000001
73.15199999988207 0 -60.96000000000001
91.43999999984011 0 -60.96000000000001
109.7279999997868 0 -60.96000000000001
128.0159999997292 0 -60.96000000000001
146.3039999996743 0 -60.96000000000001
164.5919999996213 0 -60.96000000000001
182.8799999995673 0 -60.96000000000001
201.1679999995563 0 -60.96000000000001
219.4559999996106 0 -60.96000000000001
237.7439999996537 0 -60.96000000000001
256.0319999997033 0 -60.96000000000001
274.3199999997622 0 -60.96000000000001
292.6079999998053 0 -60.96000000000001
310.8959999998484 0 -60.96000000000001
329.1839999999137 0 -60.96000000000001
347.4719999999569 0 -60.96000000000001
1 2019 0 18
1651
1652
1653
1654
1655
1656
1657
1658
1659
1660
1661
1662
1663
1664
1665
1666
1667
1668
347.4719999999569 18.288 -60.96000000000001
329.1839999999137 18.288 -60.96000000000001
310.8959999998484 18.288 -60.96000000000001
292.6079999998053 18.288 -60.96000000000001
274.3199999997622 18.288 -60.96000000000001
256.0319999997033 18.288 -60.96000000000001
237.7439999996537 18.288 -60.96000000000001
219.4559999996106 18.288 -60.96000000000001
201.1679999995563 18.288 -60.96000000000001
182.8799999995673 18.288 -60.96000000000001
164.5919999996213 18.288 -60.96000000000001
146.3039999996743 18.288 -60.96000000000001
128.0159999997292 18.288 -60.96000000000001
109.7279999997868 18.288 -60.96000000000001
91.43999999984011 18.288 -60.96000000000001
73.15199999988207 18.288 -60.96000000000001
54.86399999993934 18.288 -60.96000000000001
36.5759999999655 18.288 -60.96000000000001
1 2062 0 18
1669
1670
1671
1672
1673
1674
1675
1676
1677
1678
1679
1680
1681
1682
1683
1684
1685
1686
18.288 36.5759999999655 -60.96000000000001
18.288 54.86399999993934 -60.96000000000001
18.288 73.15199999988207 -60.96000000000001
18.288 91.43999999984011 -60.96000000000001
18.288 109.7279999997868 -60.96000000000001
18.288 128.0159999997292 -60.96000000000001
18.288 146.3039999996743 -60.96000000000001
18.288 164.5919999996213 -60.96000000000001
18.288 182.8799999995673 -60.96000000000001
18.288 201.1679999995563 -60.96000000000001
18.288 219.4559999996106 -60.96000000000001
18.288 237.7439999996537 -60.96000000000001
18.288 256.0319999997033 -60.96000000000001
18.288 274.3199999997622 -60.96000000000001
18.288 292.6079999998053 -60.96000000000001
18.288 310.8959999998484 -60.96000000000001
18.288 329.1839999999137 -60.96000000000001
18.288 347.4719999999569 -60.96000000000001
1 2064 0 18
1687
1688
1689
1690
1691
1692
1693
1694
1695
1696
1697
1698
1699
1700
1701
1702
1703
1704
0 347.4719999999569 -60.96000000000001
0 329.1839999999137 -60.96000000000001
0 310.8959999998484 -60.96000000000001
0 292.6079999998053 -60.96000000000001
0 274.3199999997622 -60.96000000000001
0 256.0319999997033 -60.96000000000001
0 237.7439999996537 -60.96000000000001
0 219.4559999996106 -60.96000000000001
0 201.1679999995563 -60.96000000000001
0 182.8799999995673 -60.96000000000001
0 164.5919999996213 -60.96000000000001
0 146.3039999996743 -60.96000000000001
0 128.0159999997292 -60.96000000000001
0 109.7279999997868 -60.96000000000001
0 91.43999999984011 -60.96000000000001
0 73.15199999988207 -60.96000000000001
0 54.86399999993934 -60.96000000000001
0 36.5759999999655 -60.96000000000001
1 2084 0 18
1705
1706
1707
1708
1709
1710
1711
1712
1713
1714
1715
1716
1717
1718
1719
1720
1721
1722
365.76 36.5759999999655 -60.96000000000001
365.76 54.86399999993934 -60.96000000000001
365.76 73.15199999988207 -60.96000000000001
365.76 91.43999999984011 -60.96000000000001
365.76 109.7279999997868 -60.96000000000001
365.76 128.0159999997292 -60.96000000000001
365.76 146.3039999996743 -60.96000000000001
365.76 164.5919999996213 -60.96000000000001
365.76 182.8799999995673 -60.96000000000001
365.76 201.1679999995563 -60.96000000000001
365.76 219.4559999996106 -60.96000000000001
365.76 237.7439999996537 -60.96000000000001
365.76 256.0319999997033 -60.96000000000001
365.76 274.3199999997622 -60.96000000000001
365.76 292.6079999998053 -60.96000000000001
365.76 310.8959999998484 -60.96000000000001
365.76 329.1839999999137 -60.96000000000001
365.76 347.4719999999569 -60.96000000000001
1 2085 0 18
1723
1724
1725
1726
1727
1728
1729
1730
1731
1732
1733
1734
1735
1736
1737
1738
1739
1740
347.4719999999569 365.76 -60.96000000000001
329.1839999999137 365.76 -60.96000000000001
310.8959999998484 365.76 -60.96000000000001
292.6079999998053 365.76 -60.96000000000001
274.3199999997622 365.76 -60.96000000000001
256.0319999997033 365.76 -60.96000000000001
237.7439999996537 365.76 -60.96000000000001
219.4559999996106 365.76 -60.96000000000001
201.1679999995563 365.76 -60.96000000000001
182.8799999995673 365.76 -60.96000000000001
164.5919999996213 365.76 -60.96000000000001
146.3039999996743 365.76 -60.96000000000001
128.0159999997292 365.76 -60.96000000000001
109.7279999997868 365.76 -60.96000000000001
91.43999999984011 365.76 -60.96000000000001
73.15199999988207 365.76 -60.96000000000001
54.86399999993934 365.76 -60.96000000000001
36.5759999999655 365.76 -60.96000000000001
1 2106 0 18
1741
1742
1743
1744
1745
1746
1747
1748
1749
1750
1751
1752
1753
1754
1755
1756
1757
1758
384.048 36.5759999999655 -60.96000000000001
384.048 54.86399999993934 -60.96000000000001
384.048 73.15199999988207 -60.96000000000001
384.048 91.43999999984011 -60.96000000000001
384.048 109.7279999997868 -60.96000000000001
384.048 128.0159999997292 -60.96000000000001
384.048 146.3039999996743 -60.96000000000001
384.048 164.5919999996213 -60.96000000000001
384.048 182.8799999995673 -60.96000000000001
384.048 201.1679999995563 -60.96000000000001
384.048 219.4559999996106 -60.96000000000001
384.048 237.7439999996537 -60.96000000000001
384.048 256.0319999997033 -60.96000000000001
384.048 274.3199999997622 -60.96000000000001
384.048 292.6079999998053 -60.96000000000001
384.048 310.8959999998484 -60.96000000000001
384.048 329.1839999999137 -60.96000000000001
384.048 347.4719999999569 -60.96000000000001
1 2151 0 18
1759
1760
1761
1762
1763
1764
1765
1766
1767
1768
1769
1770
1771
1772
1773
1774
1775
1776
347.4719999999569 384.048 -60.96000000000001
329.1839999999137 384.048 -60.96000000000001
310.8959999998484 384.048 -60.96000000000001
292.6079999998053 384.048 -60.96000000000001
274.3199999997622 384.048 -60.96000000000001
256.0319999997033 384.048 -60.96000000000001
237.7439999996537 384.048 -60.96000000000001
219.4559999996106 384.048 -60.96000000000001
201.1679999995563 384.048 -60.96000000000001
182.8799999995673 384.048 -60.96000000000001
164.5919999996213 384.048 -60.96000000000001
146.3039999996743 384.048 -60.96000000000001
128.0159999997292 384.048 -60.96000000000001
109.7279999997868 384.048 -60.96000000000001
91.43999999984011 384.048 -60.96000000000001
73.15199999988207 384.048 -60.96000000000001
54.86399999993934 384.048 -60.96000000000001
36.5759999999655 384.048 -60.96000000000001
1 2215 0 18
1777
1778
1779
1780
1781
1782
1783
1784
1785
1786
1787
1788
1789
1790
1791
1792
1793
1794
36.5759999999655 0 -67.05600000000001
54.86399999993934 0 -67.05600000000001
73.15199999988207 0 -67.05600000000001
91.43999999984011 0 -67.05600000000001
109.7279999997868 0 -67.05600000000001
128.0159999997292 0 -67.05600000000001
146.3039999996743 0 -67.05600000000001
164.5919999996213 0 -67.05600000000001
182.8799999995673 0 -67.05600000000001
201.1679999995563 0 -67.05600000000001
219.4559999996106 0 -67.05600000000001
237.7439999996537 0 -67.05600000000001
256.0319999997033 0 -67.05600000000001
274.3199999997622 0 -67.05600000000001
292.6079999998053 0 -67.05600000000001
310.8959999998484 0 -67.05600000000001
329.1839999999137 0 -67.05600000000001
347.4719999999569 0 -67.05600000000001
1 2217 0 18
1795
1796
1797
1798
1799
1800
1801
1802
1803
1804
1805
1806
1807
1808
1809
1810
1811
1812
347.4719999999569 18.288 -67.05600000000001
329.1839999999137 18.288 -67.05600000000001
310.8959999998484 18.288 -67.05600000000001
292.6079999998053 18.288 -67.05600000000001
274.3199999997622 18.288 -67.05600000000001
256.0319999997033 18.288 -67.05600000000001
237.7439999996537 18.288 -67.05600000000001
219.4559999996106 18.288 -67.05600000000001
201.1679999995563 18.288 -67.05600000000001
182.8799999995673 18.288 -67.05600000000001
164.5919999996213 18.288 -67.05600000000001
146.3039999996743 18.288 -67.05600000000001
128.0159999997292 18.288 -67.05600000000001
109.7279999997868 18.288 -67.05600000000001
91.43999999984011 18.288 -67.05600000000001
73.15199999988207 18.288 -67.05600000000001
54.86399999993934 18.288 -67.05600000000001
36.5759999999655 18.288 -67.05600000000001
1 2260 0 18
1813
1814
1815
1816
1817
1818
1819
1820
1821
1822
1823
1824
1825
1826
1827
1828
1829
1830
18.288 36.5759999999655 -67.05600000000001
18.288 54.86399999993934 -67.05600000000001
18.288 73.15199999988207 -67.05600000000001
18.288 91.43999999984011 -67.05600000000001
18.288 109.7279999997868 -67.05600000000001
18.288 128.0159999997292 -67.05600000000001
18.288 146.3039999996743 -67.05600000000001
18.288 164.5919999996213 -67.05600000000001
18.288 182.8799999995673 -67.05600000000001
18.288 201.1679999995563 -67.05600000000001
18.288 219.4559999996106 -67.05600000000001
18.288 237.7439999996537 -67.05600000000001
18.288 256.0319999997033 -67.05600000000001
18.288 274.3199999997622 -67.05600000000001
18.288 292.6079999998053 -67.05600000000001
18.288 310.8959999998484 -67.05600000000001
18.288 329.1839999999137 -67.05600000000001
18.288 347.4719999999569 -67.05600000000001
1 2262 0 18
1831
1832
1833
1834
1835
1836
1837
1838
1839
1840
1841
1842
1843
1844
1845
1846
1847
1848
0 347.4719999999569 -67.05600000000001
0 329.1839999999137 -67.05600000000001
0 310.8959999998484 -67.05600000000001
0 292.6079999998053 -67.05600000000001
0 274.3199999997622 -67.05600000000001
0 256.0319999997033 -67.05600000000001
0 237.7439999996537 -67.05600000000001
0 219.4559999996106 -67.05600000000001
0 201.1679999995563 -67.05600000000001
0 182.8799999995673 -67.05600000000001
0 164.5919999996213 -67.05600000000001
0 146.3039999996743 -67.05600000000001
0 128.0159999997292 -67.05600000000001
0 109.7279999997868 -67.05600000000001
0 91.43999999984011 -67.05600000000001
0 73.15199999988207 -67.05600000000001
0 54.86399999993934 -67.05600000000001
0 36.5759999999655 -67.05600000000001
1 2282 0 18
1849
1850
1851
1852
1853
1854
1855
1856
1857
1858
1859
1860
1861
1862
1863
1864
1865
1866
365.76 36.5759999999655 -67.05600000000001
365.76 54.86399999993934 -67.05600000000001
365.76 73.15199999988207 -67.05600000000001
365.76 91.43999999984011 -67.05600000000001
365.76 109.7279999997868 -67.05600000000001
365.76 128.0159999997292 -67.05600000000001
365.76 146.3039999996743 -67.05600000000001
365.76 164.5919999996213 -67.05600000000001
365.76 182.8799999995673 -67.05600000000001
365.76 201.1679999995563 -67.05600000000001
365.76 219.4559999996106 -67.05600000000001
365.76 237.7439999996537 -67.05600000000001
365.76 256.0319999997033 -67.05600000000001
365.76 274.3199999997622 -67.05600000000001
365.76 292.6079999998053 -67.05600000000001
365.76 310.8959999998484 -67.05600000000001
365.76 329.1839999999137 -67.05600000000001
365.76 347.4719999999569 -67.05600000000001
1 2283 0 18
1867
1868
1869
1870
1871
1872
1873
1874
1875
1876
1877
1878
1879
1880
1881
1882
1883
1884
347.4719999999569 365.76 -67.05600000000001
329.1839999999137 365.76 -67.05600000000001
310.8959999998484 365.76 -67.05600000000001
292.6079999998053 365.76 -67.05600000000001
274.3199999997622 365.76 -67.05600000000001
256.0319999997033 365.76 -67.05600000000001
237.7439999996537 365.76 -67.05600000000001
219.4559999996106 365.76 -67.05600000000001
201.1679999995563 365.76 -67.05600000000001
182.8799999995673 365.76 -67.05600000000001
164.5919999996213 365.76 -67.05600000000001
146.3039999996743 365.76 -67.05600000000001
128.0159999997292 365.76 -67.05600000000001
109.7279999997868 365.76 -67.05600000000001
91.43999999984011 365.76 -67.05600000000001
73.15199999988207 365.76 -67.05600000000001
54.86399999993934 365.76 -67.05600000000001
36.5759999999655 365.76 -67.05600000000001
1 2304 0 18
1885
1886
1887
1888
1889
1890
1891
1892
1893
1894
1895
1896
1897
1898
1899
1900
1901
1902
384.048 36.5759999999655 -67.05600000000001
384.048 54.86399999993934 -67.05600000000001
384.048 73.15199999988207 -67.05600000000001
384.048 91.43999999984011 -67.05600000000001
384.048 109.7279999997868 -67.05600000000001
384.048 128.0159999997292 -67.05600000000001
384.048 146.3039999996743 -67.05600000000001
384.048 164.5919999996213 -67.05600000000001
384.048 182.8799999995673 -67.05600000000001
384.048 201.1679999995563 -67.05600000000001
384.048 219.4559999996106 -67.05600000000001
384.048 237.7439999996537 -67.05600000000001
384.048 256.0319999997033 -67.05600000000001
384.048 274.3199999997622 -67.05600000000001
384.048 292.6079999998053 -67.05600000000001
384.048 310.8959999998484 -67.05600000000001
384.048 329.1839999999137 -67.05600000000001
384.048 347.4719999999569 -67.05600000000001
1 2349 0 18
1903
1904
1905
1906
1907
1908
1909
1910
1911
1912
1913
1914
1915
1916
1917
1918
1919
1920
347.4719999999569 384.048 -67.05600000000001
329.1839999999137 384.048 -67.05600000000001
310.8959999998484 384.048 -67.05600000000001
292.6079999998053 384.048 -67.05600000000001
274.3199999997622 384.048 -67.05600000000001
256.0319999997033 384.048 -67.05600000000001
237.7439999996537 384.048 -67.05600000000001
219.4559999996106 384.048 -67.05600000000001
201.1679999995563 384.048 -67.05600000000001
182.8799999995673 384.048 -67.05600000000001
164.5919999996213 384.048 -67.05600000000001
146.3039999996743 384.048 -67.05600000000001
128.0159999997292 384.048 -67.05600000000001
109.7279999997868 384.048 -67.05600000000001
91.43999999984011 384.048 -67.05600000000001
73.15199999988207 384.048 -67.05600000000001
54.86399999993934 384.048 -67.05600000000001
36.5759999999655 384.048 -67.05600000000001
2 5 0 324
1921
1922
1923
1924
1925
1926
1927
1928
1929
1930
1931
1932
1933
1934
1935
1936
1937
1938
1939
1940
1941
1942
1943
1944
1945
1946
1947
1948
1949
1950
1951
1952
1953
1954
1955
1956
1957
1958
1959
1960
1961
1962
1963
1964
1965
1966
1967
1968
1969
1970
1971
1972
1973
1974
1975
1976
1977
1978
1979
1980
1981
1982
1983
1984
1985
1986
1987
1988
1989
1990
1991
1992
1993
1994
1995
1996
1997
1998
1999
2000
2001
2002
2003
2004
2005
2006
2007
2008
2009
2010
2011
2012
2013
2014
2015
2016
2017
2018
2019
2020
2021
2022
2023
2024
2025
2026
2027
2028
2029
2030
2031
2032
2033
2034
2035
2036
2037
2038
2039
2040
2041
2042
2043
2044
2045
2046
2047
2048
2049
2050
2051
2052
2053
2054
2055
2056
2057
2058
2059
2060
2061
2062
2063
2064
2065
2066
2067
2068
2069
2070
2071
2072
2073
2074
2075
2076
2077
2078
2079
2080
2081
2082
2083
2084
2085
2086
2087
2088
2089
2090
2091
2092
2093
2094
2095
2096
2097
2098
2099
2100
2101
2102
2103
2104
2105
2106
2107
2108
2109
2110
2111
2112
2113
2114
2115
2116
2117
2118
2119
2120
2121
2122
2123
2124
2125
2126
2127
2128
2129
2130
2131
2132
2133
2134
2135
2136
2137
2138
2139
2140
2141
2142
2143
2144
2145
2146
2147
2148
2149
2150
2151
2152
2153
2154
2155
2156
2157
2158
2159
2160
2161
2162
2163
2164
2165
2166
2167
2168
2169
2170
2171
2172
2173
2174
2175
2176
2177
2178
2179
2180
2181
2182
2183
2184
2185
2186
2187
2188
2189
2190
2191
2192
2193
2194
2195
2196
2197
2198
2199
2200
2201
2202
2203
2204
2205
2206
2207
2208
2209
2210
2211
2212
2213
2214
2215
2216
2217
2218
2219
2220
2221
2222
2223
2224
2225
2226
2227
2228
2229
2230
2231
2232
2233
2234
2235
2236
2237
2238
2239
2240
2241
2242
2243
2244
36.57599999996552 36.5759999999655 0
36.57599999996552 54.86399999993934 0
36.57599999996552 73.15199999988207 0
36.57599999996551 91.43999999984013 0
36.57599999996551 109.7279999997868 0
36.5759999999655 128.0159999997292 0
36.5759999999655 146.3039999996743 0
36.57599999996551 164.5919999996213 0
36.5759999999655 182.8799999995673 0
36.5759999999655 201.1679999995564 0
36.5759999999655 219.4559999996106 0
36.5759999999655 237.7439999996537 0
36.5759999999655 256.0319999997033 0
36.5759999999655 274.3199999997622 0
36.5759999999655 292.6079999998053 0
36.5759999999655 310.8959999998484 0
36.5759999999655 329.1839999999137 0
36.5759999999655 347.4719999999569 0
54.86399999993936 36.5759999999655 0
54.86399999993934 54.86399999993934 0
54.86399999993935 73.15199999988207 0
54.86399999993933 91.4399999998401 0
54.86399999993934 109.7279999997868 0
54.86399999993934 128.0159999997292 0
54.86399999993934 146.3039999996743 0
54.86399999993935 164.5919999996213 0
54.86399999993934 182.8799999995673 0
54.86399999993934 201.1679999995563 0
54.86399999993934 219.4559999996106 0
54.86399999993934 237.7439999996537 0
54.86399999993934 256.0319999997032 0
54.86399999993934 274.3199999997622 0
54.86399999993934 292.6079999998053 0
54.86399999993934 310.8959999998484 0
54.86399999993934 329.1839999999137 0
54.86399999993935 347.4719999999569 0
73.15199999988205 36.5759999999655 0
73.15199999988205 54.86399999993934 0
73.15199999988208 73.15199999988207 0
73.15199999988207 91.4399999998401 0
73.15199999988207 109.7279999997868 0
73.15199999988207 128.0159999997292 0
73.15199999988207 146.3039999996743 0
73.15199999988207 164.5919999996213 0
73.15199999988207 182.8799999995673 0
73.15199999988207 201.1679999995563 0
73.15199999988207 219.4559999996106 0
73.15199999988207 237.7439999996537 0
73.15199999988207 256.0319999997033 0
73.15199999988207 274.3199999997622 0
73.15199999988207 292.6079999998053 0
73.15199999988207 310.8959999998484 0
73.15199999988207 329.1839999999137 0
73.15199999988207 347.4719999999569 0
91.43999999984014 36.57599999996551 0
91.43999999984013 54.86399999993934 0
91.43999999984013 73.15199999988207 0
91.4399999998401 91.43999999984013 0
91.43999999984007 109.7279999997868 0
91.4399999998401 128.0159999997292 0
91.43999999984014 146.3039999996743 0
91.4399999998401 164.5919999996213 0
91.43999999984008 182.8799999995673 0
91.43999999984008 201.1679999995563 0
91.4399999998401 219.4559999996106 0
91.43999999984008 237.7439999996537 0
91.4399999998401 256.0319999997033 0
91.4399999998401 274.3199999997622 0
91.4399999998401 292.6079999998053 0
91.4399999998401 310.8959999998484 0
91.4399999998401 329.1839999999137 0
91.43999999984008 347.4719999999569 0
109.7279999997868 36.57599999996551 0
109.7279999997868 54.86399999993934 0
109.7279999997868 73.15199999988207 0
109.7279999997868 91.4399999998401 0
109.7279999997868 109.7279999997868 0
109.7279999997868 128.0159999997292 0
109.7279999997868 146.3039999996744 0
109.7279999997868 164.5919999996213 0
109.7279999997868 182.8799999995673 0
109.7279999997867 201.1679999995563 0
109.7279999997868 219.4559999996106 0
109.7279999997868 237.7439999996537 0
109.7279999997868 256.0319999997033 0
109.7279999997868 274.3199999997622 0
109.7279999997868 292.6079999998053 0
109.7279999997868 310.8959999998484 0
109.7279999997868 329.1839999999137 0
109.7279999997867 347.4719999999569 0
128.0159999997292 36.5759999999655 0
128.0159999997292 54.86399999993935 0
128.0159999997292 73.15199999988207 0
128.0159999997292 91.4399999998401 0
128.0159999997292 109.7279999997868 0
128.0159999997292 128.0159999997292 0
128.0159999997292 146.3039999996743 0
128.0159999997292 164.5919999996213 0
128.0159999997292 182.8799999995673 0
128.0159999997292 201.1679999995563 0
128.0159999997292 219.4559999996106 0
128.0159999997292 237.7439999996538 0
128.0159999997292 256.0319999997033 0
128.0159999997292 274.3199999997623 0
128.0159999997292 292.6079999998053 0
128.0159999997292 310.8959999998484 0
128.0159999997292 329.1839999999137 0
128.0159999997292 347.4719999999569 0
146.3039999996744 36.5759999999655 0
146.3039999996743 54.86399999993934 0
146.3039999996743 73.15199999988207 0
146.3039999996743 91.4399999998401 0
146.3039999996743 109.7279999997868 0
146.3039999996743 128.0159999997292 0
146.3039999996743 146.3039999996744 0
146.3039999996743 164.5919999996213 0
146.3039999996743 182.8799999995673 0
146.3039999996743 201.1679999995563 0
146.3039999996743 219.4559999996106 0
146.3039999996743 237.7439999996537 0
146.3039999996743 256.0319999997033 0
146.3039999996743 274.3199999997622 0
146.3039999996743 292.6079999998053 0
146.3039999996743 310.8959999998484 0
146.3039999996743 329.1839999999137 0
146.3039999996743 347.4719999999569 0
164.5919999996213 36.57599999996551 0
164.5919999996213 54.86399999993935 0
164.5919999996213 73.15199999988207 0
164.5919999996213 91.4399999998401 0
164.5919999996213 109.7279999997868 0
164.5919999996213 128.0159999997292 0
164.5919999996213 146.3039999996744 0
164.5919999996213 164.5919999996213 0
164.5919999996213 182.8799999995673 0
164.5919999996213 201.1679999995563 0
164.5919999996213 219.4559999996106 0
164.5919999996213 237.7439999996536 0
164.5919999996213 256.0319999997033 0
164.5919999996213 274.3199999997623 0
164.5919999996213 292.6079999998053 0
164.5919999996213 310.8959999998484 0
164.5919999996213 329.1839999999136 0
164.5919999996213 347.4719999999569 0
182.8799999995673 36.57599999996551 0
182.8799999995674 54.86399999993934 0
182.8799999995673 73.15199999988207 0
182.8799999995673 91.4399999998401 0
182.8799999995673 109.7279999997868 0
182.8799999995673 128.0159999997292 0
182.8799999995673 146.3039999996743 0
182.8799999995674 164.5919999996213 0
182.8799999995673 182.8799999995674 0
182.8799999995673 201.1679999995563 0
182.8799999995674 219.4559999996106 0
182.8799999995673 237.7439999996537 0
182.8799999995674 256.0319999997033 0
182.8799999995673 274.3199999997622 0
182.8799999995673 292.6079999998053 0
182.8799999995674 310.8959999998484 0
182.8799999995673 329.1839999999137 0
182.8799999995673 347.4719999999569 0
201.1679999995564 36.5759999999655 0
201.1679999995564 54.86399999993934 0
201.1679999995563 73.15199999988207 0
201.1679999995563 91.4399999998401 0
201.1679999995563 109.7279999997868 0
201.1679999995564 128.0159999997292 0
201.1679999995564 146.3039999996743 0
201.1679999995564 164.5919999996213 0
201.1679999995563 182.8799999995673 0
201.1679999995563 201.1679999995563 0
201.1679999995564 219.4559999996106 0
201.1679999995564 237.7439999996537 0
201.1679999995563 256.0319999997033 0
201.1679999995563 274.3199999997622 0
201.1679999995563 292.6079999998053 0
201.1679999995563 310.8959999998484 0
201.1679999995563 329.1839999999137 0
201.1679999995563 347.4719999999569 0
219.4559999996106 36.5759999999655 0
219.4559999996106 54.86399999993935 0
219.4559999996106 73.15199999988207 0
219.4559999996106 91.4399999998401 0
219.4559999996106 109.7279999997868 0
219.4559999996106 128.0159999997292 0
219.4559999996106 146.3039999996743 0
219.4559999996106 164.5919999996213 0
219.4559999996106 182.8799999995674 0
219.4559999996106 201.1679999995563 0
219.4559999996106 219.4559999996106 0
219.4559999996106 237.7439999996537 0
219.4559999996106 256.0319999997033 0
219.4559999996106 274.3199999997622 0
219.4559999996106 292.6079999998053 0
219.4559999996106 310.8959999998484 0
219.4559999996106 329.1839999999137 0
219.4559999996106 347.4719999999569 0
237.7439999996537 36.5759999999655 0
237.7439999996537 54.86399999993934 0
237.7439999996537 73.15199999988207 0
237.7439999996537 91.43999999984008 0
237.7439999996537 109.7279999997868 0
237.7439999996537 128.0159999997292 0
237.7439999996537 146.3039999996743 0
237.7439999996536 164.5919999996213 0
237.7439999996538 182.8799999995674 0
237.7439999996537 201.1679999995563 0
237.7439999996537 219.4559999996106 0
237.7439999996537 237.7439999996537 0
237.7439999996537 256.0319999997033 0
237.7439999996537 274.3199999997622 0
237.7439999996537 292.6079999998053 0
237.7439999996537 310.8959999998484 0
237.7439999996536 329.1839999999137 0
237.7439999996537 347.4719999999569 0
256.0319999997033 36.57599999996551 0
256.0319999997032 54.86399999993934 0
256.0319999997033 73.15199999988207 0
256.0319999997033 91.4399999998401 0
256.0319999997033 109.7279999997868 0
256.0319999997032 128.0159999997292 0
256.0319999997033 146.3039999996743 0
256.0319999997033 164.5919999996213 0
256.0319999997033 182.8799999995674 0
256.0319999997033 201.1679999995563 0
256.0319999997033 219.4559999996106 0
256.0319999997033 237.7439999996537 0
256.0319999997033 256.0319999997033 0
256.0319999997033 274.3199999997622 0
256.0319999997033 292.6079999998053 0
256.0319999997032 310.8959999998484 0
256.0319999997032 329.1839999999137 0
256.0319999997033 347.4719999999569 0
274.3199999997623 36.57599999996551 0
274.3199999997621 54.86399999993934 0
274.3199999997622 73.15199999988207 0
274.3199999997622 91.4399999998401 0
274.3199999997621 109.7279999997868 0
274.3199999997621 128.0159999997292 0
274.3199999997623 146.3039999996743 0
274.3199999997622 164.5919999996213 0
274.3199999997622 182.8799999995673 0
274.3199999997622 201.1679999995563 0
274.3199999997622 219.4559999996106 0
274.3199999997622 237.7439999996537 0
274.3199999997622 256.0319999997033 0
274.3199999997622 274.3199999997622 0
274.3199999997623 292.6079999998053 0
274.3199999997621 310.8959999998484 0
274.3199999997622 329.1839999999137 0
274.3199999997622 347.4719999999569 0
292.6079999998053 36.5759999999655 0
292.6079999998053 54.86399999993934 0
292.6079999998053 73.15199999988207 0
292.6079999998053 91.4399999998401 0
292.6079999998053 109.7279999997868 0
292.6079999998053 128.0159999997292 0
292.6079999998053 146.3039999996743 0
292.6079999998053 164.5919999996213 0
292.6079999998053 182.8799999995673 0
292.6079999998053 201.1679999995563 0
292.6079999998053 219.4559999996106 0
292.6079999998053 237.7439999996537 0
292.6079999998053 256.0319999997033 0
292.6079999998053 274.3199999997623 0
292.6079999998053 292.6079999998053 0
292.6079999998053 310.8959999998484 0
292.6079999998053 329.1839999999138 0
292.6079999998053 347.4719999999568 0
310.8959999998484 36.57599999996551 0
310.8959999998485 54.86399999993935 0
310.8959999998485 73.15199999988207 0
310.8959999998484 91.4399999998401 0
310.8959999998484 109.7279999997868 0
310.8959999998484 128.0159999997292 0
310.8959999998484 146.3039999996744 0
310.8959999998484 164.5919999996213 0
310.8959999998484 182.8799999995673 0
310.8959999998484 201.1679999995563 0
310.8959999998484 219.4559999996106 0
310.8959999998484 237.7439999996537 0
310.8959999998484 256.0319999997032 0
310.8959999998484 274.3199999997622 0
310.8959999998484 292.6079999998053 0
310.8959999998484 310.8959999998484 0
310.8959999998484 329.1839999999137 0
310.8959999998484 347.4719999999569 0
329.1839999999137 36.5759999999655 0
329.1839999999139 54.86399999993934 0
329.1839999999137 73.15199999988207 0
329.1839999999137 91.4399999998401 0
329.1839999999137 109.7279999997868 0
329.1839999999136 128.0159999997292 0
329.1839999999136 146.3039999996743 0
329.1839999999137 164.5919999996213 0
329.1839999999137 182.8799999995673 0
329.1839999999137 201.1679999995563 0
329.1839999999137 219.4559999996106 0
329.1839999999137 237.7439999996537 0
329.1839999999137 256.0319999997033 0
329.1839999999137 274.3199999997622 0
329.1839999999137 292.6079999998053 0
329.1839999999137 310.8959999998484 0
329.1839999999137 329.1839999999137 0
329.1839999999137 347.4719999999568 0
347.4719999999569 36.5759999999655 0
347.4719999999569 54.86399999993935 0
347.4719999999569 73.15199999988207 0
347.4719999999568 91.4399999998401 0
347.4719999999569 109.7279999997868 0
347.4719999999569 128.0159999997292 0
347.4719999999569 146.3039999996744 0
347.4719999999569 164.5919999996213 0
347.4719999999569 182.8799999995673 0
347.4719999999569 201.1679999995563 0
347.4719999999569 219.4559999996106 0
347.4719999999569 237.7439999996537 0
347.4719999999569 256.0319999997033 0
347.4719999999569 274.3199999997623 0
347.4719999999569 292.6079999998053 0
347.4719999999569 310.8959999998484 0
347.4719999999569 329.1839999999137 0
347.4719999999569 347.4719999999569 0
2 321 0 324
2245
2246
2247
2248
2249
2250
2251
2252
2253
2254
2255
2256
2257
2258
2259
2260
2261
2262
2263
2264
2265
2266
2267
2268
2269
2270
2271
2272
2273
2274
2275
2276
2277
2278
2279
2280
2281
2282
2283
2284
2285
2286
2287
2288
2289
2290
2291
2292
2293
2294
2295
2296
2297
2298
2299
2300
2301
2302
2303
2304
2305
2306
2307
2308
2309
2310
2311
2312
2313
2314
2315
2316
2317
2318
2319
2320
2321
2322
2323
2324
2325
2326
2327
2328
2329
2330
2331
2332
2333
2334
2335
2336
2337
2338
2339
2340
2341
2342
2343
2344
2345
2346
2347
2348
2349
2350
2351
2352
2353
2354
2355
2356
2357
2358
2359
2360
2361
2362
2363
2364
2365
2366
2367
2368
2369
2370
2371
2372
2373
2374
2375
2376
2377
2378
2379
2380
2381
2382
2383
2384
2385
2386
2387
2388
2389
2390
2391
2392
2393
2394
2395
2396
2397
2398
2399
2400
2401
2402
2403
2404
2405
2406
2407
2408
2409
2410
2411
2412
2413
2414
2415
2416
2417
2418
2419
2420
2421
2422
2423
2424
2425
2426
2427
2428
2429
2430
2431
2432
2433
2434
2435
2436
2437
2438
2439
2440
2441
2442
2443
2444
2445
2446
2447
2448
2449
2450
2451
2452
2453
2454
2455
2456
2457
2458
2459
2460
2461
2462
2463
2464
2465
2466
2467
2468
2469
2470
2471
2472
2473
2474
2475
2476
2477
2478
2479
2480
2481
2482
2483
2484
2485
2486
2487
2488
2489
2490
2491
2492
2493
2494
2495
2496
2497
2498
2499
2500
2501
2502
2503
2504
2505
2506
2507
2508
2509
2510
2511
2512
2513
2514
2515
2516
2517
2518
2519
2520
2521
2522
2523
2524
2525
2526
2527
2528
2529
2530
2531
2532
2533
2534
2535
2536
2537
2538
2539
2540
2541
2542
2543
2544
2545
2546
2547
2548
2549
2550
2551
2552
2553
2554
2555
2556
2557
2558
2559
2560
2561
2562
2563
2564
2565
2566
2567
2568
36.57599999996552 36.5759999999655 -6.096
36.57599999996552 54.86399999993934 -6.096
36.57599999996552 73.15199999988207 -6.096
36.57599999996551 91.43999999984013 -6.096
36.57599999996551 109.7279999997868 -6.096
36.5759999999655 128.0159999997292 -6.096
36.5759999999655 146.3039999996743 -6.096
36.57599999996551 164.5919999996213 -6.096
36.5759999999655 182.8799999995673 -6.096
36.5759999999655 201.1679999995564 -6.096
36.5759999999655 219.4559999996106 -6.096
36.5759999999655 237.7439999996537 -6.096
36.5759999999655 256.0319999997033 -6.096
36.5759999999655 274.3199999997622 -6.096
36.5759999999655 292.6079999998053 -6.096
36.5759999999655 310.8959999998484 -6.096
36.5759999999655 329.1839999999137 -6.096
36.5759999999655 347.4719999999569 -6.096
54.86399999993936 36.5759999999655 -6.096
54.86399999993934 54.86399999993934 -6.096
54.86399999993935 73.15199999988207 -6.096
54.86399999993933 91.4399999998401 -6.096
54.86399999993934 109.7279999997868 -6.096
54.86399999993934 128.0159999997292 -6.096
54.86399999993934 146.3039999996743 -6.096
54.86399999993935 164.5919999996213 -6.096
54.86399999993934 182.8799999995673 -6.096
54.86399999993934 201.1679999995563 -6.096
54.86399999993934 219.4559999996106 -6.096
54.86399999993934 237.7439999996537 -6.096
54.86399999993934 256.0319999997032 -6.096
54.86399999993934 274.3199999997622 -6.096
54.86399999993934 292.6079999998053 -6.096
54.86399999993934 310.8959999998484 -6.096
54.86399999993934 329.1839999999137 -6.096
54.86399999993935 347.4719999999569 -6.096
73.15199999988205 36.5759999999655 -6.096
73.15199999988205 54.86399999993934 -6.096
73.15199999988208 73.15199999988207 -6.096
73.15199999988207 91.4399999998401 -6.096
73.15199999988207 109.7279999997868 -6.096
73.15199999988207 128.0159999997292 -6.096
73.15199999988207 146.3039999996743 -6.096
73.15199999988207 164.5919999996213 -6.096
73.15199999988207 182.8799999995673 -6.096
73.15199999988207 201.1679999995563 -6.096
73.15199999988207 219.4559999996106 -6.096
73.15199999988207 237.7439999996537 -6.096
73.15199999988207 256.0319999997033 -6.096
73.15199999988207 274.3199999997622 -6.096
73.15199999988207 292.6079999998053 -6.096
73.15199999988207 310.8959999998484 -6.096
73.15199999988207 329.1839999999137 -6.096
73.15199999988207 347.4719999999569 -6.096
91.43999999984014 36.57599999996551 -6.096
91.43999999984013 54.86399999993934 -6.096
91.43999999984013 73.15199999988207 -6.096
91.4399999998401 91.43999999984013 -6.096
91.43999999984007 109.7279999997868 -6.096
91.4399999998401 128.0159999997292 -6.096
91.43999999984014 146.3039999996743 -6.096
91.4399999998401 164.5919999996213 -6.096
91.43999999984008 182.8799999995673 -6.096
91.43999999984008 201.1679999995563 -6.096
91.4399999998401 219.4559999996106 -6.096
91.43999999984008 237.7439999996537 -6.096
91.4399999998401 256.0319999997033 -6.096
91.4399999998401 274.3199999997622 -6.096
91.4399999998401 292.6079999998053 -6.096
91.4399999998401 310.8959999998484 -6.096
91.4399999998401 329.1839999999137 -6.096
91.43999999984008 347.4719999999569 -6.096
109.7279999997868 36.57599999996551 -6.096
109.7279999997868 54.86399999993934 -6.096
109.7279999997868 73.15199999988207 -6.096
109.7279999997868 91.4399999998401 -6.096
109.7279999997868 109.7279999997868 -6.096
109.7279999997868 128.0159999997292 -6.096
109.7279999997868 146.3039999996744 -6.096
109.7279999997868 164.5919999996213 -6.096
109.7279999997868 182.8799999995673 -6.096
109.7279999997867 201.1679999995563 -6.096
109.7279999997868 219.4559999996106 -6.096
109.7279999997868 237.7439999996537 -6.096
109.7279999997868 256.0319999997033 -6.096
109.7279999997868 274.3199999997622 -6.096
109.7279999997868 292.6079999998053 -6.096
109.7279999997868 310.8959999998484 -6.096
109.7279999997868 329.1839999999137 -6.096
109.7279999997867 347.4719999999569 -6.096
128.0159999997292 36.5759999999655 -6.096
128.0159999997292 54.86399999993935 -6.096
128.0159999997292 73.15199999988207 -6.096
128.0159999997292 91.4399999998401 -6.096
128.0159999997292 109.7279999997868 -6.096
128.0159999997292 128.0159999997292 -6.096
128.0159999997292 146.3039999996743 -6.096
128.0159999997292 164.5919999996213 -6.096
128.0159999997292 182.8799999995673 -6.096
128.0159999997292 201.1679999995563 -6.096
128.0159999997292 219.4559999996106 -6.096
128.0159999997292 237.7439999996538 -6.096
128.0159999997292 256.0319999997033 -6.096
128.0159999997292 274.3199999997623 -6.096
128.0159999997292 292.6079999998053 -6.096
128.0159999997292 310.8959999998484 -6.096
128.0159999997292 329.1839999999137 -6.096
128.0159999997292 347.4719999999569 -6.096
146.3039999996744 36.5759999999655 -6.096
146.3039999996743 54.86399999993934 -6.096
146.3039999996743 73.15199999988207 -6.096
146.3039999996743 91.4399999998401 -6.096
146.3039999996743 109.7279999997868 -6.096
146.3039999996743 128.0159999997292 -6.096
146.3039999996743 146.3039999996744 -6.096
146.3039999996743 164.5919999996213 -6.096
146.3039999996743 182.8799999995673 -6.096
146.3039999996743 201.1679999995563 -6.096
146.3039999996743 219.4559999996106 -6.096
146.3039999996743 237.7439999996537 -6.096
146.3039999996743 256.0319999997033 -6.096
146.3039999996743 274.3199999997622 -6.096
146.3039999996743 292.6079999998053 -6.096
146.3039999996743 310.8959999998484 -6.096
146.3039999996743 329.1839999999137 -6.096
146.3039999996743 347.4719999999569 -6.096
164.5919999996213 36.57599999996551 -6.096
164.5919999996213 54.86399999993935 -6.096
164.5919999996213 73.15199999988207 -6.096
164.5919999996213 91.4399999998401 -6.096
164.5919999996213 109.7279999997868 -6.096
164.5919999996213 128.0159999997292 -6.096
164.5919999996213 146.3039999996744 -6.096
164.5919999996213 164.5919999996213 -6.096
164.5919999996213 182.8799999995673 -6.096
164.5919999996213 201.1679999995563 -6.096
164.5919999996213 219.4559999996106 -6.096
164.5919999996213 237.7439999996536 -6.096
164.5919999996213 256.0319999997033 -6.096
164.5919999996213 274.3199999997623 -6.096
164.5919999996213 292.6079999998053 -6.096
164.5919999996213 310.8959999998484 -6.096
164.5919999996213 329.1839999999136 -6.096
164.5919999996213 347.4719999999569 -6.096
182.8799999995673 36.57599999996551 -6.096
182.8799999995674 54.86399999993934 -6.096
182.8799999995673 73.15199999988207 -6.096
182.8799999995673 91.4399999998401 -6.096
182.8799999995673 109.7279999997868 -6.096
182.8799999995673 128.0159999997292 -6.096
182.8799999995673 146.3039999996743 -6.096
182.8799999995674 164.5919999996213 -6.096
182.8799999995673 182.8799999995674 -6.096
182.8799999995673 201.1679999995563 -6.096
182.8799999995674 219.4559999996106 -6.096
182.8799999995673 237.7439999996537 -6.096
182.8799999995674 256.0319999997033 -6.096
182.8799999995673 274.3199999997622 -6.096
182.8799999995673 292.6079999998053 -6.096
182.8799999995674 310.8959999998484 -6.096
182.8799999995673 329.1839999999137 -6.096
182.8799999995673 347.4719999999569 -6.096
201.1679999995564 36.5759999999655 -6.096
201.1679999995564 54.86399999993934 -6.096
201.1679999995563 73.15199999988207 -6.096
201.1679999995563 91.4399999998401 -6.096
201.1679999995563 109.7279999997868 -6.096
201.1679999995564 128.0159999997292 -6.096
201.1679999995564 146.3039999996743 -6.096
201.1679999995564 164.5919999996213 -6.096
201.1679999995563 182.8799999995673 -6.096
201.1679999995563 201.1679999995563 -6.096
201.1679999995564 219.4559999996106 -6.096
201.1679999995564 237.7439999996537 -6.096
201.1679999995563 256.0319999997033 -6.096
201.1679999995563 274.3199999997622 -6.096
201.1679999995563 292.6079999998053 -6.096
201.1679999995563 310.8959999998484 -6.096
201.1679999995563 329.1839999999137 -6.096
201.1679999995563 347.4719999999569 -6.096
219.4559999996106 36.5759999999655 -6.096
219.4559999996106 54.86399999993935 -6.096
219.4559999996106 73.15199999988207 -6.096
219.4559999996106 91.4399999998401 -6.096
219.4559999996106 109.7279999997868 -6.096
219.4559999996106 128.0159999997292 -6.096
219.4559999996106 146.3039999996743 -6.096
219.4559999996106 164.5919999996213 -6.096
219.4559999996106 182.8799999995674 -6.096
219.4559999996106 201.1679999995563 -6.096
219.4559999996106 219.4559999996106 -6.096
219.4559999996106 237.7439999996537 -6.096
219.4559999996106 256.0319999997033 -6.096
219.4559999996106 274.3199999997622 -6.096
219.4559999996106 292.6079999998053 -6.096
219.4559999996106 310.8959999998484 -6.096
219.4559999996106 329.1839999999137 -6.096
219.4559999996106 347.4719999999569 -6.096
237.7439999996537 36.5759999999655 -6.096
237.7439999996537 54.86399999993934 -6.096
237.7439999996537 73.15199999988207 -6.096
237.7439999996537 91.43999999984008 -6.096
237.7439999996537 109.7279999997868 -6.096
237.7439999996537 128.0159999997292 -6.096
237.7439999996537 146.3039999996743 -6.096
237.7439999996536 164.5919999996213 -6.096
237.7439999996538 182.8799999995674 -6.096
237.7439999996537 201.1679999995563 -6.096
237.7439999996537 219.4559999996106 -6.096
237.7439999996537 237.7439999996537 -6.096
237.7439999996537 256.0319999997033 -6.096
237.7439999996537 274.3199999997622 -6.096
237.7439999996537 292.6079999998053 -6.096
237.7439999996537 310.8959999998484 -6.096
237.7439999996536 329.1839999999137 -6.096
237.7439999996537 347.4719999999569 -6.096
256.0319999997033 36.57599999996551 -6.096
256.0319999997032 54.86399999993934 -6.096
256.0319999997033 73.15199999988207 -6.096
256.0319999997033 91.4399999998401 -6.096
256.0319999997033 109.7279999997868 -6.096
256.0319999997032 128.0159999997292 -6.096
256.0319999997033 146.3039999996743 -6.096
256.0319999997033 164.5919999996213 -6.096
256.0319999997033 182.8799999995674 -6.096
256.0319999997033 201.1679999995563 -6.096
256.0319999997033 219.4559999996106 -6.096
256.0319999997033 237.7439999996537 -6.096
256.0319999997033 256.0319999997033 -6.096
256.0319999997033 274.3199999997622 -6.096
256.0319999997033 292.6079999998053 -6.096
256.0319999997032 310.8959999998484 -6.096
256.0319999997032 329.1839999999137 -6.096
256.0319999997033 347.4719999999569 -6.096
274.3199999997623 36.57599999996551 -6.096
274.3199999997621 54.86399999993934 -6.096
274.3199999997622 73.15199999988207 -6.096
274.3199999997622 91.4399999998401 -6.096
274.3199999997621 109.7279999997868 -6.096
274.3199999997621 128.0159999997292 -6.096
274.3199999997623 146.3039999996743 -6.096
274.3199999997622 164.5919999996213 -6.096
274.3199999997622 182.8799999995673 -6.096
274.3199999997622 201.1679999995563 -6.096
274.3199999997622 219.4559999996106 -6.096
274.3199999997622 237.7439999996537 -6.096
274.3199999997622 256.0319999997033 -6.096
274.3199999997622 274.3199999997622 -6.096
274.3199999997623 292.6079999998053 -6.096
274.3199999997621 310.8959999998484 -6.096
274.3199999997622 329.1839999999137 -6.096
274.3199999997622 347.4719999999569 -6.096
292.6079999998053 36.5759999999655 -6.096
292.6079999998053 54.86399999993934 -6.096
292.6079999998053 73.15199999988207 -6.096
292.6079999998053 91.4399999998401 -6.096
292.6079999998053 109.7279999997868 -6.096
292.6079999998053 128.0159999997292 -6.096
292.6079999998053 146.3039999996743 -6.096
292.6079999998053 164.5919999996213 -6.096
292.6079999998053 182.8799999995673 -6.096
292.6079999998053 201.1679999995563 -6.096
292.6079999998053 219.4559999996106 -6.096
292.6079999998053 237.7439999996537 -6.096
292.6079999998053 256.0319999997033 -6.096
292.6079999998053 274.3199999997623 -6.096
292.6079999998053 292.6079999998053 -6.096
292.6079999998053 310.8959999998484 -6.096
292.6079999998053 329.1839999999138 -6.096
292.6079999998053 347.4719999999568 -6.096
310.8959999998484 36.57599999996551 -6.096
310.8959999998485 54.86399999993935 -6.096
310.8959999998485 73.15199999988207 -6.096
310.8959999998484 91.4399999998401 -6.096
310.8959999998484 109.7279999997868 -6.096
310.8959999998484 128.0159999997292 -6.096
310.8959999998484 146.3039999996744 -6.096
310.8959999998484 164.5919999996213 -6.096
310.8959999998484 182.8799999995673 -6.096
310.8959999998484 201.1679999995563 -6.096
310.8959999998484 219.4559999996106 -6.096
310.8959999998484 237.7439999996537 -6.096
310.8959999998484 256.0319999997032 -6.096
310.8959999998484 274.3199999997622 -6.096
310.8959999998484 292.6079999998053 -6.096
310.8959999998484 310.8959999998484 -6.096
310.8959999998484 329.1839999999137 -6.096
310.8959999998484 347.4719999999569 -6.096
329.1839999999137 36.5759999999655 -6.096
329.1839999999139 54.86399999993934 -6.096
329.1839999999137 73.15199999988207 -6.096
329.1839999999137 91.4399999998401 -6.096
329.1839999999137 109.7279999997868 -6.096
329.1839999999136 128.0159999997292 -6.096
329.1839999999136 146.3039999996743 -6.096
329.1839999999137 164.5919999996213 -6.096
329.1839999999137 182.8799999995673 -6.096
329.1839999999137 201.1679999995563 -6.096
329.1839999999137 219.4559999996106 -6.096
329.1839999999137 237.7439999996537 -6.096
329.1839999999137 256.0319999997033 -6.096
329.1839999999137 274.3199999997622 -6.096
329.1839999999137 292.6079999998053 -6.096
329.1839999999137 310.8959999998484 -6.096
329.1839999999137 329.1839999999137 -6.096
329.1839999999137 347.4719999999568 -6.096
347.4719999999569 36.5759999999655 -6.096
347.4719999999569 54.86399999993935 -6.096
347.4719999999569 73.15199999988207 -6.096
347.4719999999568 91.4399999998401 -6.096
347.4719999999569 109.7279999997868 -6.096
347.4719999999569 128.0159999997292 -6.096
347.4719999999569 146.3039999996744 -6.096
347.4719999999569 164.5919999996213 -6.096
347.4719999999569 182.8799999995673 -6.096
347.4719999999569 201.1679999995563 -6.096
347.4719999999569 219.4559999996106 -6.096
347.4719999999569 237.7439999996537 -6.096
347.4719999999569 256.0319999997033 -6.096
347.4719999999569 274.3199999997623 -6.096
347.4719999999569 292.6079999998053 -6.096
347.4719999999569 310.8959999998484 -6.096
347.4719999999569 329.1839999999137 -6.096
347.4719999999569 347.4719999999569 -6.096
2 519 0 324
2569
2570
2571
2572
2573
2574
2575
2576
2577
2578
2579
2580
2581
2582
2583
2584
2585
2586
2587
2588
2589
2590
2591
2592
2593
2594
2595
2596
2597
2598
2599
2600
2601
2602
2603
2604
2605
2606
2607
2608
2609
2610
2611
2612
2613
2614
2615
2616
2617
2618
2619
2620
2621
2622
2623
2624
2625
2626
2627
2628
2629
2630
2631
2632
2633
2634
2635
2636
2637
2638
2639
2640
2641
2642
2643
2644
2645
2646
2647
2648
2649
2650
2651
2652
2653
2654
2655
2656
2657
2658
2659
2660
2661
2662
2663
2664
2665
2666
2667
2668
2669
2670
2671
2672
2673
2674
2675
2676
2677
2678
2679
2680
2681
2682
2683
2684
2685
2686
2687
2688
2689
2690
2691
2692
2693
2694
2695
2696
2697
2698
2699
2700
2701
2702
2703
2704
2705
2706
2707
2708
2709
2710
2711
2712
2713
2714
2715
2716
2717
2718
2719
2720
2721
2722
2723
2724
2725
2726
2727
2728
2729
2730
2731
2732
2733
2734
2735
2736
2737
2738
2739
2740
2741
2742
2743
2744
2745
2746
2747
2748
2749
2750
2751
2752
2753
2754
2755
2756
2757
2758
2759
2760
2761
2762
2763
2764
2765
2766
2767
2768
2769
2770
2771
2772
2773
2774
2775
2776
2777
2778
2779
2780
2781
2782
2783
2784
2785
2786
2787
2788
2789
2790
2791
2792
2793
2794
2795
2796
2797
2798
2799
2800
2801
2802
2803
2804
2805
2806
2807
2808
2809
2810
2811
2812
2813
2814
2815
2816
2817
2818
2819
2820
2821
2822
2823
2824
2825
2826
2827
2828
2829
2830
2831
2832
2833
2834
2835
2836
2837
2838
2839
2840
2841
2842
2843
2844
2845
2846
2847
2848
2849
2850
2851
2852
2853
2854
2855
2856
2857
2858
2859
2860
2861
2862
2863
2864
2865
2866
2867
2868
2869
2870
2871
2872
2873
2874
2875
2876
2877
2878
2879
2880
2881
2882
2883
2884
2885
2886
2887
2888
2889
2890
2891
2892
36.57599999996552 36.5759999999655 -12.192
36.57599999996552 54.86399999993934 -12.192
36.57599999996552 73.15199999988207 -12.192
36.57599999996551 91.43999999984013 -12.192
36.57599999996551 109.7279999997868 -12.192
36.5759999999655 128.0159999997292 -12.192
36.5759999999655 146.3039999996743 -12.192
36.57599999996551 164.5919999996213 -12.192
36.5759999999655 182.8799999995673 -12.192
36.5759999999655 201.1679999995564 -12.192
36.5759999999655 219.4559999996106 -12.192
36.5759999999655 237.7439999996537 -12.192
36.5759999999655 256.0319999997033 -12.192
36.5759999999655 274.3199999997622 -12.192
36.5759999999655 292.6079999998053 -12.192
36.5759999999655 310.8959999998484 -12.192
36.5759999999655 329.1839999999137 -12.192
36.5759999999655 347.4719999999569 -12.192
54.86399999993936 36.5759999999655 -12.192
54.86399999993934 54.86399999993934 -12.192
54.86399999993935 73.15199999988207 -12.192
54.86399999993933 91.4399999998401 -12.192
54.86399999993934 109.7279999997868 -12.192
54.86399999993934 128.0159999997292 -12.192
54.86399999993934 146.3039999996743 -12.192
54.86399999993935 164.5919999996213 -12.192
54.86399999993934 182.8799999995673 -12.192
54.86399999993934 201.1679999995563 -12.192
54.86399999993934 219.4559999996106 -12.192
54.86399999993934 237.7439999996537 -12.192
54.86399999993934 256.0319999997032 -12.192
54.86399999993934 274.3199999997622 -12.192
54.86399999993934 292.6079999998053 -12.192
54.86399999993934 310.8959999998484 -12.192
54.86399999993934 329.1839999999137 -12.192
54.86399999993935 347.4719999999569 -12.192
73.15199999988205 36.5759999999655 -12.192
73.15199999988205 54.86399999993934 -12.192
73.15199999988208 73.15199999988207 -12.192
73.15199999988207 91.4399999998401 -12.192
73.15199999988207 109.7279999997868 -12.192
73.15199999988207 128.0159999997292 -12.192
73.15199999988207 146.3039999996743 -12.192
73.15199999988207 164.5919999996213 -12.192
73.15199999988207 182.8799999995673 -12.192
73.15199999988207 201.1679999995563 -12.192
73.15199999988207 219.4559999996106 -12.192
73.15199999988207 237.7439999996537 -12.192
73.15199999988207 256.0319999997033 -12.192
73.15199999988207 274.3199999997622 -12.192
73.15199999988207 292.6079999998053 -12.192
73.15199999988207 310.8959999998484 -12.192
73.15199999988207 329.1839999999137 -12.192
73.15199999988207 347.4719999999569 -12.192
91.43999999984014 36.57599999996551 -12.192
91.43999999984013 54.86399999993934 -12.192
91.43999999984013 73.15199999988207 -12.192
91.4399999998401 91.43999999984013 -12.192
91.43999999984007 109.7279999997868 -12.192
91.4399999998401 128.0159999997292 -12.192
91.43999999984014 146.3039999996743 -12.192
91.4399999998401 164.5919999996213 -12.192
91.43999999984008 182.8799999995673 -12.192
91.43999999984008 201.1679999995563 -12.192
91.4399999998401 219.4559999996106 -12.192
91.43999999984008 237.7439999996537 -12.192
91.4399999998401 256.0319999997033 -12.192
91.4399999998401 274.3199999997622 -12.192
91.4399999998401 292.6079999998053 -12.192
91.4399999998401 310.8959999998484 -12.192
91.4399999998401 329.1839999999137 -12.192
91.43999999984008 347.4719999999569 -12.192
109.7279999997868 36.57599999996551 -12.192
109.7279999997868 54.86399999993934 -12.192
109.7279999997868 73.15199999988207 -12.192
109.7279999997868 91.4399999998401 -12.192
109.7279999997868 109.7279999997868 -12.192
109.7279999997868 128.0159999997292 -12.192
109.7279999997868 146.3039999996744 -12.192
109.7279999997868 164.5919999996213 -12.192
109.7279999997868 182.8799999995673 -12.192
109.7279999997867 201.1679999995563 -12.192
109.7279999997868 219.4559999996106 -12.192
109.7279999997868 237.7439999996537 -12.192
109.7279999997868 256.0319999997033 -12.192
109.7279999997868 274.3199999997622 -12.192
109.7279999997868 292.6079999998053 -12.192
109.7279999997868 310.8959999998484 -12.192
109.7279999997868 329.1839999999137 -12.192
109.7279999997867 347.4719999999569 -12.192
128.0159999997292 36.5759999999655 -12.192
128.0159999997292 54.86399999993935 -12.192
128.0159999997292 73.15199999988207 -12.192
128.0159999997292 91.4399999998401 -12.192
128.0159999997292 109.7279999997868 -12.192
128.0159999997292 128.0159999997292 -12.192
128.0159999997292 146.3039999996743 -12.192
128.0159999997292 164.5919999996213 -12.192
128.0159999997292 182.8799999995673 -12.192
128.0159999997292 201.1679999995563 -12.192
128.0159999997292 219.4559999996106 -12.192
128.0159999997292 237.7439999996538 -12.192
128.0159999997292 256.0319999997033 -12.192
128.0159999997292 274.3199999997623 -12.192
128.0159999997292 292.6079999998053 -12.192
128.0159999997292 310.8959999998484 -12.192
128.0159999997292 329.1839999999137 -12.192
128.0159999997292 347.4719999999569 -12.192
146.3039999996744 36.5759999999655 -12.192
146.3039999996743 54.86399999993934 -12.192
146.3039999996743 73.15199999988207 -12.192
146.3039999996743 91.4399999998401 -12.192
146.3039999996743 109.7279999997868 -12.192
146.3039999996743 128.0159999997292 -12.192
146.3039999996743 146.3039999996744 -12.192
146.3039999996743 164.5919999996213 -12.192
146.3039999996743 182.8799999995673 -12.192
146.3039999996743 201.1679999995563 -12.192
146.3039999996743 219.4559999996106 -12.192
146.3039999996743 237.7439999996537 -12.192
146.3039999996743 256.0319999997033 -12.192
146.3039999996743 274.3199999997622 -12.192
146.3039999996743 292.6079999998053 -12.192
146.3039999996743 310.8959999998484 -12.192
146.3039999996743 329.1839999999137 -12.192
146.3039999996743 347.4719999999569 -12.192
164.5919999996213 36.57599999996551 -12.192
164.5919999996213 54.86399999993935 -12.192
164.5919999996213 73.15199999988207 -12.192
164.5919999996213 91.4399999998401 -12.192
164.5919999996213 109.7279999997868 -12.192
164.5919999996213 128.0159999997292 -12.192
164.5919999996213 146.3039999996744 -12.192
164.5919999996213 164.5919999996213 -12.192
164.5919999996213 182.8799999995673 -12.192
164.5919999996213 201.1679999995563 -12.192
164.5919999996213 219.4559999996106 -12.192
164.5919999996213 237.7439999996536 -12.192
164.5919999996213 256.0319999997033 -12.192
164.5919999996213 274.3199999997623 -12.192
164.5919999996213 292.6079999998053 -12.192
164.5919999996213 310.8959999998484 -12.192
164.5919999996213 329.1839999999136 -12.192
164.5919999996213 347.4719999999569 -12.192
182.8799999995673 36.57599999996551 -12.192
182.8799999995674 54.86399999993934 -12.192
182.8799999995673 73.15199999988207 -12.192
182.8799999995673 91.4399999998401 -12.192
182.8799999995673 109.7279999997868 -12.192
182.8799999995673 128.0159999997292 -12.192
182.8799999995673 146.3039999996743 -12.192
182.8799999995674 164.5919999996213 -12.192
182.8799999995673 182.8799999995674 -12.192
182.8799999995673 201.1679999995563 -12.192
182.8799999995674 219.4559999996106 -12.192
182.8799999995673 237.7439999996537 -12.192
182.8799999995674 256.0319999997033 -12.192
182.8799999995673 274.3199999997622 -12.192
182.8799999995673 292.6079999998053 -12.192
182.8799999995674 310.8959999998484 -12.192
182.8799999995673 329.1839999999137 -12.192
182.8799999995673 347.4719999999569 -12.192
201.1679999995564 36.5759999999655 -12.192
201.1679999995564 54.86399999993934 -12.192
201.1679999995563 73.15199999988207 -12.192
201.1679999995563 91.4399999998401 -12.192
201.1679999995563 109.7279999997868 -12.192
201.1679999995564 128.0159999997292 -12.192
201.1679999995564 146.3039999996743 -12.192
201.1679999995564 164.5919999996213 -12.192
201.1679999995563 182.8799999995673 -12.192
201.1679999995563 201.1679999995563 -12.192
201.1679999995564 219.4559999996106 -12.192
201.1679999995564 237.7439999996537 -12.192
201.1679999995563 256.0319999997033 -12.192
201.1679999995563 274.3199999997622 -12.192
201.1679999995563 292.6079999998053 -12.192
201.1679999995563 310.8959999998484 -12.192
201.1679999995563 329.1839999999137 -12.192
201.1679999995563 347.4719999999569 -12.192
219.4559999996106 36.5759999999655 -12.192
219.4559999996106 54.86399999993935 -12.192
219.4559999996106 73.15199999988207 -12.192
219.4559999996106 91.4399999998401 -12.192
219.4559999996106 109.7279999997868 -12.192
219.4559999996106 128.0159999997292 -12.192
219.4559999996106 146.3039999996743 -12.192
219.4559999996106 164.5919999996213 -12.192
219.4559999996106 182.8799999995674 -12.192
219.4559999996106 201.1679999995563 -12.192
219.4559999996106 219.4559999996106 -12.192
219.4559999996106 237.7439999996537 -12.192
219.4559999996106 256.0319999997033 -12.192
219.4559999996106 274.3199999997622 -12.192
219.4559999996106 292.6079999998053 -12.192
219.4559999996106 310.8959999998484 -12.192
219.4559999996106 329.1839999999137 -12.192
219.4559999996106 347.4719999999569 -12.192
237.7439999996537 36.5759999999655 -12.192
237.7439999996537 54.86399999993934 -12.192
237.7439999996537 73.15199999988207 -12.192
237.7439999996537 91.43999999984008 -12.192
237.7439999996537 109.7279999997868 -12.192
237.7439999996537 128.0159999997292 -12.192
237.7439999996537 146.3039999996743 -12.192
237.7439999996536 164.5919999996213 -12.192
237.7439999996538 182.8799999995674 -12.192
237.7439999996537 201.1679999995563 -12.192
237.7439999996537 219.4559999996106 -12.192
237.7439999996537 237.7439999996537 -12.192
237.7439999996537 256.0319999997033 -12.192
237.7439999996537 274.3199999997622 -12.192
237.7439999996537 292.6079999998053 -12.192
237.7439999996537 310.8959999998484 -12.192
237.7439999996536 329.1839999999137 -12.192
237.7439999996537 347.4719999999569 -12.192
256.0319999997033 36.57599999996551 -12.192
256.0319999997032 54.86399999993934 -12.192
256.0319999997033 73.15199999988207 -12.192
256.0319999997033 91.4399999998401 -12.192
256.0319999997033 109.7279999997868 -12.192
256.0319999997032 128.0159999997292 -12.192
256.0319999997033 146.3039999996743 -12.192
256.0319999997033 164.5919999996213 -12.192
256.0319999997033 182.8799999995674 -12.192
256.0319999997033 201.1679999995563 -12.192
256.0319999997033 219.4559999996106 -12.192
256.0319999997033 237.7439999996537 -12.192
256.0319999997033 256.0319999997033 -12.192
256.0319999997033 274.3199999997622 -12.192
256.0319999997033 292.6079999998053 -12.192
256.0319999997032 310.8959999998484 -12.192
256.0319999997032 329.1839999999137 -12.192
256.0319999997033 347.4719999999569 -12.192
274.3199999997623 36.57599999996551 -12.192
274.3199999997621 54.86399999993934 -12.192
274.3199999997622 73.15199999988207 -12.192
274.3199999997622 91.4399999998401 -12.192
274.3199999997621 109.7279999997868 -12.192
274.3199999997621 128.0159999997292 -12.192
274.3199999997623 146.3039999996743 -12.192
274.3199999997622 164.5919999996213 -12.192
274.3199999997622 182.8799999995673 -12.192
274.3199999997622 201.1679999995563 -12.192
274.3199999997622 219.4559999996106 -12.192
274.3199999997622 237.7439999996537 -12.192
274.3199999997622 256.0319999997033 -12.192
274.3199999997622 274.3199999997622 -12.192
274.3199999997623 292.6079999998053 -12.192
274.3199999997621 310.8959999998484 -12.192
274.3199999997622 329.1839999999137 -12.192
274.3199999997622 347.4719999999569 -12.192
292.6079999998053 36.5759999999655 -12.192
292.6079999998053 54.86399999993934 -12.192
292.6079999998053 73.15199999988207 -12.192
292.6079999998053 91.4399999998401 -12.192
292.6079999998053 109.7279999997868 -12.192
292.6079999998053 128.0159999997292 -12.192
292.6079999998053 146.3039999996743 -12.192
292.6079999998053 164.5919999996213 -12.192
292.6079999998053 182.8799999995673 -12.192
292.6079999998053 201.1679999995563 -12.192
292.6079999998053 219.4559999996106 -12.192
292.6079999998053 237.7439999996537 -12.192
292.6079999998053 256.0319999997033 -12.192
292.6079999998053 274.3199999997623 -12.192
292.6079999998053 292.6079999998053 -12.192
292.6079999998053 310.8959999998484 -12.192
292.6079999998053 329.1839999999138 -12.192
292.6079999998053 347.4719999999568 -12.192
310.8959999998484 36.57599999996551 -12.192
310.8959999998485 54.86399999993935 -12.192
310.8959999998485 73.15199999988207 -12.192
310.8959999998484 91.4399999998401 -12.192
310.8959999998484 109.7279999997868 -12.192
310.8959999998484 128.0159999997292 -12.192
310.8959999998484 146.3039999996744 -12.192
310.8959999998484 164.5919999996213 -12.192
310.8959999998484 182.8799999995673 -12.192
310.8959999998484 201.1679999995563 -12.192
310.8959999998484 219.4559999996106 -12.192
310.8959999998484 237.7439999996537 -12.192
310.8959999998484 256.0319999997032 -12.192
310.8959999998484 274.3199999997622 -12.192
310.8959999998484 292.6079999998053 -12.192
310.8959999998484 310.8959999998484 -12.192
310.8959999998484 329.1839999999137 -12.192
310.8959999998484 347.4719999999569 -12.192
329.1839999999137 36.5759999999655 -12.192
329.1839999999139 54.86399999993934 -12.192
329.1839999999137 73.15199999988207 -12.192
329.1839999999137 91.4399999998401 -12.192
329.1839999999137 109.7279999997868 -12.192
329.1839999999136 128.0159999997292 -12.192
329.1839999999136 146.3039999996743 -12.192
329.1839999999137 164.5919999996213 -12.192
329.1839999999137 182.8799999995673 -12.192
329.1839999999137 201.1679999995563 -12.192
329.1839999999137 219.4559999996106 -12.192
329.1839999999137 237.7439999996537 -12.192
329.1839999999137 256.0319999997033 -12.192
329.1839999999137 274.3199999997622 -12.192
329.1839999999137 292.6079999998053 -12.192
329.1839999999137 310.8959999998484 -12.192
329.1839999999137 329.1839999999137 -12.192
329.1839999999137 347.4719999999568 -12.192
347.4719999999569 36.5759999999655 -12.192
347.4719999999569 54.86399999993935 -12.192
347.4719999999569 73.15199999988207 -12.192
347.4719999999568 91.4399999998401 -12.192
347.4719999999569 109.7279999997868 -12.192
347.4719999999569 128.0159999997292 -12.192
347.4719999999569 146.3039999996744 -12.192
347.4719999999569 164.5919999996213 -12.192
347.4719999999569 182.8799999995673 -12.192
347.4719999999569 201.1679999995563 -12.192
347.4719999999569 219.4559999996106 -12.192
347.4719999999569 237.7439999996537 -12.192
347.4719999999569 256.0319999997033 -12.192
347.4719999999569 274.3199999997623 -12.192
347.4719999999569 292.6079999998053 -12.192
347.4719999999569 310.8959999998484 -12.192
347.4719999999569 329.1839999999137 -12.192
347.4719999999569 347.4719999999569 -12.192
2 717 0 324
2893
2894
2895
2896
2897
2898
2899
2900
2901
2902
2903
2904
2905
2906
2907
2908
2909
2910
2911
2912
2913
2914
2915
2916
2917
2918
2919
2920
2921
2922
2923
2924
2925
2926
2927
2928
2929
2930
2931
2932
2933
2934
2935
2936
2937
2938
2939
2940
2941
2942
2943
2944
2945
2946
2947
2948
2949
2950
2951
2952
2953
2954
2955
2956
2957
2958
2959
2960
2961
2962
2963
2964
2965
2966
2967
2968
2969
2970
2971
2972
2973
2974
2975
2976
2977
2978
2979
2980
2981
2982
2983
2984
2985
2986
2987
2988
2989
2990
2991
2992
2993
2994
2995
2996
2997
2998
2999
3000
3001
3002
3003
3004
3005
3006
3007
3008
3009
3010
3011
3012
3013
3014
3015
3016
3017
3018
3019
3020
3021
3022
3023
3024
3025
3026
3027
3028
3029
3030
3031
3032
3033
3034
3035
3036
3037
3038
3039
3040
3041
3042
3043
3044
3045
3046
3047
3048
3049
3050
3051
3052
3053
3054
3055
3056
3057
3058
3059
3060
3061
3062
3063
3064
3065
3066
3067
3068
3069
3070
3071
3072
3073
3074
3075
3076
3077
3078
3079
3080
3081
3082
3083
3084
3085
3086
3087
3088
3089
3090
3091
3092
3093
3094
3095
3096
3097
3098
3099
3100
3101
3102
3103
3104
3105
3106
3107
3108
3109
3110
3111
3112
3113
3114
3115
3116
3117
3118
3119
3120
3121
3122
3123
3124
3125
3126
3127
3128
3129
3130
3131
3132
3133
3134
3135
3136
3137
3138
3139
3140
3141
3142
3143
3144
3145
3146
3147
3148
3149
3150
3151
3152
3153
3154
3155
3156
3157
3158
3159
3160
3161
3162
3163
3164
3165
3166
3167
3168
3169
3170
3171
3172
3173
3174
3175
3176
3177
3178
3179
3180
3181
3182
3183
3184
3185
3186
3187
3188
3189
3190
3191
3192
3193
3194
3195
3196
3197
3198
3199
3200
3201
3202
3203
3204
3205
3206
3207
3208
3209
3210
3211
3212
3213
3214
3215
3216
36.57599999996552 36.5759999999655 -18.288
36.57599999996552 54.86399999993934 -18.288
36.57599999996552 73.15199999988207 -18.288
36.57599999996551 91.43999999984013 -18.288
36.57599999996551 109.7279999997868 -18.288
36.5759999999655 128.0159999997292 -18.288
36.5759999999655 146.3039999996743 -18.288
36.57599999996551 164.5919999996213 -18.288
36.5759999999655 182.8799999995673 -18.288
36.5759999999655 201.1679999995564 -18.288
36.5759999999655 219.4559999996106 -18.288
36.5759999999655 237.7439999996537 -18.288
36.5759999999655 256.0319999997033 -18.288
36.5759999999655 274.3199999997622 -18.288
36.5759999999655 292.6079999998053 -18.288
36.5759999999655 310.8959999998484 -18.288
36.5759999999655 329.1839999999137 -18.288
36.5759999999655 347.4719999999569 -18.288
54.86399999993936 36.5759999999655 -18.288
54.86399999993934 54.86399999993934 -18.288
54.86399999993935 73.15199999988207 -18.288
54.86399999993933 91.4399999998401 -18.288
54.86399999993934 109.7279999997868 -18.288
54.86399999993934 128.0159999997292 -18.288
54.86399999993934 146.3039999996743 -18.288
54.86399999993935 164.5919999996213 -18.288
54.86399999993934 182.8799999995673 -18.288
54.86399999993934 201.1679999995563 -18.288
54.86399999993934 219.4559999996106 -18.288
54.86399999993934 237.7439999996537 -18.288
54.86399999993934 256.0319999997032 -18.288
54.86399999993934 274.3199999997622 -18.288
54.86399999993934 292.6079999998053 -18.288
54.86399999993934 310.8959999998484 -18.288
54.86399999993934 329.1839999999137 -18.288
54.86399999993935 347.4719999999569 -18.288
73.15199999988205 36.5759999999655 -18.288
73.15199999988205 54.86399999993934 -18.288
73.15199999988208 73.15199999988207 -18.288
73.15199999988207 91.4399999998401 -18.288
73.15199999988207 109.7279999997868 -18.288
73.15199999988207 128.0159999997292 -18.288
73.15199999988207 146.3039999996743 -18.288
73.15199999988207 164.5919999996213 -18.288
73.15199999988207 182.8799999995673 -18.288
73.15199999988207 201.1679999995563 -18.288
73.15199999988207 219.4559999996106 -18.288
73.15199999988207 237.7439999996537 -18.288
73.15199999988207 256.0319999997033 -18.288
73.15199999988207 274.3199999997622 -18.288
73.15199999988207 292.6079999998053 -18.288
73.15199999988207 310.8959999998484 -18.288
73.15199999988207 329.1839999999137 -18.288
73.15199999988207 347.4719999999569 -18.288
91.43999999984014 36.57599999996551 -18.288
91.43999999984013 54.86399999993934 -18.288
91.43999999984013 73.15199999988207 -18.288
91.4399999998401 91.43999999984013 -18.288
91.43999999984007 109.7279999997868 -18.288
91.4399999998401 128.0159999997292 -18.288
91.43999999984014 146.3039999996743 -18.288
91.4399999998401 164.5919999996213 -18.288
91.43999999984008 182.8799999995673 -18.288
91.43999999984008 201.1679999995563 -18.288
91.4399999998401 219.4559999996106 -18.288
91.43999999984008 237.7439999996537 -18.288
91.4399999998401 256.0319999997033 -18.288
91.4399999998401 274.3199999997622 -18.288
91.4399999998401 292.6079999998053 -18.288
91.4399999998401 310.8959999998484 -18.288
91.4399999998401 329.1839999999137 -18.288
91.43999999984008 347.4719999999569 -18.288
109.7279999997868 36.57599999996551 -18.288
109.7279999997868 54.86399999993934 -18.288
109.7279999997868 73.15199999988207 -18.288
109.7279999997868 91.4399999998401 -18.288
109.7279999997868 109.7279999997868 -18.288
109.7279999997868 128.0159999997292 -18.288
109.7279999997868 146.3039999996744 -18.288
109.7279999997868 164.5919999996213 -18.288
109.7279999997868 182.8799999995673 -18.288
109.7279999997867 201.1679999995563 -18.288
109.7279999997868 219.4559999996106 -18.288
109.7279999997868 237.7439999996537 -18.288
109.7279999997868 256.0319999997033 -18.288
109.7279999997868 274.3199999997622 -18.288
109.7279999997868 292.6079999998053 -18.288
109.7279999997868 310.8959999998484 -18.288
109.7279999997868 329.1839999999137 -18.288
109.7279999997867 347.4719999999569 -18.288
128.0159999997292 36.5759999999655 -18.288
128.0159999997292 54.86399999993935 -18.288
128.0159999997292 73.15199999988207 -18.288
128.0159999997292 91.4399999998401 -18.288
128.0159999997292 109.7279999997868 -18.288
128.0159999997292 128.0159999997292 -18.288
128.0159999997292 146.3039999996743 -18.288
128.0159999997292 164.5919999996213 -18.288
128.0159999997292 182.8799999995673 -18.288
128.0159999997292 201.1679999995563 -18.288
128.0159999997292 219.4559999996106 -18.288
128.0159999997292 237.7439999996538 -18.288
128.0159999997292 256.0319999997033 -18.288
128.0159999997292 274.3199999997623 -18.288
128.0159999997292 292.6079999998053 -18.288
128.0159999997292 310.8959999998484 -18.288
128.0159999997292 329.1839999999137 -18.288
128.0159999997292 347.4719999999569 -18.288
146.3039999996744 36.5759999999655 -18.288
146.3039999996743 54.86399999993934 -18.288
146.3039999996743 73.15199999988207 -18.288
146.3039999996743 91.4399999998401 -18.288
146.3039999996743 109.7279999997868 -18.288
146.3039999996743 128.0159999997292 -18.288
146.3039999996743 146.3039999996744 -18.288
146.3039999996743 164.5919999996213 -18.288
146.3039999996743 182.8799999995673 -18.288
146.3039999996743 201.1679999995563 -18.288
146.3039999996743 219.4559999996106 -18.288
146.3039999996743 237.7439999996537 -18.288
146.3039999996743 256.0319999997033 -18.288
146.3039999996743 274.3199999997622 -18.288
146.3039999996743 292.6079999998053 -18.288
146.3039999996743 310.8959999998484 -18.288
146.3039999996743 329.1839999999137 -18.288
146.3039999996743 347.4719999999569 -18.288
164.5919999996213 36.57599999996551 -18.288
164.5919999996213 54.86399999993935 -18.288
164.5919999996213 73.15199999988207 -18.288
164.5919999996213 91.4399999998401 -18.288
164.5919999996213 109.7279999997868 -18.288
164.5919999996213 128.0159999997292 -18.288
164.5919999996213 146.3039999996744 -18.288
164.5919999996213 164.5919999996213 -18.288
164.5919999996213 182.8799999995673 -18.288
164.5919999996213 201.1679999995563 -18.288
164.5919999996213 219.4559999996106 -18.288
164.5919999996213 237.7439999996536 -18.288
164.5919999996213 256.0319999997033 -18.288
164.5919999996213 274.3199999997623 -18.288
164.5919999996213 292.6079999998053 -18.288
164.5919999996213 310.8959999998484 -18.288
164.5919999996213 329.1839999999136 -18.288
164.5919999996213 347.4719999999569 -18.288
182.8799999995673 36.57599999996551 -18.288
182.8799999995674 54.86399999993934 -18.288
182.8799999995673 73.15199999988207 -18.288
182.8799999995673 91.4399999998401 -18.288
182.8799999995673 109.7279999997868 -18.288
182.8799999995673 128.0159999997292 -18.288
182.8799999995673 146.3039999996743 -18.288
182.8799999995674 164.5919999996213 -18.288
182.8799999995673 182.8799999995674 -18.288
182.8799999995673 201.1679999995563 -18.288
182.8799999995674 219.4559999996106 -18.288
182.8799999995673 237.7439999996537 -18.288
182.8799999995674 256.0319999997033 -18.288
182.8799999995673 274.3199999997622 -18.288
182.8799999995673 292.6079999998053 -18.288
182.8799999995674 310.8959999998484 -18.288
182.8799999995673 329.1839999999137 -18.288
182.8799999995673 347.4719999999569 -18.288
201.1679999995564 36.5759999999655 -18.288
201.1679999995564 54.86399999993934 -18.288
201.1679999995563 73.15199999988207 -18.288
201.1679999995563 91.4399999998401 -18.288
201.1679999995563 109.7279999997868 -18.288
201.1679999995564 128.0159999997292 -18.288
201.1679999995564 146.3039999996743 -18.288
201.1679999995564 164.5919999996213 -18.288
201.1679999995563 182.8799999995673 -18.288
201.1679999995563 201.1679999995563 -18.288
201.1679999995564 219.4559999996106 -18.288
201.1679999995564 237.7439999996537 -18.288
201.1679999995563 256.0319999997033 -18.288
201.1679999995563 274.3199999997622 -18.288
201.1679999995563 292.6079999998053 -18.288
201.1679999995563 310.8959999998484 -18.288
201.1679999995563 329.1839999999137 -18.288
201.1679999995563 347.4719999999569 -18.288
219.4559999996106 36.5759999999655 -18.288
219.4559999996106 54.86399999993935 -18.288
219.4559999996106 73.15199999988207 -18.288
219.4559999996106 91.4399999998401 -18.288
219.4559999996106 109.7279999997868 -18.288
219.4559999996106 128.0159999997292 -18.288
219.4559999996106 146.3039999996743 -18.288
219.4559999996106 164.5919999996213 -18.288
219.4559999996106 182.8799999995674 -18.288
219.4559999996106 201.1679999995563 -18.288
219.4559999996106 219.4559999996106 -18.288
219.4559999996106 237.7439999996537 -18.288
219.4559999996106 256.0319999997033 -18.288
219.4559999996106 274.3199999997622 -18.288
219.4559999996106 292.6079999998053 -18.288
219.4559999996106 310.8959999998484 -18.288
219.4559999996106 329.1839999999137 -18.288
219.4559999996106 347.4719999999569 -18.288
237.7439999996537 36.5759999999655 -18.288
237.7439999996537 54.86399999993934 -18.288
237.7439999996537 73.15199999988207 -18.288
237.7439999996537 91.43999999984008 -18.288
237.7439999996537 109.7279999997868 -18.288
237.7439999996537 128.0159999997292 -18.288
237.7439999996537 146.3039999996743 -18.288
237.7439999996536 164.5919999996213 -18.288
237.7439999996538 182.8799999995674 -18.288
237.7439999996537 201.1679999995563 -18.288
237.7439999996537 219.4559999996106 -18.288
237.7439999996537 237.7439999996537 -18.288
237.7439999996537 256.0319999997033 -18.288
237.7439999996537 274.3199999997622 -18.288
237.7439999996537 292.6079999998053 -18.288
237.7439999996537 310.8959999998484 -18.288
237.7439999996536 329.1839999999137 -18.288
237.7439999996537 347.4719999999569 -18.288
256.0319999997033 36.57599999996551 -18.288
256.0319999997032 54.86399999993934 -18.288
256.0319999997033 73.15199999988207 -18.288
256.0319999997033 91.4399999998401 -18.288
256.0319999997033 109.7279999997868 -18.288
256.0319999997032 128.0159999997292 -18.288
256.0319999997033 146.3039999996743 -18.288
256.0319999997033 164.5919999996213 -18.288
256.0319999997033 182.8799999995674 -18.288
256.0319999997033 201.1679999995563 -18.288
256.0319999997033 219.4559999996106 -18.288
256.0319999997033 237.7439999996537 -18.288
256.0319999997033 256.0319999997033 -18.288
256.0319999997033 274.3199999997622 -18.288
256.0319999997033 292.6079999998053 -18.288
256.0319999997032 310.8959999998484 -18.288
256.0319999997032 329.1839999999137 -18.288
256.0319999997033 347.4719999999569 -18.288
274.3199999997623 36.57599999996551 -18.288
274.3199999997621 54.86399999993934 -18.288
274.3199999997622 73.15199999988207 -18.288
274.3199999997622 91.4399999998401 -18.288
274.3199999997621 109.7279999997868 -18.288
274.3199999997621 128.0159999997292 -18.288
274.3199999997623 146.3039999996743 -18.288
274.3199999997622 164.5919999996213 -18.288
274.3199999997622 182.8799999995673 -18.288
274.3199999997622 201.1679999995563 -18.288
274.3199999997622 219.4559999996106 -18.288
274.3199999997622 237.7439999996537 -18.288
274.3199999997622 256.0319999997033 -18.288
274.3199999997622 274.3199999997622 -18.288
274.3199999997623 292.6079999998053 -18.288
274.3199999997621 310.8959999998484 -18.288
274.3199999997622 329.1839999999137 -18.288
274.3199999997622 347.4719999999569 -18.288
292.6079999998053 36.5759999999655 -18.288
292.6079999998053 54.86399999993934 -18.288
292.6079999998053 73.15199999988207 -18.288
292.6079999998053 91.4399999998401 -18.288
292.6079999998053 109.7279999997868 -18.288
292.6079999998053 128.0159999997292 -18.288
292.6079999998053 146.3039999996743 -18.288
292.6079999998053 164.5919999996213 -18.288
292.6079999998053 182.8799999995673 -18.288
292.6079999998053 201.1679999995563 -18.288
292.6079999998053 219.4559999996106 -18.288
292.6079999998053 237.7439999996537 -18.288
292.6079999998053 256.0319999997033 -18.288
292.6079999998053 274.3199999997623 -18.288
292.6079999998053 292.6079999998053 -18.288
292.6079999998053 310.8959999998484 -18.288
292.6079999998053 329.1839999999138 -18.288
292.6079999998053 347.4719999999568 -18.288
310.8959999998484 36.57599999996551 -18.288
310.8959999998485 54.86399999993935 -18.288
310.8959999998485 73.15199999988207 -18.288
310.8959999998484 91.4399999998401 -18.288
310.8959999998484 109.7279999997868 -18.288
310.8959999998484 128.0159999997292 -18.288
310.8959999998484 146.3039999996744 -18.288
310.8959999998484 164.5919999996213 -18.288
310.8959999998484 182.8799999995673 -18.288
310.8959999998484 201.1679999995563 -18.288
310.8959999998484 219.4559999996106 -18.288
310.8959999998484 237.7439999996537 -18.288
310.8959999998484 256.0319999997032 -18.288
310.8959999998484 274.3199999997622 -18.288
310.8959999998484 292.6079999998053 -18.288
310.8959999998484 310.8959999998484 -18.288
310.8959999998484 329.1839999999137 -18.288
310.8959999998484 347.4719999999569 -18.288
329.1839999999137 36.5759999999655 -18.288
329.1839999999139 54.86399999993934 -18.288
329.1839999999137 73.15199999988207 -18.288
329.1839999999137 91.4399999998401 -18.288
329.1839999999137 109.7279999997868 -18.288
329.1839999999136 128.0159999997292 -18.288
329.1839999999136 146.3039999996743 -18.288
329.1839999999137 164.5919999996213 -18.288
329.1839999999137 182.8799999995673 -18.288
329.1839999999137 201.1679999995563 -18.288
329.1839999999137 219.4559999996106 -18.288
329.1839999999137 237.7439999996537 -18.288
329.1839999999137 256.0319999997033 -18.288
329.1839999999137 274.3199999997622 -18.288
329.1839999999137 292.6079999998053 -18.288
329.1839999999137 310.8959999998484 -18.288
329.1839999999137 329.1839999999137 -18.288
329.1839999999137 347.4719999999568 -18.288
347.4719999999569 36.5759999999655 -18.288
347.4719999999569 54.86399999993935 -18.288
347.4719999999569 73.15199999988207 -18.288
347.4719999999568 91.4399999998401 -18.288
347.4719999999569 109.7279999997868 -18.288
347.4719999999569 128.0159999997292 -18.288
347.4719999999569 146.3039999996744 -18.288
347.4719999999569 164.5919999996213 -18.288
347.4719999999569 182.8799999995673 -18.288
347.4719999999569 201.1679999995563 -18.288
347.4719999999569 219.4559999996106 -18.288
347.4719999999569 237.7439999996537 -18.288
347.4719999999569 256.0319999997033 -18.288
347.4719999999569 274.3199999997623 -18.288
347.4719999999569 292.6079999998053 -18.288
347.4719999999569 310.8959999998484 -18.288
347.4719999999569 329.1839999999137 -18.288
347.4719999999569 347.4719999999569 -18.288
2 915 0 324
3217
3218
3219
3220
3221
3222
3223
3224
3225
3226
3227
3228
3229
3230
3231
3232
3233
3234
3235
3236
3237
3238
3239
3240
3241
3242
3243
3244
3245
3246
3247
3248
3249
3250
3251
3252
3253
3254
3255
3256
3257
3258
3259
3260
3261
3262
3263
3264
3265
3266
3267
3268
3269
3270
3271
3272
3273
3274
3275
3276
3277
3278
3279
3280
3281
3282
3283
3284
3285
3286
3287
3288
3289
3290
3291
3292
3293
3294
3295
3296
3297
3298
3299
3300
3301
3302
3303
3304
3305
3306
3307
3308
3309
3310
3311
3312
3313
3314
3315
3316
3317
3318
3319
3320
3321
3322
3323
3324
3325
3326
3327
3328
3329
3330
3331
3332
3333
3334
3335
3336
3337
3338
3339
3340
3341
3342
3343
3344
3345
3346
3347
3348
3349
3350
3351
3352
3353
3354
3355
3356
3357
3358
3359
3360
3361
3362
3363
3364
3365
3366
3367
3368
3369
3370
3371
3372
3373
3374
3375
3376
3377
3378
3379
3380
3381
3382
3383
3384
3385
3386
3387
3388
3389
3390
3391
3392
3393
3394
3395
3396
3397
3398
3399
3400
3401
3402
3403
3404
3405
3406
3407
3408
3409
3410
3411
3412
3413
3414
3415
3416
3417
3418
3419
3420
3421
3422
3423
3424
3425
3426
3427
3428
3429
3430
3431
3432
3433
3434
3435
3436
3437
3438
3439
3440
3441
3442
3443
3444
3445
3446
3447
3448
3449
3450
3451
3452
3453
3454
3455
3456
3457
3458
3459
3460
3461
3462
3463
3464
3465
3466
3467
3468
3469
3470
3471
3472
3473
3474
3475
3476
3477
3478
3479
3480
3481
3482
3483
3484
3485
3486
3487
3488
3489
3490
3491
3492
3493
3494
3495
3496
3497
3498
3499
3500
3501
3502
3503
3504
3505
3506
3507
3508
3509
3510
3511
3512
3513
3514
3515
3516
3517
3518
3519
3520
3521
3522
3523
3524
3525
3526
3527
3528
3529
3530
3531
3532
3533
3534
3535
3536
3537
3538
3539
3540
36.57599999996552 36.5759999999655 -24.384
36.57599999996552 54.86399999993934 -24.384
36.57599999996552 73.15199999988207 -24.384
36.57599999996551 91.43999999984013 -24.384
36.57599999996551 109.7279999997868 -24.384
36.5759999999655 128.0159999997292 -24.384
36.5759999999655 146.3039999996743 -24.384
36.57599999996551 164.5919999996213 -24.384
36.5759999999655 182.8799999995673 -24.384
36.5759999999655 201.1679999995564 -24.384
36.5759999999655 219.4559999996106 -24.384
36.5759999999655 237.7439999996537 -24.384
36.5759999999655 256.0319999997033 -24.384
36.5759999999655 274.3199999997622 -24.384
36.5759999999655 292.6079999998053 -24.384
36.5759999999655 310.8959999998484 -24.384
36.5759999999655 329.1839999999137 -24.384
36.5759999999655 347.4719999999569 -24.384
54.86399999993936 36.5759999999655 -24.384
54.86399999993934 54.86399999993934 -24.384
54.86399999993935 73.15199999988207 -24.384
54.86399999993933 91.4399999998401 -24.384
54.86399999993934 109.7279999997868 -24.384
54.86399999993934 128.0159999997292 -24.384
54.86399999993934 146.3039999996743 -24.384
54.86399999993935 164.5919999996213 -24.384
54.86399999993934 182.8799999995673 -24.384
54.86399999993934 201.1679999995563 -24.384
54.86399999993934 219.4559999996106 -24.384
54.86399999993934 237.7439999996537 -24.384
54.86399999993934 256.0319999997032 -24.384
54.86399999993934 274.3199999997622 -24.384
54.86399999993934 292.6079999998053 -24.384
54.86399999993934 310.8959999998484 -24.384
54.86399999993934 329.1839999999137 -24.384
54.86399999993935 347.4719999999569 -24.384
73.15199999988205 36.5759999999655 -24.384
73.15199999988205 54.86399999993934 -24.384
73.15199999988208 73.15199999988207 -24.384
73.15199999988207 91.4399999998401 -24.384
73.15199999988207 109.7279999997868 -24.384
73.15199999988207 128.0159999997292 -24.384
73.15199999988207 146.3039999996743 -24.384
73.15199999988207 164.5919999996213 -24.384
73.15199999988207 182.8799999995673 -24.384
73.15199999988207 201.1679999995563 -24.384
73.15199999988207 219.4559999996106 -24.384
73.15199999988207 237.7439999996537 -24.384
73.15199999988207 256.0319999997033 -24.384
73.15199999988207 274.3199999997622 -24.384
73.15199999988207 292.6079999998053 -24.384
73.15199999988207 310.8959999998484 -24.384
73.15199999988207 329.1839999999137 -24.384
73.15199999988207 347.4719999999569 -24.384
91.43999999984014 36.57599999996551 -24.384
91.43999999984013 54.86399999993934 -24.384
91.43999999984013 73.15199999988207 -24.384
91.4399999998401 91.43999999984013 -24.384
91.43999999984007 109.7279999997868 -24.384
91.4399999998401 128.0159999997292 -24.384
91.43999999984014 146.3039999996743 -24.384
91.4399999998401 164.5919999996213 -24.384
91.43999999984008 182.8799999995673 -24.384
91.43999999984008 201.1679999995563 -24.384
91.4399999998401 219.4559999996106 -24.384
91.43999999984008 237.7439999996537 -24.384
91.4399999998401 256.0319999997033 -24.384
91.4399999998401 274.3199999997622 -24.384
91.4399999998401 292.6079999998053 -24.384
91.4399999998401 310.8959999998484 -24.384
91.4399999998401 329.1839999999137 -24.384
91.43999999984008 347.4719999999569 -24.384
109.7279999997868 36.57599999996551 -24.384
109.7279999997868 54.86399999993934 -24.384
109.7279999997868 73.15199999988207 -24.384
109.7279999997868 91.4399999998401 -24.384
109.7279999997868 109.7279999997868 -24.384
109.7279999997868 128.0159999997292 -24.384
109.7279999997868 146.3039999996744 -24.384
109.7279999997868 164.5919999996213 -24.384
109.7279999997868 182.8799999995673 -24.384
109.7279999997867 201.1679999995563 -24.384
109.7279999997868 219.4559999996106 -24.384
109.7279999997868 237.7439999996537 -24.384
109.7279999997868 256.0319999997033 -24.384
109.7279999997868 274.3199999997622 -24.384
109.7279999997868 292.6079999998053 -24.384
109.7279999997868 310.8959999998484 -24.384
109.7279999997868 329.1839999999137 -24.384
109.7279999997867 347.4719999999569 -24.384
128.0159999997292 36.5759999999655 -24.384
128.0159999997292 54.86399999993935 -24.384
128.0159999997292 73.15199999988207 -24.384
128.0159999997292 91.4399999998401 -24.384
128.0159999997292 109.7279999997868 -24.384
128.0159999997292 128.0159999997292 -24.384
128.0159999997292 146.3039999996743 -24.384
128.0159999997292 164.5919999996213 -24.384
128.0159999997292 182.8799999995673 -24.384
128.0159999997292 201.1679999995563 -24.384
128.0159999997292 219.4559999996106 -24.384
128.0159999997292 237.7439999996538 -24.384
128.0159999997292 256.0319999997033 -24.384
128.0159999997292 274.3199999997623 -24.384
128.0159999997292 292.6079999998053 -24.384
128.0159999997292 310.8959999998484 -24.384
128.0159999997292 329.1839999999137 -24.384
128.0159999997292 347.4719999999569 -24.384
146.3039999996744 36.5759999999655 -24.384
146.3039999996743 54.86399999993934 -24.384
146.3039999996743 73.15199999988207 -24.384
146.3039999996743 91.4399999998401 -24.384
146.3039999996743 109.7279999997868 -24.384
146.3039999996743 128.0159999997292 -24.384
146.3039999996743 146.3039999996744 -24.384
146.3039999996743 164.5919999996213 -24.384
146.3039999996743 182.8799999995673 -24.384
146.3039999996743 201.1679999995563 -24.384
146.3039999996743 219.4559999996106 -24.384
146.3039999996743 237.7439999996537 -24.384
146.3039999996743 256.0319999997033 -24.384
146.3039999996743 274.3199999997622 -24.384
146.3039999996743 292.6079999998053 -24.384
146.3039999996743 310.8959999998484 -24.384
146.3039999996743 329.1839999999137 -24.384
146.3039999996743 347.4719999999569 -24.384
164.5919999996213 36.57599999996551 -24.384
164.5919999996213 54.86399999993935 -24.384
164.5919999996213 73.15199999988207 -24.384
164.5919999996213 91.4399999998401 -24.384
164.5919999996213 109.7279999997868 -24.384
164.5919999996213 128.0159999997292 -24.384
164.5919999996213 146.3039999996744 -24.384
164.5919999996213 164.5919999996213 -24.384
164.5919999996213 182.8799999995673 -24.384
164.5919999996213 201.1679999995563 -24.384
164.5919999996213 219.4559999996106 -24.384
164.5919999996213 237.7439999996536 -24.384
164.5919999996213 256.0319999997033 -24.384
164.5919999996213 274.3199999997623 -24.384
164.5919999996213 292.6079999998053 -24.384
164.5919999996213 310.8959999998484 -24.384
164.5919999996213 329.1839999999136 -24.384
164.5919999996213 347.4719999999569 -24.384
182.8799999995673 36.57599999996551 -24.384
182.8799999995674 54.86399999993934 -24.384
182.8799999995673 73.15199999988207 -24.384
182.8799999995673 91.4399999998401 -24.384
182.8799999995673 109.7279999997868 -24.384
182.8799999995673 128.0159999997292 -24.384
182.8799999995673 146.3039999996743 -24.384
182.8799999995674 164.5919999996213 -24.384
182.8799999995673 182.8799999995674 -24.384
182.8799999995673 201.1679999995563 -24.384
182.8799999995674 219.4559999996106 -24.384
182.8799999995673 237.7439999996537 -24.384
182.8799999995674 256.0319999997033 -24.384
182.8799999995673 274.3199999997622 -24.384
182.8799999995673 292.6079999998053 -24.384
182.8799999995674 310.8959999998484 -24.384
182.8799999995673 329.1839999999137 -24.384
182.8799999995673 347.4719999999569 -24.384
201.1679999995564 36.5759999999655 -24.384
201.1679999995564 54.86399999993934 -24.384
201.1679999995563 73.15199999988207 -24.384
201.1679999995563 91.4399999998401 -24.384
201.1679999995563 109.7279999997868 -24.384
201.1679999995564 128.0159999997292 -24.384
201.1679999995564 146.3039999996743 -24.384
201.1679999995564 164.5919999996213 -24.384
201.1679999995563 182.8799999995673 -24.384
201.1679999995563 201.1679999995563 -24.384
201.1679999995564 219.4559999996106 -24.384
201.1679999995564 237.7439999996537 -24.384
201.1679999995563 256.0319999997033 -24.384
201.1679999995563 274.3199999997622 -24.384
201.1679999995563 292.6079999998053 -24.384
201.1679999995563 310.8959999998484 -24.384
201.1679999995563 329.1839999999137 -24.384
201.1679999995563 347.4719999999569 -24.384
219.4559999996106 36.5759999999655 -24.384
219.4559999996106 54.86399999993935 -24.384
219.4559999996106 73.15199999988207 -24.384
219.4559999996106 91.4399999998401 -24.384
219.4559999996106 109.7279999997868 -24.384
219.4559999996106 128.0159999997292 -24.384
219.4559999996106 146.3039999996743 -24.384
219.4559999996106 164.5919999996213 -24.384
219.4559999996106 182.8799999995674 -24.384
219.4559999996106 201.1679999995563 -24.384
219.4559999996106 219.4559999996106 -24.384
219.4559999996106 237.7439999996537 -24.384
219.4559999996106 256.0319999997033 -24.384
219.4559999996106 274.3199999997622 -24.384
219.4559999996106 292.6079999998053 -24.384
219.4559999996106 310.8959999998484 -24.384
219.4559999996106 329.1839999999137 -24.384
219.4559999996106 347.4719999999569 -24.384
237.7439999996537 36.5759999999655 -24.384
237.7439999996537 54.86399999993934 -24.384
237.7439999996537 73.15199999988207 -24.384
237.7439999996537 91.43999999984008 -24.384
237.7439999996537 109.7279999997868 -24.384
237.7439999996537 128.0159999997292 -24.384
237.7439999996537 146.3039999996743 -24.384
237.7439999996536 164.5919999996213 -24.384
237.7439999996538 182.8799999995674 -24.384
237.7439999996537 201.1679999995563 -24.384
237.7439999996537 219.4559999996106 -24.384
237.7439999996537 237.7439999996537 -24.384
237.7439999996537 256.0319999997033 -24.384
237.7439999996537 274.3199999997622 -24.384
237.7439999996537 292.6079999998053 -24.384
237.7439999996537 310.8959999998484 -24.384
237.7439999996536 329.1839999999137 -24.384
237.7439999996537 347.4719999999569 -24.384
256.0319999997033 36.57599999996551 -24.384
256.0319999997032 54.86399999993934 -24.384
256.0319999997033 73.15199999988207 -24.384
256.0319999997033 91.4399999998401 -24.384
256.0319999997033 109.7279999997868 -24.384
256.0319999997032 128.0159999997292 -24.384
256.0319999997033 146.3039999996743 -24.384
256.0319999997033 164.5919999996213 -24.384
256.0319999997033 182.8799999995674 -24.384
256.0319999997033 201.1679999995563 -24.384
256.0319999997033 219.4559999996106 -24.384
256.0319999997033 237.7439999996537 -24.384
256.0319999997033 256.0319999997033 -24.384
256.0319999997033 274.3199999997622 -24.384
256.0319999997033 292.6079999998053 -24.384
256.0319999997032 310.8959999998484 -24.384
256.0319999997032 329.1839999999137 -24.384
256.0319999997033 347.4719999999569 -24.384
274.3199999997623 36.57599999996551 -24.384
274.3199999997621 54.86399999993934 -24.384
274.3199999997622 73.15199999988207 -24.384
274.3199999997622 91.4399999998401 -24.384
274.3199999997621 109.7279999997868 -24.384
274.3199999997621 128.0159999997292 -24.384
274.3199999997623 146.3039999996743 -24.384
274.3199999997622 164.5919999996213 -24.384
274.3199999997622 182.8799999995673 -24.384
274.3199999997622 201.1679999995563 -24.384
274.3199999997622 219.4559999996106 -24.384
274.3199999997622 237.7439999996537 -24.384
274.3199999997622 256.0319999997033 -24.384
274.3199999997622 274.3199999997622 -24.384
274.3199999997623 292.6079999998053 -24.384
274.3199999997621 310.8959999998484 -24.384
274.3199999997622 329.1839999999137 -24.384
274.3199999997622 347.4719999999569 -24.384
292.6079999998053 36.5759999999655 -24.384
292.6079999998053 54.86399999993934 -24.384
292.6079999998053 73.15199999988207 -24.384
292.6079999998053 91.4399999998401 -24.384
292.6079999998053 109.7279999997868 -24.384
292.6079999998053 128.0159999997292 -24.384
292.6079999998053 146.3039999996743 -24.384
292.6079999998053 164.5919999996213 -24.384
292.6079999998053 182.8799999995673 -24.384
292.6079999998053 201.1679999995563 -24.384
292.6079999998053 219.4559999996106 -24.384
292.6079999998053 237.7439999996537 -24.384
292.6079999998053 256.0319999997033 -24.384
292.6079999998053 274.3199999997623 -24.384
292.6079999998053 292.6079999998053 -24.384
292.6079999998053 310.8959999998484 -24.384
292.6079999998053 329.1839999999138 -24.384
292.6079999998053 347.4719999999568 -24.384
310.8959999998484 36.57599999996551 -24.384
310.8959999998485 54.86399999993935 -24.384
310.8959999998485 73.15199999988207 -24.384
310.8959999998484 91.4399999998401 -24.384
310.8959999998484 109.7279999997868 -24.384
310.8959999998484 128.0159999997292 -24.384
310.8959999998484 146.3039999996744 -24.384
310.8959999998484 164.5919999996213 -24.384
310.8959999998484 182.8799999995673 -24.384
310.8959999998484 201.1679999995563 -24.384
310.8959999998484 219.4559999996106 -24.384
310.8959999998484 237.7439999996537 -24.384
310.8959999998484 256.0319999997032 -24.384
310.8959999998484 274.3199999997622 -24.384
310.8959999998484 292.6079999998053 -24.384
310.8959999998484 310.8959999998484 -24.384
310.8959999998484 329.1839999999137 -24.384
310.8959999998484 347.4719999999569 -24.384
329.1839999999137 36.5759999999655 -24.384
329.1839999999139 54.86399999993934 -24.384
329.1839999999137 73.15199999988207 -24.384
329.1839999999137 91.4399999998401 -24.384
329.1839999999137 109.7279999997868 -24.384
329.1839999999136 128.0159999997292 -24.384
329.1839999999136 146.3039999996743 -24.384
329.1839999999137 164.5919999996213 -24.384
329.1839999999137 182.8799999995673 -24.384
329.1839999999137 201.1679999995563 -24.384
329.1839999999137 219.4559999996106 -24.384
329.1839999999137 237.7439999996537 -24.384
329.1839999999137 256.0319999997033 -24.384
329.1839999999137 274.3199999997622 -24.384
329.1839999999137 292.6079999998053 -24.384
329.1839999999137 310.8959999998484 -24.384
329.1839999999137 329.1839999999137 -24.384
329.1839999999137 347.4719999999568 -24.384
347.4719999999569 36.5759999999655 -24.384
347.4719999999569 54.86399999993935 -24.384
347.4719999999569 73.15199999988207 -24.384
347.4719999999568 91.4399999998401 -24.384
347.4719999999569 109.7279999997868 -24.384
347.4719999999569 128.0159999997292 -24.384
347.4719999999569 146.3039999996744 -24.384
347.4719999999569 164.5919999996213 -24.384
347.4719999999569 182.8799999995673 -24.384
347.4719999999569 201.1679999995563 -24.384
347.4719999999569 219.4559999996106 -24.384
347.4719999999569 237.7439999996537 -24.384
347.4719999999569 256.0319999997033 -24.384
347.4719999999569 274.3199999997623 -24.384
347.4719999999569 292.6079999998053 -24.384
347.4719999999569 310.8959999998484 -24.384
347.4719999999569 329.1839999999137 -24.384
347.4719999999569 347.4719999999569 -24.384
2 1113 0 324
3541
3542
3543
3544
3545
3546
3547
3548
3549
3550
3551
3552
3553
3554
3555
3556
3557
3558
3559
3560
3561
3562
3563
3564
3565
3566
3567
3568
3569
3570
3571
3572
3573
3574
3575
3576
3577
3578
3579
3580
3581
3582
3583
3584
3585
3586
3587
3588
3589
3590
3591
3592
3593
3594
3595
3596
3597
3598
3599
3600
3601
3602
3603
3604
3605
3606
3607
3608
3609
3610
3611
3612
3613
3614
3615
3616
3617
3618
3619
3620
3621
3622
3623
3624
3625
3626
3627
3628
3629
3630
3631
3632
3633
3634
3635
3636
3637
3638
3639
3640
3641
3642
3643
3644
3645
3646
3647
3648
3649
3650
3651
3652
3653
3654
3655
3656
3657
3658
3659
3660
3661
3662
3663
3664
3665
3666
3667
3668
3669
3670
3671
3672
3673
3674
3675
3676
3677
3678
3679
3680
3681
3682
3683
3684
3685
3686
3687
3688
3689
3690
3691
3692
3693
3694
3695
3696
3697
3698
3699
3700
3701
3702
3703
3704
3705
3706
3707
3708
3709
3710
3711
3712
3713
3714
3715
3716
3717
3718
3719
3720
3721
3722
3723
3724
3725
3726
3727
3728
3729
3730
3731
3732
3733
3734
3735
3736
3737
3738
3739
3740
3741
3742
3743
3744
3745
3746
3747
3748
3749
3750
3751
3752
3753
3754
3755
3756
3757
3758
3759
3760
3761
3762
3763
3764
3765
3766
3767
3768
3769
3770
3771
3772
3773
3774
3775
3776
3777
3778
3779
3780
3781
3782
3783
3784
3785
3786
3787
3788
3789
3790
3791
3792
3793
3794
3795
3796
3797
3798
3799
3800
3801
3802
3803
3804
3805
3806
3807
3808
3809
3810
3811
3812
3813
3814
3815
3816
3817
3818
3819
3820
3821
3822
3823
3824
3825
3826
3827
3828
3829
3830
3831
3832
3833
3834
3835
3836
3837
3838
3839
3840
3841
3842
3843
3844
3845
3846
3847
3848
3849
3850
3851
3852
3853
3854
3855
3856
3857
3858
3859
3860
3861
3862
3863
3864
36.57599999996552 36.5759999999655 -30.48
36.57599999996552 54.86399999993934 -30.48
36.57599999996552 73.15199999988207 -30.48
36.57599999996551 91.43999999984013 -30.48
36.57599999996551 109.7279999997868 -30.48
36.5759999999655 128.0159999997292 -30.48
36.5759999999655 146.3039999996743 -30.48
36.57599999996551 164.5919999996213 -30.48
36.5759999999655 182.8799999995673 -30.48
36.5759999999655 201.1679999995564 -30.48
36.5759999999655 219.4559999996106 -30.48
36.5759999999655 237.7439999996537 -30.48
36.5759999999655 256.0319999997033 -30.48
36.5759999999655 274.3199999997622 -30.48
36.5759999999655 292.6079999998053 -30.48
36.5759999999655 310.8959999998484 -30.48
36.5759999999655 329.1839999999137 -30.48
36.5759999999655 347.4719999999569 -30.48
54.86399999993936 36.5759999999655 -30.48
54.86399999993934 54.86399999993934 -30.48
54.86399999993935 73.15199999988207 -30.48
54.86399999993933 91.4399999998401 -30.48
54.86399999993934 109.7279999997868 -30.48
54.86399999993934 128.0159999997292 -30.48
54.86399999993934 146.3039999996743 -30.48
54.86399999993935 164.5919999996213 -30.48
54.86399999993934 182.8799999995673 -30.48
54.86399999993934 201.1679999995563 -30.48
54.86399999993934 219.4559999996106 -30.48
54.86399999993934 237.7439999996537 -30.48
54.86399999993934 256.0319999997032 -30.48
54.86399999993934 274.3199999997622 -30.48
54.86399999993934 292.6079999998053 -30.48
54.86399999993934 310.8959999998484 -30.48
54.86399999993934 329.1839999999137 -30.48
54.86399999993935 347.4719999999569 -30.48
73.15199999988205 36.5759999999655 -30.48
73.15199999988205 54.86399999993934 -30.48
73.15199999988208 73.15199999988207 -30.48
73.15199999988207 91.4399999998401 -30.48
73.15199999988207 109.7279999997868 -30.48
73.15199999988207 128.0159999997292 -30.48
73.15199999988207 146.3039999996743 -30.48
73.15199999988207 164.5919999996213 -30.48
73.15199999988207 182.8799999995673 -30.48
73.15199999988207 201.1679999995563 -30.48
73.15199999988207 219.4559999996106 -30.48
73.15199999988207 237.7439999996537 -30.48
73.15199999988207 256.0319999997033 -30.48
73.15199999988207 274.3199999997622 -30.48
73.15199999988207 292.6079999998053 -30.48
73.15199999988207 310.8959999998484 -30.48
73.15199999988207 329.1839999999137 -30.48
73.15199999988207 347.4719999999569 -30.48
91.43999999984014 36.57599999996551 -30.48
91.43999999984013 54.86399999993934 -30.48
91.43999999984013 73.15199999988207 -30.48
91.4399999998401 91.43999999984013 -30.48
91.43999999984007 109.7279999997868 -30.48
91.4399999998401 128.0159999997292 -30.48
91.43999999984014 146.3039999996743 -30.48
91.4399999998401 164.5919999996213 -30.48
91.43999999984008 182.8799999995673 -30.48
91.43999999984008 201.1679999995563 -30.48
91.4399999998401 219.4559999996106 -30.48
91.43999999984008 237.7439999996537 -30.48
91.4399999998401 256.0319999997033 -30.48
91.4399999998401 274.3199999997622 -30.48
91.4399999998401 292.6079999998053 -30.48
91.4399999998401 310.8959999998484 -30.48
91.4399999998401 329.1839999999137 -30.48
91.43999999984008 347.4719999999569 -30.48
109.7279999997868 36.57599999996551 -30.48
109.7279999997868 54.86399999993934 -30.48
109.7279999997868 73.15199999988207 -30.48
109.7279999997868 91.4399999998401 -30.48
109.7279999997868 109.7279999997868 -30.48
109.7279999997868 128.0159999997292 -30.48
109.7279999997868 146.3039999996744 -30.48
109.7279999997868 164.5919999996213 -30.48
109.7279999997868 182.8799999995673 -30.48
109.7279999997867 201.1679999995563 -30.48
109.7279999997868 219.4559999996106 -30.48
109.7279999997868 237.7439999996537 -30.48
109.7279999997868 256.0319999997033 -30.48
109.7279999997868 274.3199999997622 -30.48
109.7279999997868 292.6079999998053 -30.48
109.7279999997868 310.8959999998484 -30.48
109.7279999997868 329.1839999999137 -30.48
109.7279999997867 347.4719999999569 -30.48
128.0159999997292 36.5759999999655 -30.48
128.0159999997292 54.86399999993935 -30.48
128.0159999997292 73.15199999988207 -30.48
128.0159999997292 91.4399999998401 -30.48
128.0159999997292 109.7279999997868 -30.48
128.0159999997292 128.0159999997292 -30.48
128.0159999997292 146.3039999996743 -30.48
128.0159999997292 164.5919999996213 -30.48
128.0159999997292 182.8799999995673 -30.48
128.0159999997292 201.1679999995563 -30.48
128.0159999997292 219.4559999996106 -30.48
128.0159999997292 237.7439999996538 -30.48
128.0159999997292 256.0319999997033 -30.48
128.0159999997292 274.3199999997623 -30.48
128.0159999997292 292.6079999998053 -30.48
128.0159999997292 310.8959999998484 -30.48
128.0159999997292 329.1839999999137 -30.48
128.0159999997292 347.4719999999569 -30.48
146.3039999996744 36.5759999999655 -30.48
146.3039999996743 54.86399999993934 -30.48
146.3039999996743 73.15199999988207 -30.48
146.3039999996743 91.4399999998401 -30.48
146.3039999996743 109.7279999997868 -30.48
146.3039999996743 128.0159999997292 -30.48
146.3039999996743 146.3039999996744 -30.48
146.3039999996743 164.5919999996213 -30.48
146.3039999996743 182.8799999995673 -30.48
146.3039999996743 201.1679999995563 -30.48
146.3039999996743 219.4559999996106 -30.48
146.3039999996743 237.7439999996537 -30.48
146.3039999996743 256.0319999997033 -30.48
146.3039999996743 274.3199999997622 -30.48
146.3039999996743 292.6079999998053 -30.48
146.3039999996743 310.8959999998484 -30.48
146.3039999996743 329.1839999999137 -30.48
146.3039999996743 347.4719999999569 -30.48
164.5919999996213 36.57599999996551 -30.48
164.5919999996213 54.86399999993935 -30.48
164.5919999996213 73.15199999988207 -30.48
164.5919999996213 91.4399999998401 -30.48
164.5919999996213 109.7279999997868 -30.48
164.5919999996213 128.0159999997292 -30.48
164.5919999996213 146.3039999996744 -30.48
164.5919999996213 164.5919999996213 -30.48
164.5919999996213 182.8799999995673 -30.48
164.5919999996213 201.1679999995563 -30.48
164.5919999996213 219.4559999996106 -30.48
164.5919999996213 237.7439999996536 -30.48
164.5919999996213 256.0319999997033 -30.48
164.5919999996213 274.3199999997623 -30.48
164.5919999996213 292.6079999998053 -30.48
164.5919999996213 310.8959999998484 -30.48
164.5919999996213 329.1839999999136 -30.48
164.5919999996213 347.4719999999569 -30.48
182.8799999995673 36.57599999996551 -30.48
182.8799999995674 54.86399999993934 -30.48
182.8799999995673 73.15199999988207 -30.48
182.8799999995673 91.4399999998401 -30.48
182.8799999995673 109.7279999997868 -30.48
182.8799999995673 128.0159999997292 -30.48
182.8799999995673 146.3039999996743 -30.48
182.8799999995674 164.5919999996213 -30.48
182.8799999995673 182.8799999995674 -30.48
182.8799999995673 201.1679999995563 -30.48
182.8799999995674 219.4559999996106 -30.48
182.8799999995673 237.7439999996537 -30.48
182.8799999995674 256.0319999997033 -30.48
182.8799999995673 274.3199999997622 -30.48
182.8799999995673 292.6079999998053 -30.48
182.8799999995674 310.8959999998484 -30.48
182.8799999995673 329.1839999999137 -30.48
182.8799999995673 347.4719999999569 -30.48
201.1679999995564 36.5759999999655 -30.48
201.1679999995564 54.86399999993934 -30.48
201.1679999995563 73.15199999988207 -30.48
201.1679999995563 91.4399999998401 -30.48
201.1679999995563 109.7279999997868 -30.48
201.1679999995564 128.0159999997292 -30.48
201.1679999995564 146.3039999996743 -30.48
201.1679999995564 164.5919999996213 -30.48
201.1679999995563 182.8799999995673 -30.48
201.1679999995563 201.1679999995563 -30.48
201.1679999995564 219.4559999996106 -30.48
201.1679999995564 237.7439999996537 -30.48
201.1679999995563 256.0319999997033 -30.48
201.1679999995563 274.3199999997622 -30.48
201.1679999995563 292.6079999998053 -30.48
201.1679999995563 310.8959999998484 -30.48
201.1679999995563 329.1839999999137 -30.48
201.1679999995563 347.4719999999569 -30.48
219.4559999996106 36.5759999999655 -30.48
219.4559999996106 54.86399999993935 -30.48
219.4559999996106 73.15199999988207 -30.48
219.4559999996106 91.4399999998401 -30.48
219.4559999996106 109.7279999997868 -30.48
219.4559999996106 128.0159999997292 -30.48
219.4559999996106 146.3039999996743 -30.48
219.4559999996106 164.5919999996213 -30.48
219.4559999996106 182.8799999995674 -30.48
219.4559999996106 201.1679999995563 -30.48
219.4559999996106 219.4559999996106 -30.48
219.4559999996106 237.7439999996537 -30.48
219.4559999996106 256.0319999997033 -30.48
219.4559999996106 274.3199999997622 -30.48
219.4559999996106 292.6079999998053 -30.48
219.4559999996106 310.8959999998484 -30.48
219.4559999996106 329.1839999999137 -30.48
219.4559999996106 347.4719999999569 -30.48
237.7439999996537 36.5759999999655 -30.48
237.7439999996537 54.86399999993934 -30.48
237.7439999996537 73.15199999988207 -30.48
237.7439999996537 91.43999999984008 -30.48
237.7439999996537 109.7279999997868 -30.48
237.7439999996537 128.0159999997292 -30.48
237.7439999996537 146.3039999996743 -30.48
237.7439999996536 164.5919999996213 -30.48
237.7439999996538 182.8799999995674 -30.48
237.7439999996537 201.1679999995563 -30.48
237.7439999996537 219.4559999996106 -30.48
237.7439999996537 237.7439999996537 -30.48
237.7439999996537 256.0319999997033 -30.48
237.7439999996537 274.3199999997622 -30.48
237.7439999996537 292.6079999998053 -30.48
237.7439999996537 310.8959999998484 -30.48
237.7439999996536 329.1839999999137 -30.48
237.7439999996537 347.4719999999569 -30.48
256.0319999997033 36.57599999996551 -30.48
256.0319999997032 54.86399999993934 -30.48
256.0319999997033 73.15199999988207 -30.48
256.0319999997033 91.4399999998401 -30.48
256.0319999997033 109.7279999997868 -30.48
256.0319999997032 128.0159999997292 -30.48
256.0319999997033 146.3039999996743 -30.48
256.0319999997033 164.5919999996213 -30.48
256.0319999997033 182.8799999995674 -30.48
256.0319999997033 201.1679999995563 -30.48
256.0319999997033 219.4559999996106 -30.48
256.0319999997033 237.7439999996537 -30.48
256.0319999997033 256.0319999997033 -30.48
256.0319999997033 274.3199999997622 -30.48
256.0319999997033 292.6079999998053 -30.48
256.0319999997032 310.8959999998484 -30.48
256.0319999997032 329.1839999999137 -30.48
256.0319999997033 347.4719999999569 -30.48
274.3199999997623 36.57599999996551 -30.48
274.3199999997621 54.86399999993934 -30.48
274.3199999997622 73.15199999988207 -30.48
274.3199999997622 91.4399999998401 -30.48
274.3199999997621 109.7279999997868 -30.48
274.3199999997621 128.0159999997292 -30.48
274.3199999997623 146.3039999996743 -30.48
274.3199999997622 164.5919999996213 -30.48
274.3199999997622 182.8799999995673 -30.48
274.3199999997622 201.1679999995563 -30.48
274.3199999997622 219.4559999996106 -30.48
274.3199999997622 237.7439999996537 -30.48
274.3199999997622 256.0319999997033 -30.48
274.3199999997622 274.3199999997622 -30.48
274.3199999997623 292.6079999998053 -30.48
274.3199999997621 310.8959999998484 -30.48
274.3199999997622 329.1839999999137 -30.48
274.3199999997622 347.4719999999569 -30.48
292.6079999998053 36.5759999999655 -30.48
292.6079999998053 54.86399999993934 -30.48
292.6079999998053 73.15199999988207 -30.48
292.6079999998053 91.4399999998401 -30.48
292.6079999998053 109.7279999997868 -30.48
292.6079999998053 128.0159999997292 -30.48
292.6079999998053 146.3039999996743 -30.48
292.6079999998053 164.5919999996213 -30.48
292.6079999998053 182.8799999995673 -30.48
292.6079999998053 201.1679999995563 -30.48
292.6079999998053 219.4559999996106 -30.48
292.6079999998053 237.7439999996537 -30.48
292.6079999998053 256.0319999997033 -30.48
292.6079999998053 274.3199999997623 -30.48
292.6079999998053 292.6079999998053 -30.48
292.6079999998053 310.8959999998484 -30.48
292.6079999998053 329.1839999999138 -30.48
292.6079999998053 347.4719999999568 -30.48
310.8959999998484 36.57599999996551 -30.48
310.8959999998485 54.86399999993935 -30.48
310.8959999998485 73.15199999988207 -30.48
310.8959999998484 91.4399999998401 -30.48
310.8959999998484 109.7279999997868 -30.48
310.8959999998484 128.0159999997292 -30.48
310.8959999998484 146.3039999996744 -30.48
310.8959999998484 164.5919999996213 -30.48
310.8959999998484 182.8799999995673 -30.48
310.8959999998484 201.1679999995563 -30.48
310.8959999998484 219.4559999996106 -30.48
310.8959999998484 237.7439999996537 -30.48
310.8959999998484 256.0319999997032 -30.48
310.8959999998484 274.3199999997622 -30.48
310.8959999998484 292.6079999998053 -30.48
310.8959999998484 310.8959999998484 -30.48
310.8959999998484 329.1839999999137 -30.48
310.8959999998484 347.4719999999569 -30.48
329.1839999999137 36.5759999999655 -30.48
329.1839999999139 54.86399999993934 -30.48
329.1839999999137 73.15199999988207 -30.48
329.1839999999137 91.4399999998401 -30.48
329.1839999999137 109.7279999997868 -30.48
329.1839999999136 128.0159999997292 -30.48
329.1839999999136 146.3039999996743 -30.48
329.1839999999137 164.5919999996213 -30.48
329.1839999999137 182.8799999995673 -30.48
329.1839999999137 201.1679999995563 -30.48
329.1839999999137 219.4559999996106 -30.48
329.1839999999137 237.7439999996537 -30.48
329.1839999999137 256.0319999997033 -30.48
329.1839999999137 274.3199999997622 -30.48
329.1839999999137 292.6079999998053 -30.48
329.1839999999137 310.8959999998484 -30.48
329.1839999999137 329.1839999999137 -30.48
329.1839999999137 347.4719999999568 -30.48
347.4719999999569 36.5759999999655 -30.48
347.4719999999569 54.86399999993935 -30.48
347.4719999999569 73.15199999988207 -30.48
347.4719999999568 91.4399999998401 -30.48
347.4719999999569 109.7279999997868 -30.48
347.4719999999569 128.0159999997292 -30.48
347.4719999999569 146.3039999996744 -30.48
347.4719999999569 164.5919999996213 -30.48
347.4719999999569 182.8799999995673 -30.48
347.4719999999569 201.1679999995563 -30.48
347.4719999999569 219.4559999996106 -30.48
347.4719999999569 237.7439999996537 -30.48
347.4719999999569 256.0319999997033 -30.48
347.4719999999569 274.3199999997623 -30.48
347.4719999999569 292.6079999998053 -30.48
347.4719999999569 310.8959999998484 -30.48
347.4719999999569 329.1839999999137 -30.48
347.4719999999569 347.4719999999569 -30.48
2 1311 0 324
3865
3866
3867
3868
3869
3870
3871
3872
3873
3874
3875
3876
3877
3878
3879
3880
3881
3882
3883
3884
3885
3886
3887
3888
3889
3890
3891
3892
3893
3894
3895
3896
3897
3898
3899
3900
3901
3902
3903
3904
3905
3906
3907
3908
3909
3910
3911
3912
3913
3914
3915
3916
3917
3918
3919
3920
3921
3922
3923
3924
3925
3926
3927
3928
3929
3930
3931
3932
3933
3934
3935
3936
3937
3938
3939
3940
3941
3942
3943
3944
3945
3946
3947
3948
3949
3950
3951
3952
3953
3954
3955
3956
3957
3958
3959
3960
3961
3962
3963
3964
3965
3966
3967
3968
3969
3970
3971
3972
3973
3974
3975
3976
3977
3978
3979
3980
3981
3982
3983
3984
3985
3986
3987
3988
3989
3990
3991
3992
3993
3994
3995
3996
3997
3998
3999
4000
4001
4002
4003
4004
4005
4006
4007
4008
4009
4010
4011
4012
4013
4014
4015
4016
4017
4018
4019
4020
4021
4022
4023
4024
4025
4026
4027
4028
4029
4030
4031
4032
4033
4034
4035
4036
4037
4038
4039
4040
4041
4042
4043
4044
4045
4046
4047
4048
4049
4050
4051
4052
4053
4054
4055
4056
4057
4058
4059
4060
4061
4062
4063
4064
4065
4066
4067
4068
4069
4070
4071
4072
4073
4074
4075
4076
4077
4078
4079
4080
4081
4082
4083
4084
4085
4086
4087
4088
4089
4090
4091
4092
4093
4094
4095
4096
4097
4098
4099
4100
4101
4102
4103
4104
4105
4106
4107
4108
4109
4110
4111
4112
4113
4114
4115
4116
4117
4118
4119
4120
4121
4122
4123
4124
4125
4126
4127
4128
4129
4130
4131
4132
4133
4134
4135
4136
4137
4138
4139
4140
4141
4142
4143
4144
4145
4146
4147
4148
4149
4150
4151
4152
4153
4154
4155
4156
4157
4158
4159
4160
4161
4162
4163
4164
4165
4166
4167
4168
4169
4170
4171
4172
4173
4174
4175
4176
4177
4178
4179
4180
4181
4182
4183
4184
4185
4186
4187
4188
36.57599999996552 36.5759999999655 -36.576
36.57599999996552 54.86399999993934 -36.576
36.57599999996552 73.15199999988207 -36.576
36.57599999996551 91.43999999984013 -36.576
36.57599999996551 109.7279999997868 -36.576
36.5759999999655 128.0159999997292 -36.576
36.5759999999655 146.3039999996743 -36.576
36.57599999996551 164.5919999996213 -36.576
36.5759999999655 182.8799999995673 -36.576
36.5759999999655 201.1679999995564 -36.576
36.5759999999655 219.4559999996106 -36.576
36.5759999999655 237.7439999996537 -36.576
36.5759999999655 256.0319999997033 -36.576
36.5759999999655 274.3199999997622 -36.576
36.5759999999655 292.6079999998053 -36.576
36.5759999999655 310.8959999998484 -36.576
36.5759999999655 329.1839999999137 -36.576
36.5759999999655 347.4719999999569 -36.576
54.86399999993936 36.5759999999655 -36.576
54.86399999993934 54.86399999993934 -36.576
54.86399999993935 73.15199999988207 -36.576
54.86399999993933 91.4399999998401 -36.576
54.86399999993934 109.7279999997868 -36.576
54.86399999993934 128.0159999997292 -36.576
54.86399999993934 146.3039999996743 -36.576
54.86399999993935 164.5919999996213 -36.576
54.86399999993934 182.8799999995673 -36.576
54.86399999993934 201.1679999995563 -36.576
54.86399999993934 219.4559999996106 -36.576
54.86399999993934 237.7439999996537 -36.576
54.86399999993934 256.0319999997032 -36.576
54.86399999993934 274.3199999997622 -36.576
54.86399999993934 292.6079999998053 -36.576
54.86399999993934 310.8959999998484 -36.576
54.86399999993934 329.1839999999137 -36.576
54.86399999993935 347.4719999999569 -36.576
73.15199999988205 36.5759999999655 -36.576
73.15199999988205 54.86399999993934 -36.576
73.15199999988208 73.15199999988207 -36.576
73.15199999988207 91.4399999998401 -36.576
73.15199999988207 109.7279999997868 -36.576
73.15199999988207 128.0159999997292 -36.576
73.15199999988207 146.3039999996743 -36.576
73.15199999988207 164.5919999996213 -36.576
73.15199999988207 182.8799999995673 -36.576
73.15199999988207 201.1679999995563 -36.576
73.15199999988207 219.4559999996106 -36.576
73.15199999988207 237.7439999996537 -36.576
73.15199999988207 256.0319999997033 -36.576
73.15199999988207 274.3199999997622 -36.576
73.15199999988207 292.6079999998053 -36.576
73.15199999988207 310.8959999998484 -36.576
73.15199999988207 329.1839999999137 -36.576
73.15199999988207 347.4719999999569 -36.576
91.43999999984014 36.57599999996551 -36.576
91.43999999984013 54.86399999993934 -36.576
91.43999999984013 73.15199999988207 -36.576
91.4399999998401 91.43999999984013 -36.576
91.43999999984007 109.7279999997868 -36.576
91.4399999998401 128.0159999997292 -36.576
91.43999999984014 146.3039999996743 -36.576
91.4399999998401 164.5919999996213 -36.576
91.43999999984008 182.8799999995673 -36.576
91.43999999984008 201.1679999995563 -36.576
91.4399999998401 219.4559999996106 -36.576
91.43999999984008 237.7439999996537 -36.576
91.4399999998401 256.0319999997033 -36.576
91.4399999998401 274.3199999997622 -36.576
91.4399999998401 292.6079999998053 -36.576
91.4399999998401 310.8959999998484 -36.576
91.4399999998401 329.1839999999137 -36.576
91.43999999984008 347.4719999999569 -36.576
109.7279999997868 36.57599999996551 -36.576
109.7279999997868 54.86399999993934 -36.576
109.7279999997868 73.15199999988207 -36.576
109.7279999997868 91.4399999998401 -36.576
109.7279999997868 109.7279999997868 -36.576
109.7279999997868 128.0159999997292 -36.576
109.7279999997868 146.3039999996744 -36.576
109.7279999997868 164.5919999996213 -36.576
109.7279999997868 182.8799999995673 -36.576
109.7279999997867 201.1679999995563 -36.576
109.7279999997868 219.4559999996106 -36.576
109.7279999997868 237.7439999996537 -36.576
109.7279999997868 256.0319999997033 -36.576
109.7279999997868 274.3199999997622 -36.576
109.7279999997868 292.6079999998053 -36.576
109.7279999997868 310.8959999998484 -36.576
109.7279999997868 329.1839999999137 -36.576
109.7279999997867 347.4719999999569 -36.576
128.0159999997292 36.5759999999655 -36.576
128.0159999997292 54.86399999993935 -36.576
128.0159999997292 73.15199999988207 -36.576
128.0159999997292 91.4399999998401 -36.576
128.0159999997292 109.7279999997868 -36.576
128.0159999997292 128.0159999997292 -36.576
128.0159999997292 146.3039999996743 -36.576
128.0159999997292 164.5919999996213 -36.576
128.0159999997292 182.8799999995673 -36.576
128.0159999997292 201.1679999995563 -36.576
128.0159999997292 219.4559999996106 -36.576
128.0159999997292 237.7439999996538 -36.576
128.0159999997292 256.0319999997033 -36.576
128.0159999997292 274.3199999997623 -36.576
128.0159999997292 292.6079999998053 -36.576
128.0159999997292 310.8959999998484 -36.576
128.0159999997292 329.1839999999137 -36.576
128.0159999997292 347.4719999999569 -36.576
146.3039999996744 36.5759999999655 -36.576
146.3039999996743 54.86399999993934 -36.576
146.3039999996743 73.15199999988207 -36.576
146.3039999996743 91.4399999998401 -36.576
146.3039999996743 109.7279999997868 -36.576
146.3039999996743 128.0159999997292 -36.576
146.3039999996743 146.3039999996744 -36.576
146.3039999996743 164.5919999996213 -36.576
146.3039999996743 182.8799999995673 -36.576
146.3039999996743 201.1679999995563 -36.576
146.3039999996743 219.4559999996106 -36.576
146.3039999996743 237.7439999996537 -36.576
146.3039999996743 256.0319999997033 -36.576
146.3039999996743 274.3199999997622 -36.576
146.3039999996743 292.6079999998053 -36.576
146.3039999996743 310.8959999998484 -36.576
146.3039999996743 329.1839999999137 -36.576
146.3039999996743 347.4719999999569 -36.576
164.5919999996213 36.57599999996551 -36.576
164.5919999996213 54.86399999993935 -36.576
164.5919999996213 73.15199999988207 -36.576
164.5919999996213 91.4399999998401 -36.576
164.5919999996213 109.7279999997868 -36.576
164.5919999996213 128.0159999997292 -36.576
164.5919999996213 146.3039999996744 -36.576
164.5919999996213 164.5919999996213 -36.576
164.5919999996213 182.8799999995673 -36.576
164.5919999996213 201.1679999995563 -36.576
164.5919999996213 219.4559999996106 -36.576
164.5919999996213 237.7439999996536 -36.576
164.5919999996213 256.0319999997033 -36.576
164.5919999996213 274.3199999997623 -36.576
164.5919999996213 292.6079999998053 -36.576
164.5919999996213 310.8959999998484 -36.576
164.5919999996213 329.1839999999136 -36.576
164.5919999996213 347.4719999999569 -36.576
182.8799999995673 36.57599999996551 -36.576
182.8799999995674 54.86399999993934 -36.576
182.8799999995673 73.15199999988207 -36.576
182.8799999995673 91.4399999998401 -36.576
182.8799999995673 109.7279999997868 -36.576
182.8799999995673 128.0159999997292 -36.576
182.8799999995673 146.3039999996743 -36.576
182.8799999995674 164.5919999996213 -36.576
182.8799999995673 182.8799999995674 -36.576
182.8799999995673 201.1679999995563 -36.576
182.8799999995674 219.4559999996106 -36.576
182.8799999995673 237.7439999996537 -36.576
182.8799999995674 256.0319999997033 -36.576
182.8799999995673 274.3199999997622 -36.576
182.8799999995673 292.6079999998053 -36.576
182.8799999995674 310.8959999998484 -36.576
182.8799999995673 329.1839999999137 -36.576
182.8799999995673 347.4719999999569 -36.576
201.1679999995564 36.5759999999655 -36.576
201.1679999995564 54.86399999993934 -36.576
201.1679999995563 73.15199999988207 -36.576
201.1679999995563 91.4399999998401 -36.576
201.1679999995563 109.7279999997868 -36.576
201.1679999995564 128.0159999997292 -36.576
201.1679999995564 146.3039999996743 -36.576
201.1679999995564 164.5919999996213 -36.576
201.1679999995563 182.8799999995673 -36.576
201.1679999995563 201.1679999995563 -36.576
201.1679999995564 219.4559999996106 -36.576
201.1679999995564 237.7439999996537 -36.576
201.1679999995563 256.0319999997033 -36.576
201.1679999995563 274.3199999997622 -36.576
201.1679999995563 292.6079999998053 -36.576
201.1679999995563 310.8959999998484 -36.576
201.1679999995563 329.1839999999137 -36.576
201.1679999995563 347.4719999999569 -36.576
219.4559999996106 36.5759999999655 -36.576
219.4559999996106 54.86399999993935 -36.576
219.4559999996106 73.15199999988207 -36.576
219.4559999996106 91.4399999998401 -36.576
219.4559999996106 109.7279999997868 -36.576
219.4559999996106 128.0159999997292 -36.576
219.4559999996106 146.3039999996743 -36.576
219.4559999996106 164.5919999996213 -36.576
219.4559999996106 182.8799999995674 -36.576
219.4559999996106 201.1679999995563 -36.576
219.4559999996106 219.4559999996106 -36.576
219.4559999996106 237.7439999996537 -36.576
219.4559999996106 256.0319999997033 -36.576
219.4559999996106 274.3199999997622 -36.576
219.4559999996106 292.6079999998053 -36.576
219.4559999996106 310.8959999998484 -36.576
219.4559999996106 329.1839999999137 -36.576
219.4559999996106 347.4719999999569 -36.576
237.7439999996537 36.5759999999655 -36.576
237.7439999996537 54.86399999993934 -36.576
237.7439999996537 73.15199999988207 -36.576
237.7439999996537 91.43999999984008 -36.576
237.7439999996537 109.7279999997868 -36.576
237.7439999996537 128.0159999997292 -36.576
237.7439999996537 146.3039999996743 -36.576
237.7439999996536 164.5919999996213 -36.576
237.7439999996538 182.8799999995674 -36.576
237.7439999996537 201.1679999995563 -36.576
237.7439999996537 219.4559999996106 -36.576
237.7439999996537 237.7439999996537 -36.576
237.7439999996537 256.0319999997033 -36.576
237.7439999996537 274.3199999997622 -36.576
237.7439999996537 292.6079999998053 -36.576
237.7439999996537 310.8959999998484 -36.576
237.7439999996536 329.1839999999137 -36.576
237.7439999996537 347.4719999999569 -36.576
256.0319999997033 36.57599999996551 -36.576
256.0319999997032 54.86399999993934 -36.576
256.0319999997033 73.15199999988207 -36.576
256.0319999997033 91.4399999998401 -36.576
256.0319999997033 109.7279999997868 -36.576
256.0319999997032 128.0159999997292 -36.576
256.0319999997033 146.3039999996743 -36.576
256.0319999997033 164.5919999996213 -36.576
256.0319999997033 182.8799999995674 -36.576
256.0319999997033 201.1679999995563 -36.576
256.0319999997033 219.4559999996106 -36.576
256.0319999997033 237.7439999996537 -36.576
256.0319999997033 256.0319999997033 -36.576
256.0319999997033 274.3199999997622 -36.576
256.0319999997033 292.6079999998053 -36.576
256.0319999997032 310.8959999998484 -36.576
256.0319999997032 329.1839999999137 -36.576
256.0319999997033 347.4719999999569 -36.576
274.3199999997623 36.57599999996551 -36.576
274.3199999997621 54.86399999993934 -36.576
274.3199999997622 73.15199999988207 -36.576
274.3199999997622 91.4399999998401 -36.576
274.3199999997621 109.7279999997868 -36.576
274.3199999997621 128.0159999997292 -36.576
274.3199999997623 146.3039999996743 -36.576
274.3199999997622 164.5919999996213 -36.576
274.3199999997622 182.8799999995673 -36.576
274.3199999997622 201.1679999995563 -36.576
274.3199999997622 219.4559999996106 -36.576
274.3199999997622 237.7439999996537 -36.576
274.3199999997622 256.0319999997033 -36.576
274.3199999997622 274.3199999997622 -36.576
274.3199999997623 292.6079999998053 -36.576
274.3199999997621 310.8959999998484 -36.576
274.3199999997622 329.1839999999137 -36.576
274.3199999997622 347.4719999999569 -36.576
292.6079999998053 36.5759999999655 -36.576
292.6079999998053 54.86399999993934 -36.576
292.6079999998053 73.15199999988207 -36.576
292.6079999998053 91.4399999998401 -36.576
292.6079999998053 109.7279999997868 -36.576
292.6079999998053 128.0159999997292 -36.576
292.6079999998053 146.3039999996743 -36.576
292.6079999998053 164.5919999996213 -36.576
292.6079999998053 182.8799999995673 -36.576
292.6079999998053 201.1679999995563 -36.576
292.6079999998053 219.4559999996106 -36.576
292.6079999998053 237.7439999996537 -36.576
292.6079999998053 256.0319999997033 -36.576
292.6079999998053 274.3199999997623 -36.576
292.6079999998053 292.6079999998053 -36.576
292.6079999998053 310.8959999998484 -36.576
292.6079999998053 329.1839999999138 -36.576
292.6079999998053 347.4719999999568 -36.576
310.8959999998484 36.57599999996551 -36.576
310.8959999998485 54.86399999993935 -36.576
310.8959999998485 73.15199999988207 -36.576
310.8959999998484 91.4399999998401 -36.576
310.8959999998484 109.7279999997868 -36.576
310.8959999998484 128.0159999997292 -36.576
310.8959999998484 146.3039999996744 -36.576
310.8959999998484 164.5919999996213 -36.576
310.8959999998484 182.8799999995673 -36.576
310.8959999998484 201.1679999995563 -36.576
310.8959999998484 219.4559999996106 -36.576
310.8959999998484 237.7439999996537 -36.576
310.8959999998484 256.0319999997032 -36.576
310.8959999998484 274.3199999997622 -36.576
310.8959999998484 292.6079999998053 -36.576
310.8959999998484 310.8959999998484 -36.576
310.8959999998484 329.1839999999137 -36.576
310.8959999998484 347.4719999999569 -36.576
329.1839999999137 36.5759999999655 -36.576
329.1839999999139 54.86399999993934 -36.576
329.1839999999137 73.15199999988207 -36.576
329.1839999999137 91.4399999998401 -36.576
329.1839999999137 109.7279999997868 -36.576
329.1839999999136 128.0159999997292 -36.576
329.1839999999136 146.3039999996743 -36.576
329.1839999999137 164.5919999996213 -36.576
329.1839999999137 182.8799999995673 -36.576
329.1839999999137 201.1679999995563 -36.576
329.1839999999137 219.4559999996106 -36.576
329.1839999999137 237.7439999996537 -36.576
329.1839999999137 256.0319999997033 -36.576
329.1839999999137 274.3199999997622 -36.576
329.1839999999137 292.6079999998053 -36.576
329.1839999999137 310.8959999998484 -36.576
329.1839999999137 329.1839999999137 -36.576
329.1839999999137 347.4719999999568 -36.576
347.4719999999569 36.5759999999655 -36.576
347.4719999999569 54.86399999993935 -36.576
347.4719999999569 73.15199999988207 -36.576
347.4719999999568 91.4399999998401 -36.576
347.4719999999569 109.7279999997868 -36.576
347.4719999999569 128.0159999997292 -36.576
347.4719999999569 146.3039999996744 -36.576
347.4719999999569 164.5919999996213 -36.576
347.4719999999569 182.8799999995673 -36.576
347.4719999999569 201.1679999995563 -36.576
347.4719999999569 219.4559999996106 -36.576
347.4719999999569 237.7439999996537 -36.576
347.4719999999569 256.0319999997033 -36.576
347.4719999999569 274.3199999997623 -36.576
347.4719999999569 292.6079999998053 -36.576
347.4719999999569 310.8959999998484 -36.576
347.4719999999569 329.1839999999137 -36.576
347.4719999999569 347.4719999999569 -36.576
2 1509 0 324
4189
4190
4191
4192
4193
4194
4195
4196
4197
4198
4199
4200
4201
4202
4203
4204
4205
4206
4207
4208
4209
4210
4211
4212
4213
4214
4215
4216
4217
4218
4219
4220
4221
4222
4223
4224
4225
4226
4227
4228
4229
4230
4231
4232
4233
4234
4235
4236
4237
4238
4239
4240
4241
4242
4243
4244
4245
4246
4247
4248
4249
4250
4251
4252
4253
4254
4255
4256
4257
4258
4259
4260
4261
4262
4263
4264
4265
4266
4267
4268
4269
4270
4271
4272
4273
4274
4275
4276
4277
4278
4279
4280
4281
4282
4283
4284
4285
4286
4287
4288
4289
4290
4291
4292
4293
4294
4295
4296
4297
4298
4299
4300
4301
4302
4303
4304
4305
4306
4307
4308
4309
4310
4311
4312
4313
4314
4315
4316
4317
4318
4319
4320
4321
4322
4323
4324
4325
4326
4327
4328
4329
4330
4331
4332
4333
4334
4335
4336
4337
4338
4339
4340
4341
4342
4343
4344
4345
4346
4347
4348
4349
4350
4351
4352
4353
4354
4355
4356
4357
4358
4359
4360
4361
4362
4363
4364
4365
4366
4367
4368
4369
4370
4371
4372
4373
4374
4375
4376
4377
4378
4379
4380
4381
4382
4383
4384
4385
4386
4387
4388
4389
4390
4391
4392
4393
4394
4395
4396
4397
4398
4399
4400
4401
4402
4403
4404
4405
4406
4407
4408
4409
4410
4411
4412
4413
4414
4415
4416
4417
4418
4419
4420
4421
4422
4423
4424
4425
4426
4427
4428
4429
4430
4431
4432
4433
4434
4435
4436
4437
4438
4439
4440
4441
4442
4443
4444
4445
4446
4447
4448
4449
4450
4451
4452
4453
4454
4455
4456
4457
4458
4459
4460
4461
4462
4463
4464
4465
4466
4467
4468
4469
4470
4471
4472
4473
4474
4475
4476
4477
4478
4479
4480
4481
4482
4483
4484
4485
4486
4487
4488
4489
4490
4491
4492
4493
4494
4495
4496
4497
4498
4499
4500
4501
4502
4503
4504
4505
4506
4507
4508
4509
4510
4511
4512
36.57599999996552 36.5759999999655 -42.672
36.57599999996552 54.86399999993934 -42.672
36.57599999996552 73.15199999988207 -42.672
36.57599999996551 91.43999999984013 -42.672
36.57599999996551 109.7279999997868 -42.672
36.5759999999655 128.0159999997292 -42.672
36.5759999999655 146.3039999996743 -42.672
36.57599999996551 164.5919999996213 -42.672
36.5759999999655 182.8799999995673 -42.672
36.5759999999655 201.1679999995564 -42.672
36.5759999999655 219.4559999996106 -42.672
36.5759999999655 237.7439999996537 -42.672
36.5759999999655 256.0319999997033 -42.672
36.5759999999655 274.3199999997622 -42.672
36.5759999999655 292.6079999998053 -42.672
36.5759999999655 310.8959999998484 -42.672
36.5759999999655 329.1839999999137 -42.672
36.5759999999655 347.4719999999569 -42.672
54.86399999993936 36.5759999999655 -42.672
54.86399999993934 54.86399999993934 -42.672
54.86399999993935 73.15199999988207 -42.672
54.86399999993933 91.4399999998401 -42.672
54.86399999993934 109.7279999997868 -42.672
54.86399999993934 128.0159999997292 -42.672
54.86399999993934 146.3039999996743 -42.672
54.86399999993935 164.5919999996213 -42.672
54.86399999993934 182.8799999995673 -42.672
54.86399999993934 201.1679999995563 -42.672
54.86399999993934 219.4559999996106 -42.672
54.86399999993934 237.7439999996537 -42.672
54.86399999993934 256.0319999997032 -42.672
54.86399999993934 274.3199999997622 -42.672
54.86399999993934 292.6079999998053 -42.672
54.86399999993934 310.8959999998484 -42.672
54.86399999993934 329.1839999999137 -42.672
54.86399999993935 347.4719999999569 -42.672
73.15199999988205 36.5759999999655 -42.672
73.15199999988205 54.86399999993934 -42.672
73.15199999988208 73.15199999988207 -42.672
73.15199999988207 91.4399999998401 -42.672
73.15199999988207 109.7279999997868 -42.672
73.15199999988207 128.0159999997292 -42.672
73.15199999988207 146.3039999996743 -42.672
73.15199999988207 164.5919999996213 -42.672
73.15199999988207 182.8799999995673 -42.672
73.15199999988207 201.1679999995563 -42.672
73.15199999988207 219.4559999996106 -42.672
73.15199999988207 237.7439999996537 -42.672
73.15199999988207 256.0319999997033 -42.672
73.15199999988207 274.3199999997622 -42.672
73.15199999988207 292.6079999998053 -42.672
73.15199999988207 310.8959999998484 -42.672
73.15199999988207 329.1839999999137 -42.672
73.15199999988207 347.4719999999569 -42.672
91.43999999984014 36.57599999996551 -42.672
91.43999999984013 54.86399999993934 -42.672
91.43999999984013 73.15199999988207 -42.672
91.4399999998401 91.43999999984013 -42.672
91.43999999984007 109.7279999997868 -42.672
91.4399999998401 128.0159999997292 -42.672
91.43999999984014 146.3039999996743 -42.672
91.4399999998401 164.5919999996213 -42.672
91.43999999984008 182.8799999995673 -42.672
91.43999999984008 201.1679999995563 -42.672
91.4399999998401 219.4559999996106 -42.672
91.43999999984008 237.7439999996537 -42.672
91.4399999998401 256.0319999997033 -42.672
91.4399999998401 274.3199999997622 -42.672
91.4399999998401 292.6079999998053 -42.672
91.4399999998401 310.8959999998484 -42.672
91.4399999998401 329.1839999999137 -42.672
91.43999999984008 347.4719999999569 -42.672
109.7279999997868 36.57599999996551 -42.672
109.7279999997868 54.86399999993934 -42.672
109.7279999997868 73.15199999988207 -42.672
109.7279999997868 91.4399999998401 -42.672
109.7279999997868 109.7279999997868 -42.672
109.7279999997868 128.0159999997292 -42.672
109.7279999997868 146.3039999996744 -42.672
109.7279999997868 164.5919999996213 -42.672
109.7279999997868 182.8799999995673 -42.672
109.7279999997867 201.1679999995563 -42.672
109.7279999997868 219.4559999996106 -42.672
109.7279999997868 237.7439999996537 -42.672
109.7279999997868 256.0319999997033 -42.672
109.7279999997868 274.3199999997622 -42.672
109.7279999997868 292.6079999998053 -42.672
109.7279999997868 310.8959999998484 -42.672
109.7279999997868 329.1839999999137 -42.672
109.7279999997867 347.4719999999569 -42.672
128.0159999997292 36.5759999999655 -42.672
128.0159999997292 54.86399999993935 -42.672
128.0159999997292 73.15199999988207 -42.672
128.0159999997292 91.4399999998401 -42.672
128.0159999997292 109.7279999997868 -42.672
128.0159999997292 128.0159999997292 -42.672
128.0159999997292 146.3039999996743 -42.672
128.0159999997292 164.5919999996213 -42.672
128.0159999997292 182.8799999995673 -42.672
128.0159999997292 201.1679999995563 -42.672
128.0159999997292 219.4559999996106 -42.672
128.0159999997292 237.7439999996538 -42.672
128.0159999997292 256.0319999997033 -42.672
128.0159999997292 274.3199999997623 -42.672
128.0159999997292 292.6079999998053 -42.672
128.0159999997292 310.8959999998484 -42.672
128.0159999997292 329.1839999999137 -42.672
128.0159999997292 347.4719999999569 -42.672
146.3039999996744 36.5759999999655 -42.672
146.3039999996743 54.86399999993934 -42.672
146.3039999996743 73.15199999988207 -42.672
146.3039999996743 91.4399999998401 -42.672
146.3039999996743 109.7279999997868 -42.672
146.3039999996743 128.0159999997292 -42.672
146.3039999996743 146.3039999996744 -42.672
146.3039999996743 164.5919999996213 -42.672
146.3039999996743 182.8799999995673 -42.672
146.3039999996743 201.1679999995563 -42.672
146.3039999996743 219.4559999996106 -42.672
146.3039999996743 237.7439999996537 -42.672
146.3039999996743 256.0319999997033 -42.672
146.3039999996743 274.3199999997622 -42.672
146.3039999996743 292.6079999998053 -42.672
146.3039999996743 310.8959999998484 -42.672
146.3039999996743 329.1839999999137 -42.672
146.3039999996743 347.4719999999569 -42.672
164.5919999996213 36.57599999996551 -42.672
164.5919999996213 54.86399999993935 -42.672
164.5919999996213 73.15199999988207 -42.672
164.5919999996213 91.4399999998401 -42.672
164.5919999996213 109.7279999997868 -42.672
164.5919999996213 128.0159999997292 -42.672
164.5919999996213 146.3039999996744 -42.672
164.5919999996213 164.5919999996213 -42.672
164.5919999996213 182.8799999995673 -42.672
164.5919999996213 201.1679999995563 -42.672
164.5919999996213 219.4559999996106 -42.672
164.5919999996213 237.7439999996536 -42.672
164.5919999996213 256.0319999997033 -42.672
164.5919999996213 274.3199999997623 -42.672
164.5919999996213 292.6079999998053 -42.672
164.5919999996213 310.8959999998484 -42.672
164.5919999996213 329.1839999999136 -42.672
164.5919999996213 347.4719999999569 -42.672
182.8799999995673 36.57599999996551 -42.672
182.8799999995674 54.86399999993934 -42.672
182.8799999995673 73.15199999988207 -42.672
182.8799999995673 91.4399999998401 -42.672
182.8799999995673 109.7279999997868 -42.672
182.8799999995673 128.0159999997292 -42.672
182.8799999995673 146.3039999996743 -42.672
182.8799999995674 164.5919999996213 -42.672
182.8799999995673 182.8799999995674 -42.672
182.8799999995673 201.1679999995563 -42.672
182.8799999995674 219.4559999996106 -42.672
182.8799999995673 237.7439999996537 -42.672
182.8799999995674 256.0319999997033 -42.672
182.8799999995673 274.3199999997622 -42.672
182.8799999995673 292.6079999998053 -42.672
182.8799999995674 310.8959999998484 -42.672
182.8799999995673 329.1839999999137 -42.672
182.8799999995673 347.4719999999569 -42.672
201.1679999995564 36.5759999999655 -42.672
201.1679999995564 54.86399999993934 -42.672
201.1679999995563 73.15199999988207 -42.672
201.1679999995563 91.4399999998401 -42.672
201.1679999995563 109.7279999997868 -42.672
201.1679999995564 128.0159999997292 -42.672
201.1679999995564 146.3039999996743 -42.672
201.1679999995564 164.5919999996213 -42.672
201.1679999995563 182.8799999995673 -42.672
201.1679999995563 201.1679999995563 -42.672
201.1679999995564 219.4559999996106 -42.672
201.1679999995564 237.7439999996537 -42.672
201.1679999995563 256.0319999997033 -42.672
201.1679999995563 274.3199999997622 -42.672
201.1679999995563 292.6079999998053 -42.672
201.1679999995563 310.8959999998484 -42.672
201.1679999995563 329.1839999999137 -42.672
201.1679999995563 347.4719999999569 -42.672
219.4559999996106 36.5759999999655 -42.672
219.4559999996106 54.86399999993935 -42.672
219.4559999996106 73.15199999988207 -42.672
219.4559999996106 91.4399999998401 -42.672
219.4559999996106 109.7279999997868 -42.672
219.4559999996106 128.0159999997292 -42.672
219.4559999996106 146.3039999996743 -42.672
219.4559999996106 164.5919999996213 -42.672
219.4559999996106 182.8799999995674 -42.672
219.4559999996106 201.1679999995563 -42.672
219.4559999996106 219.4559999996106 -42.672
219.4559999996106 237.7439999996537 -42.672
219.4559999996106 256.0319999997033 -42.672
219.4559999996106 274.3199999997622 -42.672
219.4559999996106 292.6079999998053 -42.672
219.4559999996106 310.8959999998484 -42.672
219.4559999996106 329.1839999999137 -42.672
219.4559999996106 347.4719999999569 -42.672
237.7439999996537 36.5759999999655 -42.672
237.7439999996537 54.86399999993934 -42.672
237.7439999996537 73.15199999988207 -42.672
237.7439999996537 91.43999999984008 -42.672
237.7439999996537 109.7279999997868 -42.672
237.7439999996537 128.0159999997292 -42.672
237.7439999996537 146.3039999996743 -42.672
237.7439999996536 164.5919999996213 -42.672
237.7439999996538 182.8799999995674 -42.672
237.7439999996537 201.1679999995563 -42.672
237.7439999996537 219.4559999996106 -42.672
237.7439999996537 237.7439999996537 -42.672
237.7439999996537 256.0319999997033 -42.672
237.7439999996537 274.3199999997622 -42.672
237.7439999996537 292.6079999998053 -42.672
237.7439999996537 310.8959999998484 -42.672
237.7439999996536 329.1839999999137 -42.672
237.7439999996537 347.4719999999569 -42.672
256.0319999997033 36.57599999996551 -42.672
256.0319999997032 54.86399999993934 -42.672
256.0319999997033 73.15199999988207 -42.672
256.0319999997033 91.4399999998401 -42.672
256.0319999997033 109.7279999997868 -42.672
256.0319999997032 128.0159999997292 -42.672
256.0319999997033 146.3039999996743 -42.672
256.0319999997033 164.5919999996213 -42.672
256.0319999997033 182.8799999995674 -42.672
256.0319999997033 201.1679999995563 -42.672
256.0319999997033 219.4559999996106 -42.672
256.0319999997033 237.7439999996537 -42.672
256.0319999997033 256.0319999997033 -42.672
256.0319999997033 274.3199999997622 -42.672
256.0319999997033 292.6079999998053 -42.672
256.0319999997032 310.8959999998484 -42.672
256.0319999997032 329.1839999999137 -42.672
256.0319999997033 347.4719999999569 -42.672
274.3199999997623 36.57599999996551 -42.672
274.3199999997621 54.86399999993934 -42.672
274.3199999997622 73.15199999988207 -42.672
274.3199999997622 91.4399999998401 -42.672
274.3199999997621 109.7279999997868 -42.672
274.3199999997621 128.0159999997292 -42.672
274.3199999997623 146.3039999996743 -42.672
274.3199999997622 164.5919999996213 -42.672
274.3199999997622 182.8799999995673 -42.672
274.3199999997622 201.1679999995563 -42.672
274.3199999997622 219.4559999996106 -42.672
274.3199999997622 237.7439999996537 -42.672
274.3199999997622 256.0319999997033 -42.672
274.3199999997622 274.3199999997622 -42.672
274.3199999997623 292.6079999998053 -42.672
274.3199999997621 310.8959999998484 -42.672
274.3199999997622 329.1839999999137 -42.672
274.3199999997622 347.4719999999569 -42.672
292.6079999998053 36.5759999999655 -42.672
292.6079999998053 54.86399999993934 -42.672
292.6079999998053 73.15199999988207 -42.672
292.6079999998053 91.4399999998401 -42.672
292.6079999998053 109.7279999997868 -42.672
292.6079999998053 128.0159999997292 -42.672
292.6079999998053 146.3039999996743 -42.672
292.6079999998053 164.5919999996213 -42.672
292.6079999998053 182.8799999995673 -42.672
292.6079999998053 201.1679999995563 -42.672
292.6079999998053 219.4559999996106 -42.672
292.6079999998053 237.7439999996537 -42.672
292.6079999998053 256.0319999997033 -42.672
292.6079999998053 274.3199999997623 -42.672
292.6079999998053 292.6079999998053 -42.672
292.6079999998053 310.8959999998484 -42.672
292.6079999998053 329.1839999999138 -42.672
292.6079999998053 347.4719999999568 -42.672
310.8959999998484 36.57599999996551 -42.672
310.8959999998485 54.86399999993935 -42.672
310.8959999998485 73.15199999988207 -42.672
310.8959999998484 91.4399999998401 -42.672
310.8959999998484 109.7279999997868 -42.672
310.8959999998484 128.0159999997292 -42.672
310.8959999998484 146.3039999996744 -42.672
310.8959999998484 164.5919999996213 -42.672
310.8959999998484 182.8799999995673 -42.672
310.8959999998484 201.1679999995563 -42.672
310.8959999998484 219.4559999996106 -42.672
310.8959999998484 237.7439999996537 -42.672
310.8959999998484 256.0319999997032 -42.672
310.8959999998484 274.3199999997622 -42.672
310.8959999998484 292.6079999998053 -42.672
310.8959999998484 310.8959999998484 -42.672
310.8959999998484 329.1839999999137 -42.672
310.8959999998484 347.4719999999569 -42.672
329.1839999999137 36.5759999999655 -42.672
329.1839999999139 54.86399999993934 -42.672
329.1839999999137 73.15199999988207 -42.672
329.1839999999137 91.4399999998401 -42.672
329.1839999999137 109.7279999997868 -42.672
329.1839999999136 128.0159999997292 -42.672
329.1839999999136 146.3039999996743 -42.672
329.1839999999137 164.5919999996213 -42.672
329.1839999999137 182.8799999995673 -42.672
329.1839999999137 201.1679999995563 -42.672
329.1839999999137 219.4559999996106 -42.672
329.1839999999137 237.7439999996537 -42.672
329.1839999999137 256.0319999997033 -42.672
329.1839999999137 274.3199999997622 -42.672
329.1839999999137 292.6079999998053 -42.672
329.1839999999137 310.8959999998484 -42.672
329.1839999999137 329.1839999999137 -42.672
329.1839999999137 347.4719999999568 -42.672
347.4719999999569 36.5759999999655 -42.672
347.4719999999569 54.86399999993935 -42.672
347.4719999999569 73.15199999988207 -42.672
347.4719999999568 91.4399999998401 -42.672
347.4719999999569 109.7279999997868 -42.672
347.4719999999569 128.0159999997292 -42.672
347.4719999999569 146.3039999996744 -42.672
347.4719999999569 164.5919999996213 -42.672
347.4719999999569 182.8799999995673 -42.672
347.4719999999569 201.1679999995563 -42.672
347.4719999999569 219.4559999996106 -42.672
347.4719999999569 237.7439999996537 -42.672
347.4719999999569 256.0319999997033 -42.672
347.4719999999569 274.3199999997623 -42.672
347.4719999999569 292.6079999998053 -42.672
347.4719999999569 310.8959999998484 -42.672
347.4719999999569 329.1839999999137 -42.672
347.4719999999569 347.4719999999569 -42.672
2 1707 0 324
4513
4514
4515
4516
4517
4518
4519
4520
4521
4522
4523
4524
4525
4526
4527
4528
4529
4530
4531
4532
4533
4534
4535
4536
4537
4538
4539
4540
4541
4542
4543
4544
4545
4546
4547
4548
4549
4550
4551
4552
4553
4554
4555
4556
4557
4558
4559
4560
4561
4562
4563
4564
4565
4566
4567
4568
4569
4570
4571
4572
4573
4574
4575
4576
4577
4578
4579
4580
4581
4582
4583
4584
4585
4586
4587
4588
4589
4590
4591
4592
4593
4594
4595
4596
4597
4598
4599
4600
4601
4602
4603
4604
4605
4606
4607
4608
4609
4610
4611
4612
4613
4614
4615
4616
4617
4618
4619
4620
4621
4622
4623
4624
4625
4626
4627
4628
4629
4630
4631
4632
4633
4634
4635
4636
4637
4638
4639
4640
4641
4642
4643
4644
4645
4646
4647
4648
4649
4650
4651
4652
4653
4654
4655
4656
4657
4658
4659
4660
4661
4662
4663
4664
4665
4666
4667
4668
4669
4670
4671
4672
4673
4674
4675
4676
4677
4678
4679
4680
4681
4682
4683
4684
4685
4686
4687
4688
4689
4690
4691
4692
4693
4694
4695
4696
4697
4698
4699
4700
4701
4702
4703
4704
4705
4706
4707
4708
4709
4710
4711
4712
4713
4714
4715
4716
4717
4718
4719
4720
4721
4722
4723
4724
4725
4726
4727
4728
4729
4730
4731
4732
4733
4734
4735
4736
4737
4738
4739
4740
4741
4742
4743
4744
4745
4746
4747
4748
4749
4750
4751
4752
4753
4754
4755
4756
4757
4758
4759
4760
4761
4762
4763
4764
4765
4766
4767
4768
4769
4770
4771
4772
4773
4774
4775
4776
4777
4778
4779
4780
4781
4782
4783
4784
4785
4786
4787
4788
4789
4790
4791
4792
4793
4794
4795
4796
4797
4798
4799
4800
4801
4802
4803
4804
4805
4806
4807
4808
4809
4810
4811
4812
4813
4814
4815
4816
4817
4818
4819
4820
4821
4822
4823
4824
4825
4826
4827
4828
4829
4830
4831
4832
4833
4834
4835
4836
36.57599999996552 36.5759999999655 -48.768
36.57599999996552 54.86399999993934 -48.768
36.57599999996552 73.15199999988207 -48.768
36.57599999996551 91.43999999984013 -48.768
36.57599999996551 109.7279999997868 -48.768
36.5759999999655 128.0159999997292 -48.768
36.5759999999655 146.3039999996743 -48.768
36.57599999996551 164.5919999996213 -48.768
36.5759999999655 182.8799999995673 -48.768
36.5759999999655 201.1679999995564 -48.768
36.5759999999655 219.4559999996106 -48.768
36.5759999999655 237.7439999996537 -48.768
36.5759999999655 256.0319999997033 -48.768
36.5759999999655 274.3199999997622 -48.768
36.5759999999655 292.6079999998053 -48.768
36.5759999999655 310.8959999998484 -48.768
36.5759999999655 329.1839999999137 -48.768
36.5759999999655 347.4719999999569 -48.768
54.86399999993936 36.5759999999655 -48.768
54.86399999993934 54.86399999993934 -48.768
54.86399999993935 73.15199999988207 -48.768
54.86399999993933 91.4399999998401 -48.768
54.86399999993934 109.7279999997868 -48.768
54.86399999993934 128.0159999997292 -48.768
54.86399999993934 146.3039999996743 -48.768
54.86399999993935 164.5919999996213 -48.768
54.86399999993934 182.8799999995673 -48.768
54.86399999993934 201.1679999995563 -48.768
54.86399999993934 219.4559999996106 -48.768
54.86399999993934 237.7439999996537 -48.768
54.86399999993934 256.0319999997032 -48.768
54.86399999993934 274.3199999997622 -48.768
54.86399999993934 292.6079999998053 -48.768
54.86399999993934 310.8959999998484 -48.768
54.86399999993934 329.1839999999137 -48.768
54.86399999993935 347.4719999999569 -48.768
73.15199999988205 36.5759999999655 -48.768
73.15199999988205 54.86399999993934 -48.768
73.15199999988208 73.15199999988207 -48.768
73.15199999988207 91.4399999998401 -48.768
73.15199999988207 109.7279999997868 -48.768
73.15199999988207 128.0159999997292 -48.768
73.15199999988207 146.3039999996743 -48.768
73.15199999988207 164.5919999996213 -48.768
73.15199999988207 182.8799999995673 -48.768
73.15199999988207 201.1679999995563 -48.768
73.15199999988207 219.4559999996106 -48.768
73.15199999988207 237.7439999996537 -48.768
73.15199999988207 256.0319999997033 -48.768
73.15199999988207 274.3199999997622 -48.768
73.15199999988207 292.6079999998053 -48.768
73.15199999988207 310.8959999998484 -48.768
73.15199999988207 329.1839999999137 -48.768
73.15199999988207 347.4719999999569 -48.768
91.43999999984014 36.57599999996551 -48.768
91.43999999984013 54.86399999993934 -48.768
91.43999999984013 73.15199999988207 -48.768
91.4399999998401 91.43999999984013 -48.768
91.43999999984007 109.7279999997868 -48.768
91.4399999998401 128.0159999997292 -48.768
91.43999999984014 146.3039999996743 -48.768
91.4399999998401 164.5919999996213 -48.768
91.43999999984008 182.8799999995673 -48.768
91.43999999984008 201.1679999995563 -48.768
91.4399999998401 219.4559999996106 -48.768
91.43999999984008 237.7439999996537 -48.768
91.4399999998401 256.0319999997033 -48.768
91.4399999998401 274.3199999997622 -48.768
91.4399999998401 292.6079999998053 -48.768
91.4399999998401 310.8959999998484 -48.768
91.4399999998401 329.1839999999137 -48.768
91.43999999984008 347.4719999999569 -48.768
109.7279999997868 36.57599999996551 -48.768
109.7279999997868 54.86399999993934 -48.768
109.7279999997868 73.15199999988207 -48.768
109.7279999997868 91.4399999998401 -48.768
109.7279999997868 109.7279999997868 -48.768
109.7279999997868 128.0159999997292 -48.768
109.7279999997868 146.3039999996744 -48.768
109.7279999997868 164.5919999996213 -48.768
109.7279999997868 182.8799999995673 -48.768
109.7279999997867 201.1679999995563 -48.768
109.7279999997868 219.4559999996106 -48.768
109.7279999997868 237.7439999996537 -48.768
109.7279999997868 256.0319999997033 -48.768
109.7279999997868 274.3199999997622 -48.768
109.7279999997868 292.6079999998053 -48.768
109.7279999997868 310.8959999998484 -48.768
109.7279999997868 329.1839999999137 -48.768
109.7279999997867 347.4719999999569 -48.768
128.0159999997292 36.5759999999655 -48.768
128.0159999997292 54.86399999993935 -48.768
128.0159999997292 73.15199999988207 -48.768
128.0159999997292 91.4399999998401 -48.768
128.0159999997292 109.7279999997868 -48.768
128.0159999997292 128.0159999997292 -48.768
128.0159999997292 146.3039999996743 -48.768
128.0159999997292 164.5919999996213 -48.768
128.0159999997292 182.8799999995673 -48.768
128.0159999997292 201.1679999995563 -48.768
128.0159999997292 219.4559999996106 -48.768
128.0159999997292 237.7439999996538 -48.768
128.0159999997292 256.0319999997033 -48.768
128.0159999997292 274.3199999997623 -48.768
128.0159999997292 292.6079999998053 -48.768
128.0159999997292 310.8959999998484 -48.768
128.0159999997292 329.1839999999137 -48.768
128.0159999997292 347.4719999999569 -48.768
146.3039999996744 36.5759999999655 -48.768
146.3039999996743 54.86399999993934 -48.768
146.3039999996743 73.15199999988207 -48.768
146.3039999996743 91.4399999998401 -48.768
146.3039999996743 109.7279999997868 -48.768
146.3039999996743 128.0159999997292 -48.768
146.3039999996743 146.3039999996744 -48.768
146.3039999996743 164.5919999996213 -48.768
146.3039999996743 182.8799999995673 -48.768
146.3039999996743 201.1679999995563 -48.768
146.3039999996743 219.4559999996106 -48.768
146.3039999996743 237.7439999996537 -48.768
146.3039999996743 256.0319999997033 -48.768
146.3039999996743 274.3199999997622 -48.768
146.3039999996743 292.6079999998053 -48.768
146.3039999996743 310.8959999998484 -48.768
146.3039999996743 329.1839999999137 -48.768
146.3039999996743 347.4719999999569 -48.768
164.5919999996213 36.57599999996551 -48.768
164.5919999996213 54.86399999993935 -48.768
164.5919999996213 73.15199999988207 -48.768
164.5919999996213 91.4399999998401 -48.768
164.5919999996213 109.7279999997868 -48.768
164.5919999996213 128.0159999997292 -48.768
164.5919999996213 146.3039999996744 -48.768
164.5919999996213 164.5919999996213 -48.768
164.5919999996213 182.8799999995673 -48.768
164.5919999996213 201.1679999995563 -48.768
164.5919999996213 219.4559999996106 -48.768
164.5919999996213 237.7439999996536 -48.768
164.5919999996213 256.0319999997033 -48.768
164.5919999996213 274.3199999997623 -48.768
164.5919999996213 292.6079999998053 -48.768
164.5919999996213 310.8959999998484 -48.768
164.5919999996213 329.1839999999136 -48.768
164.5919999996213 347.4719999999569 -48.768
182.8799999995673 36.57599999996551 -48.768
182.8799999995674 54.86399999993934 -48.768
182.8799999995673 73.15199999988207 -48.768
182.8799999995673 91.4399999998401 -48.768
182.8799999995673 109.7279999997868 -48.768
182.8799999995673 128.0159999997292 -48.768
182.8799999995673 146.3039999996743 -48.768
182.8799999995674 164.5919999996213 -48.768
182.8799999995673 182.8799999995674 -48.768
182.8799999995673 201.1679999995563 -48.768
182.8799999995674 219.4559999996106 -48.768
182.8799999995673 237.7439999996537 -48.768
182.8799999995674 256.0319999997033 -48.768
182.8799999995673 274.3199999997622 -48.768
182.8799999995673 292.6079999998053 -48.768
182.8799999995674 310.8959999998484 -48.768
182.8799999995673 329.1839999999137 -48.768
182.8799999995673 347.4719999999569 -48.768
201.1679999995564 36.5759999999655 -48.768
201.1679999995564 54.86399999993934 -48.768
201.1679999995563 73.15199999988207 -48.768
201.1679999995563 91.4399999998401 -48.768
201.1679999995563 109.7279999997868 -48.768
201.1679999995564 128.0159999997292 -48.768
201.1679999995564 146.3039999996743 -48.768
201.1679999995564 164.5919999996213 -48.768
201.1679999995563 182.8799999995673 -48.768
201.1679999995563 201.1679999995563 -48.768
201.1679999995564 219.4559999996106 -48.768
201.1679999995564 237.7439999996537 -48.768
201.1679999995563 256.0319999997033 -48.768
201.1679999995563 274.3199999997622 -48.768
201.1679999995563 292.6079999998053 -48.768
201.1679999995563 310.8959999998484 -48.768
201.1679999995563 329.1839999999137 -48.768
201.1679999995563 347.4719999999569 -48.768
219.4559999996106 36.5759999999655 -48.768
219.4559999996106 54.86399999993935 -48.768
219.4559999996106 73.15199999988207 -48.768
219.4559999996106 91.4399999998401 -48.768
219.4559999996106 109.7279999997868 -48.768
219.4559999996106 128.0159999997292 -48.768
219.4559999996106 146.3039999996743 -48.768
219.4559999996106 164.5919999996213 -48.768
219.4559999996106 182.8799999995674 -48.768
219.4559999996106 201.1679999995563 -48.768
219.4559999996106 219.4559999996106 -48.768
219.4559999996106 237.7439999996537 -48.768
219.4559999996106 256.0319999997033 -48.768
219.4559999996106 274.3199999997622 -48.768
219.4559999996106 292.6079999998053 -48.768
219.4559999996106 310.8959999998484 -48.768
219.4559999996106 329.1839999999137 -48.768
219.4559999996106 347.4719999999569 -48.768
237.7439999996537 36.5759999999655 -48.768
237.7439999996537 54.86399999993934 -48.768
237.7439999996537 73.15199999988207 -48.768
237.7439999996537 91.43999999984008 -48.768
237.7439999996537 109.7279999997868 -48.768
237.7439999996537 128.0159999997292 -48.768
237.7439999996537 146.3039999996743 -48.768
237.7439999996536 164.5919999996213 -48.768
237.7439999996538 182.8799999995674 -48.768
237.7439999996537 201.1679999995563 -48.768
237.7439999996537 219.4559999996106 -48.768
237.7439999996537 237.7439999996537 -48.768
237.7439999996537 256.0319999997033 -48.768
237.7439999996537 274.3199999997622 -48.768
237.7439999996537 292.6079999998053 -48.768
237.7439999996537 310.8959999998484 -48.768
237.7439999996536 329.1839999999137 -48.768
237.7439999996537 347.4719999999569 -48.768
256.0319999997033 36.57599999996551 -48.768
256.0319999997032 54.86399999993934 -48.768
256.0319999997033 73.15199999988207 -48.768
256.0319999997033 91.4399999998401 -48.768
256.0319999997033 109.7279999997868 -48.768
256.0319999997032 128.0159999997292 -48.768
256.0319999997033 146.3039999996743 -48.768
256.0319999997033 164.5919999996213 -48.768
256.0319999997033 182.8799999995674 -48.768
256.0319999997033 201.1679999995563 -48.768
256.0319999997033 219.4559999996106 -48.768
256.0319999997033 237.7439999996537 -48.768
256.0319999997033 256.0319999997033 -48.768
256.0319999997033 274.3199999997622 -48.768
256.0319999997033 292.6079999998053 -48.768
256.0319999997032 310.8959999998484 -48.768
256.0319999997032 329.1839999999137 -48.768
256.0319999997033 347.4719999999569 -48.768
274.3199999997623 36.57599999996551 -48.768
274.3199999997621 54.86399999993934 -48.768
274.3199999997622 73.15199999988207 -48.768
274.3199999997622 91.4399999998401 -48.768
274.3199999997621 109.7279999997868 -48.768
274.3199999997621 128.0159999997292 -48.768
274.3199999997623 146.3039999996743 -48.768
274.3199999997622 164.5919999996213 -48.768
274.3199999997622 182.8799999995673 -48.768
274.3199999997622 201.1679999995563 -48.768
274.3199999997622 219.4559999996106 -48.768
274.3199999997622 237.7439999996537 -48.768
274.3199999997622 256.0319999997033 -48.768
274.3199999997622 274.3199999997622 -48.768
274.3199999997623 292.6079999998053 -48.768
274.3199999997621 310.8959999998484 -48.768
274.3199999997622 329.1839999999137 -48.768
274.3199999997622 347.4719999999569 -48.768
292.6079999998053 36.5759999999655 -48.768
292.6079999998053 54.86399999993934 -48.768
292.6079999998053 73.15199999988207 -48.768
292.6079999998053 91.4399999998401 -48.768
292.6079999998053 109.7279999997868 -48.768
292.6079999998053 128.0159999997292 -48.768
292.6079999998053 146.3039999996743 -48.768
292.6079999998053 164.5919999996213 -48.768
292.6079999998053 182.8799999995673 -48.768
292.6079999998053 201.1679999995563 -48.768
292.6079999998053 219.4559999996106 -48.768
292.6079999998053 237.7439999996537 -48.768
292.6079999998053 256.0319999997033 -48.768
292.6079999998053 274.3199999997623 -48.768
292.6079999998053 292.6079999998053 -48.768
292.6079999998053 310.8959999998484 -48.768
292.6079999998053 329.1839999999138 -48.768
292.6079999998053 347.4719999999568 -48.768
310.8959999998484 36.57599999996551 -48.768
310.8959999998485 54.86399999993935 -48.768
310.8959999998485 73.15199999988207 -48.768
310.8959999998484 91.4399999998401 -48.768
310.8959999998484 109.7279999997868 -48.768
310.8959999998484 128.0159999997292 -48.768
310.8959999998484 146.3039999996744 -48.768
310.8959999998484 164.5919999996213 -48.768
310.8959999998484 182.8799999995673 -48.768
310.8959999998484 201.1679999995563 -48.768
310.8959999998484 219.4559999996106 -48.768
310.8959999998484 237.7439999996537 -48.768
310.8959999998484 256.0319999997032 -48.768
310.8959999998484 274.3199999997622 -48.768
310.8959999998484 292.6079999998053 -48.768
310.8959999998484 310.8959999998484 -48.768
310.8959999998484 329.1839999999137 -48.768
310.8959999998484 347.4719999999569 -48.768
329.1839999999137 36.5759999999655 -48.768
329.1839999999139 54.86399999993934 -48.768
329.1839999999137 73.15199999988207 -48.768
329.1839999999137 91.4399999998401 -48.768
329.1839999999137 109.7279999997868 -48.768
329.1839999999136 128.0159999997292 -48.768
329.1839999999136 146.3039999996743 -48.768
329.1839999999137 164.5919999996213 -48.768
329.1839999999137 182.8799999995673 -48.768
329.1839999999137 201.1679999995563 -48.768
329.1839999999137 219.4559999996106 -48.768
329.1839999999137 237.7439999996537 -48.768
329.1839999999137 256.0319999997033 -48.768
329.1839999999137 274.3199999997622 -48.768
329.1839999999137 292.6079999998053 -48.768
329.1839999999137 310.8959999998484 -48.768
329.1839999999137 329.1839999999137 -48.768
329.1839999999137 347.4719999999568 -48.768
347.4719999999569 36.5759999999655 -48.768
347.4719999999569 54.86399999993935 -48.768
347.4719999999569 73.15199999988207 -48.768
347.4719999999568 91.4399999998401 -48.768
347.4719999999569 109.7279999997868 -48.768
347.4719999999569 128.0159999997292 -48.768
347.4719999999569 146.3039999996744 -48.768
347.4719999999569 164.5919999996213 -48.768
347.4719999999569 182.8799999995673 -48.768
347.4719999999569 201.1679999995563 -48.768
347.4719999999569 219.4559999996106 -48.768
347.4719999999569 237.7439999996537 -48.768
347.4719999999569 256.0319999997033 -48.768
347.4719999999569 274.3199999997623 -48.768
347.4719999999569 292.6079999998053 -48.768
347.4719999999569 310.8959999998484 -48.768
347.4719999999569 329.1839999999137 -48.768
347.4719999999569 347.4719999999569 -48.768
2 1905 0 324
4837
4838
4839
4840
4841
4842
4843
4844
4845
4846
4847
4848
4849
4850
4851
4852
4853
4854
4855
4856
4857
4858
4859
4860
4861
4862
4863
4864
4865
4866
4867
4868
4869
4870
4871
4872
4873
4874
4875
4876
4877
4878
4879
4880
4881
4882
4883
4884
4885
4886
4887
4888
4889
4890
4891
4892
4893
4894
4895
4896
4897
4898
4899
4900
4901
4902
4903
4904
4905
4906
4907
4908
4909
4910
4911
4912
4913
4914
4915
4916
4917
4918
4919
4920
4921
4922
4923
4924
4925
4926
4927
4928
4929
4930
4931
4932
4933
4934
4935
4936
4937
4938
4939
4940
4941
4942
4943
4944
4945
4946
4947
4948
4949
4950
4951
4952
4953
4954
4955
4956
4957
4958
4959
4960
4961
4962
4963
4964
4965
4966
4967
4968
4969
4970
4971
4972
4973
4974
4975
4976
4977
4978
4979
4980
4981
4982
4983
4984
4985
4986
4987
4988
4989
4990
4991
4992
4993
4994
4995
4996
4997
4998
4999
5000
5001
5002
5003
5004
5005
5006
5007
5008
5009
5010
5011
5012
5013
5014
5015
5016
5017
5018
5019
5020
5021
5022
5023
5024
5025
5026
5027
5028
5029
5030
5031
5032
5033
5034
5035
5036
5037
5038
5039
5040
5041
5042
5043
5044
5045
5046
5047
5048
5049
5050
5051
5052
5053
5054
5055
5056
5057
5058
5059
5060
5061
5062
5063
5064
5065
5066
5067
5068
5069
5070
5071
5072
5073
5074
5075
5076
5077
5078
5079
5080
5081
5082
5083
5084
5085
5086
5087
5088
5089
5090
5091
5092
5093
5094
5095
5096
5097
5098
5099
5100
5101
5102
5103
5104
5105
5106
5107
5108
5109
5110
5111
5112
5113
5114
5115
5116
5117
5118
5119
5120
5121
5122
5123
5124
5125
5126
5127
5128
5129
5130
5131
5132
5133
5134
5135
5136
5137
5138
5139
5140
5141
5142
5143
5144
5145
5146
5147
5148
5149
5150
5151
5152
5153
5154
5155
5156
5157
5158
5159
5160
36.57599999996552 36.5759999999655 -54.864
36.57599999996552 54.86399999993934 -54.864
36.57599999996552 73.15199999988207 -54.864
36.57599999996551 91.43999999984013 -54.864
36.57599999996551 109.7279999997868 -54.864
36.5759999999655 128.0159999997292 -54.864
36.5759999999655 146.3039999996743 -54.864
36.57599999996551 164.5919999996213 -54.864
36.5759999999655 182.8799999995673 -54.864
36.5759999999655 201.1679999995564 -54.864
36.5759999999655 219.4559999996106 -54.864
36.5759999999655 237.7439999996537 -54.864
36.5759999999655 256.0319999997033 -54.864
36.5759999999655 274.3199999997622 -54.864
36.5759999999655 292.6079999998053 -54.864
36.5759999999655 310.8959999998484 -54.864
36.5759999999655 329.1839999999137 -54.864
36.5759999999655 347.4719999999569 -54.864
54.86399999993936 36.5759999999655 -54.864
54.86399999993934 54.86399999993934 -54.864
54.86399999993935 73.15199999988207 -54.864
54.86399999993933 91.4399999998401 -54.864
54.86399999993934 109.7279999997868 -54.864
54.86399999993934 128.0159999997292 -54.864
54.86399999993934 146.3039999996743 -54.864
54.86399999993935 164.5919999996213 -54.864
54.86399999993934 182.8799999995673 -54.864
54.86399999993934 201.1679999995563 -54.864
54.86399999993934 219.4559999996106 -54.864
54.86399999993934 237.7439999996537 -54.864
54.86399999993934 256.0319999997032 -54.864
54.86399999993934 274.3199999997622 -54.864
54.86399999993934 292.6079999998053 -54.864
54.86399999993934 310.8959999998484 -54.864
54.86399999993934 329.1839999999137 -54.864
54.86399999993935 347.4719999999569 -54.864
73.15199999988205 36.5759999999655 -54.864
73.15199999988205 54.86399999993934 -54.864
73.15199999988208 73.15199999988207 -54.864
73.15199999988207 91.4399999998401 -54.864
73.15199999988207 109.7279999997868 -54.864
73.15199999988207 128.0159999997292 -54.864
73.15199999988207 146.3039999996743 -54.864
73.15199999988207 164.5919999996213 -54.864
73.15199999988207 182.8799999995673 -54.864
73.15199999988207 201.1679999995563 -54.864
73.15199999988207 219.4559999996106 -54.864
73.15199999988207 237.7439999996537 -54.864
73.15199999988207 256.0319999997033 -54.864
73.15199999988207 274.3199999997622 -54.864
73.15199999988207 292.6079999998053 -54.864
73.15199999988207 310.8959999998484 -54.864
73.15199999988207 329.1839999999137 -54.864
73.15199999988207 347.4719999999569 -54.864
91.43999999984014 36.57599999996551 -54.864
91.43999999984013 54.86399999993934 -54.864
91.43999999984013 73.15199999988207 -54.864
91.4399999998401 91.43999999984013 -54.864
91.43999999984007 109.7279999997868 -54.864
91.4399999998401 128.0159999997292 -54.864
91.43999999984014 146.3039999996743 -54.864
91.4399999998401 164.5919999996213 -54.864
91.43999999984008 182.8799999995673 -54.864
91.43999999984008 201.1679999995563 -54.864
91.4399999998401 219.4559999996106 -54.864
91.43999999984008 237.7439999996537 -54.864
91.4399999998401 256.0319999997033 -54.864
91.4399999998401 274.3199999997622 -54.864
91.4399999998401 292.6079999998053 -54.864
91.4399999998401 310.8959999998484 -54.864
91.4399999998401 329.1839999999137 -54.864
91.43999999984008 347.4719999999569 -54.864
109.7279999997868 36.57599999996551 -54.864
109.7279999997868 54.86399999993934 -54.864
109.7279999997868 73.15199999988207 -54.864
109.7279999997868 91.4399999998401 -54.864
109.7279999997868 109.7279999997868 -54.864
109.7279999997868 128.0159999997292 -54.864
109.7279999997868 146.3039999996744 -54.864
109.7279999997868 164.5919999996213 -54.864
109.7279999997868 182.8799999995673 -54.864
109.7279999997867 201.1679999995563 -54.864
109.7279999997868 219.4559999996106 -54.864
109.7279999997868 237.7439999996537 -54.864
109.7279999997868 256.0319999997033 -54.864
109.7279999997868 274.3199999997622 -54.864
109.7279999997868 292.6079999998053 -54.864
109.7279999997868 310.8959999998484 -54.864
109.7279999997868 329.1839999999137 -54.864
109.7279999997867 347.4719999999569 -54.864
128.0159999997292 36.5759999999655 -54.864
128.0159999997292 54.86399999993935 -54.864
128.0159999997292 73.15199999988207 -54.864
128.0159999997292 91.4399999998401 -54.864
128.0159999997292 109.7279999997868 -54.864
128.0159999997292 128.0159999997292 -54.864
128.0159999997292 146.3039999996743 -54.864
128.0159999997292 164.5919999996213 -54.864
128.0159999997292 182.8799999995673 -54.864
128.0159999997292 201.1679999995563 -54.864
128.0159999997292 219.4559999996106 -54.864
128.0159999997292 237.7439999996538 -54.864
128.0159999997292 256.0319999997033 -54.864
128.0159999997292 274.3199999997623 -54.864
128.0159999997292 292.6079999998053 -54.864
128.0159999997292 310.8959999998484 -54.864
128.0159999997292 329.1839999999137 -54.864
128.0159999997292 347.4719999999569 -54.864
146.3039999996744 36.5759999999655 -54.864
146.3039999996743 54.86399999993934 -54.864
146.3039999996743 73.15199999988207 -54.864
146.3039999996743 91.4399999998401 -54.864
146.3039999996743 109.7279999997868 -54.864
146.3039999996743 128.0159999997292 -54.864
146.3039999996743 146.3039999996744 -54.864
146.3039999996743 164.5919999996213 -54.864
146.3039999996743 182.8799999995673 -54.864
146.3039999996743 201.1679999995563 -54.864
146.3039999996743 219.4559999996106 -54.864
146.3039999996743 237.7439999996537 -54.864
146.3039999996743 256.0319999997033 -54.864
146.3039999996743 274.3199999997622 -54.864
146.3039999996743 292.6079999998053 -54.864
146.3039999996743 310.8959999998484 -54.864
146.3039999996743 329.1839999999137 -54.864
146.3039999996743 347.4719999999569 -54.864
164.5919999996213 36.57599999996551 -54.864
164.5919999996213 54.86399999993935 -54.864
164.5919999996213 73.15199999988207 -54.864
164.5919999996213 91.4399999998401 -54.864
164.5919999996213 109.7279999997868 -54.864
164.5919999996213 128.0159999997292 -54.864
164.5919999996213 146.3039999996744 -54.864
164.5919999996213 164.5919999996213 -54.864
164.5919999996213 182.8799999995673 -54.864
164.5919999996213 201.1679999995563 -54.864
164.5919999996213 219.4559999996106 -54.864
164.5919999996213 237.7439999996536 -54.864
164.5919999996213 256.0319999997033 -54.864
164.5919999996213 274.3199999997623 -54.864
164.5919999996213 292.6079999998053 -54.864
164.5919999996213 310.8959999998484 -54.864
164.5919999996213 329.1839999999136 -54.864
164.5919999996213 347.4719999999569 -54.864
182.8799999995673 36.57599999996551 -54.864
182.8799999995674 54.86399999993934 -54.864
182.8799999995673 73.15199999988207 -54.864
182.8799999995673 91.4399999998401 -54.864
182.8799999995673 109.7279999997868 -54.864
182.8799999995673 128.0159999997292 -54.864
182.8799999995673 146.3039999996743 -54.864
182.8799999995674 164.5919999996213 -54.864
182.8799999995673 182.8799999995674 -54.864
182.8799999995673 201.1679999995563 -54.864
182.8799999995674 219.4559999996106 -54.864
182.8799999995673 237.7439999996537 -54.864
182.8799999995674 256.0319999997033 -54.864
182.8799999995673 274.3199999997622 -54.864
182.8799999995673 292.6079999998053 -54.864
182.8799999995674 310.8959999998484 -54.864
182.8799999995673 329.1839999999137 -54.864
182.8799999995673 347.4719999999569 -54.864
201.1679999995564 36.5759999999655 -54.864
201.1679999995564 54.86399999993934 -54.864
201.1679999995563 73.15199999988207 -54.864
201.1679999995563 91.4399999998401 -54.864
201.1679999995563 109.7279999997868 -54.864
201.1679999995564 128.0159999997292 -54.864
201.1679999995564 146.3039999996743 -54.864
201.1679999995564 164.5919999996213 -54.864
201.1679999995563 182.8799999995673 -54.864
201.1679999995563 201.1679999995563 -54.864
201.1679999995564 219.4559999996106 -54.864
201.1679999995564 237.7439999996537 -54.864
201.1679999995563 256.0319999997033 -54.864
201.1679999995563 274.3199999997622 -54.864
201.1679999995563 292.6079999998053 -54.864
201.1679999995563 310.8959999998484 -54.864
201.1679999995563 329.1839999999137 -54.864
201.1679999995563 347.4719999999569 -54.864
219.4559999996106 36.5759999999655 -54.864
219.4559999996106 54.86399999993935 -54.864
219.4559999996106 73.15199999988207 -54.864
219.4559999996106 91.4399999998401 -54.864
219.4559999996106 109.7279999997868 -54.864
219.4559999996106 128.0159999997292 -54.864
219.4559999996106 146.3039999996743 -54.864
219.4559999996106 164.5919999996213 -54.864
219.4559999996106 182.8799999995674 -54.864
219.4559999996106 201.1679999995563 -54.864
219.4559999996106 219.4559999996106 -54.864
219.4559999996106 237.7439999996537 -54.864
219.4559999996106 256.0319999997033 -54.864
219.4559999996106 274.3199999997622 -54.864
219.4559999996106 292.6079999998053 -54.864
219.4559999996106 310.8959999998484 -54.864
219.4559999996106 329.1839999999137 -54.864
219.4559999996106 347.4719999999569 -54.864
237.7439999996537 36.5759999999655 -54.864
237.7439999996537 54.86399999993934 -54.864
237.7439999996537 73.15199999988207 -54.864
237.7439999996537 91.43999999984008 -54.864
237.7439999996537 109.7279999997868 -54.864
237.7439999996537 128.0159999997292 -54.864
237.7439999996537 146.3039999996743 -54.864
237.7439999996536 164.5919999996213 -54.864
237.7439999996538 182.8799999995674 -54.864
237.7439999996537 201.1679999995563 -54.864
237.7439999996537 219.4559999996106 -54.864
237.7439999996537 237.7439999996537 -54.864
237.7439999996537 256.0319999997033 -54.864
237.7439999996537 274.3199999997622 -54.864
237.7439999996537 292.6079999998053 -54.864
237.7439999996537 310.8959999998484 -54.864
237.7439999996536 329.1839999999137 -54.864
237.7439999996537 347.4719999999569 -54.864
256.0319999997033 36.57599999996551 -54.864
256.0319999997032 54.86399999993934 -54.864
256.0319999997033 73.15199999988207 -54.864
256.0319999997033 91.4399999998401 -54.864
256.0319999997033 109.7279999997868 -54.864
256.0319999997032 128.0159999997292 -54.864
256.0319999997033 146.3039999996743 -54.864
256.0319999997033 164.5919999996213 -54.864
256.0319999997033 182.8799999995674 -54.864
256.0319999997033 201.1679999995563 -54.864
256.0319999997033 219.4559999996106 -54.864
256.0319999997033 237.7439999996537 -54.864
256.0319999997033 256.0319999997033 -54.864
256.0319999997033 274.3199999997622 -54.864
256.0319999997033 292.6079999998053 -54.864
256.0319999997032 310.8959999998484 -54.864
256.0319999997032 329.1839999999137 -54.864
256.0319999997033 347.4719999999569 -54.864
274.3199999997623 36.57599999996551 -54.864
274.3199999997621 54.86399999993934 -54.864
274.3199999997622 73.15199999988207 -54.864
274.3199999997622 91.4399999998401 -54.864
274.3199999997621 109.7279999997868 -54.864
274.3199999997621 128.0159999997292 -54.864
274.3199999997623 146.3039999996743 -54.864
274.3199999997622 164.5919999996213 -54.864
274.3199999997622 182.8799999995673 -54.864
274.3199999997622 201.1679999995563 -54.864
274.3199999997622 219.4559999996106 -54.864
274.3199999997622 237.7439999996537 -54.864
274.3199999997622 256.0319999997033 -54.864
274.3199999997622 274.3199999997622 -54.864
274.3199999997623 292.6079999998053 -54.864
274.3199999997621 310.8959999998484 -54.864
274.3199999997622 329.1839999999137 -54.864
274.3199999997622 347.4719999999569 -54.864
292.6079999998053 36.5759999999655 -54.864
292.6079999998053 54.86399999993934 -54.864
292.6079999998053 73.15199999988207 -54.864
292.6079999998053 91.4399999998401 -54.864
292.6079999998053 109.7279999997868 -54.864
292.6079999998053 128.0159999997292 -54.864
292.6079999998053 146.3039999996743 -54.864
292.6079999998053 164.5919999996213 -54.864
292.6079999998053 182.8799999995673 -54.864
292.6079999998053 201.1679999995563 -54.864
292.6079999998053 219.4559999996106 -54.864
292.6079999998053 237.7439999996537 -54.864
292.6079999998053 256.0319999997033 -54.864
292.6079999998053 274.3199999997623 -54.864
292.6079999998053 292.6079999998053 -54.864
292.6079999998053 310.8959999998484 -54.864
292.6079999998053 329.1839999999138 -54.864
292.6079999998053 347.4719999999568 -54.864
310.8959999998484 36.57599999996551 -54.864
310.8959999998485 54.86399999993935 -54.864
310.8959999998485 73.15199999988207 -54.864
310.8959999998484 91.4399999998401 -54.864
310.8959999998484 109.7279999997868 -54.864
310.8959999998484 128.0159999997292 -54.864
310.8959999998484 146.3039999996744 -54.864
310.8959999998484 164.5919999996213 -54.864
310.8959999998484 182.8799999995673 -54.864
310.8959999998484 201.1679999995563 -54.864
310.8959999998484 219.4559999996106 -54.864
310.8959999998484 237.7439999996537 -54.864
310.8959999998484 256.0319999997032 -54.864
310.8959999998484 274.3199999997622 -54.864
310.8959999998484 292.6079999998053 -54.864
310.8959999998484 310.8959999998484 -54.864
310.8959999998484 329.1839999999137 -54.864
310.8959999998484 347.4719999999569 -54.864
329.1839999999137 36.5759999999655 -54.864
329.1839999999139 54.86399999993934 -54.864
329.1839999999137 73.15199999988207 -54.864
329.1839999999137 91.4399999998401 -54.864
329.1839999999137 109.7279999997868 -54.864
329.1839999999136 128.0159999997292 -54.864
329.1839999999136 146.3039999996743 -54.864
329.1839999999137 164.5919999996213 -54.864
329.1839999999137 182.8799999995673 -54.864
329.1839999999137 201.1679999995563 -54.864
329.1839999999137 219.4559999996106 -54.864
329.1839999999137 237.7439999996537 -54.864
329.1839999999137 256.0319999997033 -54.864
329.1839999999137 274.3199999997622 -54.864
329.1839999999137 292.6079999998053 -54.864
329.1839999999137 310.8959999998484 -54.864
329.1839999999137 329.1839999999137 -54.864
329.1839999999137 347.4719999999568 -54.864
347.4719999999569 36.5759999999655 -54.864
347.4719999999569 54.86399999993935 -54.864
347.4719999999569 73.15199999988207 -54.864
347.4719999999568 91.4399999998401 -54.864
347.4719999999569 109.7279999997868 -54.864
347.4719999999569 128.0159999997292 -54.864
347.4719999999569 146.3039999996744 -54.864
347.4719999999569 164.5919999996213 -54.864
347.4719999999569 182.8799999995673 -54.864
347.4719999999569 201.1679999995563 -54.864
347.4719999999569 219.4559999996106 -54.864
347.4719999999569 237.7439999996537 -54.864
347.4719999999569 256.0319999997033 -54.864
347.4719999999569 274.3199999997623 -54.864
347.4719999999569 292.6079999998053 -54.864
347.4719999999569 310.8959999998484 -54.864
347.4719999999569 329.1839999999137 -54.864
347.4719999999569 347.4719999999569 -54.864
2 2103 0 324
5161
5162
5163
5164
5165
5166
5167
5168
5169
5170
5171
5172
5173
5174
5175
5176
5177
5178
5179
5180
5181
5182
5183
5184
5185
5186
5187
5188
5189
5190
5191
5192
5193
5194
5195
5196
5197
5198
5199
5200
5201
5202
5203
5204
5205
5206
5207
5208
5209
5210
5211
5212
5213
5214
5215
5216
5217
5218
5219
5220
5221
5222
5223
5224
5225
5226
5227
5228
5229
5230
5231
5232
5233
5234
5235
5236
5237
5238
5239
5240
5241
5242
5243
5244
5245
5246
5247
5248
5249
5250
5251
5252
5253
5254
5255
5256
5257
5258
5259
5260
5261
5262
5263
5264
5265
5266
5267
5268
5269
5270
5271
5272
5273
5274
5275
5276
5277
5278
5279
5280
5281
5282
5283
5284
5285
5286
5287
5288
5289
5290
5291
5292
5293
5294
5295
5296
5297
5298
5299
5300
5301
5302
5303
5304
5305
5306
5307
5308
5309
5310
5311
5312
5313
5314
5315
5316
5317
5318
5319
5320
5321
5322
5323
5324
5325
5326
5327
5328
5329
5330
5331
5332
5333
5334
5335
5336
5337
5338
5339
5340
5341
5342
5343
5344
5345
5346
5347
5348
5349
5350
5351
5352
5353
5354
5355
5356
5357
5358
5359
5360
5361
5362
5363
5364
5365
5366
5367
5368
5369
5370
5371
5372
5373
5374
5375
5376
5377
5378
5379
5380
5381
5382
5383
5384
5385
5386
5387
5388
5389
5390
5391
5392
5393
5394
5395
5396
5397
5398
5399
5400
5401
5402
5403
5404
5405
5406
5407
5408
5409
5410
5411
5412
5413
5414
5415
5416
5417
5418
5419
5420
5421
5422
5423
5424
5425
5426
5427
5428
5429
5430
5431
5432
5433
5434
5435
5436
5437
5438
5439
5440
5441
5442
5443
5444
5445
5446
5447
5448
5449
5450
5451
5452
5453
5454
5455
5456
5457
5458
5459
5460
5461
5462
5463
5464
5465
5466
5467
5468
5469
5470
5471
5472
5473
5474
5475
5476
5477
5478
5479
5480
5481
5482
5483
5484
36.57599999996552 36.5759999999655 -60.96000000000001
36.57599999996552 54.86399999993934 -60.96000000000001
36.57599999996552 73.15199999988207 -60.96000000000001
36.57599999996551 91.43999999984013 -60.96000000000001
36.57599999996551 109.7279999997868 -60.96000000000001
36.5759999999655 128.0159999997292 -60.96000000000001
36.5759999999655 146.3039999996743 -60.96000000000001
36.57599999996551 164.5919999996213 -60.96000000000001
36.5759999999655 182.8799999995673 -60.96000000000001
36.5759999999655 201.1679999995564 -60.96000000000001
36.5759999999655 219.4559999996106 -60.96000000000001
36.5759999999655 237.7439999996537 -60.96000000000001
36.5759999999655 256.0319999997033 -60.96000000000001
36.5759999999655 274.3199999997622 -60.96000000000001
36.5759999999655 292.6079999998053 -60.96000000000001
36.5759999999655 310.8959999998484 -60.96000000000001
36.5759999999655 329.1839999999137 -60.96000000000001
36.5759999999655 347.4719999999569 -60.96000000000001
54.86399999993936 36.5759999999655 -60.96000000000001
54.86399999993934 54.86399999993934 -60.96000000000001
54.86399999993935 73.15199999988207 -60.96000000000001
54.86399999993933 91.4399999998401 -60.96000000000001
54.86399999993934 109.7279999997868 -60.96000000000001
54.86399999993934 128.0159999997292 -60.96000000000001
54.86399999993934 146.3039999996743 -60.96000000000001
54.86399999993935 164.5919999996213 -60.96000000000001
54.86399999993934 182.8799999995673 -60.96000000000001
54.86399999993934 201.1679999995563 -60.96000000000001
54.86399999993934 219.4559999996106 -60.96000000000001
54.86399999993934 237.7439999996537 -60.96000000000001
54.86399999993934 256.0319999997032 -60.96000000000001
54.86399999993934 274.3199999997622 -60.96000000000001
54.86399999993934 292.6079999998053 -60.96000000000001
54.86399999993934 310.8959999998484 -60.96000000000001
54.86399999993934 329.1839999999137 -60.96000000000001
54.86399999993935 347.4719999999569 -60.96000000000001
73.15199999988205 36.5759999999655 -60.96000000000001
73.15199999988205 54.86399999993934 -60.96000000000001
73.15199999988208 73.15199999988207 -60.96000000000001
73.15199999988207 91.4399999998401 -60.96000000000001
73.15199999988207 109.7279999997868 -60.96000000000001
73.15199999988207 128.0159999997292 -60.96000000000001
73.15199999988207 146.3039999996743 -60.96000000000001
73.15199999988207 164.5919999996213 -60.96000000000001
73.15199999988207 182.8799999995673 -60.96000000000001
73.15199999988207 201.1679999995563 -60.96000000000001
73.15199999988207 219.4559999996106 -60.96000000000001
73.15199999988207 237.7439999996537 -60.96000000000001
73.15199999988207 256.0319999997033 -60.96000000000001
73.15199999988207 274.3199999997622 -60.96000000000001
73.15199999988207 292.6079999998053 -60.96000000000001
73.15199999988207 310.8959999998484 -60.96000000000001
73.15199999988207 329.1839999999137 -60.96000000000001
73.15199999988207 347.4719999999569 -60.96000000000001
91.43999999984014 36.57599999996551 -60.96000000000001
91.43999999984013 54.86399999993934 -60.96000000000001
91.43999999984013 73.15199999988207 -60.96000000000001
91.4399999998401 91.43999999984013 -60.96000000000001
91.43999999984007 109.7279999997868 -60.96000000000001
91.4399999998401 128.0159999997292 -60.96000000000001
91.43999999984014 146.3039999996743 -60.96000000000001
91.4399999998401 164.5919999996213 -60.96000000000001
91.43999999984008 182.8799999995673 -60.96000000000001
91.43999999984008 201.1679999995563 -60.96000000000001
91.4399999998401 219.4559999996106 -60.96000000000001
91.43999999984008 237.7439999996537 -60.96000000000001
91.4399999998401 256.0319999997033 -60.96000000000001
91.4399999998401 274.3199999997622 -60.96000000000001
91.4399999998401 292.6079999998053 -60.96000000000001
91.4399999998401 310.8959999998484 -60.96000000000001
91.4399999998401 329.1839999999137 -60.96000000000001
91.43999999984008 347.4719999999569 -60.96000000000001
109.7279999997868 36.57599999996551 -60.96000000000001
109.7279999997868 54.86399999993934 -60.96000000000001
109.7279999997868 73.15199999988207 -60.96000000000001
109.7279999997868 91.4399999998401 -60.96000000000001
109.7279999997868 109.7279999997868 -60.96000000000001
109.7279999997868 128.0159999997292 -60.96000000000001
109.7279999997868 146.3039999996744 -60.96000000000001
109.7279999997868 164.5919999996213 -60.96000000000001
109.7279999997868 182.8799999995673 -60.96000000000001
109.7279999997867 201.1679999995563 -60.96000000000001
109.7279999997868 219.4559999996106 -60.96000000000001
109.7279999997868 237.7439999996537 -60.96000000000001
109.7279999997868 256.0319999997033 -60.96000000000001
109.7279999997868 274.3199999997622 -60.96000000000001
109.7279999997868 292.6079999998053 -60.96000000000001
109.7279999997868 310.8959999998484 -60.96000000000001
109.7279999997868 329.1839999999137 -60.96000000000001
109.7279999997867 347.4719999999569 -60.96000000000001
128.0159999997292 36.5759999999655 -60.96000000000001
128.0159999997292 54.86399999993935 -60.96000000000001
128.0159999997292 73.15199999988207 -60.96000000000001
128.0159999997292 91.4399999998401 -60.96000000000001
128.0159999997292 109.7279999997868 -60.96000000000001
128.0159999997292 128.0159999997292 -60.96000000000001
128.0159999997292 146.3039999996743 -60.96000000000001
128.0159999997292 164.5919999996213 -60.96000000000001
128.0159999997292 182.8799999995673 -60.96000000000001
128.0159999997292 201.1679999995563 -60.96000000000001
128.0159999997292 219.4559999996106 -60.96000000000001
128.0159999997292 237.7439999996538 -60.96000000000001
128.0159999997292 256.0319999997033 -60.96000000000001
128.0159999997292 274.3199999997623 -60.96000000000001
128.0159999997292 292.6079999998053 -60.96000000000001
128.0159999997292 310.8959999998484 -60.96000000000001
128.0159999997292 329.1839999999137 -60.96000000000001
128.0159999997292 347.4719999999569 -60.96000000000001
146.3039999996744 36.5759999999655 -60.96000000000001
146.3039999996743 54.86399999993934 -60.96000000000001
146.3039999996743 73.15199999988207 -60.96000000000001
146.3039999996743 91.4399999998401 -60.96000000000001
146.3039999996743 109.7279999997868 -60.96000000000001
146.3039999996743 128.0159999997292 -60.96000000000001
146.3039999996743 146.3039999996744 -60.96000000000001
146.3039999996743 164.5919999996213 -60.96000000000001
146.3039999996743 182.8799999995673 -60.96000000000001
146.3039999996743 201.1679999995563 -60.96000000000001
146.3039999996743 219.4559999996106 -60.96000000000001
146.3039999996743 237.7439999996537 -60.96000000000001
146.3039999996743 256.0319999997033 -60.96000000000001
146.3039999996743 274.3199999997622 -60.96000000000001
146.3039999996743 292.6079999998053 -60.96000000000001
146.3039999996743 310.8959999998484 -60.96000000000001
146.3039999996743 329.1839999999137 -60.96000000000001
146.3039999996743 347.4719999999569 -60.96000000000001
164.5919999996213 36.57599999996551 -60.96000000000001
164.5919999996213 54.86399999993935 -60.96000000000001
164.5919999996213 73.15199999988207 -60.96000000000001
164.5919999996213 91.4399999998401 -60.96000000000001
164.5919999996213 109.7279999997868 -60.96000000000001
164.5919999996213 128.0159999997292 -60.96000000000001
164.5919999996213 146.3039999996744 -60.96000000000001
164.5919999996213 164.5919999996213 -60.96000000000001
164.5919999996213 182.8799999995673 -60.96000000000001
164.5919999996213 201.1679999995563 -60.96000000000001
164.5919999996213 219.4559999996106 -60.96000000000001
164.5919999996213 237.7439999996536 -60.96000000000001
164.5919999996213 256.0319999997033 -60.96000000000001
164.5919999996213 274.3199999997623 -60.96000000000001
164.5919999996213 292.6079999998053 -60.96000000000001
164.5919999996213 310.8959999998484 -60.96000000000001
164.5919999996213 329.1839999999136 -60.96000000000001
164.5919999996213 347.4719999999569 -60.96000000000001
182.8799999995673 36.57599999996551 -60.96000000000001
182.8799999995674 54.86399999993934 -60.96000000000001
182.8799999995673 73.15199999988207 -60.96000000000001
182.8799999995673 91.4399999998401 -60.96000000000001
182.8799999995673 109.7279999997868 -60.96000000000001
182.8799999995673 128.0159999997292 -60.96000000000001
182.8799999995673 146.3039999996743 -60.96000000000001
182.8799999995674 164.5919999996213 -60.96000000000001
182.8799999995673 182.8799999995674 -60.96000000000001
182.8799999995673 201.1679999995563 -60.96000000000001
182.8799999995674 219.4559999996106 -60.96000000000001
182.8799999995673 237.7439999996537 -60.96000000000001
182.8799999995674 256.0319999997033 -60.96000000000001
182.8799999995673 274.3199999997622 -60.96000000000001
182.8799999995673 292.6079999998053 -60.96000000000001
182.8799999995674 310.8959999998484 -60.96000000000001
182.8799999995673 329.1839999999137 -60.96000000000001
182.8799999995673 347.4719999999569 -60.96000000000001
201.1679999995564 36.5759999999655 -60.96000000000001
201.1679999995564 54.86399999993934 -60.96000000000001
201.1679999995563 73.15199999988207 -60.96000000000001
201.1679999995563 91.4399999998401 -60.96000000000001
201.1679999995563 109.7279999997868 -60.96000000000001
201.1679999995564 128.0159999997292 -60.96000000000001
201.1679999995564 146.3039999996743 -60.96000000000001
201.1679999995564 164.5919999996213 -60.96000000000001
201.1679999995563 182.8799999995673 -60.96000000000001
201.1679999995563 201.1679999995563 -60.96000000000001
201.1679999995564 219.4559999996106 -60.96000000000001
201.1679999995564 237.7439999996537 -60.96000000000001
201.1679999995563 256.0319999997033 -60.96000000000001
201.1679999995563 274.3199999997622 -60.96000000000001
201.1679999995563 292.6079999998053 -60.96000000000001
201.1679999995563 310.8959999998484 -60.96000000000001
201.1679999995563 329.1839999999137 -60.96000000000001
201.1679999995563 347.4719999999569 -60.96000000000001
219.4559999996106 36.5759999999655 -60.96000000000001
219.4559999996106 54.86399999993935 -60.96000000000001
219.4559999996106 73.15199999988207 -60.96000000000001
219.4559999996106 91.4399999998401 -60.96000000000001
219.4559999996106 109.7279999997868 -60.96000000000001
219.4559999996106 128.0159999997292 -60.96000000000001
219.4559999996106 146.3039999996743 -60.96000000000001
219.4559999996106 164.5919999996213 -60.96000000000001
219.4559999996106 182.8799999995674 -60.96000000000001
219.4559999996106 201.1679999995563 -60.96000000000001
219.4559999996106 219.4559999996106 -60.96000000000001
219.4559999996106 237.7439999996537 -60.96000000000001
219.4559999996106 256.0319999997033 -60.96000000000001
219.4559999996106 274.3199999997622 -60.96000000000001
219.4559999996106 292.6079999998053 -60.96000000000001
219.4559999996106 310.8959999998484 -60.96000000000001
219.4559999996106 329.1839999999137 -60.96000000000001
219.4559999996106 347.4719999999569 -60.96000000000001
237.7439999996537 36.5759999999655 -60.96000000000001
237.7439999996537 54.86399999993934 -60.96000000000001
237.7439999996537 73.15199999988207 -60.96000000000001
237.7439999996537 91.43999999984008 -60.96000000000001
237.7439999996537 109.7279999997868 -60.96000000000001
237.7439999996537 128.0159999997292 -60.96000000000001
237.7439999996537 146.3039999996743 -60.96000000000001
237.7439999996536 164.5919999996213 -60.96000000000001
237.7439999996538 182.8799999995674 -60.96000000000001
237.7439999996537 201.1679999995563 -60.96000000000001
237.7439999996537 219.4559999996106 -60.96000000000001
237.7439999996537 237.7439999996537 -60.96000000000001
237.7439999996537 256.0319999997033 -60.96000000000001
237.7439999996537 274.3199999997622 -60.96000000000001
237.7439999996537 292.6079999998053 -60.96000000000001
237.7439999996537 310.8959999998484 -60.96000000000001
237.7439999996536 329.1839999999137 -60.96000000000001
237.7439999996537 347.4719999999569 -60.96000000000001
256.0319999997033 36.57599999996551 -60.96000000000001
256.0319999997032 54.86399999993934 -60.96000000000001
256.0319999997033 73.15199999988207 -60.96000000000001
256.0319999997033 91.4399999998401 -60.96000000000001
256.0319999997033 109.7279999997868 -60.96000000000001
256.0319999997032 128.0159999997292 -60.96000000000001
256.0319999997033 146.3039999996743 -60.96000000000001
256.0319999997033 164.5919999996213 -60.96000000000001
256.0319999997033 182.8799999995674 -60.96000000000001
256.0319999997033 201.1679999995563 -60.96000000000001
256.0319999997033 219.4559999996106 -60.96000000000001
256.0319999997033 237.7439999996537 -60.96000000000001
256.0319999997033 256.0319999997033 -60.96000000000001
256.0319999997033 274.3199999997622 -60.96000000000001
256.0319999997033 292.6079999998053 -60.96000000000001
256.0319999997032 310.8959999998484 -60.96000000000001
256.0319999997032 329.1839999999137 -60.96000000000001
256.0319999997033 347.4719999999569 -60.96000000000001
274.3199999997623 36.57599999996551 -60.96000000000001
274.3199999997621 54.86399999993934 -60.96000000000001
274.3199999997622 73.15199999988207 -60.96000000000001
274.3199999997622 91.4399999998401 -60.96000000000001
274.3199999997621 109.7279999997868 -60.96000000000001
274.3199999997621 128.0159999997292 -60.96000000000001
274.3199999997623 146.3039999996743 -60.96000000000001
274.3199999997622 164.5919999996213 -60.96000000000001
274.3199999997622 182.8799999995673 -60.96000000000001
274.3199999997622 201.1679999995563 -60.96000000000001
274.3199999997622 219.4559999996106 -60.96000000000001
274.3199999997622 237.7439999996537 -60.96000000000001
274.3199999997622 256.0319999997033 -60.96000000000001
274.3199999997622 274.3199999997622 -60.96000000000001
274.3199999997623 292.6079999998053 -60.96000000000001
274.3199999997621 310.8959999998484 -60.96000000000001
274.3199999997622 329.1839999999137 -60.96000000000001
274.3199999997622 347.4719999999569 -60.96000000000001
292.6079999998053 36.5759999999655 -60.96000000000001
292.6079999998053 54.86399999993934 -60.96000000000001
292.6079999998053 73.15199999988207 -60.96000000000001
292.6079999998053 91.4399999998401 -60.96000000000001
292.6079999998053 109.7279999997868 -60.96000000000001
292.6079999998053 128.0159999997292 -60.96000000000001
292.6079999998053 146.3039999996743 -60.96000000000001
292.6079999998053 164.5919999996213 -60.96000000000001
292.6079999998053 182.8799999995673 -60.96000000000001
292.6079999998053 201.1679999995563 -60.96000000000001
292.6079999998053 219.4559999996106 -60.96000000000001
292.6079999998053 237.7439999996537 -60.96000000000001
292.6079999998053 256.0319999997033 -60.96000000000001
292.6079999998053 274.3199999997623 -60.96000000000001
292.6079999998053 292.6079999998053 -60.96000000000001
292.6079999998053 310.8959999998484 -60.96000000000001
292.6079999998053 329.1839999999138 -60.96000000000001
292.6079999998053 347.4719999999568 -60.96000000000001
310.8959999998484 36.57599999996551 -60.96000000000001
310.8959999998485 54.86399999993935 -60.96000000000001
310.8959999998485 73.15199999988207 -60.96000000000001
310.8959999998484 91.4399999998401 -60.96000000000001
310.8959999998484 109.7279999997868 -60.96000000000001
310.8959999998484 128.0159999997292 -60.96000000000001
310.8959999998484 146.3039999996744 -60.96000000000001
310.8959999998484 164.5919999996213 -60.96000000000001
310.8959999998484 182.8799999995673 -60.96000000000001
310.8959999998484 201.1679999995563 -60.96000000000001
310.8959999998484 219.4559999996106 -60.96000000000001
310.8959999998484 237.7439999996537 -60.96000000000001
310.8959999998484 256.0319999997032 -60.96000000000001
310.8959999998484 274.3199999997622 -60.96000000000001
310.8959999998484 292.6079999998053 -60.96000000000001
310.8959999998484 310.8959999998484 -60.96000000000001
310.8959999998484 329.1839999999137 -60.96000000000001
310.8959999998484 347.4719999999569 -60.96000000000001
329.1839999999137 36.5759999999655 -60.96000000000001
329.1839999999139 54.86399999993934 -60.96000000000001
329.1839999999137 73.15199999988207 -60.96000000000001
329.1839999999137 91.4399999998401 -60.96000000000001
329.1839999999137 109.7279999997868 -60.96000000000001
329.1839999999136 128.0159999997292 -60.96000000000001
329.1839999999136 146.3039999996743 -60.96000000000001
329.1839999999137 164.5919999996213 -60.96000000000001
329.1839999999137 182.8799999995673 -60.96000000000001
329.1839999999137 201.1679999995563 -60.96000000000001
329.1839999999137 219.4559999996106 -60.96000000000001
329.1839999999137 237.7439999996537 -60.96000000000001
329.1839999999137 256.0319999997033 -60.96000000000001
329.1839999999137 274.3199999997622 -60.96000000000001
329.1839999999137 292.6079999998053 -60.96000000000001
329.1839999999137 310.8959999998484 -60.96000000000001
329.1839999999137 329.1839999999137 -60.96000000000001
329.1839999999137 347.4719999999568 -60.96000000000001
347.4719999999569 36.5759999999655 -60.96000000000001
347.4719999999569 54.86399999993935 -60.96000000000001
347.4719999999569 73.15199999988207 -60.96000000000001
347.4719999999568 91.4399999998401 -60.96000000000001
347.4719999999569 109.7279999997868 -60.96000000000001
347.4719999999569 128.0159999997292 -60.96000000000001
347.4719999999569 146.3039999996744 -60.96000000000001
347.4719999999569 164.5919999996213 -60.96000000000001
347.4719999999569 182.8799999995673 -60.96000000000001
347.4719999999569 201.1679999995563 -60.96000000000001
347.4719999999569 219.4559999996106 -60.96000000000001
347.4719999999569 237.7439999996537 -60.96000000000001
347.4719999999569 256.0319999997033 -60.96000000000001
347.4719999999569 274.3199999997623 -60.96000000000001
347.4719999999569 292.6079999998053 -60.96000000000001
347.4719999999569 310.8959999998484 -60.96000000000001
347.4719999999569 329.1839999999137 -60.96000000000001
347.4719999999569 347.4719999999569 -60.96000000000001
2 2301 0 324
5485
5486
5487
5488
5489
5490
5491
5492
5493
5494
5495
5496
5497
5498
5499
5500
5501
5502
5503
5504
5505
5506
5507
5508
5509
5510
5511
5512
5513
5514
5515
5516
5517
5518
5519
5520
5521
5522
5523
5524
5525
5526
5527
5528
5529
5530
5531
5532
5533
5534
5535
5536
5537
5538
5539
5540
5541
5542
5543
5544
5545
5546
5547
5548
5549
5550
5551
5552
5553
5554
5555
5556
5557
5558
5559
5560
5561
5562
5563
5564
5565
5566
5567
5568
5569
5570
5571
5572
5573
5574
5575
5576
5577
5578
5579
5580
5581
5582
5583
5584
5585
5586
5587
5588
5589
5590
5591
5592
5593
5594
5595
5596
5597
5598
5599
5600
5601
5602
5603
5604
5605
5606
5607
5608
5609
5610
5611
5612
5613
5614
5615
5616
5617
5618
5619
5620
5621
5622
5623
5624
5625
5626
5627
5628
5629
5630
5631
5632
5633
5634
5635
5636
5637
5638
5639
5640
5641
5642
5643
5644
5645
5646
5647
5648
5649
5650
5651
5652
5653
5654
5655
5656
5657
5658
5659
5660
5661
5662
5663
5664
5665
5666
5667
5668
5669
5670
5671
5672
5673
5674
5675
5676
5677
5678
5679
5680
5681
5682
5683
5684
5685
5686
5687
5688
5689
5690
5691
5692
5693
5694
5695
5696
5697
5698
5699
5700
5701
5702
5703
5704
5705
5706
5707
5708
5709
5710
5711
5712
5713
5714
5715
5716
5717
5718
5719
5720
5721
5722
5723
5724
5725
5726
5727
5728
5729
5730
5731
5732
5733
5734
5735
5736
5737
5738
5739
5740
5741
5742
5743
5744
5745
5746
5747
5748
5749
5750
5751
5752
5753
5754
5755
5756
5757
5758
5759
5760
5761
5762
5763
5764
5765
5766
5767
5768
5769
5770
5771
5772
5773
5774
5775
5776
5777
5778
5779
5780
5781
5782
5783
5784
5785
5786
5787
5788
5789
5790
5791
5792
5793
5794
5795
5796
5797
5798
5799
5800
5801
5802
5803
5804
5805
5806
5807
5808
36.57599999996552 36.5759999999655 -67.05600000000001
36.57599999996552 54.86399999993934 -67.05600000000001
36.57599999996552 73.15199999988207 -67.05600000000001
36.57599999996551 91.43999999984013 -67.05600000000001
36.57599999996551 109.7279999997868 -67.05600000000001
36.5759999999655 128.0159999997292 -67.05600000000001
36.5759999999655 146.3039999996743 -67.05600000000001
36.57599999996551 164.5919999996213 -67.05600000000001
36.5759999999655 182.8799999995673 -67.05600000000001
36.5759999999655 201.1679999995564 -67.05600000000001
36.5759999999655 219.4559999996106 -67.05600000000001
36.5759999999655 237.7439999996537 -67.05600000000001
36.5759999999655 256.0319999997033 -67.05600000000001
36.5759999999655 274.3199999997622 -67.05600000000001
36.5759999999655 292.6079999998053 -67.05600000000001
36.5759999999655 310.8959999998484 -67.05600000000001
36.5759999999655 329.1839999999137 -67.05600000000001
36.5759999999655 347.4719999999569 -67.05600000000001
54.86399999993936 36.5759999999655 -67.05600000000001
54.86399999993934 54.86399999993934 -67.05600000000001
54.86399999993935 73.15199999988207 -67.05600000000001
54.86399999993933 91.4399999998401 -67.05600000000001
54.86399999993934 109.7279999997868 -67.05600000000001
54.86399999993934 128.0159999997292 -67.05600000000001
54.86399999993934 146.3039999996743 -67.05600000000001
54.86399999993935 164.5919999996213 -67.05600000000001
54.86399999993934 182.8799999995673 -67.05600000000001
54.86399999993934 201.1679999995563 -67.05600000000001
54.86399999993934 219.4559999996106 -67.05600000000001
54.86399999993934 237.7439999996537 -67.05600000000001
54.86399999993934 256.0319999997032 -67.05600000000001
54.86399999993934 274.3199999997622 -67.05600000000001
54.86399999993934 292.6079999998053 -67.05600000000001
54.86399999993934 310.8959999998484 -67.05600000000001
54.86399999993934 329.1839999999137 -67.05600000000001
54.86399999993935 347.4719999999569 -67.05600000000001
73.15199999988205 36.5759999999655 -67.05600000000001
73.15199999988205 54.86399999993934 -67.05600000000001
73.15199999988208 73.15199999988207 -67.05600000000001
73.15199999988207 91.4399999998401 -67.05600000000001
73.15199999988207 109.7279999997868 -67.05600000000001
73.15199999988207 128.0159999997292 -67.05600000000001
73.15199999988207 146.3039999996743 -67.05600000000001
73.15199999988207 164.5919999996213 -67.05600000000001
73.15199999988207 182.8799999995673 -67.05600000000001
73.15199999988207 201.1679999995563 -67.05600000000001
73.15199999988207 219.4559999996106 -67.05600000000001
73.15199999988207 237.7439999996537 -67.05600000000001
73.15199999988207 256.0319999997033 -67.05600000000001
73.15199999988207 274.3199999997622 -67.05600000000001
73.15199999988207 292.6079999998053 -67.05600000000001
73.15199999988207 310.8959999998484 -67.05600000000001
73.15199999988207 329.1839999999137 -67.05600000000001
73.15199999988207 347.4719999999569 -67.05600000000001
91.43999999984014 36.57599999996551 -67.05600000000001
91.43999999984013 54.86399999993934 -67.05600000000001
91.43999999984013 73.15199999988207 -67.05600000000001
91.4399999998401 91.43999999984013 -67.05600000000001
91.43999999984007 109.7279999997868 -67.05600000000001
91.4399999998401 128.0159999997292 -67.05600000000001
91.43999999984014 146.3039999996743 -67.05600000000001
91.4399999998401 164.5919999996213 -67.05600000000001
91.43999999984008 182.8799999995673 -67.05600000000001
91.43999999984008 201.1679999995563 -67.05600000000001
91.4399999998401 219.4559999996106 -67.05600000000001
91.43999999984008 237.7439999996537 -67.05600000000001
91.4399999998401 256.0319999997033 -67.05600000000001
91.4399999998401 274.3199999997622 -67.05600000000001
91.4399999998401 292.6079999998053 -67.05600000000001
91.4399999998401 310.8959999998484 -67.05600000000001
91.4399999998401 329.1839999999137 -67.05600000000001
91.43999999984008 347.4719999999569 -67.05600000000001
109.7279999997868 36.57599999996551 -67.05600000000001
109.7279999997868 54.86399999993934 -67.05600000000001
109.7279999997868 73.15199999988207 -67.05600000000001
109.7279999997868 91.4399999998401 -67.05600000000001
109.7279999997868 109.7279999997868 -67.05600000000001
109.7279999997868 128.0159999997292 -67.05600000000001
109.7279999997868 146.3039999996744 -67.05600000000001
109.7279999997868 164.5919999996213 -67.05600000000001
109.7279999997868 182.8799999995673 -67.05600000000001
109.7279999997867 201.1679999995563 -67.05600000000001
109.7279999997868 219.4559999996106 -67.05600000000001
109.7279999997868 237.7439999996537 -67.05600000000001
109.7279999997868 256.0319999997033 -67.05600000000001
109.7279999997868 274.3199999997622 -67.05600000000001
109.7279999997868 292.6079999998053 -67.05600000000001
109.7279999997868 310.8959999998484 -67.05600000000001
109.7279999997868 329.1839999999137 -67.05600000000001
109.7279999997867 347.4719999999569 -67.05600000000001
128.0159999997292 36.5759999999655 -67.05600000000001
128.0159999997292 54.86399999993935 -67.05600000000001
128.0159999997292 73.15199999988207 -67.05600000000001
128.0159999997292 91.4399999998401 -67.05600000000001
128.0159999997292 109.7279999997868 -67.05600000000001
128.0159999997292 128.0159999997292 -67.05600000000001
128.0159999997292 146.3039999996743 -67.05600000000001
128.0159999997292 164.5919999996213 -67.05600000000001
128.0159999997292 182.8799999995673 -67.05600000000001
128.0159999997292 201.1679999995563 -67.05600000000001
128.0159999997292 219.4559999996106 -67.05600000000001
128.0159999997292 237.7439999996538 -67.05600000000001
128.0159999997292 256.0319999997033 -67.05600000000001
128.0159999997292 274.3199999997623 -67.05600000000001
128.0159999997292 292.6079999998053 -67.05600000000001
128.0159999997292 310.8959999998484 -67.05600000000001
128.0159999997292 329.1839999999137 -67.05600000000001
128.0159999997292 347.4719999999569 -67.05600000000001
146.3039999996744 36.5759999999655 -67.05600000000001
146.3039999996743 54.86399999993934 -67.05600000000001
146.3039999996743 73.15199999988207 -67.05600000000001
146.3039999996743 91.4399999998401 -67.05600000000001
146.3039999996743 109.7279999997868 -67.05600000000001
146.3039999996743 128.0159999997292 -67.05600000000001
146.3039999996743 146.3039999996744 -67.05600000000001
146.3039999996743 164.5919999996213 -67.05600000000001
146.3039999996743 182.8799999995673 -67.05600000000001
146.3039999996743 201.1679999995563 -67.05600000000001
146.3039999996743 219.4559999996106 -67.05600000000001
146.3039999996743 237.7439999996537 -67.05600000000001
146.3039999996743 256.0319999997033 -67.05600000000001
146.3039999996743 274.3199999997622 -67.05600000000001
146.3039999996743 292.6079999998053 -67.05600000000001
146.3039999996743 310.8959999998484 -67.05600000000001
146.3039999996743 329.1839999999137 -67.05600000000001
146.3039999996743 347.4719999999569 -67.05600000000001
164.5919999996213 36.57599999996551 -67.05600000000001
164.5919999996213 54.86399999993935 -67.05600000000001
164.5919999996213 73.15199999988207 -67.05600000000001
164.5919999996213 91.4399999998401 -67.05600000000001
164.5919999996213 109.7279999997868 -67.05600000000001
164.5919999996213 128.0159999997292 -67.05600000000001
164.5919999996213 146.3039999996744 -67.05600000000001
164.5919999996213 164.5919999996213 -67.05600000000001
164.5919999996213 182.8799999995673 -67.05600000000001
164.5919999996213 201.1679999995563 -67.05600000000001
164.5919999996213 219.4559999996106 -67.05600000000001
164.5919999996213 237.7439999996536 -67.05600000000001
164.5919999996213 256.0319999997033 -67.05600000000001
164.5919999996213 274.3199999997623 -67.05600000000001
164.5919999996213 292.6079999998053 -67.05600000000001
164.5919999996213 310.8959999998484 -67.05600000000001
164.5919999996213 329.1839999999136 -67.05600000000001
164.5919999996213 347.4719999999569 -67.05600000000001
182.8799999995673 36.57599999996551 -67.05600000000001
182.8799999995674 54.86399999993934 -67.05600000000001
182.8799999995673 73.15199999988207 -67.05600000000001
182.8799999995673 91.4399999998401 -67.05600000000001
182.8799999995673 109.7279999997868 -67.05600000000001
182.8799999995673 128.0159999997292 -67.05600000000001
182.8799999995673 146.3039999996743 -67.05600000000001
182.8799999995674 164.5919999996213 -67.05600000000001
182.8799999995673 182.8799999995674 -67.05600000000001
182.8799999995673 201.1679999995563 -67.05600000000001
182.8799999995674 219.4559999996106 -67.05600000000001
182.8799999995673 237.7439999996537 -67.05600000000001
182.8799999995674 256.0319999997033 -67.05600000000001
182.8799999995673 274.3199999997622 -67.05600000000001
182.8799999995673 292.6079999998053 -67.05600000000001
182.8799999995674 310.8959999998484 -67.05600000000001
182.8799999995673 329.1839999999137 -67.05600000000001
182.8799999995673 347.4719999999569 -67.05600000000001
201.1679999995564 36.5759999999655 -67.05600000000001
201.1679999995564 54.86399999993934 -67.05600000000001
201.1679999995563 73.15199999988207 -67.05600000000001
201.1679999995563 91.4399999998401 -67.05600000000001
201.1679999995563 109.7279999997868 -67.05600000000001
201.1679999995564 128.0159999997292 -67.05600000000001
201.1679999995564 146.3039999996743 -67.05600000000001
201.1679999995564 164.5919999996213 -67.05600000000001
201.1679999995563 182.8799999995673 -67.05600000000001
201.1679999995563 201.1679999995563 -67.05600000000001
201.1679999995564 219.4559999996106 -67.05600000000001
201.1679999995564 237.7439999996537 -67.05600000000001
201.1679999995563 256.0319999997033 -67.05600000000001
201.1679999995563 274.3199999997622 -67.05600000000001
201.1679999995563 292.6079999998053 -67.05600000000001
201.1679999995563 310.8959999998484 -67.05600000000001
201.1679999995563 329.1839999999137 -67.05600000000001
201.1679999995563 347.4719999999569 -67.05600000000001
219.4559999996106 36.5759999999655 -67.05600000000001
219.4559999996106 54.86399999993935 -67.05600000000001
219.4559999996106 73.15199999988207 -67.05600000000001
219.4559999996106 91.4399999998401 -67.05600000000001
219.4559999996106 109.7279999997868 -67.05600000000001
219.4559999996106 128.0159999997292 -67.05600000000001
219.4559999996106 146.3039999996743 -67.05600000000001
219.4559999996106 164.5919999996213 -67.05600000000001
219.4559999996106 182.8799999995674 -67.05600000000001
219.4559999996106 201.1679999995563 -67.05600000000001
219.4559999996106 219.4559999996106 -67.05600000000001
219.4559999996106 237.7439999996537 -67.05600000000001
219.4559999996106 256.0319999997033 -67.05600000000001
219.4559999996106 274.3199999997622 -67.05600000000001
219.4559999996106 292.6079999998053 -67.05600000000001
219.4559999996106 310.8959999998484 -67.05600000000001
219.4559999996106 329.1839999999137 -67.05600000000001
219.4559999996106 347.4719999999569 -67.05600000000001
237.7439999996537 36.5759999999655 -67.05600000000001
237.7439999996537 54.86399999993934 -67.05600000000001
237.7439999996537 73.15199999988207 -67.05600000000001
237.7439999996537 91.43999999984008 -67.05600000000001
237.7439999996537 109.7279999997868 -67.05600000000001
237.7439999996537 128.0159999997292 -67.05600000000001
237.7439999996537 146.3039999996743 -67.05600000000001
237.7439999996536 164.5919999996213 -67.05600000000001
237.7439999996538 182.8799999995674 -67.05600000000001
237.7439999996537 201.1679999995563 -67.05600000000001
237.7439999996537 219.4559999996106 -67.05600000000001
237.7439999996537 237.7439999996537 -67.05600000000001
237.7439999996537 256.0319999997033 -67.05600000000001
237.7439999996537 274.3199999997622 -67.05600000000001
237.7439999996537 292.6079999998053 -67.05600000000001
237.7439999996537 310.8959999998484 -67.05600000000001
237.7439999996536 329.1839999999137 -67.05600000000001
237.7439999996537 347.4719999999569 -67.05600000000001
256.0319999997033 36.57599999996551 -67.05600000000001
256.0319999997032 54.86399999993934 -67.05600000000001
256.0319999997033 73.15199999988207 -67.05600000000001
256.0319999997033 91.4399999998401 -67.05600000000001
256.0319999997033 109.7279999997868 -67.05600000000001
256.0319999997032 128.0159999997292 -67.05600000000001
256.0319999997033 146.3039999996743 -67.05600000000001
256.0319999997033 164.5919999996213 -67.05600000000001
256.0319999997033 182.8799999995674 -67.05600000000001
256.0319999997033 201.1679999995563 -67.05600000000001
256.0319999997033 219.4559999996106 -67.05600000000001
256.0319999997033 237.7439999996537 -67.05600000000001
256.0319999997033 256.0319999997033 -67.05600000000001
256.0319999997033 274.3199999997622 -67.05600000000001
256.0319999997033 292.6079999998053 -67.05600000000001
256.0319999997032 310.8959999998484 -67.05600000000001
256.0319999997032 329.1839999999137 -67.05600000000001
256.0319999997033 347.4719999999569 -67.05600000000001
274.3199999997623 36.57599999996551 -67.05600000000001
274.3199999997621 54.86399999993934 -67.05600000000001
274.3199999997622 73.15199999988207 -67.05600000000001
274.3199999997622 91.4399999998401 -67.05600000000001
274.3199999997621 109.7279999997868 -67.05600000000001
274.3199999997621 128.0159999997292 -67.05600000000001
274.3199999997623 146.3039999996743 -67.05600000000001
274.3199999997622 164.5919999996213 -67.05600000000001
274.3199999997622 182.8799999995673 -67.05600000000001
274.3199999997622 201.1679999995563 -67.05600000000001
274.3199999997622 219.4559999996106 -67.05600000000001
274.3199999997622 237.7439999996537 -67.05600000000001
274.3199999997622 256.0319999997033 -67.05600000000001
274.3199999997622 274.3199999997622 -67.05600000000001
274.3199999997623 292.6079999998053 -67.05600000000001
274.3199999997621 310.8959999998484 -67.05600000000001
274.3199999997622 329.1839999999137 -67.05600000000001
274.3199999997622 347.4719999999569 -67.05600000000001
292.6079999998053 36.5759999999655 -67.05600000000001
292.6079999998053 54.86399999993934 -67.05600000000001
292.6079999998053 73.15199999988207 -67.05600000000001
292.6079999998053 91.4399999998401 -67.05600000000001
292.6079999998053 109.7279999997868 -67.05600000000001
292.6079999998053 128.0159999997292 -67.05600000000001
292.6079999998053 146.3039999996743 -67.05600000000001
292.6079999998053 164.5919999996213 -67.05600000000001
292.6079999998053 182.8799999995673 -67.05600000000001
292.6079999998053 201.1679999995563 -67.05600000000001
292.6079999998053 219.4559999996106 -67.05600000000001
292.6079999998053 237.7439999996537 -67.05600000000001
292.6079999998053 256.0319999997033 -67.05600000000001
292.6079999998053 274.3199999997623 -67.05600000000001
292.6079999998053 292.6079999998053 -67.05600000000001
292.6079999998053 310.8959999998484 -67.05600000000001
292.6079999998053 329.1839999999138 -67.05600000000001
292.6079999998053 347.4719999999568 -67.05600000000001
310.8959999998484 36.57599999996551 -67.05600000000001
310.8959999998485 54.86399999993935 -67.05600000000001
310.8959999998485 73.15199999988207 -67.05600000000001
310.8959999998484 91.4399999998401 -67.05600000000001
310.8959999998484 109.7279999997868 -67.05600000000001
310.8959999998484 128.0159999997292 -67.05600000000001
310.8959999998484 146.3039999996744 -67.05600000000001
310.8959999998484 164.5919999996213 -67.05600000000001
310.8959999998484 182.8799999995673 -67.05600000000001
310.8959999998484 201.1679999995563 -67.05600000000001
310.8959999998484 219.4559999996106 -67.05600000000001
310.8959999998484 237.7439999996537 -67.05600000000001
310.8959999998484 256.0319999997032 -67.05600000000001
310.8959999998484 274.3199999997622 -67.05600000000001
310.8959999998484 292.6079999998053 -67.05600000000001
310.8959999998484 310.8959999998484 -67.05600000000001
310.8959999998484 329.1839999999137 -67.05600000000001
310.8959999998484 347.4719999999569 -67.05600000000001
329.1839999999137 36.5759999999655 -67.05600000000001
329.1839999999139 54.86399999993934 -67.05600000000001
329.1839999999137 73.15199999988207 -67.05600000000001
329.1839999999137 91.4399999998401 -67.05600000000001
329.1839999999137 109.7279999997868 -67.05600000000001
329.1839999999136 128.0159999997292 -67.05600000000001
329.1839999999136 146.3039999996743 -67.05600000000001
329.1839999999137 164.5919999996213 -67.05600000000001
329.1839999999137 182.8799999995673 -67.05600000000001
329.1839999999137 201.1679999995563 -67.05600000000001
329.1839999999137 219.4559999996106 -67.05600000000001
329.1839999999137 237.7439999996537 -67.05600000000001
329.1839999999137 256.0319999997033 -67.05600000000001
329.1839999999137 274.3199999997622 -67.05600000000001
329.1839999999137 292.6079999998053 -67.05600000000001
329.1839999999137 310.8959999998484 -67.05600000000001
329.1839999999137 329.1839999999137 -67.05600000000001
329.1839999999137 347.4719999999568 -67.05600000000001
347.4719999999569 36.5759999999655 -67.05600000000001
347.4719999999569 54.86399999993935 -67.05600000000001
347.4719999999569 73.15199999988207 -67.05600000000001
347.4719999999568 91.4399999998401 -67.05600000000001
347.4719999999569 109.7279999997868 -67.05600000000001
347.4719999999569 128.0159999997292 -67.05600000000001
347.4719999999569 146.3039999996744 -67.05600000000001
347.4719999999569 164.5919999996213 -67.05600000000001
347.4719999999569 182.8799999995673 -67.05600000000001
347.4719999999569 201.1679999995563 -67.05600000000001
347.4719999999569 219.4559999996106 -67.05600000000001
347.4719999999569 237.7439999996537 -67.05600000000001
347.4719999999569 256.0319999997033 -67.05600000000001
347.4719999999569 274.3199999997623 -67.05600000000001
347.4719999999569 292.6079999998053 -67.05600000000001
347.4719999999569 310.8959999998484 -67.05600000000001
347.4719999999569 329.1839999999137 -67.05600000000001
347.4719999999569 347.4719999999569 -67.05600000000001
3 1 0 0
3 2 0 0
3 3 0 0
3 4 0 0
3 5 0 0
3 6 0 0
3 7 0 0
3 8 0 0
3 9 0 0
3 10 0 0
3 11 0 0
3 12 0 0
3 13 0 0
3 14 0 0
3 15 0 0
3 16 0 0
3 17 0 0
3 18 0 0
3 19 0 0
3 20 0 0
3 21 0 0
3 22 0 0
3 23 0 0
3 24 0 0
3 25 0 0
3 26 0 0
3 27 0 0
3 28 0 0
3 29 0 0
3 30 0 0
3 31 0 0
3 32 0 0
3 33 0 0
3 34 0 0
3 35 0 0
3 36 0 0
3 37 0 0
3 38 0 0
3 39 0 0
3 40 0 0
3 41 0 0
3 42 0 0
3 43 0 0
3 44 0 0
3 45 0 0
3 46 0 0
3 47 0 0
3 48 0 0
3 49 0 0
3 50 0 0
3 51 0 0
3 52 0 0
3 53 0 0
3 54 0 0
3 55 0 0
3 56 0 0
3 57 0 0
3 58 0 0
3 59 0 0
3 60 0 0
3 61 0 0
3 62 0 0
3 63 0 0
3 64 0 0
3 65 0 0
3 66 0 0
3 67 0 0
3 68 0 0
3 69 0 0
3 70 0 0
3 71 0 0
3 72 0 0
3 73 0 0
3 74 0 0
3 75 0 0
3 76 0 0
3 77 0 0
3 78 0 0
3 79 0 0
3 80 0 0
3 81 0 0
3 82 0 0
3 83 0 0
3 84 0 0
3 85 0 0
3 86 0 0
3 87 0 0
3 88 0 0
3 89 0 0
3 90 0 0
3 91 0 0
3 92 0 0
3 93 0 0
3 94 0 0
3 95 0 0
3 96 0 0
3 97 0 0
3 98 0 0
3 99 0 0
$EndNodes
$Elements
99 4851 1 4851
3 1 5 1
1 6 2 1 5 19 18 17 20 
3 2 5 19
2 211 193 2 6 372 337 18 19 
3 212 194 193 211 371 338 337 372 
4 213 195 194 212 370 339 338 371 
5 214 196 195 213 369 340 339 370 
6 215 197 196 214 368 341 340 369 
7 216 198 197 215 367 342 341 368 
8 217 199 198 216 366 343 342 367 
9 218 200 199 217 365 344 343 366 
10 219 201 200 218 364 345 344 365 
11 220 202 201 219 363 346 345 364 
12 221 203 202 220 362 347 346 363 
13 222 204 203 221 361 348 347 362 
14 223 205 204 222 360 349 348 361 
15 224 206 205 223 359 350 349 360 
16 225 207 206 224 358 351 350 359 
17 226 208 207 225 357 352 351 358 
18 227 209 208 226 356 353 352 357 
19 228 210 209 227 355 354 353 356 
20 7 3 210 228 22 21 354 355 
3 3 5 1
21 8 4 3 7 24 23 21 22 
3 4 5 19
22 283 6 5 265 373 19 20 408 
23 284 283 265 266 374 373 408 407 
24 285 284 266 267 375 374 407 406 
25 286 285 267 268 376 375 406 405 
26 287 286 268 269 377 376 405 404 
27 288 287 269 270 378 377 404 403 
28 289 288 270 271 379 378 403 402 
29 290 289 271 272 380 379 402 401 
30 291 290 272 273 381 380 401 400 
31 292 291 273 274 382 381 400 399 
32 293 292 274 275 383 382 399 398 
33 294 293 275 276 384 383 398 397 
34 295 294 276 277 385 384 397 396 
35 296 295 277 278 386 385 396 395 
36 297 296 278 279 387 386 395 394 
37 298 297 279 280 388 387 394 393 
38 299 298 280 281 389 388 393 392 
39 300 299 281 282 390 389 392 391 
40 10 300 282 9 25 390 391 26 
3 5 5 361
41 1921 211 6 283 2245 372 19 373 
42 1922 1921 283 284 2246 2245 373 374 
43 1923 1922 284 285 2247 2246 374 375 
44 1924 1923 285 286 2248 2247 375 376 
45 1925 1924 286 287 2249 2248 376 377 
46 1926 1925 287 288 2250 2249 377 378 
47 1927 1926 288 289 2251 2250 378 379 
48 1928 1927 289 290 2252 2251 379 380 
49 1929 1928 290 291 2253 2252 380 381 
50 1930 1929 291 292 2254 2253 381 382 
51 1931 1930 292 293 2255 2254 382 383 
52 1932 1931 293 294 2256 2255 383 384 
53 1933 1932 294 295 2257 2256 384 385 
54 1934 1933 295 296 2258 2257 385 386 
55 1935 1934 296 297 2259 2258 386 387 
56 1936 1935 297 298 2260 2259 387 388 
57 1937 1936 298 299 2261 2260 388 389 
58 1938 1937 299 300 2262 2261 389 390 
59 229 1938 300 10 444 2262 390 25 
60 1939 212 211 1921 2263 371 372 2245 
61 1940 1939 1921 1922 2264 2263 2245 2246 
62 1941 1940 1922 1923 2265 2264 2246 2247 
63 1942 1941 1923 1924 2266 2265 2247 2248 
64 1943 1942 1924 1925 2267 2266 2248 2249 
65 1944 1943 1925 1926 2268 2267 2249 2250 
66 1945 1944 1926 1927 2269 2268 2250 2251 
67 1946 1945 1927 1928 2270 2269 2251 2252 
68 1947 1946 1928 1929 2271 2270 2252 2253 
69 1948 1947 1929 1930 2272 2271 2253 2254 
70 1949 1948 1930 1931 2273 2272 2254 2255 
71 1950 1949 1931 1932 2274 2273 2255 2256 
72 1951 1950 1932 1933 2275 2274 2256 2257 
73 1952 1951 1933 1934 2276 2275 2257 2258 
74 1953 1952 1934 1935 2277 2276 2258 2259 
75 1954 1953 1935 1936 2278 2277 2259 2260 
76 1955 1954 1936 1937 2279 2278 2260 2261 
77 1956 1955 1937 1938 2280 2279 2261 2262 
78 230 1956 1938 229 443 2280 2262 444 
79 1957 213 212 1939 2281 370 371 2263 
80 1958 1957 1939 1940 2282 2281 2263 2264 
81 1959 1958 1940 1941 2283 2282 2264 2265 
82 1960 1959 1941 1942 2284 2283 2265 2266 
83 1961 1960 1942 1943 2285 2284 2266 2267 
84 1962 1961 1943 1944 2286 2285 2267 2268 
85 1963 1962 1944 1945 2287 2286 2268 2269 
86 1964 1963 1945 1946 2288 2287 2269 2270 
87 1965 1964 1946 1947 2289 2288 2270 2271 
88 1966 1965 1947 1948 2290 2289 2271 2272 
89 1967 1966 1948 1949 2291 2290 2272 2273 
90 1968 1967 1949 1950 2292 2291 2273 2274 
91 1969 1968 1950 1951 2293 2292 2274 2275 
92 1970 1969 1951 1952 2294 2293 2275 2276 
93 1971 1970 1952 1953 2295 2294 2276 2277 
94 1972 1971 1953 1954 2296 2295 2277 2278 
95 1973 1972 1954 1955 2297 2296 2278 2279 
96 1974 1973 1955 1956 2298 2297 2279 2280 
97 231 1974 1956 230 442 2298 2280 443 
98 1975 214 213 1957 2299 369 370 2281 
99 1976 1975 1957 1958 2300 2299 2281 2282 
100 1977 1976 1958 1959 2301 2300 2282 2283 
101 1978 1977 1959 1960 2302 2301 2283 2284 
102 1979 1978 1960 1961 2303 2302 2284 2285 
103 1980 1979 1961 1962 2304 2303 2285 2286 
104 1981 1980 1962 1963 2305 2304 2286 2287 
105 1982 1981 1963 1964 2306 2305 2287 2288 
106 1983 1982 1964 1965 2307 2306 2288 2289 
107 1984 1983 1965 1966 2308 2307 2289 2290 
108 1985 1984 1966 1967 2309 2308 2290 2291 
109 1986 1985 1967 1968 2310 2309 2291 2292 
110 1987 1986 1968 1969 2311 2310 2292 2293 
111 1988 1987 1969 1970 2312 2311 2293 2294 
112 1989 1988 1970 1971 2313 2312 2294 2295 
113 1990 1989 1971 1972 2314 2313 2295 2296 
114 1991 1990 1972 1973 2315 2314 2296 2297 
115 1992 1991 1973 1974 2316 2315 2297 2298 
116 232 1992 1974 231 441 2316 2298 442 
117 1993 215 214 1975 2317 368 369 2299 
118 1994 1993 1975 1976 2318 2317 2299 2300 
119 1995 1994 1976 1977 2319 2318 2300 2301 
120 1996 1995 1977 1978 2320 2319 2301 2302 
121 1997 1996 1978 1979 2321 2320 2302 2303 
122 1998 1997 1979 1980 2322 2321 2303 2304 
123 1999 1998 1980 1981 2323 2322 2304 2305 
124 2000 1999 1981 1982 2324 2323 2305 2306 
125 2001 2000 1982 1983 2325 2324 2306 2307 
126 2002 2001 1983 1984 2326 2325 2307 2308 
127 2003 2002 1984 1985 2327 2326 2308 2309 
128 2004 2003 1985 1986 2328 2327 2309 2310 
129 2005 2004 1986 1987 2329 2328 2310 2311 
130 2006 2005 1987 1988 2330 2329 2311 2312 
131 2007 2006 1988 1989 2331 2330 2312 2313 
132 2008 2007 1989 1990 2332 2331 2313 2314 
133 2009 2008 1990 1991 2333 2332 2314 2315 
134 2010 2009 1991 1992 2334 2333 2315 2316 
135 233 2010 1992 232 440 2334 2316 441 
136 2011 216 215 1993 2335 367 368 2317 
137 2012 2011 1993 1994 2336 2335 2317 2318 
138 2013 2012 1994 1995 2337 2336 2318 2319 
139 2014 2013 1995 1996 2338 2337 2319 2320 
140 2015 2014 1996 1997 2339 2338 2320 2321 
141 2016 2015 1997 1998 2340 2339 2321 2322 
142 2017 2016 1998 1999 2341 2340 2322 2323 
143 2018 2017 1999 2000 2342 2341 2323 2324 
144 2019 2018 2000 2001 2343 2342 2324 2325 
145 2020 2019 2001 2002 2344 2343 2325 2326 
146 2021 2020 2002 2003 2345 2344 2326 2327 
147 2022 2021 2003 2004 2346 2345 2327 2328 
148 2023 2022 2004 2005 2347 2346 2328 2329 
149 2024 2023 2005 2006 2348 2347 2329 2330 
150 2025 2024 2006 2007 2349 2348 2330 2331 
151 2026 2025 2007 2008 2350 2349 2331 2332 
152 2027 2026 2008 2009 2351 2350 2332 2333 
153 2028 2027 2009 2010 2352 2351 2333 2334 
154 234 2028 2010 233 439 2352 2334 440 
155 2029 217 216 2011 2353 366 367 2335 
156 2030 2029 2011 2012 2354 2353 2335 2336 
157 2031 2030 2012 2013 2355 2354 2336 2337 
158 2032 2031 2013 2014 2356 2355 2337 2338 
159 2033 2032 2014 2015 2357 2356 2338 2339 
160 2034 2033 2015 2016 2358 2357 2339 2340 
161 2035 2034 2016 2017 2359 2358 2340 2341 
162 2036 2035 2017 2018 2360 2359 2341 2342 
163 2037 2036 2018 2019 2361 2360 2342 2343 
164 2038 2037 2019 2020 2362 2361 2343 2344 
165 2039 2038 2020 2021 2363 2362 2344 2345 
166 2040 2039 2021 2022 2364 2363 2345 2346 
167 2041 2040 2022 2023 2365 2364 2346 2347 
168 2042 2041 2023 2024 2366 2365 2347 2348 
169 2043 2042 2024 2025 2367 2366 2348 2349 
170 2044 2043 2025 2026 2368 2367 2349 2350 
171 2045 2044 2026 2027 2369 2368 2350 2351 
172 2046 2045 2027 2028 2370 2369 2351 2352 
173 235 2046 2028 234 438 2370 2352 439 
174 2047 218 217 2029 2371 365 366 2353 
175 2048 2047 2029 2030 2372 2371 2353 2354 
176 2049 2048 2030 2031 2373 2372 2354 2355 
177 2050 2049 2031 2032 2374 2373 2355 2356 
178 2051 2050 2032 2033 2375 2374 2356 2357 
179 2052 2051 2033 2034 2376 2375 2357 2358 
180 2053 2052 2034 2035 2377 2376 2358 2359 
181 2054 2053 2035 2036 2378 2377 2359 2360 
182 2055 2054 2036 2037 2379 2378 2360 2361 
183 2056 2055 2037 2038 2380 2379 2361 2362 
184 2057 2056 2038 2039 2381 2380 2362 2363 
185 2058 2057 2039 2040 2382 2381 2363 2364 
186 2059 2058 2040 2041 2383 2382 2364 2365 
187 2060 2059 2041 2042 2384 2383 2365 2366 
188 2061 2060 2042 2043 2385 2384 2366 2367 
189 2062 2061 2043 2044 2386 2385 2367 2368 
190 2063 2062 2044 2045 2387 2386 2368 2369 
191 2064 2063 2045 2046 2388 2387 2369 2370 
192 236 2064 2046 235 437 2388 2370 438 
193 2065 219 218 2047 2389 364 365 2371 
194 2066 2065 2047 2048 2390 2389 2371 2372 
195 2067 2066 2048 2049 2391 2390 2372 2373 
196 2068 2067 2049 2050 2392 2391 2373 2374 
197 2069 2068 2050 2051 2393 2392 2374 2375 
198 2070 2069 2051 2052 2394 2393 2375 2376 
199 2071 2070 2052 2053 2395 2394 2376 2377 
200 2072 2071 2053 2054 2396 2395 2377 2378 
201 2073 2072 2054 2055 2397 2396 2378 2379 
202 2074 2073 2055 2056 2398 2397 2379 2380 
203 2075 2074 2056 2057 2399 2398 2380 2381 
204 2076 2075 2057 2058 2400 2399 2381 2382 
205 2077 2076 2058 2059 2401 2400 2382 2383 
206 2078 2077 2059 2060 2402 2401 2383 2384 
207 2079 2078 2060 2061 2403 2402 2384 2385 
208 2080 2079 2061 2062 2404 2403 2385 2386 
209 2081 2080 2062 2063 2405 2404 2386 2387 
210 2082 2081 2063 2064 2406 2405 2387 2388 
211 237 2082 2064 236 436 2406 2388 437 
212 2083 220 219 2065 2407 363 364 2389 
213 2084 2083 2065 2066 2408 2407 2389 2390 
214 2085 2084 2066 2067 2409 2408 2390 2391 
215 2086 2085 2067 2068 2410 2409 2391 2392 
216 2087 2086 2068 2069 2411 2410 2392 2393 
217 2088 2087 2069 2070 2412 2411 2393 2394 
218 2089 2088 2070 2071 2413 2412 2394 2395 
219 2090 2089 2071 2072 2414 2413 2395 2396 
220 2091 2090 2072 2073 2415 2414 2396 2397 
221 2092 2091 2073 2074 2416 2415 2397 2398 
222 2093 2092 2074 2075 2417 2416 2398 2399 
223 2094 2093 2075 2076 2418 2417 2399 2400 
224 2095 2094 2076 2077 2419 2418 2400 2401 
225 2096 2095 2077 2078 2420 2419 2401 2402 
226 2097 2096 2078 2079 2421 2420 2402 2403 
227 2098 2097 2079 2080 2422 2421 2403 2404 
228 2099 2098 2080 2081 2423 2422 2404 2405 
229 2100 2099 2081 2082 2424 2423 2405 2406 
230 238 2100 2082 237 435 2424 2406 436 
231 2101 221 220 2083 2425 362 363 2407 
232 2102 2101 2083 2084 2426 2425 2407 2408 
233 2103 2102 2084 2085 2427 2426 2408 2409 
234 2104 2103 2085 2086 2428 2427 2409 2410 
235 2105 2104 2086 2087 2429 2428 2410 2411 
236 2106 2105 2087 2088 2430 2429 2411 2412 
237 2107 2106 2088 2089 2431 2430 2412 2413 
238 2108 2107 2089 2090 2432 2431 2413 2414 
239 2109 2108 2090 2091 2433 2432 2414 2415 
240 2110 2109 2091 2092 2434 2433 2415 2416 
241 2111 2110 2092 2093 2435 2434 2416 2417 
242 2112 2111 2093 2094 2436 2435 2417 2418 
243 2113 2112 2094 2095 2437 2436 2418 2419 
244 2114 2113 2095 2096 2438 2437 2419 2420 
245 2115 2114 2096 2097 2439 2438 2420 2421 
246 2116 2115 2097 2098 2440 2439 2421 2422 
247 2117 2116 2098 2099 2441 2440 2422 2423 
248 2118 2117 2099 2100 2442 2441 2423 2424 
249 239 2118 2100 238 434 2442 2424 435 
250 2119 222 221 2101 2443 361 362 2425 
251 2120 2119 2101 2102 2444 2443 2425 2426 
252 2121 2120 2102 2103 2445 2444 2426 2427 
253 2122 2121 2103 2104 2446 2445 2427 2428 
254 2123 2122 2104 2105 2447 2446 2428 2429 
255 2124 2123 2105 2106 2448 2447 2429 2430 
256 2125 2124 2106 2107 2449 2448 2430 2431 
257 2126 2125 2107 2108 2450 2449 2431 2432 
258 2127 2126 2108 2109 2451 2450 2432 2433 
259 2128 2127 2109 2110 2452 2451 2433 2434 
260 2129 2128 2110 2111 2453 2452 2434 2435 
261 2130 2129 2111 2112 2454 2453 2435 2436 
262 2131 2130 2112 2113 2455 2454 2436 2437 
263 2132 2131 2113 2114 2456 2455 2437 2438 
264 2133 2132 2114 2115 2457 2456 2438 2439 
265 2134 2133 2115 2116 2458 2457 2439 2440 
266 2135 2134 2116 2117 2459 2458 2440 2441 
267 2136 2135 2117 2118 2460 2459 2441 2442 
268 240 2136 2118 239 433 2460 2442 434 
269 2137 223 222 2119 2461 360 361 2443 
270 2138 2137 2119 2120 2462 2461 2443 2444 
271 2139 2138 2120 2121 2463 2462 2444 2445 
272 2140 2139 2121 2122 2464 2463 2445 2446 
273 2141 2140 2122 2123 2465 2464 2446 2447 
274 2142 2141 2123 2124 2466 2465 2447 2448 
275 2143 2142 2124 2125 2467 2466 2448 2449 
276 2144 2143 2125 2126 2468 2467 2449 2450 
277 2145 2144 2126 2127 2469 2468 2450 2451 
278 2146 2145 2127 2128 2470 2469 2451 2452 
279 2147 2146 2128 2129 2471 2470 2452 2453 
280 2148 2147 2129 2130 2472 2471 2453 2454 
281 2149 2148 2130 2131 2473 2472 2454 2455 
282 2150 2149 2131 2132 2474 2473 2455 2456 
283 2151 2150 2132 2133 2475 2474 2456 2457 
284 2152 2151 2133 2134 2476 2475 2457 2458 
285 2153 2152 2134 2135 2477 2476 2458 2459 
286 2154 2153 2135 2136 2478 2477 2459 2460 
287 241 2154 2136 240 432 2478 2460 433 
288 2155 224 223 2137 2479 359 360 2461 
289 2156 2155 2137 2138 2480 2479 2461 2462 
290 2157 2156 2138 2139 2481 2480 2462 2463 
291 2158 2157 2139 2140 2482 2481 2463 2464 
292 2159 2158 2140 2141 2483 2482 2464 2465 
293 2160 2159 2141 2142 2484 2483 2465 2466 
294 2161 2160 2142 2143 2485 2484 2466 2467 
295 2162 2161 2143 2144 2486 2485 2467 2468 
296 2163 2162 2144 2145 2487 2486 2468 2469 
297 2164 2163 2145 2146 2488 2487 2469 2470 
298 2165 2164 2146 2147 2489 2488 2470 2471 
299 2166 2165 2147 2148 2490 2489 2471 2472 
300 2167 2166 2148 2149 2491 2490 2472 2473 
301 2168 2167 2149 2150 2492 2491 2473 2474 
302 2169 2168 2150 2151 2493 2492 2474 2475 
303 2170 2169 2151 2152 2494 2493 2475 2476 
304 2171 2170 2152 2153 2495 2494 2476 2477 
305 2172 2171 2153 2154 2496 2495 2477 2478 
306 242 2172 2154 241 431 2496 2478 432 
307 2173 225 224 2155 2497 358 359 2479 
308 2174 2173 2155 2156 2498 2497 2479 2480 
309 2175 2174 2156 2157 2499 2498 2480 2481 
310 2176 2175 2157 2158 2500 2499 2481 2482 
311 2177 2176 2158 2159 2501 2500 2482 2483 
312 2178 2177 2159 2160 2502 2501 2483 2484 
313 2179 2178 2160 2161 2503 2502 2484 2485 
314 2180 2179 2161 2162 2504 2503 2485 2486 
315 2181 2180 2162 2163 2505 2504 2486 2487 
316 2182 2181 2163 2164 2506 2505 2487 2488 
317 2183 2182 2164 2165 2507 2506 2488 2489 
318 2184 2183 2165 2166 2508 2507 2489 2490 
319 2185 2184 2166 2167 2509 2508 2490 2491 
320 2186 2185 2167 2168 2510 2509 2491 2492 
321 2187 2186 2168 2169 2511 2510 2492 2493 
322 2188 2187 2169 2170 2512 2511 2493 2494 
323 2189 2188 2170 2171 2513 2512 2494 2495 
324 2190 2189 2171 2172 2514 2513 2495 2496 
325 243 2190 2172 242 430 2514 2496 431 
326 2191 226 225 2173 2515 357 358 2497 
327 2192 2191 2173 2174 2516 2515 2497 2498 
328 2193 2192 2174 2175 2517 2516 2498 2499 
329 2194 2193 2175 2176 2518 2517 2499 2500 
330 2195 2194 2176 2177 2519 2518 2500 2501 
331 2196 2195 2177 2178 2520 2519 2501 2502 
332 2197 2196 2178 2179 2521 2520 2502 2503 
333 2198 2197 2179 2180 2522 2521 2503 2504 
334 2199 2198 2180 2181 2523 2522 2504 2505 
335 2200 2199 2181 2182 2524 2523 2505 2506 
336 2201 2200 2182 2183 2525 2524 2506 2507 
337 2202 2201 2183 2184 2526 2525 2507 2508 
338 2203 2202 2184 2185 2527 2526 2508 2509 
339 2204 2203 2185 2186 2528 2527 2509 2510 
340 2205 2204 2186 2187 2529 2528 2510 2511 
341 2206 2205 2187 2188 2530 2529 2511 2512 
342 2207 2206 2188 2189 2531 2530 2512 2513 
343 2208 2207 2189 2190 2532 2531 2513 2514 
344 244 2208 2190 243 429 2532 2514 430 
345 2209 227 226 2191 2533 356 357 2515 
346 2210 2209 2191 2192 2534 2533 2515 2516 
347 2211 2210 2192 2193 2535 2534 2516 2517 
348 2212 2211 2193 2194 2536 2535 2517 2518 
349 2213 2212 2194 2195 2537 2536 2518 2519 
350 2214 2213 2195 2196 2538 2537 2519 2520 
351 2215 2214 2196 2197 2539 2538 2520 2521 
352 2216 2215 2197 2198 2540 2539 2521 2522 
353 2217 2216 2198 2199 2541 2540 2522 2523 
354 2218 2217 2199 2200 2542 2541 2523 2524 
355 2219 2218 2200 2201 2543 2542 2524 2525 
356 2220 2219 2201 2202 2544 2543 2525 2526 
357 2221 2220 2202 2203 2545 2544 2526 2527 
358 2222 2221 2203 2204 2546 2545 2527 2528 
359 2223 2222 2204 2205 2547 2546 2528 2529 
360 2224 2223 2205 2206 2548 2547 2529 2530 
361 2225 2224 2206 2207 2549 2548 2530 2531 
362 2226 2225 2207 2208 2550 2549 2531 2532 
363 245 2226 2208 244 428 2550 2532 429 
364 2227 228 227 2209 2551 355 356 2533 
365 2228 2227 2209 2210 2552 2551 2533 2534 
366 2229 2228 2210 2211 2553 2552 2534 2535 
367 2230 2229 2211 2212 2554 2553 2535 2536 
368 2231 2230 2212 2213 2555 2554 2536 2537 
369 2232 2231 2213 2214 2556 2555 2537 2538 
370 2233 2232 2214 2215 2557 2556 2538 2539 
371 2234 2233 2215 2216 2558 2557 2539 2540 
372 2235 2234 2216 2217 2559 2558 2540 2541 
373 2236 2235 2217 2218 2560 2559 2541 2542 
374 2237 2236 2218 2219 2561 2560 2542 2543 
375 2238 2237 2219 2220 2562 2561 2543 2544 
376 2239 2238 2220 2221 2563 2562 2544 2545 
377 2240 2239 2221 2222 2564 2563 2545 2546 
378 2241 2240 2222 2223 2565 2564 2546 2547 
379 2242 2241 2223 2224 2566 2565 2547 2548 
380 2243 2242 2224 2225 2567 2566 2548 2549 
381 2244 2243 2225 2226 2568 2567 2549 2550 
382 246 2244 2226 245 427 2568 2550 428 
383 301 7 228 2227 409 22 355 2551 
384 302 301 2227 2228 410 409 2551 2552 
385 303 302 2228 2229 411 410 2552 2553 
386 304 303 2229 2230 412 411 2553 2554 
387 305 304 2230 2231 413 412 2554 2555 
388 306 305 2231 2232 414 413 2555 2556 
389 307 306 2232 2233 415 414 2556 2557 
390 308 307 2233 2234 416 415 2557 2558 
391 309 308 2234 2235 417 416 2558 2559 
392 310 309 2235 2236 418 417 2559 2560 
393 311 310 2236 2237 419 418 2560 2561 
394 312 311 2237 2238 420 419 2561 2562 
395 313 312 2238 2239 421 420 2562 2563 
396 314 313 2239 2240 422 421 2563 2564 
397 315 314 2240 2241 423 422 2564 2565 
398 316 315 2241 2242 424 423 2565 2566 
399 317 316 2242 2243 425 424 2566 2567 
400 318 317 2243 2244 426 425 2567 2568 
401 11 318 2244 246 27 426 2568 427 
3 6 5 19
402 319 8 7 301 445 24 22 409 
403 320 319 301 302 446 445 409 410 
404 321 320 302 303 447 446 410 411 
405 322 321 303 304 448 447 411 412 
406 323 322 304 305 449 448 412 413 
407 324 323 305 306 450 449 413 414 
408 325 324 306 307 451 450 414 415 
409 326 325 307 308 452 451 415 416 
410 327 326 308 309 453 452 416 417 
411 328 327 309 310 454 453 417 418 
412 329 328 310 311 455 454 418 419 
413 330 329 311 312 456 455 419 420 
414 331 330 312 313 457 456 420 421 
415 332 331 313 314 458 457 421 422 
416 333 332 314 315 459 458 422 423 
417 334 333 315 316 460 459 423 424 
418 335 334 316 317 461 460 424 425 
419 336 335 317 318 462 461 425 426 
420 12 336 318 11 28 462 426 27 
3 7 5 1
421 14 10 9 13 29 25 26 30 
3 8 5 19
422 247 229 10 14 480 444 25 29 
423 248 230 229 247 479 443 444 480 
424 249 231 230 248 478 442 443 479 
425 250 232 231 249 477 441 442 478 
426 251 233 232 250 476 440 441 477 
427 252 234 233 251 475 439 440 476 
428 253 235 234 252 474 438 439 475 
429 254 236 235 253 473 437 438 474 
430 255 237 236 254 472 436 437 473 
431 256 238 237 255 471 435 436 472 
432 257 239 238 256 470 434 435 471 
433 258 240 239 257 469 433 434 470 
434 259 241 240 258 468 432 433 469 
435 260 242 241 259 467 431 432 468 
436 261 243 242 260 466 430 431 467 
437 262 244 243 261 465 429 430 466 
438 263 245 244 262 464 428 429 465 
439 264 246 245 263 463 427 428 464 
440 15 11 246 264 31 27 427 463 
3 9 5 1
441 16 12 11 15 32 28 27 31 
3 10 5 1
442 19 18 17 20 35 34 33 36 
3 11 5 19
443 372 337 18 19 516 481 34 35 
444 371 338 337 372 515 482 481 516 
445 370 339 338 371 514 483 482 515 
446 369 340 339 370 513 484 483 514 
447 368 341 340 369 512 485 484 513 
448 367 342 341 368 511 486 485 512 
449 366 343 342 367 510 487 486 511 
450 365 344 343 366 509 488 487 510 
451 364 345 344 365 508 489 488 509 
452 363 346 345 364 507 490 489 508 
453 362 347 346 363 506 491 490 507 
454 361 348 347 362 505 492 491 506 
455 360 349 348 361 504 493 492 505 
456 359 350 349 360 503 494 493 504 
457 358 351 350 359 502 495 494 503 
458 357 352 351 358 501 496 495 502 
459 356 353 352 357 500 497 496 501 
460 355 354 353 356 499 498 497 500 
461 22 21 354 355 38 37 498 499 
3 12 5 1
462 24 23 21 22 40 39 37 38 
3 13 5 19
463 373 19 20 408 517 35 36 552 
464 374 373 408 407 518 517 552 551 
465 375 374 407 406 519 518 551 550 
466 376 375 406 405 520 519 550 549 
467 377 376 405 404 521 520 549 548 
468 378 377 404 403 522 521 548 547 
469 379 378 403 402 523 522 547 546 
470 380 379 402 401 524 523 546 545 
471 381 380 401 400 525 524 545 544 
472 382 381 400 399 526 525 544 543 
473 383 382 399 398 527 526 543 542 
474 384 383 398 397 528 527 542 541 
475 385 384 397 396 529 528 541 540 
476 386 385 396 395 530 529 540 539 
477 387 386 395 394 531 530 539 538 
478 388 387 394 393 532 531 538 537 
479 389 388 393 392 533 532 537 536 
480 390 389 392 391 534 533 536 535 
481 25 390 391 26 41 534 535 42 
3 14 5 361
482 2245 372 19 373 2569 516 35 517 
483 2246 2245 373 374 2570 2569 517 518 
484 2247 2246 374 375 2571 2570 518 519 
485 2248 2247 375 376 2572 2571 519 520 
486 2249 2248 376 377 2573 2572 520 521 
487 2250 2249 377 378 2574 2573 521 522 
488 2251 2250 378 379 2575 2574 522 523 
489 2252 2251 379 380 2576 2575 523 524 
490 2253 2252 380 381 2577 2576 524 525 
491 2254 2253 381 382 2578 2577 525 526 
492 2255 2254 382 383 2579 2578 526 527 
493 2256 2255 383 384 2580 2579 527 528 
494 2257 2256 384 385 2581 2580 528 529 
495 2258 2257 385 386 2582 2581 529 530 
496 2259 2258 386 387 2583 2582 530 531 
497 2260 2259 387 388 2584 2583 531 532 
498 2261 2260 388 389 2585 2584 532 533 
499 2262 2261 389 390 2586 2585 533 534 
500 444 2262 390 25 588 2586 534 41 
501 2263 371 372 2245 2587 515 516 2569 
502 2264 2263 2245 2246 2588 2587 2569 2570 
503 2265 2264 2246 2247 2589 2588 2570 2571 
504 2266 2265 2247 2248 2590 2589 2571 2572 
505 2267 2266 2248 2249 2591 2590 2572 2573 
506 2268 2267 2249 2250 2592 2591 2573 2574 
507 2269 2268 2250 2251 2593 2592 2574 2575 
508 2270 2269 2251 2252 2594 2593 2575 2576 
509 2271 2270 2252 2253 2595 2594 2576 2577 
510 2272 2271 2253 2254 2596 2595 2577 2578 
511 2273 2272 2254 2255 2597 2596 2578 2579 
512 2274 2273 2255 2256 2598 2597 2579 2580 
513 2275 2274 2256 2257 2599 2598 2580 2581 
514 2276 2275 2257 2258 2600 2599 2581 2582 
515 2277 2276 2258 2259 2601 2600 2582 2583 
516 2278 2277 2259 2260 2602 2601 2583 2584 
517 2279 2278 2260 2261 2603 2602 2584 2585 
518 2280 2279 2261 2262 2604 2603 2585 2586 
519 443 2280 2262 444 587 2604 2586 588 
520 2281 370 371 2263 2605 514 515 2587 
521 2282 2281 2263 2264 2606 2605 2587 2588 
522 2283 2282 2264 2265 2607 2606 2588 2589 
523 2284 2283 2265 2266 2608 2607 2589 2590 
524 2285 2284 2266 2267 2609 2608 2590 2591 
525 2286 2285 2267 2268 2610 2609 2591 2592 
526 2287 2286 2268 2269 2611 2610 2592 2593 
527 2288 2287 2269 2270 2612 2611 2593 2594 
528 2289 2288 2270 2271 2613 2612 2594 2595 
529 2290 2289 2271 2272 2614 2613 2595 2596 
530 2291 2290 2272 2273 2615 2614 2596 2597 
531 2292 2291 2273 2274 2616 2615 2597 2598 
532 2293 2292 2274 2275 2617 2616 2598 2599 
533 2294 2293 2275 2276 2618 2617 2599 2600 
534 2295 2294 2276 2277 2619 2618 2600 2601 
535 2296 2295 2277 2278 2620 2619 2601 2602 
536 2297 2296 2278 2279 2621 2620 2602 2603 
537 2298 2297 2279 2280 2622 2621 2603 2604 
538 442 2298 2280 443 586 2622 2604 587 
539 2299 369 370 2281 2623 513 514 2605 
540 2300 2299 2281 2282 2624 2623 2605 2606 
541 2301 2300 2282 2283 2625 2624 2606 2607 
542 2302 2301 2283 2284 2626 2625 2607 2608 
543 2303 2302 2284 2285 2627 2626 2608 2609 
544 2304 2303 2285 2286 2628 2627 2609 2610 
545 2305 2304 2286 2287 2629 2628 2610 2611 
546 2306 2305 2287 2288 2630 2629 2611 2612 
547 2307 2306 2288 2289 2631 2630 2612 2613 
548 2308 2307 2289 2290 2632 2631 2613 2614 
549 2309 2308 2290 2291 2633 2632 2614 2615 
550 2310 2309 2291 2292 2634 2633 2615 2616 
551 2311 2310 2292 2293 2635 2634 2616 2617 
552 2312 2311 2293 2294 2636 2635 2617 2618 
553 2313 2312 2294 2295 2637 2636 2618 2619 
554 2314 2313 2295 2296 2638 2637 2619 2620 
555 2315 2314 2296 2297 2639 2638 2620 2621 
556 2316 2315 2297 2298 2640 2639 2621 2622 
557 441 2316 2298 442 585 2640 2622 586 
558 2317 368 369 2299 2641 512 513 2623 
559 2318 2317 2299 2300 2642 2641 2623 2624 
560 2319 2318 2300 2301 2643 2642 2624 2625 
561 2320 2319 2301 2302 2644 2643 2625 2626 
562 2321 2320 2302 2303 2645 2644 2626 2627 
563 2322 2321 2303 2304 2646 2645 2627 2628 
564 2323 2322 2304 2305 2647 2646 2628 2629 
565 2324 2323 2305 2306 2648 2647 2629 2630 
566 2325 2324 2306 2307 2649 2648 2630 2631 
567 2326 2325 2307 2308 2650 2649 2631 2632 
568 2327 2326 2308 2309 2651 2650 2632 2633 
569 2328 2327 2309 2310 2652 2651 2633 2634 
570 2329 2328 2310 2311 2653 2652 2634 2635 
571 2330 2329 2311 2312 2654 2653 2635 2636 
572 2331 2330 2312 2313 2655 2654 2636 2637 
573 2332 2331 2313 2314 2656 2655 2637 2638 
574 2333 2332 2314 2315 2657 2656 2638 2639 
575 2334 2333 2315 2316 2658 2657 2639 2640 
576 440 2334 2316 441 584 2658 2640 585 
577 2335 367 368 2317 2659 511 512 2641 
578 2336 2335 2317 2318 2660 2659 2641 2642 
579 2337 2336 2318 2319 2661 2660 2642 2643 
580 2338 2337 2319 2320 2662 2661 2643 2644 
581 2339 2338 2320 2321 2663 2662 2644 2645 
582 2340 2339 2321 2322 2664 2663 2645 2646 
583 2341 2340 2322 2323 2665 2664 2646 2647 
584 2342 2341 2323 2324 2666 2665 2647 2648 
585 2343 2342 2324 2325 2667 2666 2648 2649 
586 2344 2343 2325 2326 2668 2667 2649 2650 
587 2345 2344 2326 2327 2669 2668 2650 2651 
588 2346 2345 2327 2328 2670 2669 2651 2652 
589 2347 2346 2328 2329 2671 2670 2652 2653 
590 2348 2347 2329 2330 2672 2671 2653 2654 
591 2349 2348 2330 2331 2673 2672 2654 2655 
592 2350 2349 2331 2332 2674 2673 2655 2656 
593 2351 2350 2332 2333 2675 2674 2656 2657 
594 2352 2351 2333 2334 2676 2675 2657 2658 
595 439 2352 2334 440 583 2676 2658 584 
596 2353 366 367 2335 2677 510 511 2659 
597 2354 2353 2335 2336 2678 2677 2659 2660 
598 2355 2354 2336 2337 2679 2678 2660 2661 
599 2356 2355 2337 2338 2680 2679 2661 2662 
600 2357 2356 2338 2339 2681 2680 2662 2663 
601 2358 2357 2339 2340 2682 2681 2663 2664 
602 2359 2358 2340 2341 2683 2682 2664 2665 
603 2360 2359 2341 2342 2684 2683 2665 2666 
604 2361 2360 2342 2343 2685 2684 2666 2667 
605 2362 2361 2343 2344 2686 2685 2667 2668 
606 2363 2362 2344 2345 2687 2686 2668 2669 
607 2364 2363 2345 2346 2688 2687 2669 2670 
608 2365 2364 2346 2347 2689 2688 2670 2671 
609 2366 2365 2347 2348 2690 2689 2671 2672 
610 2367 2366 2348 2349 2691 2690 2672 2673 
611 2368 2367 2349 2350 2692 2691 2673 2674 
612 2369 2368 2350 2351 2693 2692 2674 2675 
613 2370 2369 2351 2352 2694 2693 2675 2676 
614 438 2370 2352 439 582 2694 2676 583 
615 2371 365 366 2353 2695 509 510 2677 
616 2372 2371 2353 2354 2696 2695 2677 2678 
617 2373 2372 2354 2355 2697 2696 2678 2679 
618 2374 2373 2355 2356 2698 2697 2679 2680 
619 2375 2374 2356 2357 2699 2698 2680 2681 
620 2376 2375 2357 2358 2700 2699 2681 2682 
621 2377 2376 2358 2359 2701 2700 2682 2683 
622 2378 2377 2359 2360 2702 2701 2683 2684 
623 2379 2378 2360 2361 2703 2702 2684 2685 
624 2380 2379 2361 2362 2704 2703 2685 2686 
625 2381 2380 2362 2363 2705 2704 2686 2687 
626 2382 2381 2363 2364 2706 2705 2687 2688 
627 2383 2382 2364 2365 2707 2706 2688 2689 
628 2384 2383 2365 2366 2708 2707 2689 2690 
629 2385 2384 2366 2367 2709 2708 2690 2691 
630 2386 2385 2367 2368 2710 2709 2691 2692 
631 2387 2386 2368 2369 2711 2710 2692 2693 
632 2388 2387 2369 2370 2712 2711 2693 2694 
633 437 2388 2370 438 581 2712 2694 582 
634 2389 364 365 2371 2713 508 509 2695 
635 2390 2389 2371 2372 2714 2713 2695 2696 
636 2391 2390 2372 2373 2715 2714 2696 2697 
637 2392 2391 2373 2374 2716 2715 2697 2698 
638 2393 2392 2374 2375 2717 2716 2698 2699 
639 2394 2393 2375 2376 2718 2717 2699 2700 
640 2395 2394 2376 2377 2719 2718 2700 2701 
641 2396 2395 2377 2378 2720 2719 2701 2702 
642 2397 2396 2378 2379 2721 2720 2702 2703 
643 2398 2397 2379 2380 2722 2721 2703 2704 
644 2399 2398 2380 2381 2723 2722 2704 2705 
645 2400 2399 2381 2382 2724 2723 2705 2706 
646 2401 2400 2382 2383 2725 2724 2706 2707 
647 2402 2401 2383 2384 2726 2725 2707 2708 
648 2403 2402 2384 2385 2727 2726 2708 2709 
649 2404 2403 2385 2386 2728 2727 2709 2710 
650 2405 2404 2386 2387 2729 2728 2710 2711 
651 2406 2405 2387 2388 2730 2729 2711 2712 
652 436 2406 2388 437 580 2730 2712 581 
653 2407 363 364 2389 2731 507 508 2713 
654 2408 2407 2389 2390 2732 2731 2713 2714 
655 2409 2408 2390 2391 2733 2732 2714 2715 
656 2410 2409 2391 2392 2734 2733 2715 2716 
657 2411 2410 2392 2393 2735 2734 2716 2717 
658 2412 2411 2393 2394 2736 2735 2717 2718 
659 2413 2412 2394 2395 2737 2736 2718 2719 
660 2414 2413 2395 2396 2738 2737 2719 2720 
661 2415 2414 2396 2397 2739 2738 2720 2721 
662 2416 2415 2397 2398 2740 2739 2721 2722 
663 2417 2416 2398 2399 2741 2740 2722 2723 
664 2418 2417 2399 2400 2742 2741 2723 2724 
665 2419 2418 2400 2401 2743 2742 2724 2725 
666 2420 2419 2401 2402 2744 2743 2725 2726 
667 2421 2420 2402 2403 2745 2744 2726 2727 
668 2422 2421 2403 2404 2746 2745 2727 2728 
669 2423 2422 2404 2405 2747 2746 2728 2729 
670 2424 2423 2405 2406 2748 2747 2729 2730 
671 435 2424 2406 436 579 2748 2730 580 
672 2425 362 363 2407 2749 506 507 2731 
673 2426 2425 2407 2408 2750 2749 2731 2732 
674 2427 2426 2408 2409 2751 2750 2732 2733 
675 2428 2427 2409 2410 2752 2751 2733 2734 
676 2429 2428 2410 2411 2753 2752 2734 2735 
677 2430 2429 2411 2412 2754 2753 2735 2736 
678 2431 2430 2412 2413 2755 2754 2736 2737 
679 2432 2431 2413 2414 2756 2755 2737 2738 
680 2433 2432 2414 2415 2757 2756 2738 2739 
681 2434 2433 2415 2416 2758 2757 2739 2740 
682 2435 2434 2416 2417 2759 2758 2740 2741 
683 2436 2435 2417 2418 2760 2759 2741 2742 
684 2437 2436 2418 2419 2761 2760 2742 2743 
685 2438 2437 2419 2420 2762 2761 2743 2744 
686 2439 2438 2420 2421 2763 2762 2744 2745 
687 2440 2439 2421 2422 2764 2763 2745 2746 
688 2441 2440 2422 2423 2765 2764 2746 2747 
689 2442 2441 2423 2424 2766 2765 2747 2748 
690 434 2442 2424 435 578 2766 2748 579 
691 2443 361 362 2425 2767 505 506 2749 
692 2444 2443 2425 2426 2768 2767 2749 2750 
693 2445 2444 2426 2427 2769 2768 2750 2751 
694 2446 2445 2427 2428 2770 2769 2751 2752 
695 2447 2446 2428 2429 2771 2770 2752 2753 
696 2448 2447 2429 2430 2772 2771 2753 2754 
697 2449 2448 2430 2431 2773 2772 2754 2755 
698 2450 2449 2431 2432 2774 2773 2755 2756 
699 2451 2450 2432 2433 2775 2774 2756 2757 
700 2452 2451 2433 2434 2776 2775 2757 2758 
701 2453 2452 2434 2435 2777 2776 2758 2759 
702 2454 2453 2435 2436 2778 2777 2759 2760 
703 2455 2454 2436 2437 2779 2778 2760 2761 
704 2456 2455 2437 2438 2780 2779 2761 2762 
705 2457 2456 2438 2439 2781 2780 2762 2763 
706 2458 2457 2439 2440 2782 2781 2763 2764 
707 2459 2458 2440 2441 2783 2782 2764 2765 
708 2460 2459 2441 2442 2784 2783 2765 2766 
709 433 2460 2442 434 577 2784 2766 578 
710 2461 360 361 2443 2785 504 505 2767 
711 2462 2461 2443 2444 2786 2785 2767 2768 
712 2463 2462 2444 2445 2787 2786 2768 2769 
713 2464 2463 2445 2446 2788 2787 2769 2770 
714 2465 2464 2446 2447 2789 2788 2770 2771 
715 2466 2465 2447 2448 2790 2789 2771 2772 
716 2467 2466 2448 2449 2791 2790 2772 2773 
717 2468 2467 2449 2450 2792 2791 2773 2774 
718 2469 2468 2450 2451 2793 2792 2774 2775 
719 2470 2469 2451 2452 2794 2793 2775 2776 
720 2471 2470 2452 2453 2795 2794 2776 2777 
721 2472 2471 2453 2454 2796 2795 2777 2778 
722 2473 2472 2454 2455 2797 2796 2778 2779 
723 2474 2473 2455 2456 2798 2797 2779 2780 
724 2475 2474 2456 2457 2799 2798 2780 2781 
725 2476 2475 2457 2458 2800 2799 2781 2782 
726 2477 2476 2458 2459 2801 2800 2782 2783 
727 2478 2477 2459 2460 2802 2801 2783 2784 
728 432 2478 2460 433 576 2802 2784 577 
729 2479 359 360 2461 2803 503 504 2785 
730 2480 2479 2461 2462 2804 2803 2785 2786 
731 2481 2480 2462 2463 2805 2804 2786 2787 
732 2482 2481 2463 2464 2806 2805 2787 2788 
733 2483 2482 2464 2465 2807 2806 2788 2789 
734 2484 2483 2465 2466 2808 2807 2789 2790 
735 2485 2484 2466 2467 2809 2808 2790 2791 
736 2486 2485 2467 2468 2810 2809 2791 2792 
737 2487 2486 2468 2469 2811 2810 2792 2793 
738 2488 2487 2469 2470 2812 2811 2793 2794 
739 2489 2488 2470 2471 2813 2812 2794 2795 
740 2490 2489 2471 2472 2814 2813 2795 2796 
741 2491 2490 2472 2473 2815 2814 2796 2797 
742 2492 2491 2473 2474 2816 2815 2797 2798 
743 2493 2492 2474 2475 2817 2816 2798 2799 
744 2494 2493 2475 2476 2818 2817 2799 2800 
745 2495 2494 2476 2477 2819 2818 2800 2801 
746 2496 2495 2477 2478 2820 2819 2801 2802 
747 431 2496 2478 432 575 2820 2802 576 
748 2497 358 359 2479 2821 502 503 2803 
749 2498 2497 2479 2480 2822 2821 2803 2804 
750 2499 2498 2480 2481 2823 2822 2804 2805 
751 2500 2499 2481 2482 2824 2823 2805 2806 
752 2501 2500 2482 2483 2825 2824 2806 2807 
753 2502 2501 2483 2484 2826 2825 2807 2808 
754 2503 2502 2484 2485 2827 2826 2808 2809 
755 2504 2503 2485 2486 2828 2827 2809 2810 
756 2505 2504 2486 2487 2829 2828 2810 2811 
757 2506 2505 2487 2488 2830 2829 2811 2812 
758 2507 2506 2488 2489 2831 2830 2812 2813 
759 2508 2507 2489 2490 2832 2831 2813 2814 
760 2509 2508 2490 2491 2833 2832 2814 2815 
761 2510 2509 2491 2492 2834 2833 2815 2816 
762 2511 2510 2492 2493 2835 2834 2816 2817 
763 2512 2511 2493 2494 2836 2835 2817 2818 
764 2513 2512 2494 2495 2837 2836 2818 2819 
765 2514 2513 2495 2496 2838 2837 2819 2820 
766 430 2514 2496 431 574 2838 2820 575 
767 2515 357 358 2497 2839 501 502 2821 
768 2516 2515 2497 2498 2840 2839 2821 2822 
769 2517 2516 2498 2499 2841 2840 2822 2823 
770 2518 2517 2499 2500 2842 2841 2823 2824 
771 2519 2518 2500 2501 2843 2842 2824 2825 
772 2520 2519 2501 2502 2844 2843 2825 2826 
773 2521 2520 2502 2503 2845 2844 2826 2827 
774 2522 2521 2503 2504 2846 2845 2827 2828 
775 2523 2522 2504 2505 2847 2846 2828 2829 
776 2524 2523 2505 2506 2848 2847 2829 2830 
777 2525 2524 2506 2507 2849 2848 2830 2831 
778 2526 2525 2507 2508 2850 2849 2831 2832 
779 2527 2526 2508 2509 2851 2850 2832 2833 
780 2528 2527 2509 2510 2852 2851 2833 2834 
781 2529 2528 2510 2511 2853 2852 2834 2835 
782 2530 2529 2511 2512 2854 2853 2835 2836 
783 2531 2530 2512 2513 2855 2854 2836 2837 
784 2532 2531 2513 2514 2856 2855 2837 2838 
785 429 2532 2514 430 573 2856 2838 574 
786 2533 356 357 2515 2857 500 501 2839 
787 2534 2533 2515 2516 2858 2857 2839 2840 
788 2535 2534 2516 2517 2859 2858 2840 2841 
789 2536 2535 2517 2518 2860 2859 2841 2842 
790 2537 2536 2518 2519 2861 2860 2842 2843 
791 2538 2537 2519 2520 2862 2861 2843 2844 
792 2539 2538 2520 2521 2863 2862 2844 2845 
793 2540 2539 2521 2522 2864 2863 2845 2846 
794 2541 2540 2522 2523 2865 2864 2846 2847 
795 2542 2541 2523 2524 2866 2865 2847 2848 
796 2543 2542 2524 2525 2867 2866 2848 2849 
797 2544 2543 2525 2526 2868 2867 2849 2850 
798 2545 2544 2526 2527 2869 2868 2850 2851 
799 2546 2545 2527 2528 2870 2869 2851 2852 
800 2547 2546 2528 2529 2871 2870 2852 2853 
801 2548 2547 2529 2530 2872 2871 2853 2854 
802 2549 2548 2530 2531 2873 2872 2854 2855 
803 2550 2549 2531 2532 2874 2873 2855 2856 
804 428 2550 2532 429 572 2874 2856 573 
805 2551 355 356 2533 2875 499 500 2857 
806 2552 2551 2533 2534 2876 2875 2857 2858 
807 2553 2552 2534 2535 2877 2876 2858 2859 
808 2554 2553 2535 2536 2878 2877 2859 2860 
809 2555 2554 2536 2537 2879 2878 2860 2861 
810 2556 2555 2537 2538 2880 2879 2861 2862 
811 2557 2556 2538 2539 2881 2880 2862 2863 
812 2558 2557 2539 2540 2882 2881 2863 2864 
813 2559 2558 2540 2541 2883 2882 2864 2865 
814 2560 2559 2541 2542 2884 2883 2865 2866 
815 2561 2560 2542 2543 2885 2884 2866 2867 
816 2562 2561 2543 2544 2886 2885 2867 2868 
817 2563 2562 2544 2545 2887 2886 2868 2869 
818 2564 2563 2545 2546 2888 2887 2869 2870 
819 2565 2564 2546 2547 2889 2888 2870 2871 
820 2566 2565 2547 2548 2890 2889 2871 2872 
821 2567 2566 2548 2549 2891 2890 2872 2873 
822 2568 2567 2549 2550 2892 2891 2873 2874 
823 427 2568 2550 428 571 2892 2874 572 
824 409 22 355 2551 553 38 499 2875 
825 410 409 2551 2552 554 553 2875 2876 
826 411 410 2552 2553 555 554 2876 2877 
827 412 411 2553 2554 556 555 2877 2878 
828 413 412 2554 2555 557 556 2878 2879 
829 414 413 2555 2556 558 557 2879 2880 
830 415 414 2556 2557 559 558 2880 2881 
831 416 415 2557 2558 560 559 2881 2882 
832 417 416 2558 2559 561 560 2882 2883 
833 418 417 2559 2560 562 561 2883 2884 
834 419 418 2560 2561 563 562 2884 2885 
835 420 419 2561 2562 564 563 2885 2886 
836 421 420 2562 2563 565 564 2886 2887 
837 422 421 2563 2564 566 565 2887 2888 
838 423 422 2564 2565 567 566 2888 2889 
839 424 423 2565 2566 568 567 2889 2890 
840 425 424 2566 2567 569 568 2890 2891 
841 426 425 2567 2568 570 569 2891 2892 
842 27 426 2568 427 43 570 2892 571 
3 15 5 19
843 445 24 22 409 589 40 38 553 
844 446 445 409 410 590 589 553 554 
845 447 446 410 411 591 590 554 555 
846 448 447 411 412 592 591 555 556 
847 449 448 412 413 593 592 556 557 
848 450 449 413 414 594 593 557 558 
849 451 450 414 415 595 594 558 559 
850 452 451 415 416 596 595 559 560 
851 453 452 416 417 597 596 560 561 
852 454 453 417 418 598 597 561 562 
853 455 454 418 419 599 598 562 563 
854 456 455 419 420 600 599 563 564 
855 457 456 420 421 601 600 564 565 
856 458 457 421 422 602 601 565 566 
857 459 458 422 423 603 602 566 567 
858 460 459 423 424 604 603 567 568 
859 461 460 424 425 605 604 568 569 
860 462 461 425 426 606 605 569 570 
861 28 462 426 27 44 606 570 43 
3 16 5 1
862 29 25 26 30 45 41 42 46 
3 17 5 19
863 480 444 25 29 624 588 41 45 
864 479 443 444 480 623 587 588 624 
865 478 442 443 479 622 586 587 623 
866 477 441 442 478 621 585 586 622 
867 476 440 441 477 620 584 585 621 
868 475 439 440 476 619 583 584 620 
869 474 438 439 475 618 582 583 619 
870 473 437 438 474 617 581 582 618 
871 472 436 437 473 616 580 581 617 
872 471 435 436 472 615 579 580 616 
873 470 434 435 471 614 578 579 615 
874 469 433 434 470 613 577 578 614 
875 468 432 433 469 612 576 577 613 
876 467 431 432 468 611 575 576 612 
877 466 430 431 467 610 574 575 611 
878 465 429 430 466 609 573 574 610 
879 464 428 429 465 608 572 573 609 
880 463 427 428 464 607 571 572 608 
881 31 27 427 463 47 43 571 607 
3 18 5 1
882 32 28 27 31 48 44 43 47 
3 19 5 1
883 35 34 33 36 51 50 49 52 
3 20 5 19
884 516 481 34 35 660 625 50 51 
885 515 482 481 516 659 626 625 660 
886 514 483 482 515 658 627 626 659 
887 513 484 483 514 657 628 627 658 
888 512 485 484 513 656 629 628 657 
889 511 486 485 512 655 630 629 656 
890 510 487 486 511 654 631 630 655 
891 509 488 487 510 653 632 631 654 
892 508 489 488 509 652 633 632 653 
893 507 490 489 508 651 634 633 652 
894 506 491 490 507 650 635 634 651 
895 505 492 491 506 649 636 635 650 
896 504 493 492 505 648 637 636 649 
897 503 494 493 504 647 638 637 648 
898 502 495 494 503 646 639 638 647 
899 501 496 495 502 645 640 639 646 
900 500 497 496 501 644 641 640 645 
901 499 498 497 500 643 642 641 644 
902 38 37 498 499 54 53 642 643 
3 21 5 1
903 40 39 37 38 56 55 53 54 
3 22 5 19
904 517 35 36 552 661 51 52 696 
905 518 517 552 551 662 661 696 695 
906 519 518 551 550 663 662 695 694 
907 520 519 550 549 664 663 694 693 
908 521 520 549 548 665 664 693 692 
909 522 521 548 547 666 665 692 691 
910 523 522 547 546 667 666 691 690 
911 524 523 546 545 668 667 690 689 
912 525 524 545 544 669 668 689 688 
913 526 525 544 543 670 669 688 687 
914 527 526 543 542 671 670 687 686 
915 528 527 542 541 672 671 686 685 
916 529 528 541 540 673 672 685 684 
917 530 529 540 539 674 673 684 683 
918 531 530 539 538 675 674 683 682 
919 532 531 538 537 676 675 682 681 
920 533 532 537 536 677 676 681 680 
921 534 533 536 535 678 677 680 679 
922 41 534 535 42 57 678 679 58 
3 23 5 361
923 2569 516 35 517 2893 660 51 661 
924 2570 2569 517 518 2894 2893 661 662 
925 2571 2570 518 519 2895 2894 662 663 
926 2572 2571 519 520 2896 2895 663 664 
927 2573 2572 520 521 2897 2896 664 665 
928 2574 2573 521 522 2898 2897 665 666 
929 2575 2574 522 523 2899 2898 666 667 
930 2576 2575 523 524 2900 2899 667 668 
931 2577 2576 524 525 2901 2900 668 669 
932 2578 2577 525 526 2902 2901 669 670 
933 2579 2578 526 527 2903 2902 670 671 
934 2580 2579 527 528 2904 2903 671 672 
935 2581 2580 528 529 2905 2904 672 673 
936 2582 2581 529 530 2906 2905 673 674 
937 2583 2582 530 531 2907 2906 674 675 
938 2584 2583 531 532 2908 2907 675 676 
939 2585 2584 532 533 2909 2908 676 677 
940 2586 2585 533 534 2910 2909 677 678 
941 588 2586 534 41 732 2910 678 57 
942 2587 515 516 2569 2911 659 660 2893 
943 2588 2587 2569 2570 2912 2911 2893 2894 
944 2589 2588 2570 2571 2913 2912 2894 2895 
945 2590 2589 2571 2572 2914 2913 2895 2896 
946 2591 2590 2572 2573 2915 2914 2896 2897 
947 2592 2591 2573 2574 2916 2915 2897 2898 
948 2593 2592 2574 2575 2917 2916 2898 2899 
949 2594 2593 2575 2576 2918 2917 2899 2900 
950 2595 2594 2576 2577 2919 2918 2900 2901 
951 2596 2595 2577 2578 2920 2919 2901 2902 
952 2597 2596 2578 2579 2921 2920 2902 2903 
953 2598 2597 2579 2580 2922 2921 2903 2904 
954 2599 2598 2580 2581 2923 2922 2904 2905 
955 2600 2599 2581 2582 2924 2923 2905 2906 
956 2601 2600 2582 2583 2925 2924 2906 2907 
957 2602 2601 2583 2584 2926 2925 2907 2908 
958 2603 2602 2584 2585 2927 2926 2908 2909 
959 2604 2603 2585 2586 2928 2927 2909 2910 
960 587 2604 2586 588 731 2928 2910 732 
961 2605 514 515 2587 2929 658 659 2911 
962 2606 2605 2587 2588 2930 2929 2911 2912 
963 2607 2606 2588 2589 2931 2930 2912 2913 
964 2608 2607 2589 2590 2932 2931 2913 2914 
965 2609 2608 2590 2591 2933 2932 2914 2915 
966 2610 2609 2591 2592 2934 2933 2915 2916 
967 2611 2610 2592 2593 2935 2934 2916 2917 
968 2612 2611 2593 2594 2936 2935 2917 2918 
969 2613 2612 2594 2595 2937 2936 2918 2919 
970 2614 2613 2595 2596 2938 2937 2919 2920 
971 2615 2614 2596 2597 2939 2938 2920 2921 
972 2616 2615 2597 2598 2940 2939 2921 2922 
973 2617 2616 2598 2599 2941 2940 2922 2923 
974 2618 2617 2599 2600 2942 2941 2923 2924 
975 2619 2618 2600 2601 2943 2942 2924 2925 
976 2620 2619 2601 2602 2944 2943 2925 2926 
977 2621 2620 2602 2603 2945 2944 2926 2927 
978 2622 2621 2603 2604 2946 2945 2927 2928 
979 586 2622 2604 587 730 2946 2928 731 
980 2623 513 514 2605 2947 657 658 2929 
981 2624 2623 2605 2606 2948 2947 2929 2930 
982 2625 2624 2606 2607 2949 2948 2930 2931 
983 2626 2625 2607 2608 2950 2949 2931 2932 
984 2627 2626 2608 2609 2951 2950 2932 2933 
985 2628 2627 2609 2610 2952 2951 2933 2934 
986 2629 2628 2610 2611 2953 2952 2934 2935 
987 2630 2629 2611 2612 2954 2953 2935 2936 
988 2631 2630 2612 2613 2955 2954 2936 2937 
989 2632 2631 2613 2614 2956 2955 2937 2938 
990 2633 2632 2614 2615 2957 2956 2938 2939 
991 2634 2633 2615 2616 2958 2957 2939 2940 
992 2635 2634 2616 2617 2959 2958 2940 2941 
993 2636 2635 2617 2618 2960 2959 2941 2942 
994 2637 2636 2618 2619 2961 2960 2942 2943 
995 2638 2637 2619 2620 2962 2961 2943 2944 
996 2639 2638 2620 2621 2963 2962 2944 2945 
997 2640 2639 2621 2622 2964 2963 2945 2946 
998 585 2640 2622 586 729 2964 2946 730 
999 2641 512 513 2623 2965 656 657 2947 
1000 2642 2641 2623 2624 2966 2965 2947 2948 
1001 2643 2642 2624 2625 2967 2966 2948 2949 
1002 2644 2643 2625 2626 2968 2967 2949 2950 
1003 2645 2644 2626 2627 2969 2968 2950 2951 
1004 2646 2645 2627 2628 2970 2969 2951 2952 
1005 2647 2646 2628 2629 2971 2970 2952 2953 
1006 2648 2647 2629 2630 2972 2971 2953 2954 
1007 2649 2648 2630 2631 2973 2972 2954 2955 
1008 2650 2649 2631 2632 2974 2973 2955 2956 
1009 2651 2650 2632 2633 2975 2974 2956 2957 
1010 2652 2651 2633 2634 2976 2975 2957 2958 
1011 2653 2652 2634 2635 2977 2976 2958 2959 
1012 2654 2653 2635 2636 2978 2977 2959 2960 
1013 2655 2654 2636 2637 2979 2978 2960 2961 
1014 2656 2655 2637 2638 2980 2979 2961 2962 
1015 2657 2656 2638 2639 2981 2980 2962 2963 
1016 2658 2657 2639 2640 2982 2981 2963 2964 
1017 584 2658 2640 585 728 2982 2964 729 
1018 2659 511 512 2641 2983 655 656 2965 
1019 2660 2659 2641 2642 2984 2983 2965 2966 
1020 2661 2660 2642 2643 2985 2984 2966 2967 
1021 2662 2661 2643 2644 2986 2985 2967 2968 
1022 2663 2662 2644 2645 2987 2986 2968 2969 
1023 2664 2663 2645 2646 2988 2987 2969 2970 
1024 2665 2664 2646 2647 2989 2988 2970 2971 
1025 2666 2665 2647 2648 2990 2989 2971 2972 
1026 2667 2666 2648 2649 2991 2990 2972 2973 
1027 2668 2667 2649 2650 2992 2991 2973 2974 
1028 2669 2668 2650 2651 2993 2992 2974 2975 
1029 2670 2669 2651 2652 2994 2993 2975 2976 
1030 2671 2670 2652 2653 2995 2994 2976 2977 
1031 2672 2671 2653 2654 2996 2995 2977 2978 
1032 2673 2672 2654 2655 2997 2996 2978 2979 
1033 2674 2673 2655 2656 2998 2997 2979 2980 
1034 2675 2674 2656 2657 2999 2998 2980 2981 
1035 2676 2675 2657 2658 3000 2999 2981 2982 
1036 583 2676 2658 584 727 3000 2982 728 
1037 2677 510 511 2659 3001 654 655 2983 
1038 2678 2677 2659 2660 3002 3001 2983 2984 
1039 2679 2678 2660 2661 3003 3002 2984 2985 
1040 2680 2679 2661 2662 3004 3003 2985 2986 
1041 2681 2680 2662 2663 3005 3004 2986 2987 
1042 2682 2681 2663 2664 3006 3005 2987 2988 
1043 2683 2682 2664 2665 3007 3006 2988 2989 
1044 2684 2683 2665 2666 3008 3007 2989 2990 
1045 2685 2684 2666 2667 3009 3008 2990 2991 
1046 2686 2685 2667 2668 3010 3009 2991 2992 
1047 2687 2686 2668 2669 3011 3010 2992 2993 
1048 2688 2687 2669 2670 3012 3011 2993 2994 
1049 2689 2688 2670 2671 3013 3012 2994 2995 
1050 2690 2689 2671 2672 3014 3013 2995 2996 
1051 2691 2690 2672 2673 3015 3014 2996 2997 
1052 2692 2691 2673 2674 3016 3015 2997 2998 
1053 2693 2692 2674 2675 3017 3016 2998 2999 
1054 2694 2693 2675 2676 3018 3017 2999 3000 
1055 582 2694 2676 583 726 3018 3000 727 
1056 2695 509 510 2677 3019 653 654 3001 
1057 2696 2695 2677 2678 3020 3019 3001 3002 
1058 2697 2696 2678 2679 3021 3020 3002 3003 
1059 2698 2697 2679 2680 3022 3021 3003 3004 
1060 2699 2698 2680 2681 3023 3022 3004 3005 
1061 2700 2699 2681 2682 3024 3023 3005 3006 
1062 2701 2700 2682 2683 3025 3024 3006 3007 
1063 2702 2701 2683 2684 3026 3025 3007 3008 
1064 2703 2702 2684 2685 3027 3026 3008 3009 
1065 2704 2703 2685 2686 3028 3027 3009 3010 
1066 2705 2704 2686 2687 3029 3028 3010 3011 
1067 2706 2705 2687 2688 3030 3029 3011 3012 
1068 2707 2706 2688 2689 3031 3030 3012 3013 
1069 2708 2707 2689 2690 3032 3031 3013 3014 
1070 2709 2708 2690 2691 3033 3032 3014 3015 
1071 2710 2709 2691 2692 3034 3033 3015 3016 
1072 2711 2710 2692 2693 3035 3034 3016 3017 
1073 2712 2711 2693 2694 3036 3035 3017 3018 
1074 581 2712 2694 582 725 3036 3018 726 
1075 2713 508 509 2695 3037 652 653 3019 
1076 2714 2713 2695 2696 3038 3037 3019 3020 
1077 2715 2714 2696 2697 3039 3038 3020 3021 
1078 2716 2715 2697 2698 3040 3039 3021 3022 
1079 2717 2716 2698 2699 3041 3040 3022 3023 
1080 2718 2717 2699 2700 3042 3041 3023 3024 
1081 2719 2718 2700 2701 3043 3042 3024 3025 
1082 2720 2719 2701 2702 3044 3043 3025 3026 
1083 2721 2720 2702 2703 3045 3044 3026 3027 
1084 2722 2721 2703 2704 3046 3045 3027 3028 
1085 2723 2722 2704 2705 3047 3046 3028 3029 
1086 2724 2723 2705 2706 3048 3047 3029 3030 
1087 2725 2724 2706 2707 3049 3048 3030 3031 
1088 2726 2725 2707 2708 3050 3049 3031 3032 
1089 2727 2726 2708 2709 3051 3050 3032 3033 
1090 2728 2727 2709 2710 3052 3051 3033 3034 
1091 2729 2728 2710 2711 3053 3052 3034 3035 
1092 2730 2729 2711 2712 3054 3053 3035 3036 
1093 580 2730 2712 581 724 3054 3036 725 
1094 2731 507 508 2713 3055 651 652 3037 
1095 2732 2731 2713 2714 3056 3055 3037 3038 
1096 2733 2732 2714 2715 3057 3056 3038 3039 
1097 2734 2733 2715 2716 3058 3057 3039 3040 
1098 2735 2734 2716 2717 3059 3058 3040 3041 
1099 2736 2735 2717 2718 3060 3059 3041 3042 
1100 2737 2736 2718 2719 3061 3060 3042 3043 
1101 2738 2737 2719 2720 3062 3061 3043 3044 
1102 2739 2738 2720 2721 3063 3062 3044 3045 
1103 2740 2739 2721 2722 3064 3063 3045 3046 
1104 2741 2740 2722 2723 3065 3064 3046 3047 
1105 2742 2741 2723 2724 3066 3065 3047 3048 
1106 2743 2742 2724 2725 3067 3066 3048 3049 
1107 2744 2743 2725 2726 3068 3067 3049 3050 
1108 2745 2744 2726 2727 3069 3068 3050 3051 
1109 2746 2745 2727 2728 3070 3069 3051 3052 
1110 2747 2746 2728 2729 3071 3070 3052 3053 
1111 2748 2747 2729 2730 3072 3071 3053 3054 
1112 579 2748 2730 580 723 3072 3054 724 
1113 2749 506 507 2731 3073 650 651 3055 
1114 2750 2749 2731 2732 3074 3073 3055 3056 
1115 2751 2750 2732 2733 3075 3074 3056 3057 
1116 2752 2751 2733 2734 3076 3075 3057 3058 
1117 2753 2752 2734 2735 3077 3076 3058 3059 
1118 2754 2753 2735 2736 3078 3077 3059 3060 
1119 2755 2754 2736 2737 3079 3078 3060 3061 
1120 2756 2755 2737 2738 3080 3079 3061 3062 
1121 2757 2756 2738 2739 3081 3080 3062 3063 
1122 2758 2757 2739 2740 3082 3081 3063 3064 
1123 2759 2758 2740 2741 3083 3082 3064 3065 
1124 2760 2759 2741 2742 3084 3083 3065 3066 
1125 2761 2760 2742 2743 3085 3084 3066 3067 
1126 2762 2761 2743 2744 3086 3085 3067 3068 
1127 2763 2762 2744 2745 3087 3086 3068 3069 
1128 2764 2763 2745 2746 3088 3087 3069 3070 
1129 2765 2764 2746 2747 3089 3088 3070 3071 
1130 2766 2765 2747 2748 3090 3089 3071 3072 
1131 578 2766 2748 579 722 3090 3072 723 
1132 2767 505 506 2749 3091 649 650 3073 
1133 2768 2767 2749 2750 3092 3091 3073 3074 
1134 2769 2768 2750 2751 3093 3092 3074 3075 
1135 2770 2769 2751 2752 3094 3093 3075 3076 
1136 2771 2770 2752 2753 3095 3094 3076 3077 
1137 2772 2771 2753 2754 3096 3095 3077 3078 
1138 2773 2772 2754 2755 3097 3096 3078 3079 
1139 2774 2773 2755 2756 3098 3097 3079 3080 
1140 2775 2774 2756 2757 3099 3098 3080 3081 
1141 2776 2775 2757 2758 3100 3099 3081 3082 
1142 2777 2776 2758 2759 3101 3100 3082 3083 
1143 2778 2777 2759 2760 3102 3101 3083 3084 
1144 2779 2778 2760 2761 3103 3102 3084 3085 
1145 2780 2779 2761 2762 3104 3103 3085 3086 
1146 2781 2780 2762 2763 3105 3104 3086 3087 
1147 2782 2781 2763 2764 3106 3105 3087 3088 
1148 2783 2782 2764 2765 3107 3106 3088 3089 
1149 2784 2783 2765 2766 3108 3107 3089 3090 
1150 577 2784 2766 578 721 3108 3090 722 
1151 2785 504 505 2767 3109 648 649 3091 
1152 2786 2785 2767 2768 3110 3109 3091 3092 
1153 2787 2786 2768 2769 3111 3110 3092 3093 
1154 2788 2787 2769 2770 3112 3111 3093 3094 
1155 2789 2788 2770 2771 3113 3112 3094 3095 
1156 2790 2789 2771 2772 3114 3113 3095 3096 
1157 2791 2790 2772 2773 3115 3114 3096 3097 
1158 2792 2791 2773 2774 3116 3115 3097 3098 
1159 2793 2792 2774 2775 3117 3116 3098 3099 
1160 2794 2793 2775 2776 3118 3117 3099 3100 
1161 2795 2794 2776 2777 3119 3118 3100 3101 
1162 2796 2795 2777 2778 3120 3119 3101 3102 
1163 2797 2796 2778 2779 3121 3120 3102 3103 
1164 2798 2797 2779 2780 3122 3121 3103 3104 
1165 2799 2798 2780 2781 3123 3122 3104 3105 
1166 2800 2799 2781 2782 3124 3123 3105 3106 
1167 2801 2800 2782 2783 3125 3124 3106 3107 
1168 2802 2801 2783 2784 3126 3125 3107 3108 
1169 576 2802 2784 577 720 3126 3108 721 
1170 2803 503 504 2785 3127 647 648 3109 
1171 2804 2803 2785 2786 3128 3127 3109 3110 
1172 2805 2804 2786 2787 3129 3128 3110 3111 
1173 2806 2805 2787 2788 3130 3129 3111 3112 
1174 2807 2806 2788 2789 3131 3130 3112 3113 
1175 2808 2807 2789 2790 3132 3131 3113 3114 
1176 2809 2808 2790 2791 3133 3132 3114 3115 
1177 2810 2809 2791 2792 3134 3133 3115 3116 
1178 2811 2810 2792 2793 3135 3134 3116 3117 
1179 2812 2811 2793 2794 3136 3135 3117 3118 
1180 2813 2812 2794 2795 3137 3136 3118 3119 
1181 2814 2813 2795 2796 3138 3137 3119 3120 
1182 2815 2814 2796 2797 3139 3138 3120 3121 
1183 2816 2815 2797 2798 3140 3139 3121 3122 
1184 2817 2816 2798 2799 3141 3140 3122 3123 
1185 2818 2817 2799 2800 3142 3141 3123 3124 
1186 2819 2818 2800 2801 3143 3142 3124 3125 
1187 2820 2819 2801 2802 3144 3143 3125 3126 
1188 575 2820 2802 576 719 3144 3126 720 
1189 2821 502 503 2803 3145 646 647 3127 
1190 2822 2821 2803 2804 3146 3145 3127 3128 
1191 2823 2822 2804 2805 3147 3146 3128 3129 
1192 2824 2823 2805 2806 3148 3147 3129 3130 
1193 2825 2824 2806 2807 3149 3148 3130 3131 
1194 2826 2825 2807 2808 3150 3149 3131 3132 
1195 2827 2826 2808 2809 3151 3150 3132 3133 
1196 2828 2827 2809 2810 3152 3151 3133 3134 
1197 2829 2828 2810 2811 3153 3152 3134 3135 
1198 2830 2829 2811 2812 3154 3153 3135 3136 
1199 2831 2830 2812 2813 3155 3154 3136 3137 
1200 2832 2831 2813 2814 3156 3155 3137 3138 
1201 2833 2832 2814 2815 3157 3156 3138 3139 
1202 2834 2833 2815 2816 3158 3157 3139 3140 
1203 2835 2834 2816 2817 3159 3158 3140 3141 
1204 2836 2835 2817 2818 3160 3159 3141 3142 
1205 2837 2836 2818 2819 3161 3160 3142 3143 
1206 2838 2837 2819 2820 3162 3161 3143 3144 
1207 574 2838 2820 575 718 3162 3144 719 
1208 2839 501 502 2821 3163 645 646 3145 
1209 2840 2839 2821 2822 3164 3163 3145 3146 
1210 2841 2840 2822 2823 3165 3164 3146 3147 
1211 2842 2841 2823 2824 3166 3165 3147 3148 
1212 2843 2842 2824 2825 3167 3166 3148 3149 
1213 2844 2843 2825 2826 3168 3167 3149 3150 
1214 2845 2844 2826 2827 3169 3168 3150 3151 
1215 2846 2845 2827 2828 3170 3169 3151 3152 
1216 2847 2846 2828 2829 3171 3170 3152 3153 
1217 2848 2847 2829 2830 3172 3171 3153 3154 
1218 2849 2848 2830 2831 3173 3172 3154 3155 
1219 2850 2849 2831 2832 3174 3173 3155 3156 
1220 2851 2850 2832 2833 3175 3174 3156 3157 
1221 2852 2851 2833 2834 3176 3175 3157 3158 
1222 2853 2852 2834 2835 3177 3176 3158 3159 
1223 2854 2853 2835 2836 3178 3177 3159 3160 
1224 2855 2854 2836 2837 3179 3178 3160 3161 
1225 2856 2855 2837 2838 3180 3179 3161 3162 
1226 573 2856 2838 574 717 3180 3162 718 
1227 2857 500 501 2839 3181 644 645 3163 
1228 2858 2857 2839 2840 3182 3181 3163 3164 
1229 2859 2858 2840 2841 3183 3182 3164 3165 
1230 2860 2859 2841 2842 3184 3183 3165 3166 
1231 2861 2860 2842 2843 3185 3184 3166 3167 
1232 2862 2861 2843 2844 3186 3185 3167 3168 
1233 2863 2862 2844 2845 3187 3186 3168 3169 
1234 2864 2863 2845 2846 3188 3187 3169 3170 
1235 2865 2864 2846 2847 3189 3188 3170 3171 
1236 2866 2865 2847 2848 3190 3189 3171 3172 
1237 2867 2866 2848 2849 3191 3190 3172 3173 
1238 2868 2867 2849 2850 3192 3191 3173 3174 
1239 2869 2868 2850 2851 3193 3192 3174 3175 
1240 2870 2869 2851 2852 3194 3193 3175 3176 
1241 2871 2870 2852 2853 3195 3194 3176 3177 
1242 2872 2871 2853 2854 3196 3195 3177 3178 
1243 2873 2872 2854 2855 3197 3196 3178 3179 
1244 2874 2873 2855 2856 3198 3197 3179 3180 
1245 572 2874 2856 573 716 3198 3180 717 
1246 2875 499 500 2857 3199 643 644 3181 
1247 2876 2875 2857 2858 3200 3199 3181 3182 
1248 2877 2876 2858 2859 3201 3200 3182 3183 
1249 2878 2877 2859 2860 3202 3201 3183 3184 
1250 2879 2878 2860 2861 3203 3202 3184 3185 
1251 2880 2879 2861 2862 3204 3203 3185 3186 
1252 2881 2880 2862 2863 3205 3204 3186 3187 
1253 2882 2881 2863 2864 3206 3205 3187 3188 
1254 2883 2882 2864 2865 3207 3206 3188 3189 
1255 2884 2883 2865 2866 3208 3207 3189 3190 
1256 2885 2884 2866 2867 3209 3208 3190 3191 
1257 2886 2885 2867 2868 3210 3209 3191 3192 
1258 2887 2886 2868 2869 3211 3210 3192 3193 
1259 2888 2887 2869 2870 3212 3211 3193 3194 
1260 2889 2888 2870 2871 3213 3212 3194 3195 
1261 2890 2889 2871 2872 3214 3213 3195 3196 
1262 2891 2890 2872 2873 3215 3214 3196 3197 
1263 2892 2891 2873 2874 3216 3215 3197 3198 
1264 571 2892 2874 572 715 3216 3198 716 
1265 553 38 499 2875 697 54 643 3199 
1266 554 553 2875 2876 698 697 3199 3200 
1267 555 554 2876 2877 699 698 3200 3201 
1268 556 555 2877 2878 700 699 3201 3202 
1269 557 556 2878 2879 701 700 3202 3203 
1270 558 557 2879 2880 702 701 3203 3204 
1271 559 558 2880 2881 703 702 3204 3205 
1272 560 559 2881 2882 704 703 3205 3206 
1273 561 560 2882 2883 705 704 3206 3207 
1274 562 561 2883 2884 706 705 3207 3208 
1275 563 562 2884 2885 707 706 3208 3209 
1276 564 563 2885 2886 708 707 3209 3210 
1277 565 564 2886 2887 709 708 3210 3211 
1278 566 565 2887 2888 710 709 3211 3212 
1279 567 566 2888 2889 711 710 3212 3213 
1280 568 567 2889 2890 712 711 3213 3214 
1281 569 568 2890 2891 713 712 3214 3215 
1282 570 569 2891 2892 714 713 3215 3216 
1283 43 570 2892 571 59 714 3216 715 
3 24 5 19
1284 589 40 38 553 733 56 54 697 
1285 590 589 553 554 734 733 697 698 
1286 591 590 554 555 735 734 698 699 
1287 592 591 555 556 736 735 699 700 
1288 593 592 556 557 737 736 700 701 
1289 594 593 557 558 738 737 701 702 
1290 595 594 558 559 739 738 702 703 
1291 596 595 559 560 740 739 703 704 
1292 597 596 560 561 741 740 704 705 
1293 598 597 561 562 742 741 705 706 
1294 599 598 562 563 743 742 706 707 
1295 600 599 563 564 744 743 707 708 
1296 601 600 564 565 745 744 708 709 
1297 602 601 565 566 746 745 709 710 
1298 603 602 566 567 747 746 710 711 
1299 604 603 567 568 748 747 711 712 
1300 605 604 568 569 749 748 712 713 
1301 606 605 569 570 750 749 713 714 
1302 44 606 570 43 60 750 714 59 
3 25 5 1
1303 45 41 42 46 61 57 58 62 
3 26 5 19
1304 624 588 41 45 768 732 57 61 
1305 623 587 588 624 767 731 732 768 
1306 622 586 587 623 766 730 731 767 
1307 621 585 586 622 765 729 730 766 
1308 620 584 585 621 764 728 729 765 
1309 619 583 584 620 763 727 728 764 
1310 618 582 583 619 762 726 727 763 
1311 617 581 582 618 761 725 726 762 
1312 616 580 581 617 760 724 725 761 
1313 615 579 580 616 759 723 724 760 
1314 614 578 579 615 758 722 723 759 
1315 613 577 578 614 757 721 722 758 
1316 612 576 577 613 756 720 721 757 
1317 611 575 576 612 755 719 720 756 
1318 610 574 575 611 754 718 719 755 
1319 609 573 574 610 753 717 718 754 
1320 608 572 573 609 752 716 717 753 
1321 607 571 572 608 751 715 716 752 
1322 47 43 571 607 63 59 715 751 
3 27 5 1
1323 48 44 43 47 64 60 59 63 
3 28 5 1
1324 51 50 49 52 67 66 65 68 
3 29 5 19
1325 660 625 50 51 804 769 66 67 
1326 659 626 625 660 803 770 769 804 
1327 658 627 626 659 802 771 770 803 
1328 657 628 627 658 801 772 771 802 
1329 656 629 628 657 800 773 772 801 
1330 655 630 629 656 799 774 773 800 
1331 654 631 630 655 798 775 774 799 
1332 653 632 631 654 797 776 775 798 
1333 652 633 632 653 796 777 776 797 
1334 651 634 633 652 795 778 777 796 
1335 650 635 634 651 794 779 778 795 
1336 649 636 635 650 793 780 779 794 
1337 648 637 636 649 792 781 780 793 
1338 647 638 637 648 791 782 781 792 
1339 646 639 638 647 790 783 782 791 
1340 645 640 639 646 789 784 783 790 
1341 644 641 640 645 788 785 784 789 
1342 643 642 641 644 787 786 785 788 
1343 54 53 642 643 70 69 786 787 
3 30 5 1
1344 56 55 53 54 72 71 69 70 
3 31 5 19
1345 661 51 52 696 805 67 68 840 
1346 662 661 696 695 806 805 840 839 
1347 663 662 695 694 807 806 839 838 
1348 664 663 694 693 808 807 838 837 
1349 665 664 693 692 809 808 837 836 
1350 666 665 692 691 810 809 836 835 
1351 667 666 691 690 811 810 835 834 
1352 668 667 690 689 812 811 834 833 
1353 669 668 689 688 813 812 833 832 
1354 670 669 688 687 814 813 832 831 
1355 671 670 687 686 815 814 831 830 
1356 672 671 686 685 816 815 830 829 
1357 673 672 685 684 817 816 829 828 
1358 674 673 684 683 818 817 828 827 
1359 675 674 683 682 819 818 827 826 
1360 676 675 682 681 820 819 826 825 
1361 677 676 681 680 821 820 825 824 
1362 678 677 680 679 822 821 824 823 
1363 57 678 679 58 73 822 823 74 
3 32 5 361
1364 2893 660 51 661 3217 804 67 805 
1365 2894 2893 661 662 3218 3217 805 806 
1366 2895 2894 662 663 3219 3218 806 807 
1367 2896 2895 663 664 3220 3219 807 808 
1368 2897 2896 664 665 3221 3220 808 809 
1369 2898 2897 665 666 3222 3221 809 810 
1370 2899 2898 666 667 3223 3222 810 811 
1371 2900 2899 667 668 3224 3223 811 812 
1372 2901 2900 668 669 3225 3224 812 813 
1373 2902 2901 669 670 3226 3225 813 814 
1374 2903 2902 670 671 3227 3226 814 815 
1375 2904 2903 671 672 3228 3227 815 816 
1376 2905 2904 672 673 3229 3228 816 817 
1377 2906 2905 673 674 3230 3229 817 818 
1378 2907 2906 674 675 3231 3230 818 819 
1379 2908 2907 675 676 3232 3231 819 820 
1380 2909 2908 676 677 3233 3232 820 821 
1381 2910 2909 677 678 3234 3233 821 822 
1382 732 2910 678 57 876 3234 822 73 
1383 2911 659 660 2893 3235 803 804 3217 
1384 2912 2911 2893 2894 3236 3235 3217 3218 
1385 2913 2912 2894 2895 3237 3236 3218 3219 
1386 2914 2913 2895 2896 3238 3237 3219 3220 
1387 2915 2914 2896 2897 3239 3238 3220 3221 
1388 2916 2915 2897 2898 3240 3239 3221 3222 
1389 2917 2916 2898 2899 3241 3240 3222 3223 
1390 2918 2917 2899 2900 3242 3241 3223 3224 
1391 2919 2918 2900 2901 3243 3242 3224 3225 
1392 2920 2919 2901 2902 3244 3243 3225 3226 
1393 2921 2920 2902 2903 3245 3244 3226 3227 
1394 2922 2921 2903 2904 3246 3245 3227 3228 
1395 2923 2922 2904 2905 3247 3246 3228 3229 
1396 2924 2923 2905 2906 3248 3247 3229 3230 
1397 2925 2924 2906 2907 3249 3248 3230 3231 
1398 2926 2925 2907 2908 3250 3249 3231 3232 
1399 2927 2926 2908 2909 3251 3250 3232 3233 
1400 2928 2927 2909 2910 3252 3251 3233 3234 
1401 731 2928 2910 732 875 3252 3234 876 
1402 2929 658 659 2911 3253 802 803 3235 
1403 2930 2929 2911 2912 3254 3253 3235 3236 
1404 2931 2930 2912 2913 3255 3254 3236 3237 
1405 2932 2931 2913 2914 3256 3255 3237 3238 
1406 2933 2932 2914 2915 3257 3256 3238 3239 
1407 2934 2933 2915 2916 3258 3257 3239 3240 
1408 2935 2934 2916 2917 3259 3258 3240 3241 
1409 2936 2935 2917 2918 3260 3259 3241 3242 
1410 2937 2936 2918 2919 3261 3260 3242 3243 
1411 2938 2937 2919 2920 3262 3261 3243 3244 
1412 2939 2938 2920 2921 3263 3262 3244 3245 
1413 2940 2939 2921 2922 3264 3263 3245 3246 
1414 2941 2940 2922 2923 3265 3264 3246 3247 
1415 2942 2941 2923 2924 3266 3265 3247 3248 
1416 2943 2942 2924 2925 3267 3266 3248 3249 
1417 2944 2943 2925 2926 3268 3267 3249 3250 
1418 2945 2944 2926 2927 3269 3268 3250 3251 
1419 2946 2945 2927 2928 3270 3269 3251 3252 
1420 730 2946 2928 731 874 3270 3252 875 
1421 2947 657 658 2929 3271 801 802 3253 
1422 2948 2947 2929 2930 3272 3271 3253 3254 
1423 2949 2948 2930 2931 3273 3272 3254 3255 
1424 2950 2949 2931 2932 3274 3273 3255 3256 
1425 2951 2950 2932 2933 3275 3274 3256 3257 
1426 2952 2951 2933 2934 3276 3275 3257 3258 
1427 2953 2952 2934 2935 3277 3276 3258 3259 
1428 2954 2953 2935 2936 3278 3277 3259 3260 
1429 2955 2954 2936 2937 3279 3278 3260 3261 
1430 2956 2955 2937 2938 3280 3279 3261 3262 
1431 2957 2956 2938 2939 3281 3280 3262 3263 
1432 2958 2957 2939 2940 3282 3281 3263 3264 
1433 2959 2958 2940 2941 3283 3282 3264 3265 
1434 2960 2959 2941 2942 3284 3283 3265 3266 
1435 2961 2960 2942 2943 3285 3284 3266 3267 
1436 2962 2961 2943 2944 3286 3285 3267 3268 
1437 2963 2962 2944 2945 3287 3286 3268 3269 
1438 2964 2963 2945 2946 3288 3287 3269 3270 
1439 729 2964 2946 730 873 3288 3270 874 
1440 2965 656 657 2947 3289 800 801 3271 
1441 2966 2965 2947 2948 3290 3289 3271 3272 
1442 2967 2966 2948 2949 3291 3290 3272 3273 
1443 2968 2967 2949 2950 3292 3291 3273 3274 
1444 2969 2968 2950 2951 3293 3292 3274 3275 
1445 2970 2969 2951 2952 3294 3293 3275 3276 
1446 2971 2970 2952 2953 3295 3294 3276 3277 
1447 2972 2971 2953 2954 3296 3295 3277 3278 
1448 2973 2972 2954 2955 3297 3296 3278 3279 
1449 2974 2973 2955 2956 3298 3297 3279 3280 
1450 2975 2974 2956 2957 3299 3298 3280 3281 
1451 2976 2975 2957 2958 3300 3299 3281 3282 
1452 2977 2976 2958 2959 3301 3300 3282 3283 
1453 2978 2977 2959 2960 3302 3301 3283 3284 
1454 2979 2978 2960 2961 3303 3302 3284 3285 
1455 2980 2979 2961 2962 3304 3303 3285 3286 
1456 2981 2980 2962 2963 3305 3304 3286 3287 
1457 2982 2981 2963 2964 3306 3305 3287 3288 
1458 728 2982 2964 729 872 3306 3288 873 
1459 2983 655 656 2965 3307 799 800 3289 
1460 2984 2983 2965 2966 3308 3307 3289 3290 
1461 2985 2984 2966 2967 3309 3308 3290 3291 
1462 2986 2985 2967 2968 3310 3309 3291 3292 
1463 2987 2986 2968 2969 3311 3310 3292 3293 
1464 2988 2987 2969 2970 3312 3311 3293 3294 
1465 2989 2988 2970 2971 3313 3312 3294 3295 
1466 2990 2989 2971 2972 3314 3313 3295 3296 
1467 2991 2990 2972 2973 3315 3314 3296 3297 
1468 2992 2991 2973 2974 3316 3315 3297 3298 
1469 2993 2992 2974 2975 3317 3316 3298 3299 
1470 2994 2993 2975 2976 3318 3317 3299 3300 
1471 2995 2994 2976 2977 3319 3318 3300 3301 
1472 2996 2995 2977 2978 3320 3319 3301 3302 
1473 2997 2996 2978 2979 3321 3320 3302 3303 
1474 2998 2997 2979 2980 3322 3321 3303 3304 
1475 2999 2998 2980 2981 3323 3322 3304 3305 
1476 3000 2999 2981 2982 3324 3323 3305 3306 
1477 727 3000 2982 728 871 3324 3306 872 
1478 3001 654 655 2983 3325 798 799 3307 
1479 3002 3001 2983 2984 3326 3325 3307 3308 
1480 3003 3002 2984 2985 3327 3326 3308 3309 
1481 3004 3003 2985 2986 3328 3327 3309 3310 
1482 3005 3004 2986 2987 3329 3328 3310 3311 
1483 3006 3005 2987 2988 3330 3329 3311 3312 
1484 3007 3006 2988 2989 3331 3330 3312 3313 
1485 3008 3007 2989 2990 3332 3331 3313 3314 
1486 3009 3008 2990 2991 3333 3332 3314 3315 
1487 3010 3009 2991 2992 3334 3333 3315 3316 
1488 3011 3010 2992 2993 3335 3334 3316 3317 
1489 3012 3011 2993 2994 3336 3335 3317 3318 
1490 3013 3012 2994 2995 3337 3336 3318 3319 
1491 3014 3013 2995 2996 3338 3337 3319 3320 
1492 3015 3014 2996 2997 3339 3338 3320 3321 
1493 3016 3015 2997 2998 3340 3339 3321 3322 
1494 3017 3016 2998 2999 3341 3340 3322 3323 
1495 3018 3017 2999 3000 3342 3341 3323 3324 
1496 726 3018 3000 727 870 3342 3324 871 
1497 3019 653 654 3001 3343 797 798 3325 
1498 3020 3019 3001 3002 3344 3343 3325 3326 
1499 3021 3020 3002 3003 3345 3344 3326 3327 
1500 3022 3021 3003 3004 3346 3345 3327 3328 
1501 3023 3022 3004 3005 3347 3346 3328 3329 
1502 3024 3023 3005 3006 3348 3347 3329 3330 
1503 3025 3024 3006 3007 3349 3348 3330 3331 
1504 3026 3025 3007 3008 3350 3349 3331 3332 
1505 3027 3026 3008 3009 3351 3350 3332 3333 
1506 3028 3027 3009 3010 3352 3351 3333 3334 
1507 3029 3028 3010 3011 3353 3352 3334 3335 
1508 3030 3029 3011 3012 3354 3353 3335 3336 
1509 3031 3030 3012 3013 3355 3354 3336 3337 
1510 3032 3031 3013 3014 3356 3355 3337 3338 
1511 3033 3032 3014 3015 3357 3356 3338 3339 
1512 3034 3033 3015 3016 3358 3357 3339 3340 
1513 3035 3034 3016 3017 3359 3358 3340 3341 
1514 3036 3035 3017 3018 3360 3359 3341 3342 
1515 725 3036 3018 726 869 3360 3342 870 
1516 3037 652 653 3019 3361 796 797 3343 
1517 3038 3037 3019 3020 3362 3361 3343 3344 
1518 3039 3038 3020 3021 3363 3362 3344 3345 
1519 3040 3039 3021 3022 3364 3363 3345 3346 
1520 3041 3040 3022 3023 3365 3364 3346 3347 
1521 3042 3041 3023 3024 3366 3365 3347 3348 
1522 3043 3042 3024 3025 3367 3366 3348 3349 
1523 3044 3043 3025 3026 3368 3367 3349 3350 
1524 3045 3044 3026 3027 3369 3368 3350 3351 
1525 3046 3045 3027 3028 3370 3369 3351 3352 
1526 3047 3046 3028 3029 3371 3370 3352 3353 
1527 3048 3047 3029 3030 3372 3371 3353 3354 
1528 3049 3048 3030 3031 3373 3372 3354 3355 
1529 3050 3049 3031 3032 3374 3373 3355 3356 
1530 3051 3050 3032 3033 3375 3374 3356 3357 
1531 3052 3051 3033 3034 3376 3375 3357 3358 
1532 3053 3052 3034 3035 3377 3376 3358 3359 
1533 3054 3053 3035 3036 3378 3377 3359 3360 
1534 724 3054 3036 725 868 3378 3360 869 
1535 3055 651 652 3037 3379 795 796 3361 
1536 3056 3055 3037 3038 3380 3379 3361 3362 
1537 3057 3056 3038 3039 3381 3380 3362 3363 
1538 3058 3057 3039 3040 3382 3381 3363 3364 
1539 3059 3058 3040 3041 3383 3382 3364 3365 
1540 3060 3059 3041 3042 3384 3383 3365 3366 
1541 3061 3060 3042 3043 3385 3384 3366 3367 
1542 3062 3061 3043 3044 3386 3385 3367 3368 
1543 3063 3062 3044 3045 3387 3386 3368 3369 
1544 3064 3063 3045 3046 3388 3387 3369 3370 
1545 3065 3064 3046 3047 3389 3388 3370 3371 
1546 3066 3065 3047 3048 3390 3389 3371 3372 
1547 3067 3066 3048 3049 3391 3390 3372 3373 
1548 3068 3067 3049 3050 3392 3391 3373 3374 
1549 3069 3068 3050 3051 3393 3392 3374 3375 
1550 3070 3069 3051 3052 3394 3393 3375 3376 
1551 3071 3070 3052 3053 3395 3394 3376 3377 
1552 3072 3071 3053 3054 3396 3395 3377 3378 
1553 723 3072 3054 724 867 3396 3378 868 
1554 3073 650 651 3055 3397 794 795 3379 
1555 3074 3073 3055 3056 3398 3397 3379 3380 
1556 3075 3074 3056 3057 3399 3398 3380 3381 
1557 3076 3075 3057 3058 3400 3399 3381 3382 
1558 3077 3076 3058 3059 3401 3400 3382 3383 
1559 3078 3077 3059 3060 3402 3401 3383 3384 
1560 3079 3078 3060 3061 3403 3402 3384 3385 
1561 3080 3079 3061 3062 3404 3403 3385 3386 
1562 3081 3080 3062 3063 3405 3404 3386 3387 
1563 3082 3081 3063 3064 3406 3405 3387 3388 
1564 3083 3082 3064 3065 3407 3406 3388 3389 
1565 3084 3083 3065 3066 3408 3407 3389 3390 
1566 3085 3084 3066 3067 3409 3408 3390 3391 
1567 3086 3085 3067 3068 3410 3409 3391 3392 
1568 3087 3086 3068 3069 3411 3410 3392 3393 
1569 3088 3087 3069 3070 3412 3411 3393 3394 
1570 3089 3088 3070 3071 3413 3412 3394 3395 
1571 3090 3089 3071 3072 3414 3413 3395 3396 
1572 722 3090 3072 723 866 3414 3396 867 
1573 3091 649 650 3073 3415 793 794 3397 
1574 3092 3091 3073 3074 3416 3415 3397 3398 
1575 3093 3092 3074 3075 3417 3416 3398 3399 
1576 3094 3093 3075 3076 3418 3417 3399 3400 
1577 3095 3094 3076 3077 3419 3418 3400 3401 
1578 3096 3095 3077 3078 3420 3419 3401 3402 
1579 3097 3096 3078 3079 3421 3420 3402 3403 
1580 3098 3097 3079 3080 3422 3421 3403 3404 
1581 3099 3098 3080 3081 3423 3422 3404 3405 
1582 3100 3099 3081 3082 3424 3423 3405 3406 
1583 3101 3100 3082 3083 3425 3424 3406 3407 
1584 3102 3101 3083 3084 3426 3425 3407 3408 
1585 3103 3102 3084 3085 3427 3426 3408 3409 
1586 3104 3103 3085 3086 3428 3427 3409 3410 
1587 3105 3104 3086 3087 3429 3428 3410 3411 
1588 3106 3105 3087 3088 3430 3429 3411 3412 
1589 3107 3106 3088 3089 3431 3430 3412 3413 
1590 3108 3107 3089 3090 3432 3431 3413 3414 
1591 721 3108 3090 722 865 3432 3414 866 
1592 3109 648 649 3091 3433 792 793 3415 
1593 3110 3109 3091 3092 3434 3433 3415 3416 
1594 3111 3110 3092 3093 3435 3434 3416 3417 
1595 3112 3111 3093 3094 3436 3435 3417 3418 
1596 3113 3112 3094 3095 3437 3436 3418 3419 
1597 3114 3113 3095 3096 3438 3437 3419 3420 
1598 3115 3114 3096 3097 3439 3438 3420 3421 
1599 3116 3115 3097 3098 3440 3439 3421 3422 
1600 3117 3116 3098 3099 3441 3440 3422 3423 
1601 3118 3117 3099 3100 3442 3441 3423 3424 
1602 3119 3118 3100 3101 3443 3442 3424 3425 
1603 3120 3119 3101 3102 3444 3443 3425 3426 
1604 3121 3120 3102 3103 3445 3444 3426 3427 
1605 3122 3121 3103 3104 3446 3445 3427 3428 
1606 3123 3122 3104 3105 3447 3446 3428 3429 
1607 3124 3123 3105 3106 3448 3447 3429 3430 
1608 3125 3124 3106 3107 3449 3448 3430 3431 
1609 3126 3125 3107 3108 3450 3449 3431 3432 
1610 720 3126 3108 721 864 3450 3432 865 
1611 3127 647 648 3109 3451 791 792 3433 
1612 3128 3127 3109 3110 3452 3451 3433 3434 
1613 3129 3128 3110 3111 3453 3452 3434 3435 
1614 3130 3129 3111 3112 3454 3453 3435 3436 
1615 3131 3130 3112 3113 3455 3454 3436 3437 
1616 3132 3131 3113 3114 3456 3455 3437 3438 
1617 3133 3132 3114 3115 3457 3456 3438 3439 
1618 3134 3133 3115 3116 3458 3457 3439 3440 
1619 3135 3134 3116 3117 3459 3458 3440 3441 
1620 3136 3135 3117 3118 3460 3459 3441 3442 
1621 3137 3136 3118 3119 3461 3460 3442 3443 
1622 3138 3137 3119 3120 3462 3461 3443 3444 
1623 3139 3138 3120 3121 3463 3462 3444 3445 
1624 3140 3139 3121 3122 3464 3463 3445 3446 
1625 3141 3140 3122 3123 3465 3464 3446 3447 
1626 3142 3141 3123 3124 3466 3465 3447 3448 
1627 3143 3142 3124 3125 3467 3466 3448 3449 
1628 3144 3143 3125 3126 3468 3467 3449 3450 
1629 719 3144 3126 720 863 3468 3450 864 
1630 3145 646 647 3127 3469 790 791 3451 
1631 3146 3145 3127 3128 3470 3469 3451 3452 
1632 3147 3146 3128 3129 3471 3470 3452 3453 
1633 3148 3147 3129 3130 3472 3471 3453 3454 
1634 3149 3148 3130 3131 3473 3472 3454 3455 
1635 3150 3149 3131 3132 3474 3473 3455 3456 
1636 3151 3150 3132 3133 3475 3474 3456 3457 
1637 3152 3151 3133 3134 3476 3475 3457 3458 
1638 3153 3152 3134 3135 3477 3476 3458 3459 
1639 3154 3153 3135 3136 3478 3477 3459 3460 
1640 3155 3154 3136 3137 3479 3478 3460 3461 
1641 3156 3155 3137 3138 3480 3479 3461 3462 
1642 3157 3156 3138 3139 3481 3480 3462 3463 
1643 3158 3157 3139 3140 3482 3481 3463 3464 
1644 3159 3158 3140 3141 3483 3482 3464 3465 
1645 3160 3159 3141 3142 3484 3483 3465 3466 
1646 3161 3160 3142 3143 3485 3484 3466 3467 
1647 3162 3161 3143 3144 3486 3485 3467 3468 
1648 718 3162 3144 719 862 3486 3468 863 
1649 3163 645 646 3145 3487 789 790 3469 
1650 3164 3163 3145 3146 3488 3487 3469 3470 
1651 3165 3164 3146 3147 3489 3488 3470 3471 
1652 3166 3165 3147 3148 3490 3489 3471 3472 
1653 3167 3166 3148 3149 3491 3490 3472 3473 
1654 3168 3167 3149 3150 3492 3491 3473 3474 
1655 3169 3168 3150 3151 3493 3492 3474 3475 
1656 3170 3169 3151 3152 3494 3493 3475 3476 
1657 3171 3170 3152 3153 3495 3494 3476 3477 
1658 3172 3171 3153 3154 3496 3495 3477 3478 
1659 3173 3172 3154 3155 3497 3496 3478 3479 
1660 3174 3173 3155 3156 3498 3497 3479 3480 
1661 3175 3174 3156 3157 3499 3498 3480 3481 
1662 3176 3175 3157 3158 3500 3499 3481 3482 
1663 3177 3176 3158 3159 3501 3500 3482 3483 
1664 3178 3177 3159 3160 3502 3501 3483 3484 
1665 3179 3178 3160 3161 3503 3502 3484 3485 
1666 3180 3179 3161 3162 3504 3503 3485 3486 
1667 717 3180 3162 718 861 3504 3486 862 
1668 3181 644 645 3163 3505 788 789 3487 
1669 3182 3181 3163 3164 3506 3505 3487 3488 
1670 3183 3182 3164 3165 3507 3506 3488 3489 
1671 3184 3183 3165 3166 3508 3507 3489 3490 
1672 3185 3184 3166 3167 3509 3508 3490 3491 
1673 3186 3185 3167 3168 3510 3509 3491 3492 
1674 3187 3186 3168 3169 3511 3510 3492 3493 
1675 3188 3187 3169 3170 3512 3511 3493 3494 
1676 3189 3188 3170 3171 3513 3512 3494 3495 
1677 3190 3189 3171 3172 3514 3513 3495 3496 
1678 3191 3190 3172 3173 3515 3514 3496 3497 
1679 3192 3191 3173 3174 3516 3515 3497 3498 
1680 3193 3192 3174 3175 3517 3516 3498 3499 
1681 3194 3193 3175 3176 3518 3517 3499 3500 
1682 3195 3194 3176 3177 3519 3518 3500 3501 
1683 3196 3195 3177 3178 3520 3519 3501 3502 
1684 3197 3196 3178 3179 3521 3520 3502 3503 
1685 3198 3197 3179 3180 3522 3521 3503 3504 
1686 716 3198 3180 717 860 3522 3504 861 
1687 3199 643 644 3181 3523 787 788 3505 
1688 3200 3199 3181 3182 3524 3523 3505 3506 
1689 3201 3200 3182 3183 3525 3524 3506 3507 
1690 3202 3201 3183 3184 3526 3525 3507 3508 
1691 3203 3202 3184 3185 3527 3526 3508 3509 
1692 3204 3203 3185 3186 3528 3527 3509 3510 
1693 3205 3204 3186 3187 3529 3528 3510 3511 
1694 3206 3205 3187 3188 3530 3529 3511 3512 
1695 3207 3206 3188 3189 3531 3530 3512 3513 
1696 3208 3207 3189 3190 3532 3531 3513 3514 
1697 3209 3208 3190 3191 3533 3532 3514 3515 
1698 3210 3209 3191 3192 3534 3533 3515 3516 
1699 3211 3210 3192 3193 3535 3534 3516 3517 
1700 3212 3211 3193 3194 3536 3535 3517 3518 
1701 3213 3212 3194 3195 3537 3536 3518 3519 
1702 3214 3213 3195 3196 3538 3537 3519 3520 
1703 3215 3214 3196 3197 3539 3538 3520 3521 
1704 3216 3215 3197 3198 3540 3539 3521 3522 
1705 715 3216 3198 716 859 3540 3522 860 
1706 697 54 643 3199 841 70 787 3523 
1707 698 697 3199 3200 842 841 3523 3524 
1708 699 698 3200 3201 843 842 3524 3525 
1709 700 699 3201 3202 844 843 3525 3526 
1710 701 700 3202 3203 845 844 3526 3527 
1711 702 701 3203 3204 846 845 3527 3528 
1712 703 702 3204 3205 847 846 3528 3529 
1713 704 703 3205 3206 848 847 3529 3530 
1714 705 704 3206 3207 849 848 3530 3531 
1715 706 705 3207 3208 850 849 3531 3532 
1716 707 706 3208 3209 851 850 3532 3533 
1717 708 707 3209 3210 852 851 3533 3534 
1718 709 708 3210 3211 853 852 3534 3535 
1719 710 709 3211 3212 854 853 3535 3536 
1720 711 710 3212 3213 855 854 3536 3537 
1721 712 711 3213 3214 856 855 3537 3538 
1722 713 712 3214 3215 857 856 3538 3539 
1723 714 713 3215 3216 858 857 3539 3540 
1724 59 714 3216 715 75 858 3540 859 
3 33 5 19
1725 733 56 54 697 877 72 70 841 
1726 734 733 697 698 878 877 841 842 
1727 735 734 698 699 879 878 842 843 
1728 736 735 699 700 880 879 843 844 
1729 737 736 700 701 881 880 844 845 
1730 738 737 701 702 882 881 845 846 
1731 739 738 702 703 883 882 846 847 
1732 740 739 703 704 884 883 847 848 
1733 741 740 704 705 885 884 848 849 
1734 742 741 705 706 886 885 849 850 
1735 743 742 706 707 887 886 850 851 
1736 744 743 707 708 888 887 851 852 
1737 745 744 708 709 889 888 852 853 
1738 746 745 709 710 890 889 853 854 
1739 747 746 710 711 891 890 854 855 
1740 748 747 711 712 892 891 855 856 
1741 749 748 712 713 893 892 856 857 
1742 750 749 713 714 894 893 857 858 
1743 60 750 714 59 76 894 858 75 
3 34 5 1
1744 61 57 58 62 77 73 74 78 
3 35 5 19
1745 768 732 57 61 912 876 73 77 
1746 767 731 732 768 911 875 876 912 
1747 766 730 731 767 910 874 875 911 
1748 765 729 730 766 909 873 874 910 
1749 764 728 729 765 908 872 873 909 
1750 763 727 728 764 907 871 872 908 
1751 762 726 727 763 906 870 871 907 
1752 761 725 726 762 905 869 870 906 
1753 760 724 725 761 904 868 869 905 
1754 759 723 724 760 903 867 868 904 
1755 758 722 723 759 902 866 867 903 
1756 757 721 722 758 901 865 866 902 
1757 756 720 721 757 900 864 865 901 
1758 755 719 720 756 899 863 864 900 
1759 754 718 719 755 898 862 863 899 
1760 753 717 718 754 897 861 862 898 
1761 752 716 717 753 896 860 861 897 
1762 751 715 716 752 895 859 860 896 
1763 63 59 715 751 79 75 859 895 
3 36 5 1
1764 64 60 59 63 80 76 75 79 
3 37 5 1
1765 67 66 65 68 83 82 81 84 
3 38 5 19
1766 804 769 66 67 948 913 82 83 
1767 803 770 769 804 947 914 913 948 
1768 802 771 770 803 946 915 914 947 
1769 801 772 771 802 945 916 915 946 
1770 800 773 772 801 944 917 916 945 
1771 799 774 773 800 943 918 917 944 
1772 798 775 774 799 942 919 918 943 
1773 797 776 775 798 941 920 919 942 
1774 796 777 776 797 940 921 920 941 
1775 795 778 777 796 939 922 921 940 
1776 794 779 778 795 938 923 922 939 
1777 793 780 779 794 937 924 923 938 
1778 792 781 780 793 936 925 924 937 
1779 791 782 781 792 935 926 925 936 
1780 790 783 782 791 934 927 926 935 
1781 789 784 783 790 933 928 927 934 
1782 788 785 784 789 932 929 928 933 
1783 787 786 785 788 931 930 929 932 
1784 70 69 786 787 86 85 930 931 
3 39 5 1
1785 72 71 69 70 88 87 85 86 
3 40 5 19
1786 805 67 68 840 949 83 84 984 
1787 806 805 840 839 950 949 984 983 
1788 807 806 839 838 951 950 983 982 
1789 808 807 838 837 952 951 982 981 
1790 809 808 837 836 953 952 981 980 
1791 810 809 836 835 954 953 980 979 
1792 811 810 835 834 955 954 979 978 
1793 812 811 834 833 956 955 978 977 
1794 813 812 833 832 957 956 977 976 
1795 814 813 832 831 958 957 976 975 
1796 815 814 831 830 959 958 975 974 
1797 816 815 830 829 960 959 974 973 
1798 817 816 829 828 961 960 973 972 
1799 818 817 828 827 962 961 972 971 
1800 819 818 827 826 963 962 971 970 
1801 820 819 826 825 964 963 970 969 
1802 821 820 825 824 965 964 969 968 
1803 822 821 824 823 966 965 968 967 
1804 73 822 823 74 89 966 967 90 
3 41 5 361
1805 3217 804 67 805 3541 948 83 949 
1806 3218 3217 805 806 3542 3541 949 950 
1807 3219 3218 806 807 3543 3542 950 951 
1808 3220 3219 807 808 3544 3543 951 952 
1809 3221 3220 808 809 3545 3544 952 953 
1810 3222 3221 809 810 3546 3545 953 954 
1811 3223 3222 810 811 3547 3546 954 955 
1812 3224 3223 811 812 3548 3547 955 956 
1813 3225 3224 812 813 3549 3548 956 957 
1814 3226 3225 813 814 3550 3549 957 958 
1815 3227 3226 814 815 3551 3550 958 959 
1816 3228 3227 815 816 3552 3551 959 960 
1817 3229 3228 816 817 3553 3552 960 961 
1818 3230 3229 817 818 3554 3553 961 962 
1819 3231 3230 818 819 3555 3554 962 963 
1820 3232 3231 819 820 3556 3555 963 964 
1821 3233 3232 820 821 3557 3556 964 965 
1822 3234 3233 821 822 3558 3557 965 966 
1823 876 3234 822 73 1020 3558 966 89 
1824 3235 803 804 3217 3559 947 948 3541 
1825 3236 3235 3217 3218 3560 3559 3541 3542 
1826 3237 3236 3218 3219 3561 3560 3542 3543 
1827 3238 3237 3219 3220 3562 3561 3543 3544 
1828 3239 3238 3220 3221 3563 3562 3544 3545 
1829 3240 3239 3221 3222 3564 3563 3545 3546 
1830 3241 3240 3222 3223 3565 3564 3546 3547 
1831 3242 3241 3223 3224 3566 3565 3547 3548 
1832 3243 3242 3224 3225 3567 3566 3548 3549 
1833 3244 3243 3225 3226 3568 3567 3549 3550 
1834 3245 3244 3226 3227 3569 3568 3550 3551 
1835 3246 3245 3227 3228 3570 3569 3551 3552 
1836 3247 3246 3228 3229 3571 3570 3552 3553 
1837 3248 3247 3229 3230 3572 3571 3553 3554 
1838 3249 3248 3230 3231 3573 3572 3554 3555 
1839 3250 3249 3231 3232 3574 3573 3555 3556 
1840 3251 3250 3232 3233 3575 3574 3556 3557 
1841 3252 3251 3233 3234 3576 3575 3557 3558 
1842 875 3252 3234 876 1019 3576 3558 1020 
1843 3253 802 803 3235 3577 946 947 3559 
1844 3254 3253 3235 3236 3578 3577 3559 3560 
1845 3255 3254 3236 3237 3579 3578 3560 3561 
1846 3256 3255 3237 3238 3580 3579 3561 3562 
1847 3257 3256 3238 3239 3581 3580 3562 3563 
1848 3258 3257 3239 3240 3582 3581 3563 3564 
1849 3259 3258 3240 3241 3583 3582 3564 3565 
1850 3260 3259 3241 3242 3584 3583 3565 3566 
1851 3261 3260 3242 3243 3585 3584 3566 3567 
1852 3262 3261 3243 3244 3586 3585 3567 3568 
1853 3263 3262 3244 3245 3587 3586 3568 3569 
1854 3264 3263 3245 3246 3588 3587 3569 3570 
1855 3265 3264 3246 3247 3589 3588 3570 3571 
1856 3266 3265 3247 3248 3590 3589 3571 3572 
1857 3267 3266 3248 3249 3591 3590 3572 3573 
1858 3268 3267 3249 3250 3592 3591 3573 3574 
1859 3269 3268 3250 3251 3593 3592 3574 3575 
1860 3270 3269 3251 3252 3594 3593 3575 3576 
1861 874 3270 3252 875 1018 3594 3576 1019 
1862 3271 801 802 3253 3595 945 946 3577 
1863 3272 3271 3253 3254 3596 3595 3577 3578 
1864 3273 3272 3254 3255 3597 3596 3578 3579 
1865 3274 3273 3255 3256 3598 3597 3579 3580 
1866 3275 3274 3256 3257 3599 3598 3580 3581 
1867 3276 3275 3257 3258 3600 3599 3581 3582 
1868 3277 3276 3258 3259 3601 3600 3582 3583 
1869 3278 3277 3259 3260 3602 3601 3583 3584 
1870 3279 3278 3260 3261 3603 3602 3584 3585 
1871 3280 3279 3261 3262 3604 3603 3585 3586 
1872 3281 3280 3262 3263 3605 3604 3586 3587 
1873 3282 3281 3263 3264 3606 3605 3587 3588 
1874 3283 3282 3264 3265 3607 3606 3588 3589 
1875 3284 3283 3265 3266 3608 3607 3589 3590 
1876 3285 3284 3266 3267 3609 3608 3590 3591 
1877 3286 3285 3267 3268 3610 3609 3591 3592 
1878 3287 3286 3268 3269 3611 3610 3592 3593 
1879 3288 3287 3269 3270 3612 3611 3593 3594 
1880 873 3288 3270 874 1017 3612 3594 1018 
1881 3289 800 801 3271 3613 944 945 3595 
1882 3290 3289 3271 3272 3614 3613 3595 3596 
1883 3291 3290 3272 3273 3615 3614 3596 3597 
1884 3292 3291 3273 3274 3616 3615 3597 3598 
1885 3293 3292 3274 3275 3617 3616 3598 3599 
1886 3294 3293 3275 3276 3618 3617 3599 3600 
1887 3295 3294 3276 3277 3619 3618 3600 3601 
1888 3296 3295 3277 3278 3620 3619 3601 3602 
1889 3297 3296 3278 3279 3621 3620 3602 3603 
1890 3298 3297 3279 3280 3622 3621 3603 3604 
1891 3299 3298 3280 3281 3623 3622 3604 3605 
1892 3300 3299 3281 3282 3624 3623 3605 3606 
1893 3301 3300 3282 3283 3625 3624 3606 3607 
1894 3302 3301 3283 3284 3626 3625 3607 3608 
1895 3303 3302 3284 3285 3627 3626 3608 3609 
1896 3304 3303 3285 3286 3628 3627 3609 3610 
1897 3305 3304 3286 3287 3629 3628 3610 3611 
1898 3306 3305 3287 3288 3630 3629 3611 3612 
1899 872 3306 3288 873 1016 3630 3612 1017 
1900 3307 799 800 3289 3631 943 944 3613 
1901 3308 3307 3289 3290 3632 3631 3613 3614 
1902 3309 3308 3290 3291 3633 3632 3614 3615 
1903 3310 3309 3291 3292 3634 3633 3615 3616 
1904 3311 3310 3292 3293 3635 3634 3616 3617 
1905 3312 3311 3293 3294 3636 3635 3617 3618 
1906 3313 3312 3294 3295 3637 3636 3618 3619 
1907 3314 3313 3295 3296 3638 3637 3619 3620 
1908 3315 3314 3296 3297 3639 3638 3620 3621 
1909 3316 3315 3297 3298 3640 3639 3621 3622 
1910 3317 3316 3298 3299 3641 3640 3622 3623 
1911 3318 3317 3299 3300 3642 3641 3623 3624 
1912 3319 3318 3300 3301 3643 3642 3624 3625 
1913 3320 3319 3301 3302 3644 3643 3625 3626 
1914 3321 3320 3302 3303 3645 3644 3626 3627 
1915 3322 3321 3303 3304 3646 3645 3627 3628 
1916 3323 3322 3304 3305 3647 3646 3628 3629 
1917 3324 3323 3305 3306 3648 3647 3629 3630 
1918 871 3324 3306 872 1015 3648 3630 1016 
1919 3325 798 799 3307 3649 942 943 3631 
1920 3326 3325 3307 3308 3650 3649 3631 3632 
1921 3327 3326 3308 3309 3651 3650 3632 3633 
1922 3328 3327 3309 3310 3652 3651 3633 3634 
1923 3329 3328 3310 3311 3653 3652 3634 3635 
1924 3330 3329 3311 3312 3654 3653 3635 3636 
1925 3331 3330 3312 3313 3655 3654 3636 3637 
1926 3332 3331 3313 3314 3656 3655 3637 3638 
1927 3333 3332 3314 3315 3657 3656 3638 3639 
1928 3334 3333 3315 3316 3658 3657 3639 3640 
1929 3335 3334 3316 3317 3659 3658 3640 3641 
1930 3336 3335 3317 3318 3660 3659 3641 3642 
1931 3337 3336 3318 3319 3661 3660 3642 3643 
1932 3338 3337 3319 3320 3662 3661 3643 3644 
1933 3339 3338 3320 3321 3663 3662 3644 3645 
1934 3340 3339 3321 3322 3664 3663 3645 3646 
1935 3341 3340 3322 3323 3665 3664 3646 3647 
1936 3342 3341 3323 3324 3666 3665 3647 3648 
1937 870 3342 3324 871 1014 3666 3648 1015 
1938 3343 797 798 3325 3667 941 942 3649 
1939 3344 3343 3325 3326 3668 3667 3649 3650 
1940 3345 3344 3326 3327 3669 3668 3650 3651 
1941 3346 3345 3327 3328 3670 3669 3651 3652 
1942 3347 3346 3328 3329 3671 3670 3652 3653 
1943 3348 3347 3329 3330 3672 3671 3653 3654 
1944 3349 3348 3330 3331 3673 3672 3654 3655 
1945 3350 3349 3331 3332 3674 3673 3655 3656 
1946 3351 3350 3332 3333 3675 3674 3656 3657 
1947 3352 3351 3333 3334 3676 3675 3657 3658 
1948 3353 3352 3334 3335 3677 3676 3658 3659 
1949 3354 3353 3335 3336 3678 3677 3659 3660 
1950 3355 3354 3336 3337 3679 3678 3660 3661 
1951 3356 3355 3337 3338 3680 3679 3661 3662 
1952 3357 3356 3338 3339 3681 3680 3662 3663 
1953 3358 3357 3339 3340 3682 3681 3663 3664 
1954 3359 3358 3340 3341 3683 3682 3664 3665 
1955 3360 3359 3341 3342 3684 3683 3665 3666 
1956 869 3360 3342 870 1013 3684 3666 1014 
1957 3361 796 797 3343 3685 940 941 3667 
1958 3362 3361 3343 3344 3686 3685 3667 3668 
1959 3363 3362 3344 3345 3687 3686 3668 3669 
1960 3364 3363 3345 3346 3688 3687 3669 3670 
1961 3365 3364 3346 3347 3689 3688 3670 3671 
1962 3366 3365 3347 3348 3690 3689 3671 3672 
1963 3367 3366 3348 3349 3691 3690 3672 3673 
1964 3368 3367 3349 3350 3692 3691 3673 3674 
1965 3369 3368 3350 3351 3693 3692 3674 3675 
1966 3370 3369 3351 3352 3694 3693 3675 3676 
1967 3371 3370 3352 3353 3695 3694 3676 3677 
1968 3372 3371 3353 3354 3696 3695 3677 3678 
1969 3373 3372 3354 3355 3697 3696 3678 3679 
1970 3374 3373 3355 3356 3698 3697 3679 3680 
1971 3375 3374 3356 3357 3699 3698 3680 3681 
1972 3376 3375 3357 3358 3700 3699 3681 3682 
1973 3377 3376 3358 3359 3701 3700 3682 3683 
1974 3378 3377 3359 3360 3702 3701 3683 3684 
1975 868 3378 3360 869 1012 3702 3684 1013 
1976 3379 795 796 3361 3703 939 940 3685 
1977 3380 3379 3361 3362 3704 3703 3685 3686 
1978 3381 3380 3362 3363 3705 3704 3686 3687 
1979 3382 3381 3363 3364 3706 3705 3687 3688 
1980 3383 3382 3364 3365 3707 3706 3688 3689 
1981 3384 3383 3365 3366 3708 3707 3689 3690 
1982 3385 3384 3366 3367 3709 3708 3690 3691 
1983 3386 3385 3367 3368 3710 3709 3691 3692 
1984 3387 3386 3368 3369 3711 3710 3692 3693 
1985 3388 3387 3369 3370 3712 3711 3693 3694 
1986 3389 3388 3370 3371 3713 3712 3694 3695 
1987 3390 3389 3371 3372 3714 3713 3695 3696 
1988 3391 3390 3372 3373 3715 3714 3696 3697 
1989 3392 3391 3373 3374 3716 3715 3697 3698 
1990 3393 3392 3374 3375 3717 3716 3698 3699 
1991 3394 3393 3375 3376 3718 3717 3699 3700 
1992 3395 3394 3376 3377 3719 3718 3700 3701 
1993 3396 3395 3377 3378 3720 3719 3701 3702 
1994 867 3396 3378 868 1011 3720 3702 1012 
1995 3397 794 795 3379 3721 938 939 3703 
1996 3398 3397 3379 3380 3722 3721 3703 3704 
1997 3399 3398 3380 3381 3723 3722 3704 3705 
1998 3400 3399 3381 3382 3724 3723 3705 3706 
1999 3401 3400 3382 3383 3725 3724 3706 3707 
2000 3402 3401 3383 3384 3726 3725 3707 3708 
2001 3403 3402 3384 3385 3727 3726 3708 3709 
2002 3404 3403 3385 3386 3728 3727 3709 3710 
2003 3405 3404 3386 3387 3729 3728 3710 3711 
2004 3406 3405 3387 3388 3730 3729 3711 3712 
2005 3407 3406 3388 3389 3731 3730 3712 3713 
2006 3408 3407 3389 3390 3732 3731 3713 3714 
2007 3409 3408 3390 3391 3733 3732 3714 3715 
2008 3410 3409 3391 3392 3734 3733 3715 3716 
2009 3411 3410 3392 3393 3735 3734 3716 3717 
2010 3412 3411 3393 3394 3736 3735 3717 3718 
2011 3413 3412 3394 3395 3737 3736 3718 3719 
2012 3414 3413 3395 3396 3738 3737 3719 3720 
2013 866 3414 3396 867 1010 3738 3720 1011 
2014 3415 793 794 3397 3739 937 938 3721 
2015 3416 3415 3397 3398 3740 3739 3721 3722 
2016 3417 3416 3398 3399 3741 3740 3722 3723 
2017 3418 3417 3399 3400 3742 3741 3723 3724 
2018 3419 3418 3400 3401 3743 3742 3724 3725 
2019 3420 3419 3401 3402 3744 3743 3725 3726 
2020 3421 3420 3402 3403 3745 3744 3726 3727 
2021 3422 3421 3403 3404 3746 3745 3727 3728 
2022 3423 3422 3404 3405 3747 3746 3728 3729 
2023 3424 3423 3405 3406 3748 3747 3729 3730 
2024 3425 3424 3406 3407 3749 3748 3730 3731 
2025 3426 3425 3407 3408 3750 3749 3731 3732 
2026 3427 3426 3408 3409 3751 3750 3732 3733 
2027 3428 3427 3409 3410 3752 3751 3733 3734 
2028 3429 3428 3410 3411 3753 3752 3734 3735 
2029 3430 3429 3411 3412 3754 3753 3735 3736 
2030 3431 3430 3412 3413 3755 3754 3736 3737 
2031 3432 3431 3413 3414 3756 3755 3737 3738 
2032 865 3432 3414 866 1009 3756 3738 1010 
2033 3433 792 793 3415 3757 936 937 3739 
2034 3434 3433 3415 3416 3758 3757 3739 3740 
2035 3435 3434 3416 3417 3759 3758 3740 3741 
2036 3436 3435 3417 3418 3760 3759 3741 3742 
2037 3437 3436 3418 3419 3761 3760 3742 3743 
2038 3438 3437 3419 3420 3762 3761 3743 3744 
2039 3439 3438 3420 3421 3763 3762 3744 3745 
2040 3440 3439 3421 3422 3764 3763 3745 3746 
2041 3441 3440 3422 3423 3765 3764 3746 3747 
2042 3442 3441 3423 3424 3766 3765 3747 3748 
2043 3443 3442 3424 3425 3767 3766 3748 3749 
2044 3444 3443 3425 3426 3768 3767 3749 3750 
2045 3445 3444 3426 3427 3769 3768 3750 3751 
2046 3446 3445 3427 3428 3770 3769 3751 3752 
2047 3447 3446 3428 3429 3771 3770 3752 3753 
2048 3448 3447 3429 3430 3772 3771 3753 3754 
2049 3449 3448 3430 3431 3773 3772 3754 3755 
2050 3450 3449 3431 3432 3774 3773 3755 3756 
2051 864 3450 3432 865 1008 3774 3756 1009 
2052 3451 791 792 3433 3775 935 936 3757 
2053 3452 3451 3433 3434 3776 3775 3757 3758 
2054 3453 3452 3434 3435 3777 3776 3758 3759 
2055 3454 3453 3435 3436 3778 3777 3759 3760 
2056 3455 3454 3436 3437 3779 3778 3760 3761 
2057 3456 3455 3437 3438 3780 3779 3761 3762 
2058 3457 3456 3438 3439 3781 3780 3762 3763 
2059 3458 3457 3439 3440 3782 3781 3763 3764 
2060 3459 3458 3440 3441 3783 3782 3764 3765 
2061 3460 3459 3441 3442 3784 3783 3765 3766 
2062 3461 3460 3442 3443 3785 3784 3766 3767 
2063 3462 3461 3443 3444 3786 3785 3767 3768 
2064 3463 3462 3444 3445 3787 3786 3768 3769 
2065 3464 3463 3445 3446 3788 3787 3769 3770 
2066 3465 3464 3446 3447 3789 3788 3770 3771 
2067 3466 3465 3447 3448 3790 3789 3771 3772 
2068 3467 3466 3448 3449 3791 3790 3772 3773 
2069 3468 3467 3449 3450 3792 3791 3773 3774 
2070 863 3468 3450 864 1007 3792 3774 1008 
2071 3469 790 791 3451 3793 934 935 3775 
2072 3470 3469 3451 3452 3794 3793 3775 3776 
2073 3471 3470 3452 3453 3795 3794 3776 3777 
2074 3472 3471 3453 3454 3796 3795 3777 3778 
2075 3473 3472 3454 3455 3797 3796 3778 3779 
2076 3474 3473 3455 3456 3798 3797 3779 3780 
2077 3475 3474 3456 3457 3799 3798 3780 3781 
2078 3476 3475 3457 3458 3800 3799 3781 3782 
2079 3477 3476 3458 3459 3801 3800 3782 3783 
2080 3478 3477 3459 3460 3802 3801 3783 3784 
2081 3479 3478 3460 3461 3803 3802 3784 3785 
2082 3480 3479 3461 3462 3804 3803 3785 3786 
2083 3481 3480 3462 3463 3805 3804 3786 3787 
2084 3482 3481 3463 3464 3806 3805 3787 3788 
2085 3483 3482 3464 3465 3807 3806 3788 3789 
2086 3484 3483 3465 3466 3808 3807 3789 3790 
2087 3485 3484 3466 3467 3809 3808 3790 3791 
2088 3486 3485 3467 3468 3810 3809 3791 3792 
2089 862 3486 3468 863 1006 3810 3792 1007 
2090 3487 789 790 3469 3811 933 934 3793 
2091 3488 3487 3469 3470 3812 3811 3793 3794 
2092 3489 3488 3470 3471 3813 3812 3794 3795 
2093 3490 3489 3471 3472 3814 3813 3795 3796 
2094 3491 3490 3472 3473 3815 3814 3796 3797 
2095 3492 3491 3473 3474 3816 3815 3797 3798 
2096 3493 3492 3474 3475 3817 3816 3798 3799 
2097 3494 3493 3475 3476 3818 3817 3799 3800 
2098 3495 3494 3476 3477 3819 3818 3800 3801 
2099 3496 3495 3477 3478 3820 3819 3801 3802 
2100 3497 3496 3478 3479 3821 3820 3802 3803 
2101 3498 3497 3479 3480 3822 3821 3803 3804 
2102 3499 3498 3480 3481 3823 3822 3804 3805 
2103 3500 3499 3481 3482 3824 3823 3805 3806 
2104 3501 3500 3482 3483 3825 3824 3806 3807 
2105 3502 3501 3483 3484 3826 3825 3807 3808 
2106 3503 3502 3484 3485 3827 3826 3808 3809 
2107 3504 3503 3485 3486 3828 3827 3809 3810 
2108 861 3504 3486 862 1005 3828 3810 1006 
2109 3505 788 789 3487 3829 932 933 3811 
2110 3506 3505 3487 3488 3830 3829 3811 3812 
2111 3507 3506 3488 3489 3831 3830 3812 3813 
2112 3508 3507 3489 3490 3832 3831 3813 3814 
2113 3509 3508 3490 3491 3833 3832 3814 3815 
2114 3510 3509 3491 3492 3834 3833 3815 3816 
2115 3511 3510 3492 3493 3835 3834 3816 3817 
2116 3512 3511 3493 3494 3836 3835 3817 3818 
2117 3513 3512 3494 3495 3837 3836 3818 3819 
2118 3514 3513 3495 3496 3838 3837 3819 3820 
2119 3515 3514 3496 3497 3839 3838 3820 3821 
2120 3516 3515 3497 3498 3840 3839 3821 3822 
2121 3517 3516 3498 3499 3841 3840 3822 3823 
2122 3518 3517 3499 3500 3842 3841 3823 3824 
2123 3519 3518 3500 3501 3843 3842 3824 3825 
2124 3520 3519 3501 3502 3844 3843 3825 3826 
2125 3521 3520 3502 3503 3845 3844 3826 3827 
2126 3522 3521 3503 3504 3846 3845 3827 3828 
2127 860 3522 3504 861 1004 3846 3828 1005 
2128 3523 787 788 3505 3847 931 932 3829 
2129 3524 3523 3505 3506 3848 3847 3829 3830 
2130 3525 3524 3506 3507 3849 3848 3830 3831 
2131 3526 3525 3507 3508 3850 3849 3831 3832 
2132 3527 3526 3508 3509 3851 3850 3832 3833 
2133 3528 3527 3509 3510 3852 3851 3833 3834 
2134 3529 3528 3510 3511 3853 3852 3834 3835 
2135 3530 3529 3511 3512 3854 3853 3835 3836 
2136 3531 3530 3512 3513 3855 3854 3836 3837 
2137 3532 3531 3513 3514 3856 3855 3837 3838 
2138 3533 3532 3514 3515 3857 3856 3838 3839 
2139 3534 3533 3515 3516 3858 3857 3839 3840 
2140 3535 3534 3516 3517 3859 3858 3840 3841 
2141 3536 3535 3517 3518 3860 3859 3841 3842 
2142 3537 3536 3518 3519 3861 3860 3842 3843 
2143 3538 3537 3519 3520 3862 3861 3843 3844 
2144 3539 3538 3520 3521 3863 3862 3844 3845 
2145 3540 3539 3521 3522 3864 3863 3845 3846 
2146 859 3540 3522 860 1003 3864 3846 1004 
2147 841 70 787 3523 985 86 931 3847 
2148 842 841 3523 3524 986 985 3847 3848 
2149 843 842 3524 3525 987 986 3848 3849 
2150 844 843 3525 3526 988 987 3849 3850 
2151 845 844 3526 3527 989 988 3850 3851 
2152 846 845 3527 3528 990 989 3851 3852 
2153 847 846 3528 3529 991 990 3852 3853 
2154 848 847 3529 3530 992 991 3853 3854 
2155 849 848 3530 3531 993 992 3854 3855 
2156 850 849 3531 3532 994 993 3855 3856 
2157 851 850 3532 3533 995 994 3856 3857 
2158 852 851 3533 3534 996 995 3857 3858 
2159 853 852 3534 3535 997 996 3858 3859 
2160 854 853 3535 3536 998 997 3859 3860 
2161 855 854 3536 3537 999 998 3860 3861 
2162 856 855 3537 3538 1000 999 3861 3862 
2163 857 856 3538 3539 1001 1000 3862 3863 
2164 858 857 3539 3540 1002 1001 3863 3864 
2165 75 858 3540 859 91 1002 3864 1003 
3 42 5 19
2166 877 72 70 841 1021 88 86 985 
2167 878 877 841 842 1022 1021 985 986 
2168 879 878 842 843 1023 1022 986 987 
2169 880 879 843 844 1024 1023 987 988 
2170 881 880 844 845 1025 1024 988 989 
2171 882 881 845 846 1026 1025 989 990 
2172 883 882 846 847 1027 1026 990 991 
2173 884 883 847 848 1028 1027 991 992 
2174 885 884 848 849 1029 1028 992 993 
2175 886 885 849 850 1030 1029 993 994 
2176 887 886 850 851 1031 1030 994 995 
2177 888 887 851 852 1032 1031 995 996 
2178 889 888 852 853 1033 1032 996 997 
2179 890 889 853 854 1034 1033 997 998 
2180 891 890 854 855 1035 1034 998 999 
2181 892 891 855 856 1036 1035 999 1000 
2182 893 892 856 857 1037 1036 1000 1001 
2183 894 893 857 858 1038 1037 1001 1002 
2184 76 894 858 75 92 1038 1002 91 
3 43 5 1
2185 77 73 74 78 93 89 90 94 
3 44 5 19
2186 912 876 73 77 1056 1020 89 93 
2187 911 875 876 912 1055 1019 1020 1056 
2188 910 874 875 911 1054 1018 1019 1055 
2189 909 873 874 910 1053 1017 1018 1054 
2190 908 872 873 909 1052 1016 1017 1053 
2191 907 871 872 908 1051 1015 1016 1052 
2192 906 870 871 907 1050 1014 1015 1051 
2193 905 869 870 906 1049 1013 1014 1050 
2194 904 868 869 905 1048 1012 1013 1049 
2195 903 867 868 904 1047 1011 1012 1048 
2196 902 866 867 903 1046 1010 1011 1047 
2197 901 865 866 902 1045 1009 1010 1046 
2198 900 864 865 901 1044 1008 1009 1045 
2199 899 863 864 900 1043 1007 1008 1044 
2200 898 862 863 899 1042 1006 1007 1043 
2201 897 861 862 898 1041 1005 1006 1042 
2202 896 860 861 897 1040 1004 1005 1041 
2203 895 859 860 896 1039 1003 1004 1040 
2204 79 75 859 895 95 91 1003 1039 
3 45 5 1
2205 80 76 75 79 96 92 91 95 
3 46 5 1
2206 83 82 81 84 99 98 97 100 
3 47 5 19
2207 948 913 82 83 1092 1057 98 99 
2208 947 914 913 948 1091 1058 1057 1092 
2209 946 915 914 947 1090 1059 1058 1091 
2210 945 916 915 946 1089 1060 1059 1090 
2211 944 917 916 945 1088 1061 1060 1089 
2212 943 918 917 944 1087 1062 1061 1088 
2213 942 919 918 943 1086 1063 1062 1087 
2214 941 920 919 942 1085 1064 1063 1086 
2215 940 921 920 941 1084 1065 1064 1085 
2216 939 922 921 940 1083 1066 1065 1084 
2217 938 923 922 939 1082 1067 1066 1083 
2218 937 924 923 938 1081 1068 1067 1082 
2219 936 925 924 937 1080 1069 1068 1081 
2220 935 926 925 936 1079 1070 1069 1080 
2221 934 927 926 935 1078 1071 1070 1079 
2222 933 928 927 934 1077 1072 1071 1078 
2223 932 929 928 933 1076 1073 1072 1077 
2224 931 930 929 932 1075 1074 1073 1076 
2225 86 85 930 931 102 101 1074 1075 
3 48 5 1
2226 88 87 85 86 104 103 101 102 
3 49 5 19
2227 949 83 84 984 1093 99 100 1128 
2228 950 949 984 983 1094 1093 1128 1127 
2229 951 950 983 982 1095 1094 1127 1126 
2230 952 951 982 981 1096 1095 1126 1125 
2231 953 952 981 980 1097 1096 1125 1124 
2232 954 953 980 979 1098 1097 1124 1123 
2233 955 954 979 978 1099 1098 1123 1122 
2234 956 955 978 977 1100 1099 1122 1121 
2235 957 956 977 976 1101 1100 1121 1120 
2236 958 957 976 975 1102 1101 1120 1119 
2237 959 958 975 974 1103 1102 1119 1118 
2238 960 959 974 973 1104 1103 1118 1117 
2239 961 960 973 972 1105 1104 1117 1116 
2240 962 961 972 971 1106 1105 1116 1115 
2241 963 962 971 970 1107 1106 1115 1114 
2242 964 963 970 969 1108 1107 1114 1113 
2243 965 964 969 968 1109 1108 1113 1112 
2244 966 965 968 967 1110 1109 1112 1111 
2245 89 966 967 90 105 1110 1111 106 
3 50 5 361
2246 3541 948 83 949 3865 1092 99 1093 
2247 3542 3541 949 950 3866 3865 1093 1094 
2248 3543 3542 950 951 3867 3866 1094 1095 
2249 3544 3543 951 952 3868 3867 1095 1096 
2250 3545 3544 952 953 3869 3868 1096 1097 
2251 3546 3545 953 954 3870 3869 1097 1098 
2252 3547 3546 954 955 3871 3870 1098 1099 
2253 3548 3547 955 956 3872 3871 1099 1100 
2254 3549 3548 956 957 3873 3872 1100 1101 
2255 3550 3549 957 958 3874 3873 1101 1102 
2256 3551 3550 958 959 3875 3874 1102 1103 
2257 3552 3551 959 960 3876 3875 1103 1104 
2258 3553 3552 960 961 3877 3876 1104 1105 
2259 3554 3553 961 962 3878 3877 1105 1106 
2260 3555 3554 962 963 3879 3878 1106 1107 
2261 3556 3555 963 964 3880 3879 1107 1108 
2262 3557 3556 964 965 3881 3880 1108 1109 
2263 3558 3557 965 966 3882 3881 1109 1110 
2264 1020 3558 966 89 1164 3882 1110 105 
2265 3559 947 948 3541 3883 1091 1092 3865 
2266 3560 3559 3541 3542 3884 3883 3865 3866 
2267 3561 3560 3542 3543 3885 3884 3866 3867 
2268 3562 3561 3543 3544 3886 3885 3867 3868 
2269 3563 3562 3544 3545 3887 3886 3868 3869 
2270 3564 3563 3545 3546 3888 3887 3869 3870 
2271 3565 3564 3546 3547 3889 3888 3870 3871 
2272 3566 3565 3547 3548 3890 3889 3871 3872 
2273 3567 3566 3548 3549 3891 3890 3872 3873 
2274 3568 3567 3549 3550 3892 3891 3873 3874 
2275 3569 3568 3550 3551 3893 3892 3874 3875 
2276 3570 3569 3551 3552 3894 3893 3875 3876 
2277 3571 3570 3552 3553 3895 3894 3876 3877 
2278 3572 3571 3553 3554 3896 3895 3877 3878 
2279 3573 3572 3554 3555 3897 3896 3878 3879 
2280 3574 3573 3555 3556 3898 3897 3879 3880 
2281 3575 3574 3556 3557 3899 3898 3880 3881 
2282 3576 3575 3557 3558 3900 3899 3881 3882 
2283 1019 3576 3558 1020 1163 3900 3882 1164 
2284 3577 946 947 3559 3901 1090 1091 3883 
2285 3578 3577 3559 3560 3902 3901 3883 3884 
2286 3579 3578 3560 3561 3903 3902 3884 3885 
2287 3580 3579 3561 3562 3904 3903 3885 3886 
2288 3581 3580 3562 3563 3905 3904 3886 3887 
2289 3582 3581 3563 3564 3906 3905 3887 3888 
2290 3583 3582 3564 3565 3907 3906 3888 3889 
2291 3584 3583 3565 3566 3908 3907 3889 3890 
2292 3585 3584 3566 3567 3909 3908 3890 3891 
2293 3586 3585 3567 3568 3910 3909 3891 3892 
2294 3587 3586 3568 3569 3911 3910 3892 3893 
2295 3588 3587 3569 3570 3912 3911 3893 3894 
2296 3589 3588 3570 3571 3913 3912 3894 3895 
2297 3590 3589 3571 3572 3914 3913 3895 3896 
2298 3591 3590 3572 3573 3915 3914 3896 3897 
2299 3592 3591 3573 3574 3916 3915 3897 3898 
2300 3593 3592 3574 3575 3917 3916 3898 3899 
2301 3594 3593 3575 3576 3918 3917 3899 3900 
2302 1018 3594 3576 1019 1162 3918 3900 1163 
2303 3595 945 946 3577 3919 1089 1090 3901 
2304 3596 3595 3577 3578 3920 3919 3901 3902 
2305 3597 3596 3578 3579 3921 3920 3902 3903 
2306 3598 3597 3579 3580 3922 3921 3903 3904 
2307 3599 3598 3580 3581 3923 3922 3904 3905 
2308 3600 3599 3581 3582 3924 3923 3905 3906 
2309 3601 3600 3582 3583 3925 3924 3906 3907 
2310 3602 3601 3583 3584 3926 3925 3907 3908 
2311 3603 3602 3584 3585 3927 3926 3908 3909 
2312 3604 3603 3585 3586 3928 3927 3909 3910 
2313 3605 3604 3586 3587 3929 3928 3910 3911 
2314 3606 3605 3587 3588 3930 3929 3911 3912 
2315 3607 3606 3588 3589 3931 3930 3912 3913 
2316 3608 3607 3589 3590 3932 3931 3913 3914 
2317 3609 3608 3590 3591 3933 3932 3914 3915 
2318 3610 3609 3591 3592 3934 3933 3915 3916 
2319 3611 3610 3592 3593 3935 3934 3916 3917 
2320 3612 3611 3593 3594 3936 3935 3917 3918 
2321 1017 3612 3594 1018 1161 3936 3918 1162 
2322 3613 944 945 3595 3937 1088 1089 3919 
2323 3614 3613 3595 3596 3938 3937 3919 3920 
2324 3615 3614 3596 3597 3939 3938 3920 3921 
2325 3616 3615 3597 3598 3940 3939 3921 3922 
2326 3617 3616 3598 3599 3941 3940 3922 3923 
2327 3618 3617 3599 3600 3942 3941 3923 3924 
2328 3619 3618 3600 3601 3943 3942 3924 3925 
2329 3620 3619 3601 3602 3944 3943 3925 3926 
2330 3621 3620 3602 3603 3945 3944 3926 3927 
2331 3622 3621 3603 3604 3946 3945 3927 3928 
2332 3623 3622 3604 3605 3947 3946 3928 3929 
2333 3624 3623 3605 3606 3948 3947 3929 3930 
2334 3625 3624 3606 3607 3949 3948 3930 3931 
2335 3626 3625 3607 3608 3950 3949 3931 3932 
2336 3627 3626 3608 3609 3951 3950 3932 3933 
2337 3628 3627 3609 3610 3952 3951 3933 3934 
2338 3629 3628 3610 3611 3953 3952 3934 3935 
2339 3630 3629 3611 3612 3954 3953 3935 3936 
2340 1016 3630 3612 1017 1160 3954 3936 1161 
2341 3631 943 944 3613 3955 1087 1088 3937 
2342 3632 3631 3613 3614 3956 3955 3937 3938 
2343 3633 3632 3614 3615 3957 3956 3938 3939 
2344 3634 3633 3615 3616 3958 3957 3939 3940 
2345 3635 3634 3616 3617 3959 3958 3940 3941 
2346 3636 3635 3617 3618 3960 3959 3941 3942 
2347 3637 3636 3618 3619 3961 3960 3942 3943 
2348 3638 3637 3619 3620 3962 3961 3943 3944 
2349 3639 3638 3620 3621 3963 3962 3944 3945 
2350 3640 3639 3621 3622 3964 3963 3945 3946 
2351 3641 3640 3622 3623 3965 3964 3946 3947 
2352 3642 3641 3623 3624 3966 3965 3947 3948 
2353 3643 3642 3624 3625 3967 3966 3948 3949 
2354 3644 3643 3625 3626 3968 3967 3949 3950 
2355 3645 3644 3626 3627 3969 3968 3950 3951 
2356 3646 3645 3627 3628 3970 3969 3951 3952 
2357 3647 3646 3628 3629 3971 3970 3952 3953 
2358 3648 3647 3629 3630 3972 3971 3953 3954 
2359 1015 3648 3630 1016 1159 3972 3954 1160 
2360 3649 942 943 3631 3973 1086 1087 3955 
2361 3650 3649 3631 3632 3974 3973 3955 3956 
2362 3651 3650 3632 3633 3975 3974 3956 3957 
2363 3652 3651 3633 3634 3976 3975 3957 3958 
2364 3653 3652 3634 3635 3977 3976 3958 3959 
2365 3654 3653 3635 3636 3978 3977 3959 3960 
2366 3655 3654 3636 3637 3979 3978 3960 3961 
2367 3656 3655 3637 3638 3980 3979 3961 3962 
2368 3657 3656 3638 3639 3981 3980 3962 3963 
2369 3658 3657 3639 3640 3982 3981 3963 3964 
2370 3659 3658 3640 3641 3983 3982 3964 3965 
2371 3660 3659 3641 3642 3984 3983 3965 3966 
2372 3661 3660 3642 3643 3985 3984 3966 3967 
2373 3662 3661 3643 3644 3986 3985 3967 3968 
2374 3663 3662 3644 3645 3987 3986 3968 3969 
2375 3664 3663 3645 3646 3988 3987 3969 3970 
2376 3665 3664 3646 3647 3989 3988 3970 3971 
2377 3666 3665 3647 3648 3990 3989 3971 3972 
2378 1014 3666 3648 1015 1158 3990 3972 1159 
2379 3667 941 942 3649 3991 1085 1086 3973 
2380 3668 3667 3649 3650 3992 3991 3973 3974 
2381 3669 3668 3650 3651 3993 3992 3974 3975 
2382 3670 3669 3651 3652 3994 3993 3975 3976 
2383 3671 3670 3652 3653 3995 3994 3976 3977 
2384 3672 3671 3653 3654 3996 3995 3977 3978 
2385 3673 3672 3654 3655 3997 3996 3978 3979 
2386 3674 3673 3655 3656 3998 3997 3979 3980 
2387 3675 3674 3656 3657 3999 3998 3980 3981 
2388 3676 3675 3657 3658 4000 3999 3981 3982 
2389 3677 3676 3658 3659 4001 4000 3982 3983 
2390 3678 3677 3659 3660 4002 4001 3983 3984 
2391 3679 3678 3660 3661 4003 4002 3984 3985 
2392 3680 3679 3661 3662 4004 4003 3985 3986 
2393 3681 3680 3662 3663 4005 4004 3986 3987 
2394 3682 3681 3663 3664 4006 4005 3987 3988 
2395 3683 3682 3664 3665 4007 4006 3988 3989 
2396 3684 3683 3665 3666 4008 4007 3989 3990 
2397 1013 3684 3666 1014 1157 4008 3990 1158 
2398 3685 940 941 3667 4009 1084 1085 3991 
2399 3686 3685 3667 3668 4010 4009 3991 3992 
2400 3687 3686 3668 3669 4011 4010 3992 3993 
2401 3688 3687 3669 3670 4012 4011 3993 3994 
2402 3689 3688 3670 3671 4013 4012 3994 3995 
2403 3690 3689 3671 3672 4014 4013 3995 3996 
2404 3691 3690 3672 3673 4015 4014 3996 3997 
2405 3692 3691 3673 3674 4016 4015 3997 3998 
2406 3693 3692 3674 3675 4017 4016 3998 3999 
2407 3694 3693 3675 3676 4018 4017 3999 4000 
2408 3695 3694 3676 3677 4019 4018 4000 4001 
2409 3696 3695 3677 3678 4020 4019 4001 4002 
2410 3697 3696 3678 3679 4021 4020 4002 4003 
2411 3698 3697 3679 3680 4022 4021 4003 4004 
2412 3699 3698 3680 3681 4023 4022 4004 4005 
2413 3700 3699 3681 3682 4024 4023 4005 4006 
2414 3701 3700 3682 3683 4025 4024 4006 4007 
2415 3702 3701 3683 3684 4026 4025 4007 4008 
2416 1012 3702 3684 1013 1156 4026 4008 1157 
2417 3703 939 940 3685 4027 1083 1084 4009 
2418 3704 3703 3685 3686 4028 4027 4009 4010 
2419 3705 3704 3686 3687 4029 4028 4010 4011 
2420 3706 3705 3687 3688 4030 4029 4011 4012 
2421 3707 3706 3688 3689 4031 4030 4012 4013 
2422 3708 3707 3689 3690 4032 4031 4013 4014 
2423 3709 3708 3690 3691 4033 4032 4014 4015 
2424 3710 3709 3691 3692 4034 4033 4015 4016 
2425 3711 3710 3692 3693 4035 4034 4016 4017 
2426 3712 3711 3693 3694 4036 4035 4017 4018 
2427 3713 3712 3694 3695 4037 4036 4018 4019 
2428 3714 3713 3695 3696 4038 4037 4019 4020 
2429 3715 3714 3696 3697 4039 4038 4020 4021 
2430 3716 3715 3697 3698 4040 4039 4021 4022 
2431 3717 3716 3698 3699 4041 4040 4022 4023 
2432 3718 3717 3699 3700 4042 4041 4023 4024 
2433 3719 3718 3700 3701 4043 4042 4024 4025 
2434 3720 3719 3701 3702 4044 4043 4025 4026 
2435 1011 3720 3702 1012 1155 4044 4026 1156 
2436 3721 938 939 3703 4045 1082 1083 4027 
2437 3722 3721 3703 3704 4046 4045 4027 4028 
2438 3723 3722 3704 3705 4047 4046 4028 4029 
2439 3724 3723 3705 3706 4048 4047 4029 4030 
2440 3725 3724 3706 3707 4049 4048 4030 4031 
2441 3726 3725 3707 3708 4050 4049 4031 4032 
2442 3727 3726 3708 3709 4051 4050 4032 4033 
2443 3728 3727 3709 3710 4052 4051 4033 4034 
2444 3729 3728 3710 3711 4053 4052 4034 4035 
2445 3730 3729 3711 3712 4054 4053 4035 4036 
2446 3731 3730 3712 3713 4055 4054 4036 4037 
2447 3732 3731 3713 3714 4056 4055 4037 4038 
2448 3733 3732 3714 3715 4057 4056 4038 4039 
2449 3734 3733 3715 3716 4058 4057 4039 4040 
2450 3735 3734 3716 3717 4059 4058 4040 4041 
2451 3736 3735 3717 3718 4060 4059 4041 4042 
2452 3737 3736 3718 3719 4061 4060 4042 4043 
2453 3738 3737 3719 3720 4062 4061 4043 4044 
2454 1010 3738 3720 1011 1154 4062 4044 1155 
2455 3739 937 938 3721 4063 1081 1082 4045 
2456 3740 3739 3721 3722 4064 4063 4045 4046 
2457 3741 3740 3722 3723 4065 4064 4046 4047 
2458 3742 3741 3723 3724 4066 4065 4047 4048 
2459 3743 3742 3724 3725 4067 4066 4048 4049 
2460 3744 3743 3725 3726 4068 4067 4049 4050 
2461 3745 3744 3726 3727 4069 4068 4050 4051 
2462 3746 3745 3727 3728 4070 4069 4051 4052 
2463 3747 3746 3728 3729 4071 4070 4052 4053 
2464 3748 3747 3729 3730 4072 4071 4053 4054 
2465 3749 3748 3730 3731 4073 4072 4054 4055 
2466 3750 3749 3731 3732 4074 4073 4055 4056 
2467 3751 3750 3732 3733 4075 4074 4056 4057 
2468 3752 3751 3733 3734 4076 4075 4057 4058 
2469 3753 3752 3734 3735 4077 4076 4058 4059 
2470 3754 3753 3735 3736 4078 4077 4059 4060 
2471 3755 3754 3736 3737 4079 4078 4060 4061 
2472 3756 3755 3737 3738 4080 4079 4061 4062 
2473 1009 3756 3738 1010 1153 4080 4062 1154 
2474 3757 936 937 3739 4081 1080 1081 4063 
2475 3758 3757 3739 3740 4082 4081 4063 4064 
2476 3759 3758 3740 3741 4083 4082 4064 4065 
2477 3760 3759 3741 3742 4084 4083 4065 4066 
2478 3761 3760 3742 3743 4085 4084 4066 4067 
2479 3762 3761 3743 3744 4086 4085 4067 4068 
2480 3763 3762 3744 3745 4087 4086 4068 4069 
2481 3764 3763 3745 3746 4088 4087 4069 4070 
2482 3765 3764 3746 3747 4089 4088 4070 4071 
2483 3766 3765 3747 3748 4090 4089 4071 4072 
2484 3767 3766 3748 3749 4091 4090 4072 4073 
2485 3768 3767 3749 3750 4092 4091 4073 4074 
2486 3769 3768 3750 3751 4093 4092 4074 4075 
2487 3770 3769 3751 3752 4094 4093 4075 4076 
2488 3771 3770 3752 3753 4095 4094 4076 4077 
2489 3772 3771 3753 3754 4096 4095 4077 4078 
2490 3773 3772 3754 3755 4097 4096 4078 4079 
2491 3774 3773 3755 3756 4098 4097 4079 4080 
2492 1008 3774 3756 1009 1152 4098 4080 1153 
2493 3775 935 936 3757 4099 1079 1080 4081 
2494 3776 3775 3757 3758 4100 4099 4081 4082 
2495 3777 3776 3758 3759 4101 4100 4082 4083 
2496 3778 3777 3759 3760 4102 4101 4083 4084 
2497 3779 3778 3760 3761 4103 4102 4084 4085 
2498 3780 3779 3761 3762 4104 4103 4085 4086 
2499 3781 3780 3762 3763 4105 4104 4086 4087 
2500 3782 3781 3763 3764 4106 4105 4087 4088 
2501 3783 3782 3764 3765 4107 4106 4088 4089 
2502 3784 3783 3765 3766 4108 4107 4089 4090 
2503 3785 3784 3766 3767 4109 4108 4090 4091 
2504 3786 3785 3767 3768 4110 4109 4091 4092 
2505 3787 3786 3768 3769 4111 4110 4092 4093 
2506 3788 3787 3769 3770 4112 4111 4093 4094 
2507 3789 3788 3770 3771 4113 4112 4094 4095 
2508 3790 3789 3771 3772 4114 4113 4095 4096 
2509 3791 3790 3772 3773 4115 4114 4096 4097 
2510 3792 3791 3773 3774 4116 4115 4097 4098 
2511 1007 3792 3774 1008 1151 4116 4098 1152 
2512 3793 934 935 3775 4117 1078 1079 4099 
2513 3794 3793 3775 3776 4118 4117 4099 4100 
2514 3795 3794 3776 3777 4119 4118 4100 4101 
2515 3796 3795 3777 3778 4120 4119 4101 4102 
2516 3797 3796 3778 3779 4121 4120 4102 4103 
2517 3798 3797 3779 3780 4122 4121 4103 4104 
2518 3799 3798 3780 3781 4123 4122 4104 4105 
2519 3800 3799 3781 3782 4124 4123 4105 4106 
2520 3801 3800 3782 3783 4125 4124 4106 4107 
2521 3802 3801 3783 3784 4126 4125 4107 4108 
2522 3803 3802 3784 3785 4127 4126 4108 4109 
2523 3804 3803 3785 3786 4128 4127 4109 4110 
2524 3805 3804 3786 3787 4129 4128 4110 4111 
2525 3806 3805 3787 3788 4130 4129 4111 4112 
2526 3807 3806 3788 3789 4131 4130 4112 4113 
2527 3808 3807 3789 3790 4132 4131 4113 4114 
2528 3809 3808 3790 3791 4133 4132 4114 4115 
2529 3810 3809 3791 3792 4134 4133 4115 4116 
2530 1006 3810 3792 1007 1150 4134 4116 1151 
2531 3811 933 934 3793 4135 1077 1078 4117 
2532 3812 3811 3793 3794 4136 4135 4117 4118 
2533 3813 3812 3794 3795 4137 4136 4118 4119 
2534 3814 3813 3795 3796 4138 4137 4119 4120 
2535 3815 3814 3796 3797 4139 4138 4120 4121 
2536 3816 3815 3797 3798 4140 4139 4121 4122 
2537 3817 3816 3798 3799 4141 4140 4122 4123 
2538 3818 3817 3799 3800 4142 4141 4123 4124 
2539 3819 3818 3800 3801 4143 4142 4124 4125 
2540 3820 3819 3801 3802 4144 4143 4125 4126 
2541 3821 3820 3802 3803 4145 4144 4126 4127 
2542 3822 3821 3803 3804 4146 4145 4127 4128 
2543 3823 3822 3804 3805 4147 4146 4128 4129 
2544 3824 3823 3805 3806 4148 4147 4129 4130 
2545 3825 3824 3806 3807 4149 4148 4130 4131 
2546 3826 3825 3807 3808 4150 4149 4131 4132 
2547 3827 3826 3808 3809 4151 4150 4132 4133 
2548 3828 3827 3809 3810 4152 4151 4133 4134 
2549 1005 3828 3810 1006 1149 4152 4134 1150 
2550 3829 932 933 3811 4153 1076 1077 4135 
2551 3830 3829 3811 3812 4154 4153 4135 4136 
2552 3831 3830 3812 3813 4155 4154 4136 4137 
2553 3832 3831 3813 3814 4156 4155 4137 4138 
2554 3833 3832 3814 3815 4157 4156 4138 4139 
2555 3834 3833 3815 3816 4158 4157 4139 4140 
2556 3835 3834 3816 3817 4159 4158 4140 4141 
2557 3836 3835 3817 3818 4160 4159 4141 4142 
2558 3837 3836 3818 3819 4161 4160 4142 4143 
2559 3838 3837 3819 3820 4162 4161 4143 4144 
2560 3839 3838 3820 3821 4163 4162 4144 4145 
2561 3840 3839 3821 3822 4164 4163 4145 4146 
2562 3841 3840 3822 3823 4165 4164 4146 4147 
2563 3842 3841 3823 3824 4166 4165 4147 4148 
2564 3843 3842 3824 3825 4167 4166 4148 4149 
2565 3844 3843 3825 3826 4168 4167 4149 4150 
2566 3845 3844 3826 3827 4169 4168 4150 4151 
2567 3846 3845 3827 3828 4170 4169 4151 4152 
2568 1004 3846 3828 1005 1148 4170 4152 1149 
2569 3847 931 932 3829 4171 1075 1076 4153 
2570 3848 3847 3829 3830 4172 4171 4153 4154 
2571 3849 3848 3830 3831 4173 4172 4154 4155 
2572 3850 3849 3831 3832 4174 4173 4155 4156 
2573 3851 3850 3832 3833 4175 4174 4156 4157 
2574 3852 3851 3833 3834 4176 4175 4157 4158 
2575 3853 3852 3834 3835 4177 4176 4158 4159 
2576 3854 3853 3835 3836 4178 4177 4159 4160 
2577 3855 3854 3836 3837 4179 4178 4160 4161 
2578 3856 3855 3837 3838 4180 4179 4161 4162 
2579 3857 3856 3838 3839 4181 4180 4162 4163 
2580 3858 3857 3839 3840 4182 4181 4163 4164 
2581 3859 3858 3840 3841 4183 4182 4164 4165 
2582 3860 3859 3841 3842 4184 4183 4165 4166 
2583 3861 3860 3842 3843 4185 4184 4166 4167 
2584 3862 3861 3843 3844 4186 4185 4167 4168 
2585 3863 3862 3844 3845 4187 4186 4168 4169 
2586 3864 3863 3845 3846 4188 4187 4169 4170 
2587 1003 3864 3846 1004 1147 4188 4170 1148 
2588 985 86 931 3847 1129 102 1075 4171 
2589 986 985 3847 3848 1130 1129 4171 4172 
2590 987 986 3848 3849 1131 1130 4172 4173 
2591 988 987 3849 3850 1132 1131 4173 4174 
2592 989 988 3850 3851 1133 1132 4174 4175 
2593 990 989 3851 3852 1134 1133 4175 4176 
2594 991 990 3852 3853 1135 1134 4176 4177 
2595 992 991 3853 3854 1136 1135 4177 4178 
2596 993 992 3854 3855 1137 1136 4178 4179 
2597 994 993 3855 3856 1138 1137 4179 4180 
2598 995 994 3856 3857 1139 1138 4180 4181 
2599 996 995 3857 3858 1140 1139 4181 4182 
2600 997 996 3858 3859 1141 1140 4182 4183 
2601 998 997 3859 3860 1142 1141 4183 4184 
2602 999 998 3860 3861 1143 1142 4184 4185 
2603 1000 999 3861 3862 1144 1143 4185 4186 
2604 1001 1000 3862 3863 1145 1144 4186 4187 
2605 1002 1001 3863 3864 1146 1145 4187 4188 
2606 91 1002 3864 1003 107 1146 4188 1147 
3 51 5 19
2607 1021 88 86 985 1165 104 102 1129 
2608 1022 1021 985 986 1166 1165 1129 1130 
2609 1023 1022 986 987 1167 1166 1130 1131 
2610 1024 1023 987 988 1168 1167 1131 1132 
2611 1025 1024 988 989 1169 1168 1132 1133 
2612 1026 1025 989 990 1170 1169 1133 1134 
2613 1027 1026 990 991 1171 1170 1134 1135 
2614 1028 1027 991 992 1172 1171 1135 1136 
2615 1029 1028 992 993 1173 1172 1136 1137 
2616 1030 1029 993 994 1174 1173 1137 1138 
2617 1031 1030 994 995 1175 1174 1138 1139 
2618 1032 1031 995 996 1176 1175 1139 1140 
2619 1033 1032 996 997 1177 1176 1140 1141 
2620 1034 1033 997 998 1178 1177 1141 1142 
2621 1035 1034 998 999 1179 1178 1142 1143 
2622 1036 1035 999 1000 1180 1179 1143 1144 
2623 1037 1036 1000 1001 1181 1180 1144 1145 
2624 1038 1037 1001 1002 1182 1181 1145 1146 
2625 92 1038 1002 91 108 1182 1146 107 
3 52 5 1
2626 93 89 90 94 109 105 106 110 
3 53 5 19
2627 1056 1020 89 93 1200 1164 105 109 
2628 1055 1019 1020 1056 1199 1163 1164 1200 
2629 1054 1018 1019 1055 1198 1162 1163 1199 
2630 1053 1017 1018 1054 1197 1161 1162 1198 
2631 1052 1016 1017 1053 1196 1160 1161 1197 
2632 1051 1015 1016 1052 1195 1159 1160 1196 
2633 1050 1014 1015 1051 1194 1158 1159 1195 
2634 1049 1013 1014 1050 1193 1157 1158 1194 
2635 1048 1012 1013 1049 1192 1156 1157 1193 
2636 1047 1011 1012 1048 1191 1155 1156 1192 
2637 1046 1010 1011 1047 1190 1154 1155 1191 
2638 1045 1009 1010 1046 1189 1153 1154 1190 
2639 1044 1008 1009 1045 1188 1152 1153 1189 
2640 1043 1007 1008 1044 1187 1151 1152 1188 
2641 1042 1006 1007 1043 1186 1150 1151 1187 
2642 1041 1005 1006 1042 1185 1149 1150 1186 
2643 1040 1004 1005 1041 1184 1148 1149 1185 
2644 1039 1003 1004 1040 1183 1147 1148 1184 
2645 95 91 1003 1039 111 107 1147 1183 
3 54 5 1
2646 96 92 91 95 112 108 107 111 
3 55 5 1
2647 99 98 97 100 115 114 113 116 
3 56 5 19
2648 1092 1057 98 99 1236 1201 114 115 
2649 1091 1058 1057 1092 1235 1202 1201 1236 
2650 1090 1059 1058 1091 1234 1203 1202 1235 
2651 1089 1060 1059 1090 1233 1204 1203 1234 
2652 1088 1061 1060 1089 1232 1205 1204 1233 
2653 1087 1062 1061 1088 1231 1206 1205 1232 
2654 1086 1063 1062 1087 1230 1207 1206 1231 
2655 1085 1064 1063 1086 1229 1208 1207 1230 
2656 1084 1065 1064 1085 1228 1209 1208 1229 
2657 1083 1066 1065 1084 1227 1210 1209 1228 
2658 1082 1067 1066 1083 1226 1211 1210 1227 
2659 1081 1068 1067 1082 1225 1212 1211 1226 
2660 1080 1069 1068 1081 1224 1213 1212 1225 
2661 1079 1070 1069 1080 1223 1214 1213 1224 
2662 1078 1071 1070 1079 1222 1215 1214 1223 
2663 1077 1072 1071 1078 1221 1216 1215 1222 
2664 1076 1073 1072 1077 1220 1217 1216 1221 
2665 1075 1074 1073 1076 1219 1218 1217 1220 
2666 102 101 1074 1075 118 117 1218 1219 
3 57 5 1
2667 104 103 101 102 120 119 117 118 
3 58 5 19
2668 1093 99 100 1128 1237 115 116 1272 
2669 1094 1093 1128 1127 1238 1237 1272 1271 
2670 1095 1094 1127 1126 1239 1238 1271 1270 
2671 1096 1095 1126 1125 1240 1239 1270 1269 
2672 1097 1096 1125 1124 1241 1240 1269 1268 
2673 1098 1097 1124 1123 1242 1241 1268 1267 
2674 1099 1098 1123 1122 1243 1242 1267 1266 
2675 1100 1099 1122 1121 1244 1243 1266 1265 
2676 1101 1100 1121 1120 1245 1244 1265 1264 
2677 1102 1101 1120 1119 1246 1245 1264 1263 
2678 1103 1102 1119 1118 1247 1246 1263 1262 
2679 1104 1103 1118 1117 1248 1247 1262 1261 
2680 1105 1104 1117 1116 1249 1248 1261 1260 
2681 1106 1105 1116 1115 1250 1249 1260 1259 
2682 1107 1106 1115 1114 1251 1250 1259 1258 
2683 1108 1107 1114 1113 1252 1251 1258 1257 
2684 1109 1108 1113 1112 1253 1252 1257 1256 
2685 1110 1109 1112 1111 1254 1253 1256 1255 
2686 105 1110 1111 106 121 1254 1255 122 
3 59 5 361
2687 3865 1092 99 1093 4189 1236 115 1237 
2688 3866 3865 1093 1094 4190 4189 1237 1238 
2689 3867 3866 1094 1095 4191 4190 1238 1239 
2690 3868 3867 1095 1096 4192 4191 1239 1240 
2691 3869 3868 1096 1097 4193 4192 1240 1241 
2692 3870 3869 1097 1098 4194 4193 1241 1242 
2693 3871 3870 1098 1099 4195 4194 1242 1243 
2694 3872 3871 1099 1100 4196 4195 1243 1244 
2695 3873 3872 1100 1101 4197 4196 1244 1245 
2696 3874 3873 1101 1102 4198 4197 1245 1246 
2697 3875 3874 1102 1103 4199 4198 1246 1247 
2698 3876 3875 1103 1104 4200 4199 1247 1248 
2699 3877 3876 1104 1105 4201 4200 1248 1249 
2700 3878 3877 1105 1106 4202 4201 1249 1250 
2701 3879 3878 1106 1107 4203 4202 1250 1251 
2702 3880 3879 1107 1108 4204 4203 1251 1252 
2703 3881 3880 1108 1109 4205 4204 1252 1253 
2704 3882 3881 1109 1110 4206 4205 1253 1254 
2705 1164 3882 1110 105 1308 4206 1254 121 
2706 3883 1091 1092 3865 4207 1235 1236 4189 
2707 3884 3883 3865 3866 4208 4207 4189 4190 
2708 3885 3884 3866 3867 4209 4208 4190 4191 
2709 3886 3885 3867 3868 4210 4209 4191 4192 
2710 3887 3886 3868 3869 4211 4210 4192 4193 
2711 3888 3887 3869 3870 4212 4211 4193 4194 
2712 3889 3888 3870 3871 4213 4212 4194 4195 
2713 3890 3889 3871 3872 4214 4213 4195 4196 
2714 3891 3890 3872 3873 4215 4214 4196 4197 
2715 3892 3891 3873 3874 4216 4215 4197 4198 
2716 3893 3892 3874 3875 4217 4216 4198 4199 
2717 3894 3893 3875 3876 4218 4217 4199 4200 
2718 3895 3894 3876 3877 4219 4218 4200 4201 
2719 3896 3895 3877 3878 4220 4219 4201 4202 
2720 3897 3896 3878 3879 4221 4220 4202 4203 
2721 3898 3897 3879 3880 4222 4221 4203 4204 
2722 3899 3898 3880 3881 4223 4222 4204 4205 
2723 3900 3899 3881 3882 4224 4223 4205 4206 
2724 1163 3900 3882 1164 1307 4224 4206 1308 
2725 3901 1090 1091 3883 4225 1234 1235 4207 
2726 3902 3901 3883 3884 4226 4225 4207 4208 
2727 3903 3902 3884 3885 4227 4226 4208 4209 
2728 3904 3903 3885 3886 4228 4227 4209 4210 
2729 3905 3904 3886 3887 4229 4228 4210 4211 
2730 3906 3905 3887 3888 4230 4229 4211 4212 
2731 3907 3906 3888 3889 4231 4230 4212 4213 
2732 3908 3907 3889 3890 4232 4231 4213 4214 
2733 3909 3908 3890 3891 4233 4232 4214 4215 
2734 3910 3909 3891 3892 4234 4233 4215 4216 
2735 3911 3910 3892 3893 4235 4234 4216 4217 
2736 3912 3911 3893 3894 4236 4235 4217 4218 
2737 3913 3912 3894 3895 4237 4236 4218 4219 
2738 3914 3913 3895 3896 4238 4237 4219 4220 
2739 3915 3914 3896 3897 4239 4238 4220 4221 
2740 3916 3915 3897 3898 4240 4239 4221 4222 
2741 3917 3916 3898 3899 4241 4240 4222 4223 
2742 3918 3917 3899 3900 4242 4241 4223 4224 
2743 1162 3918 3900 1163 1306 4242 4224 1307 
2744 3919 1089 1090 3901 4243 1233 1234 4225 
2745 3920 3919 3901 3902 4244 4243 4225 4226 
2746 3921 3920 3902 3903 4245 4244 4226 4227 
2747 3922 3921 3903 3904 4246 4245 4227 4228 
2748 3923 3922 3904 3905 4247 4246 4228 4229 
2749 3924 3923 3905 3906 4248 4247 4229 4230 
2750 3925 3924 3906 3907 4249 4248 4230 4231 
2751 3926 3925 3907 3908 4250 4249 4231 4232 
2752 3927 3926 3908 3909 4251 4250 4232 4233 
2753 3928 3927 3909 3910 4252 4251 4233 4234 
2754 3929 3928 3910 3911 4253 4252 4234 4235 
2755 3930 3929 3911 3912 4254 4253 4235 4236 
2756 3931 3930 3912 3913 4255 4254 4236 4237 
2757 3932 3931 3913 3914 4256 4255 4237 4238 
2758 3933 3932 3914 3915 4257 4256 4238 4239 
2759 3934 3933 3915 3916 4258 4257 4239 4240 
2760 3935 3934 3916 3917 4259 4258 4240 4241 
2761 3936 3935 3917 3918 4260 4259 4241 4242 
2762 1161 3936 3918 1162 1305 4260 4242 1306 
2763 3937 1088 1089 3919 4261 1232 1233 4243 
2764 3938 3937 3919 3920 4262 4261 4243 4244 
2765 3939 3938 3920 3921 4263 4262 4244 4245 
2766 3940 3939 3921 3922 4264 4263 4245 4246 
2767 3941 3940 3922 3923 4265 4264 4246 4247 
2768 3942 3941 3923 3924 4266 4265 4247 4248 
2769 3943 3942 3924 3925 4267 4266 4248 4249 
2770 3944 3943 3925 3926 4268 4267 4249 4250 
2771 3945 3944 3926 3927 4269 4268 4250 4251 
2772 3946 3945 3927 3928 4270 4269 4251 4252 
2773 3947 3946 3928 3929 4271 4270 4252 4253 
2774 3948 3947 3929 3930 4272 4271 4253 4254 
2775 3949 3948 3930 3931 4273 4272 4254 4255 
2776 3950 3949 3931 3932 4274 4273 4255 4256 
2777 3951 3950 3932 3933 4275 4274 4256 4257 
2778 3952 3951 3933 3934 4276 4275 4257 4258 
2779 3953 3952 3934 3935 4277 4276 4258 4259 
2780 3954 3953 3935 3936 4278 4277 4259 4260 
2781 1160 3954 3936 1161 1304 4278 4260 1305 
2782 3955 1087 1088 3937 4279 1231 1232 4261 
2783 3956 3955 3937 3938 4280 4279 4261 4262 
2784 3957 3956 3938 3939 4281 4280 4262 4263 
2785 3958 3957 3939 3940 4282 4281 4263 4264 
2786 3959 3958 3940 3941 4283 4282 4264 4265 
2787 3960 3959 3941 3942 4284 4283 4265 4266 
2788 3961 3960 3942 3943 4285 4284 4266 4267 
2789 3962 3961 3943 3944 4286 4285 4267 4268 
2790 3963 3962 3944 3945 4287 4286 4268 4269 
2791 3964 3963 3945 3946 4288 4287 4269 4270 
2792 3965 3964 3946 3947 4289 4288 4270 4271 
2793 3966 3965 3947 3948 4290 4289 4271 4272 
2794 3967 3966 3948 3949 4291 4290 4272 4273 
2795 3968 3967 3949 3950 4292 4291 4273 4274 
2796 3969 3968 3950 3951 4293 4292 4274 4275 
2797 3970 3969 3951 3952 4294 4293 4275 4276 
2798 3971 3970 3952 3953 4295 4294 4276 4277 
2799 3972 3971 3953 3954 4296 4295 4277 4278 
2800 1159 3972 3954 1160 1303 4296 4278 1304 
2801 3973 1086 1087 3955 4297 1230 1231 4279 
2802 3974 3973 3955 3956 4298 4297 4279 4280 
2803 3975 3974 3956 3957 4299 4298 4280 4281 
2804 3976 3975 3957 3958 4300 4299 4281 4282 
2805 3977 3976 3958 3959 4301 4300 4282 4283 
2806 3978 3977 3959 3960 4302 4301 4283 4284 
2807 3979 3978 3960 3961 4303 4302 4284 4285 
2808 3980 3979 3961 3962 4304 4303 4285 4286 
2809 3981 3980 3962 3963 4305 4304 4286 4287 
2810 3982 3981 3963 3964 4306 4305 4287 4288 
2811 3983 3982 3964 3965 4307 4306 4288 4289 
2812 3984 3983 3965 3966 4308 4307 4289 4290 
2813 3985 3984 3966 3967 4309 4308 4290 4291 
2814 3986 3985 3967 3968 4310 4309 4291 4292 
2815 3987 3986 3968 3969 4311 4310 4292 4293 
2816 3988 3987 3969 3970 4312 4311 4293 4294 
2817 3989 3988 3970 3971 4313 4312 4294 4295 
2818 3990 3989 3971 3972 4314 4313 4295 4296 
2819 1158 3990 3972 1159 1302 4314 4296 1303 
2820 3991 1085 1086 3973 4315 1229 1230 4297 
2821 3992 3991 3973 3974 4316 4315 4297 4298 
2822 3993 3992 3974 3975 4317 4316 4298 4299 
2823 3994 3993 3975 3976 4318 4317 4299 4300 
2824 3995 3994 3976 3977 4319 4318 4300 4301 
2825 3996 3995 3977 3978 4320 4319 4301 4302 
2826 3997 3996 3978 3979 4321 4320 4302 4303 
2827 3998 3997 3979 3980 4322 4321 4303 4304 
2828 3999 3998 3980 3981 4323 4322 4304 4305 
2829 4000 3999 3981 3982 4324 4323 4305 4306 
2830 4001 4000 3982 3983 4325 4324 4306 4307 
2831 4002 4001 3983 3984 4326 4325 4307 4308 
2832 4003 4002 3984 3985 4327 4326 4308 4309 
2833 4004 4003 3985 3986 4328 4327 4309 4310 
2834 4005 4004 3986 3987 4329 4328 4310 4311 
2835 4006 4005 3987 3988 4330 4329 4311 4312 
2836 4007 4006 3988 3989 4331 4330 4312 4313 
2837 4008 4007 3989 3990 4332 4331 4313 4314 
2838 1157 4008 3990 1158 1301 4332 4314 1302 
2839 4009 1084 1085 3991 4333 1228 1229 4315 
2840 4010 4009 3991 3992 4334 4333 4315 4316 
2841 4011 4010 3992 3993 4335 4334 4316 4317 
2842 4012 4011 3993 3994 4336 4335 4317 4318 
2843 4013 4012 3994 3995 4337 4336 4318 4319 
2844 4014 4013 3995 3996 4338 4337 4319 4320 
2845 4015 4014 3996 3997 4339 4338 4320 4321 
2846 4016 4015 3997 3998 4340 4339 4321 4322 
2847 4017 4016 3998 3999 4341 4340 4322 4323 
2848 4018 4017 3999 4000 4342 4341 4323 4324 
2849 4019 4018 4000 4001 4343 4342 4324 4325 
2850 4020 4019 4001 4002 4344 4343 4325 4326 
2851 4021 4020 4002 4003 4345 4344 4326 4327 
2852 4022 4021 4003 4004 4346 4345 4327 4328 
2853 4023 4022 4004 4005 4347 4346 4328 4329 
2854 4024 4023 4005 4006 4348 4347 4329 4330 
2855 4025 4024 4006 4007 4349 4348 4330 4331 
2856 4026 4025 4007 4008 4350 4349 4331 4332 
2857 1156 4026 4008 1157 1300 4350 4332 1301 
2858 4027 1083 1084 4009 4351 1227 1228 4333 
2859 4028 4027 4009 4010 4352 4351 4333 4334 
2860 4029 4028 4010 4011 4353 4352 4334 4335 
2861 4030 4029 4011 4012 4354 4353 4335 4336 
2862 4031 4030 4012 4013 4355 4354 4336 4337 
2863 4032 4031 4013 4014 4356 4355 4337 4338 
2864 4033 4032 4014 4015 4357 4356 4338 4339 
2865 4034 4033 4015 4016 4358 4357 4339 4340 
2866 4035 4034 4016 4017 4359 4358 4340 4341 
2867 4036 4035 4017 4018 4360 4359 4341 4342 
2868 4037 4036 4018 4019 4361 4360 4342 4343 
2869 4038 4037 4019 4020 4362 4361 4343 4344 
2870 4039 4038 4020 4021 4363 4362 4344 4345 
2871 4040 4039 4021 4022 4364 4363 4345 4346 
2872 4041 4040 4022 4023 4365 4364 4346 4347 
2873 4042 4041 4023 4024 4366 4365 4347 4348 
2874 4043 4042 4024 4025 4367 4366 4348 4349 
2875 4044 4043 4025 4026 4368 4367 4349 4350 
2876 1155 4044 4026 1156 1299 4368 4350 1300 
2877 4045 1082 1083 4027 4369 1226 1227 4351 
2878 4046 4045 4027 4028 4370 4369 4351 4352 
2879 4047 4046 4028 4029 4371 4370 4352 4353 
2880 4048 4047 4029 4030 4372 4371 4353 4354 
2881 4049 4048 4030 4031 4373 4372 4354 4355 
2882 4050 4049 4031 4032 4374 4373 4355 4356 
2883 4051 4050 4032 4033 4375 4374 4356 4357 
2884 4052 4051 4033 4034 4376 4375 4357 4358 
2885 4053 4052 4034 4035 4377 4376 4358 4359 
2886 4054 4053 4035 4036 4378 4377 4359 4360 
2887 4055 4054 4036 4037 4379 4378 4360 4361 
2888 4056 4055 4037 4038 4380 4379 4361 4362 
2889 4057 4056 4038 4039 4381 4380 4362 4363 
2890 4058 4057 4039 4040 4382 4381 4363 4364 
2891 4059 4058 4040 4041 4383 4382 4364 4365 
2892 4060 4059 4041 4042 4384 4383 4365 4366 
2893 4061 4060 4042 4043 4385 4384 4366 4367 
2894 4062 4061 4043 4044 4386 4385 4367 4368 
2895 1154 4062 4044 1155 1298 4386 4368 1299 
2896 4063 1081 1082 4045 4387 1225 1226 4369 
2897 4064 4063 4045 4046 4388 4387 4369 4370 
2898 4065 4064 4046 4047 4389 4388 4370 4371 
2899 4066 4065 4047 4048 4390 4389 4371 4372 
2900 4067 4066 4048 4049 4391 4390 4372 4373 
2901 4068 4067 4049 4050 4392 4391 4373 4374 
2902 4069 4068 4050 4051 4393 4392 4374 4375 
2903 4070 4069 4051 4052 4394 4393 4375 4376 
2904 4071 4070 4052 4053 4395 4394 4376 4377 
2905 4072 4071 4053 4054 4396 4395 4377 4378 
2906 4073 4072 4054 4055 4397 4396 4378 4379 
2907 4074 4073 4055 4056 4398 4397 4379 4380 
2908 4075 4074 4056 4057 4399 4398 4380 4381 
2909 4076 4075 4057 4058 4400 4399 4381 4382 
2910 4077 4076 4058 4059 4401 4400 4382 4383 
2911 4078 4077 4059 4060 4402 4401 4383 4384 
2912 4079 4078 4060 4061 4403 4402 4384 4385 
2913 4080 4079 4061 4062 4404 4403 4385 4386 
2914 1153 4080 4062 1154 1297 4404 4386 1298 
2915 4081 1080 1081 4063 4405 1224 1225 4387 
2916 4082 4081 4063 4064 4406 4405 4387 4388 
2917 4083 4082 4064 4065 4407 4406 4388 4389 
2918 4084 4083 4065 4066 4408 4407 4389 4390 
2919 4085 4084 4066 4067 4409 4408 4390 4391 
2920 4086 4085 4067 4068 4410 4409 4391 4392 
2921 4087 4086 4068 4069 4411 4410 4392 4393 
2922 4088 4087 4069 4070 4412 4411 4393 4394 
2923 4089 4088 4070 4071 4413 4412 4394 4395 
2924 4090 4089 4071 4072 4414 4413 4395 4396 
2925 4091 4090 4072 4073 4415 4414 4396 4397 
2926 4092 4091 4073 4074 4416 4415 4397 4398 
2927 4093 4092 4074 4075 4417 4416 4398 4399 
2928 4094 4093 4075 4076 4418 4417 4399 4400 
2929 4095 4094 4076 4077 4419 4418 4400 4401 
2930 4096 4095 4077 4078 4420 4419 4401 4402 
2931 4097 4096 4078 4079 4421 4420 4402 4403 
2932 4098 4097 4079 4080 4422 4421 4403 4404 
2933 1152 4098 4080 1153 1296 4422 4404 1297 
2934 4099 1079 1080 4081 4423 1223 1224 4405 
2935 4100 4099 4081 4082 4424 4423 4405 4406 
2936 4101 4100 4082 4083 4425 4424 4406 4407 
2937 4102 4101 4083 4084 4426 4425 4407 4408 
2938 4103 4102 4084 4085 4427 4426 4408 4409 
2939 4104 4103 4085 4086 4428 4427 4409 4410 
2940 4105 4104 4086 4087 4429 4428 4410 4411 
2941 4106 4105 4087 4088 4430 4429 4411 4412 
2942 4107 4106 4088 4089 4431 4430 4412 4413 
2943 4108 4107 4089 4090 4432 4431 4413 4414 
2944 4109 4108 4090 4091 4433 4432 4414 4415 
2945 4110 4109 4091 4092 4434 4433 4415 4416 
2946 4111 4110 4092 4093 4435 4434 4416 4417 
2947 4112 4111 4093 4094 4436 4435 4417 4418 
2948 4113 4112 4094 4095 4437 4436 4418 4419 
2949 4114 4113 4095 4096 4438 4437 4419 4420 
2950 4115 4114 4096 4097 4439 4438 4420 4421 
2951 4116 4115 4097 4098 4440 4439 4421 4422 
2952 1151 4116 4098 1152 1295 4440 4422 1296 
2953 4117 1078 1079 4099 4441 1222 1223 4423 
2954 4118 4117 4099 4100 4442 4441 4423 4424 
2955 4119 4118 4100 4101 4443 4442 4424 4425 
2956 4120 4119 4101 4102 4444 4443 4425 4426 
2957 4121 4120 4102 4103 4445 4444 4426 4427 
2958 4122 4121 4103 4104 4446 4445 4427 4428 
2959 4123 4122 4104 4105 4447 4446 4428 4429 
2960 4124 4123 4105 4106 4448 4447 4429 4430 
2961 4125 4124 4106 4107 4449 4448 4430 4431 
2962 4126 4125 4107 4108 4450 4449 4431 4432 
2963 4127 4126 4108 4109 4451 4450 4432 4433 
2964 4128 4127 4109 4110 4452 4451 4433 4434 
2965 4129 4128 4110 4111 4453 4452 4434 4435 
2966 4130 4129 4111 4112 4454 4453 4435 4436 
2967 4131 4130 4112 4113 4455 4454 4436 4437 
2968 4132 4131 4113 4114 4456 4455 4437 4438 
2969 4133 4132 4114 4115 4457 4456 4438 4439 
2970 4134 4133 4115 4116 4458 4457 4439 4440 
2971 1150 4134 4116 1151 1294 4458 4440 1295 
2972 4135 1077 1078 4117 4459 1221 1222 4441 
2973 4136 4135 4117 4118 4460 4459 4441 4442 
2974 4137 4136 4118 4119 4461 4460 4442 4443 
2975 4138 4137 4119 4120 4462 4461 4443 4444 
2976 4139 4138 4120 4121 4463 4462 4444 4445 
2977 4140 4139 4121 4122 4464 4463 4445 4446 
2978 4141 4140 4122 4123 4465 4464 4446 4447 
2979 4142 4141 4123 4124 4466 4465 4447 4448 
2980 4143 4142 4124 4125 4467 4466 4448 4449 
2981 4144 4143 4125 4126 4468 4467 4449 4450 
2982 4145 4144 4126 4127 4469 4468 4450 4451 
2983 4146 4145 4127 4128 4470 4469 4451 4452 
2984 4147 4146 4128 4129 4471 4470 4452 4453 
2985 4148 4147 4129 4130 4472 4471 4453 4454 
2986 4149 4148 4130 4131 4473 4472 4454 4455 
2987 4150 4149 4131 4132 4474 4473 4455 4456 
2988 4151 4150 4132 4133 4475 4474 4456 4457 
2989 4152 4151 4133 4134 4476 4475 4457 4458 
2990 1149 4152 4134 1150 1293 4476 4458 1294 
2991 4153 1076 1077 4135 4477 1220 1221 4459 
2992 4154 4153 4135 4136 4478 4477 4459 4460 
2993 4155 4154 4136 4137 4479 4478 4460 4461 
2994 4156 4155 4137 4138 4480 4479 4461 4462 
2995 4157 4156 4138 4139 4481 4480 4462 4463 
2996 4158 4157 4139 4140 4482 4481 4463 4464 
2997 4159 4158 4140 4141 4483 4482 4464 4465 
2998 4160 4159 4141 4142 4484 4483 4465 4466 
2999 4161 4160 4142 4143 4485 4484 4466 4467 
3000 4162 4161 4143 4144 4486 4485 4467 4468 
3001 4163 4162 4144 4145 4487 4486 4468 4469 
3002 4164 4163 4145 4146 4488 4487 4469 4470 
3003 4165 4164 4146 4147 4489 4488 4470 4471 
3004 4166 4165 4147 4148 4490 4489 4471 4472 
3005 4167 4166 4148 4149 4491 4490 4472 4473 
3006 4168 4167 4149 4150 4492 4491 4473 4474 
3007 4169 4168 4150 4151 4493 4492 4474 4475 
3008 4170 4169 4151 4152 4494 4493 4475 4476 
3009 1148 4170 4152 1149 1292 4494 4476 1293 
3010 4171 1075 1076 4153 4495 1219 1220 4477 
3011 4172 4171 4153 4154 4496 4495 4477 4478 
3012 4173 4172 4154 4155 4497 4496 4478 4479 
3013 4174 4173 4155 4156 4498 4497 4479 4480 
3014 4175 4174 4156 4157 4499 4498 4480 4481 
3015 4176 4175 4157 4158 4500 4499 4481 4482 
3016 4177 4176 4158 4159 4501 4500 4482 4483 
3017 4178 4177 4159 4160 4502 4501 4483 4484 
3018 4179 4178 4160 4161 4503 4502 4484 4485 
3019 4180 4179 4161 4162 4504 4503 4485 4486 
3020 4181 4180 4162 4163 4505 4504 4486 4487 
3021 4182 4181 4163 4164 4506 4505 4487 4488 
3022 4183 4182 4164 4165 4507 4506 4488 4489 
3023 4184 4183 4165 4166 4508 4507 4489 4490 
3024 4185 4184 4166 4167 4509 4508 4490 4491 
3025 4186 4185 4167 4168 4510 4509 4491 4492 
3026 4187 4186 4168 4169 4511 4510 4492 4493 
3027 4188 4187 4169 4170 4512 4511 4493 4494 
3028 1147 4188 4170 1148 1291 4512 4494 1292 
3029 1129 102 1075 4171 1273 118 1219 4495 
3030 1130 1129 4171 4172 1274 1273 4495 4496 
3031 1131 1130 4172 4173 1275 1274 4496 4497 
3032 1132 1131 4173 4174 1276 1275 4497 4498 
3033 1133 1132 4174 4175 1277 1276 4498 4499 
3034 1134 1133 4175 4176 1278 1277 4499 4500 
3035 1135 1134 4176 4177 1279 1278 4500 4501 
3036 1136 1135 4177 4178 1280 1279 4501 4502 
3037 1137 1136 4178 4179 1281 1280 4502 4503 
3038 1138 1137 4179 4180 1282 1281 4503 4504 
3039 1139 1138 4180 4181 1283 1282 4504 4505 
3040 1140 1139 4181 4182 1284 1283 4505 4506 
3041 1141 1140 4182 4183 1285 1284 4506 4507 
3042 1142 1141 4183 4184 1286 1285 4507 4508 
3043 1143 1142 4184 4185 1287 1286 4508 4509 
3044 1144 1143 4185 4186 1288 1287 4509 4510 
3045 1145 1144 4186 4187 1289 1288 4510 4511 
3046 1146 1145 4187 4188 1290 1289 4511 4512 
3047 107 1146 4188 1147 123 1290 4512 1291 
3 60 5 19
3048 1165 104 102 1129 1309 120 118 1273 
3049 1166 1165 1129 1130 1310 1309 1273 1274 
3050 1167 1166 1130 1131 1311 1310 1274 1275 
3051 1168 1167 1131 1132 1312 1311 1275 1276 
3052 1169 1168 1132 1133 1313 1312 1276 1277 
3053 1170 1169 1133 1134 1314 1313 1277 1278 
3054 1171 1170 1134 1135 1315 1314 1278 1279 
3055 1172 1171 1135 1136 1316 1315 1279 1280 
3056 1173 1172 1136 1137 1317 1316 1280 1281 
3057 1174 1173 1137 1138 1318 1317 1281 1282 
3058 1175 1174 1138 1139 1319 1318 1282 1283 
3059 1176 1175 1139 1140 1320 1319 1283 1284 
3060 1177 1176 1140 1141 1321 1320 1284 1285 
3061 1178 1177 1141 1142 1322 1321 1285 1286 
3062 1179 1178 1142 1143 1323 1322 1286 1287 
3063 1180 1179 1143 1144 1324 1323 1287 1288 
3064 1181 1180 1144 1145 1325 1324 1288 1289 
3065 1182 1181 1145 1146 1326 1325 1289 1290 
3066 108 1182 1146 107 124 1326 1290 123 
3 61 5 1
3067 109 105 106 110 125 121 122 126 
3 62 5 19
3068 1200 1164 105 109 1344 1308 121 125 
3069 1199 1163 1164 1200 1343 1307 1308 1344 
3070 1198 1162 1163 1199 1342 1306 1307 1343 
3071 1197 1161 1162 1198 1341 1305 1306 1342 
3072 1196 1160 1161 1197 1340 1304 1305 1341 
3073 1195 1159 1160 1196 1339 1303 1304 1340 
3074 1194 1158 1159 1195 1338 1302 1303 1339 
3075 1193 1157 1158 1194 1337 1301 1302 1338 
3076 1192 1156 1157 1193 1336 1300 1301 1337 
3077 1191 1155 1156 1192 1335 1299 1300 1336 
3078 1190 1154 1155 1191 1334 1298 1299 1335 
3079 1189 1153 1154 1190 1333 1297 1298 1334 
3080 1188 1152 1153 1189 1332 1296 1297 1333 
3081 1187 1151 1152 1188 1331 1295 1296 1332 
3082 1186 1150 1151 1187 1330 1294 1295 1331 
3083 1185 1149 1150 1186 1329 1293 1294 1330 
3084 1184 1148 1149 1185 1328 1292 1293 1329 
3085 1183 1147 1148 1184 1327 1291 1292 1328 
3086 111 107 1147 1183 127 123 1291 1327 
3 63 5 1
3087 112 108 107 111 128 124 123 127 
3 64 5 1
3088 115 114 113 116 131 130 129 132 
3 65 5 19
3089 1236 1201 114 115 1380 1345 130 131 
3090 1235 1202 1201 1236 1379 1346 1345 1380 
3091 1234 1203 1202 1235 1378 1347 1346 1379 
3092 1233 1204 1203 1234 1377 1348 1347 1378 
3093 1232 1205 1204 1233 1376 1349 1348 1377 
3094 1231 1206 1205 1232 1375 1350 1349 1376 
3095 1230 1207 1206 1231 1374 1351 1350 1375 
3096 1229 1208 1207 1230 1373 1352 1351 1374 
3097 1228 1209 1208 1229 1372 1353 1352 1373 
3098 1227 1210 1209 1228 1371 1354 1353 1372 
3099 1226 1211 1210 1227 1370 1355 1354 1371 
3100 1225 1212 1211 1226 1369 1356 1355 1370 
3101 1224 1213 1212 1225 1368 1357 1356 1369 
3102 1223 1214 1213 1224 1367 1358 1357 1368 
3103 1222 1215 1214 1223 1366 1359 1358 1367 
3104 1221 1216 1215 1222 1365 1360 1359 1366 
3105 1220 1217 1216 1221 1364 1361 1360 1365 
3106 1219 1218 1217 1220 1363 1362 1361 1364 
3107 118 117 1218 1219 134 133 1362 1363 
3 66 5 1
3108 120 119 117 118 136 135 133 134 
3 67 5 19
3109 1237 115 116 1272 1381 131 132 1416 
3110 1238 1237 1272 1271 1382 1381 1416 1415 
3111 1239 1238 1271 1270 1383 1382 1415 1414 
3112 1240 1239 1270 1269 1384 1383 1414 1413 
3113 1241 1240 1269 1268 1385 1384 1413 1412 
3114 1242 1241 1268 1267 1386 1385 1412 1411 
3115 1243 1242 1267 1266 1387 1386 1411 1410 
3116 1244 1243 1266 1265 1388 1387 1410 1409 
3117 1245 1244 1265 1264 1389 1388 1409 1408 
3118 1246 1245 1264 1263 1390 1389 1408 1407 
3119 1247 1246 1263 1262 1391 1390 1407 1406 
3120 1248 1247 1262 1261 1392 1391 1406 1405 
3121 1249 1248 1261 1260 1393 1392 1405 1404 
3122 1250 1249 1260 1259 1394 1393 1404 1403 
3123 1251 1250 1259 1258 1395 1394 1403 1402 
3124 1252 1251 1258 1257 1396 1395 1402 1401 
3125 1253 1252 1257 1256 1397 1396 1401 1400 
3126 1254 1253 1256 1255 1398 1397 1400 1399 
3127 121 1254 1255 122 137 1398 1399 138 
3 68 5 361
3128 4189 1236 115 1237 4513 1380 131 1381 
3129 4190 4189 1237 1238 4514 4513 1381 1382 
3130 4191 4190 1238 1239 4515 4514 1382 1383 
3131 4192 4191 1239 1240 4516 4515 1383 1384 
3132 4193 4192 1240 1241 4517 4516 1384 1385 
3133 4194 4193 1241 1242 4518 4517 1385 1386 
3134 4195 4194 1242 1243 4519 4518 1386 1387 
3135 4196 4195 1243 1244 4520 4519 1387 1388 
3136 4197 4196 1244 1245 4521 4520 1388 1389 
3137 4198 4197 1245 1246 4522 4521 1389 1390 
3138 4199 4198 1246 1247 4523 4522 1390 1391 
3139 4200 4199 1247 1248 4524 4523 1391 1392 
3140 4201 4200 1248 1249 4525 4524 1392 1393 
3141 4202 4201 1249 1250 4526 4525 1393 1394 
3142 4203 4202 1250 1251 4527 4526 1394 1395 
3143 4204 4203 1251 1252 4528 4527 1395 1396 
3144 4205 4204 1252 1253 4529 4528 1396 1397 
3145 4206 4205 1253 1254 4530 4529 1397 1398 
3146 1308 4206 1254 121 1452 4530 1398 137 
3147 4207 1235 1236 4189 4531 1379 1380 4513 
3148 4208 4207 4189 4190 4532 4531 4513 4514 
3149 4209 4208 4190 4191 4533 4532 4514 4515 
3150 4210 4209 4191 4192 4534 4533 4515 4516 
3151 4211 4210 4192 4193 4535 4534 4516 4517 
3152 4212 4211 4193 4194 4536 4535 4517 4518 
3153 4213 4212 4194 4195 4537 4536 4518 4519 
3154 4214 4213 4195 4196 4538 4537 4519 4520 
3155 4215 4214 4196 4197 4539 4538 4520 4521 
3156 4216 4215 4197 4198 4540 4539 4521 4522 
3157 4217 4216 4198 4199 4541 4540 4522 4523 
3158 4218 4217 4199 4200 4542 4541 4523 4524 
3159 4219 4218 4200 4201 4543 4542 4524 4525 
3160 4220 4219 4201 4202 4544 4543 4525 4526 
3161 4221 4220 4202 4203 4545 4544 4526 4527 
3162 4222 4221 4203 4204 4546 4545 4527 4528 
3163 4223 4222 4204 4205 4547 4546 4528 4529 
3164 4224 4223 4205 4206 4548 4547 4529 4530 
3165 1307 4224 4206 1308 1451 4548 4530 1452 
3166 4225 1234 1235 4207 4549 1378 1379 4531 
3167 4226 4225 4207 4208 4550 4549 4531 4532 
3168 4227 4226 4208 4209 4551 4550 4532 4533 
3169 4228 4227 4209 4210 4552 4551 4533 4534 
3170 4229 4228 4210 4211 4553 4552 4534 4535 
3171 4230 4229 4211 4212 4554 4553 4535 4536 
3172 4231 4230 4212 4213 4555 4554 4536 4537 
3173 4232 4231 4213 4214 4556 4555 4537 4538 
3174 4233 4232 4214 4215 4557 4556 4538 4539 
3175 4234 4233 4215 4216 4558 4557 4539 4540 
3176 4235 4234 4216 4217 4559 4558 4540 4541 
3177 4236 4235 4217 4218 4560 4559 4541 4542 
3178 4237 4236 4218 4219 4561 4560 4542 4543 
3179 4238 4237 4219 4220 4562 4561 4543 4544 
3180 4239 4238 4220 4221 4563 4562 4544 4545 
3181 4240 4239 4221 4222 4564 4563 4545 4546 
3182 4241 4240 4222 4223 4565 4564 4546 4547 
3183 4242 4241 4223 4224 4566 4565 4547 4548 
3184 1306 4242 4224 1307 1450 4566 4548 1451 
3185 4243 1233 1234 4225 4567 1377 1378 4549 
3186 4244 4243 4225 4226 4568 4567 4549 4550 
3187 4245 4244 4226 4227 4569 4568 4550 4551 
3188 4246 4245 4227 4228 4570 4569 4551 4552 
3189 4247 4246 4228 4229 4571 4570 4552 4553 
3190 4248 4247 4229 4230 4572 4571 4553 4554 
3191 4249 4248 4230 4231 4573 4572 4554 4555 
3192 4250 4249 4231 4232 4574 4573 4555 4556 
3193 4251 4250 4232 4233 4575 4574 4556 4557 
3194 4252 4251 4233 4234 4576 4575 4557 4558 
3195 4253 4252 4234 4235 4577 4576 4558 4559 
3196 4254 4253 4235 4236 4578 4577 4559 4560 
3197 4255 4254 4236 4237 4579 4578 4560 4561 
3198 4256 4255 4237 4238 4580 4579 4561 4562 
3199 4257 4256 4238 4239 4581 4580 4562 4563 
3200 4258 4257 4239 4240 4582 4581 4563 4564 
3201 4259 4258 4240 4241 4583 4582 4564 4565 
3202 4260 4259 4241 4242 4584 4583 4565 4566 
3203 1305 4260 4242 1306 1449 4584 4566 1450 
3204 4261 1232 1233 4243 4585 1376 1377 4567 
3205 4262 4261 4243 4244 4586 4585 4567 4568 
3206 4263 4262 4244 4245 4587 4586 4568 4569 
3207 4264 4263 4245 4246 4588 4587 4569 4570 
3208 4265 4264 4246 4247 4589 4588 4570 4571 
3209 4266 4265 4247 4248 4590 4589 4571 4572 
3210 4267 4266 4248 4249 4591 4590 4572 4573 
3211 4268 4267 4249 4250 4592 4591 4573 4574 
3212 4269 4268 4250 4251 4593 4592 4574 4575 
3213 4270 4269 4251 4252 4594 4593 4575 4576 
3214 4271 4270 4252 4253 4595 4594 4576 4577 
3215 4272 4271 4253 4254 4596 4595 4577 4578 
3216 4273 4272 4254 4255 4597 4596 4578 4579 
3217 4274 4273 4255 4256 4598 4597 4579 4580 
3218 4275 4274 4256 4257 4599 4598 4580 4581 
3219 4276 4275 4257 4258 4600 4599 4581 4582 
3220 4277 4276 4258 4259 4601 4600 4582 4583 
3221 4278 4277 4259 4260 4602 4601 4583 4584 
3222 1304 4278 4260 1305 1448 4602 4584 1449 
3223 4279 1231 1232 4261 4603 1375 1376 4585 
3224 4280 4279 4261 4262 4604 4603 4585 4586 
3225 4281 4280 4262 4263 4605 4604 4586 4587 
3226 4282 4281 4263 4264 4606 4605 4587 4588 
3227 4283 4282 4264 4265 4607 4606 4588 4589 
3228 4284 4283 4265 4266 4608 4607 4589 4590 
3229 4285 4284 4266 4267 4609 4608 4590 4591 
3230 4286 4285 4267 4268 4610 4609 4591 4592 
3231 4287 4286 4268 4269 4611 4610 4592 4593 
3232 4288 4287 4269 4270 4612 4611 4593 4594 
3233 4289 4288 4270 4271 4613 4612 4594 4595 
3234 4290 4289 4271 4272 4614 4613 4595 4596 
3235 4291 4290 4272 4273 4615 4614 4596 4597 
3236 4292 4291 4273 4274 4616 4615 4597 4598 
3237 4293 4292 4274 4275 4617 4616 4598 4599 
3238 4294 4293 4275 4276 4618 4617 4599 4600 
3239 4295 4294 4276 4277 4619 4618 4600 4601 
3240 4296 4295 4277 4278 4620 4619 4601 4602 
3241 1303 4296 4278 1304 1447 4620 4602 1448 
3242 4297 1230 1231 4279 4621 1374 1375 4603 
3243 4298 4297 4279 4280 4622 4621 4603 4604 
3244 4299 4298 4280 4281 4623 4622 4604 4605 
3245 4300 4299 4281 4282 4624 4623 4605 4606 
3246 4301 4300 4282 4283 4625 4624 4606 4607 
3247 4302 4301 4283 4284 4626 4625 4607 4608 
3248 4303 4302 4284 4285 4627 4626 4608 4609 
3249 4304 4303 4285 4286 4628 4627 4609 4610 
3250 4305 4304 4286 4287 4629 4628 4610 4611 
3251 4306 4305 4287 4288 4630 4629 4611 4612 
3252 4307 4306 4288 4289 4631 4630 4612 4613 
3253 4308 4307 4289 4290 4632 4631 4613 4614 
3254 4309 4308 4290 4291 4633 4632 4614 4615 
3255 4310 4309 4291 4292 4634 4633 4615 4616 
3256 4311 4310 4292 4293 4635 4634 4616 4617 
3257 4312 4311 4293 4294 4636 4635 4617 4618 
3258 4313 4312 4294 4295 4637 4636 4618 4619 
3259 4314 4313 4295 4296 4638 4637 4619 4620 
3260 1302 4314 4296 1303 1446 4638 4620 1447 
3261 4315 1229 1230 4297 4639 1373 1374 4621 
3262 4316 4315 4297 4298 4640 4639 4621 4622 
3263 4317 4316 4298 4299 4641 4640 4622 4623 
3264 4318 4317 4299 4300 4642 4641 4623 4624 
3265 4319 4318 4300 4301 4643 4642 4624 4625 
3266 4320 4319 4301 4302 4644 4643 4625 4626 
3267 4321 4320 4302 4303 4645 4644 4626 4627 
3268 4322 4321 4303 4304 4646 4645 4627 4628 
3269 4323 4322 4304 4305 4647 4646 4628 4629 
3270 4324 4323 4305 4306 4648 4647 4629 4630 
3271 4325 4324 4306 4307 4649 4648 4630 4631 
3272 4326 4325 4307 4308 4650 4649 4631 4632 
3273 4327 4326 4308 4309 4651 4650 4632 4633 
3274 4328 4327 4309 4310 4652 4651 4633 4634 
3275 4329 4328 4310 4311 4653 4652 4634 4635 
3276 4330 4329 4311 4312 4654 4653 4635 4636 
3277 4331 4330 4312 4313 4655 4654 4636 4637 
3278 4332 4331 4313 4314 4656 4655 4637 4638 
3279 1301 4332 4314 1302 1445 4656 4638 1446 
3280 4333 1228 1229 4315 4657 1372 1373 4639 
3281 4334 4333 4315 4316 4658 4657 4639 4640 
3282 4335 4334 4316 4317 4659 4658 4640 4641 
3283 4336 4335 4317 4318 4660 4659 4641 4642 
3284 4337 4336 4318 4319 4661 4660 4642 4643 
3285 4338 4337 4319 4320 4662 4661 4643 4644 
3286 4339 4338 4320 4321 4663 4662 4644 4645 
3287 4340 4339 4321 4322 4664 4663 4645 4646 
3288 4341 4340 4322 4323 4665 4664 4646 4647 
3289 4342 4341 4323 4324 4666 4665 4647 4648 
3290 4343 4342 4324 4325 4667 4666 4648 4649 
3291 4344 4343 4325 4326 4668 4667 4649 4650 
3292 4345 4344 4326 4327 4669 4668 4650 4651 
3293 4346 4345 4327 4328 4670 4669 4651 4652 
3294 4347 4346 4328 4329 4671 4670 4652 4653 
3295 4348 4347 4329 4330 4672 4671 4653 4654 
3296 4349 4348 4330 4331 4673 4672 4654 4655 
3297 4350 4349 4331 4332 4674 4673 4655 4656 
3298 1300 4350 4332 1301 1444 4674 4656 1445 
3299 4351 1227 1228 4333 4675 1371 1372 4657 
3300 4352 4351 4333 4334 4676 4675 4657 4658 
3301 4353 4352 4334 4335 4677 4676 4658 4659 
3302 4354 4353 4335 4336 4678 4677 4659 4660 
3303 4355 4354 4336 4337 4679 4678 4660 4661 
3304 4356 4355 4337 4338 4680 4679 4661 4662 
3305 4357 4356 4338 4339 4681 4680 4662 4663 
3306 4358 4357 4339 4340 4682 4681 4663 4664 
3307 4359 4358 4340 4341 4683 4682 4664 4665 
3308 4360 4359 4341 4342 4684 4683 4665 4666 
3309 4361 4360 4342 4343 4685 4684 4666 4667 
3310 4362 4361 4343 4344 4686 4685 4667 4668 
3311 4363 4362 4344 4345 4687 4686 4668 4669 
3312 4364 4363 4345 4346 4688 4687 4669 4670 
3313 4365 4364 4346 4347 4689 4688 4670 4671 
3314 4366 4365 4347 4348 4690 4689 4671 4672 
3315 4367 4366 4348 4349 4691 4690 4672 4673 
3316 4368 4367 4349 4350 4692 4691 4673 4674 
3317 1299 4368 4350 1300 1443 4692 4674 1444 
3318 4369 1226 1227 4351 4693 1370 1371 4675 
3319 4370 4369 4351 4352 4694 4693 4675 4676 
3320 4371 4370 4352 4353 4695 4694 4676 4677 
3321 4372 4371 4353 4354 4696 4695 4677 4678 
3322 4373 4372 4354 4355 4697 4696 4678 4679 
3323 4374 4373 4355 4356 4698 4697 4679 4680 
3324 4375 4374 4356 4357 4699 4698 4680 4681 
3325 4376 4375 4357 4358 4700 4699 4681 4682 
3326 4377 4376 4358 4359 4701 4700 4682 4683 
3327 4378 4377 4359 4360 4702 4701 4683 4684 
3328 4379 4378 4360 4361 4703 4702 4684 4685 
3329 4380 4379 4361 4362 4704 4703 4685 4686 
3330 4381 4380 4362 4363 4705 4704 4686 4687 
3331 4382 4381 4363 4364 4706 4705 4687 4688 
3332 4383 4382 4364 4365 4707 4706 4688 4689 
3333 4384 4383 4365 4366 4708 4707 4689 4690 
3334 4385 4384 4366 4367 4709 4708 4690 4691 
3335 4386 4385 4367 4368 4710 4709 4691 4692 
3336 1298 4386 4368 1299 1442 4710 4692 1443 
3337 4387 1225 1226 4369 4711 1369 1370 4693 
3338 4388 4387 4369 4370 4712 4711 4693 4694 
3339 4389 4388 4370 4371 4713 4712 4694 4695 
3340 4390 4389 4371 4372 4714 4713 4695 4696 
3341 4391 4390 4372 4373 4715 4714 4696 4697 
3342 4392 4391 4373 4374 4716 4715 4697 4698 
3343 4393 4392 4374 4375 4717 4716 4698 4699 
3344 4394 4393 4375 4376 4718 4717 4699 4700 
3345 4395 4394 4376 4377 4719 4718 4700 4701 
3346 4396 4395 4377 4378 4720 4719 4701 4702 
3347 4397 4396 4378 4379 4721 4720 4702 4703 
3348 4398 4397 4379 4380 4722 4721 4703 4704 
3349 4399 4398 4380 4381 4723 4722 4704 4705 
3350 4400 4399 4381 4382 4724 4723 4705 4706 
3351 4401 4400 4382 4383 4725 4724 4706 4707 
3352 4402 4401 4383 4384 4726 4725 4707 4708 
3353 4403 4402 4384 4385 4727 4726 4708 4709 
3354 4404 4403 4385 4386 4728 4727 4709 4710 
3355 1297 4404 4386 1298 1441 4728 4710 1442 
3356 4405 1224 1225 4387 4729 1368 1369 4711 
3357 4406 4405 4387 4388 4730 4729 4711 4712 
3358 4407 4406 4388 4389 4731 4730 4712 4713 
3359 4408 4407 4389 4390 4732 4731 4713 4714 
3360 4409 4408 4390 4391 4733 4732 4714 4715 
3361 4410 4409 4391 4392 4734 4733 4715 4716 
3362 4411 4410 4392 4393 4735 4734 4716 4717 
3363 4412 4411 4393 4394 4736 4735 4717 4718 
3364 4413 4412 4394 4395 4737 4736 4718 4719 
3365 4414 4413 4395 4396 4738 4737 4719 4720 
3366 4415 4414 4396 4397 4739 4738 4720 4721 
3367 4416 4415 4397 4398 4740 4739 4721 4722 
3368 4417 4416 4398 4399 4741 4740 4722 4723 
3369 4418 4417 4399 4400 4742 4741 4723 4724 
3370 4419 4418 4400 4401 4743 4742 4724 4725 
3371 4420 4419 4401 4402 4744 4743 4725 4726 
3372 4421 4420 4402 4403 4745 4744 4726 4727 
3373 4422 4421 4403 4404 4746 4745 4727 4728 
3374 1296 4422 4404 1297 1440 4746 4728 1441 
3375 4423 1223 1224 4405 4747 1367 1368 4729 
3376 4424 4423 4405 4406 4748 4747 4729 4730 
3377 4425 4424 4406 4407 4749 4748 4730 4731 
3378 4426 4425 4407 4408 4750 4749 4731 4732 
3379 4427 4426 4408 4409 4751 4750 4732 4733 
3380 4428 4427 4409 4410 4752 4751 4733 4734 
3381 4429 4428 4410 4411 4753 4752 4734 4735 
3382 4430 4429 4411 4412 4754 4753 4735 4736 
3383 4431 4430 4412 4413 4755 4754 4736 4737 
3384 4432 4431 4413 4414 4756 4755 4737 4738 
3385 4433 4432 4414 4415 4757 4756 4738 4739 
3386 4434 4433 4415 4416 4758 4757 4739 4740 
3387 4435 4434 4416 4417 4759 4758 4740 4741 
3388 4436 4435 4417 4418 4760 4759 4741 4742 
3389 4437 4436 4418 4419 4761 4760 4742 4743 
3390 4438 4437 4419 4420 4762 4761 4743 4744 
3391 4439 4438 4420 4421 4763 4762 4744 4745 
3392 4440 4439 4421 4422 4764 4763 4745 4746 
3393 1295 4440 4422 1296 1439 4764 4746 1440 
3394 4441 1222 1223 4423 4765 1366 1367 4747 
3395 4442 4441 4423 4424 4766 4765 4747 4748 
3396 4443 4442 4424 4425 4767 4766 4748 4749 
3397 4444 4443 4425 4426 4768 4767 4749 4750 
3398 4445 4444 4426 4427 4769 4768 4750 4751 
3399 4446 4445 4427 4428 4770 4769 4751 4752 
3400 4447 4446 4428 4429 4771 4770 4752 4753 
3401 4448 4447 4429 4430 4772 4771 4753 4754 
3402 4449 4448 4430 4431 4773 4772 4754 4755 
3403 4450 4449 4431 4432 4774 4773 4755 4756 
3404 4451 4450 4432 4433 4775 4774 4756 4757 
3405 4452 4451 4433 4434 4776 4775 4757 4758 
3406 4453 4452 4434 4435 4777 4776 4758 4759 
3407 4454 4453 4435 4436 4778 4777 4759 4760 
3408 4455 4454 4436 4437 4779 4778 4760 4761 
3409 4456 4455 4437 4438 4780 4779 4761 4762 
3410 4457 4456 4438 4439 4781 4780 4762 4763 
3411 4458 4457 4439 4440 4782 4781 4763 4764 
3412 1294 4458 4440 1295 1438 4782 4764 1439 
3413 4459 1221 1222 4441 4783 1365 1366 4765 
3414 4460 4459 4441 4442 4784 4783 4765 4766 
3415 4461 4460 4442 4443 4785 4784 4766 4767 
3416 4462 4461 4443 4444 4786 4785 4767 4768 
3417 4463 4462 4444 4445 4787 4786 4768 4769 
3418 4464 4463 4445 4446 4788 4787 4769 4770 
3419 4465 4464 4446 4447 4789 4788 4770 4771 
3420 4466 4465 4447 4448 4790 4789 4771 4772 
3421 4467 4466 4448 4449 4791 4790 4772 4773 
3422 4468 4467 4449 4450 4792 4791 4773 4774 
3423 4469 4468 4450 4451 4793 4792 4774 4775 
3424 4470 4469 4451 4452 4794 4793 4775 4776 
3425 4471 4470 4452 4453 4795 4794 4776 4777 
3426 4472 4471 4453 4454 4796 4795 4777 4778 
3427 4473 4472 4454 4455 4797 4796 4778 4779 
3428 4474 4473 4455 4456 4798 4797 4779 4780 
3429 4475 4474 4456 4457 4799 4798 4780 4781 
3430 4476 4475 4457 4458 4800 4799 4781 4782 
3431 1293 4476 4458 1294 1437 4800 4782 1438 
3432 4477 1220 1221 4459 4801 1364 1365 4783 
3433 4478 4477 4459 4460 4802 4801 4783 4784 
3434 4479 4478 4460 4461 4803 4802 4784 4785 
3435 4480 4479 4461 4462 4804 4803 4785 4786 
3436 4481 4480 4462 4463 4805 4804 4786 4787 
3437 4482 4481 4463 4464 4806 4805 4787 4788 
3438 4483 4482 4464 4465 4807 4806 4788 4789 
3439 4484 4483 4465 4466 4808 4807 4789 4790 
3440 4485 4484 4466 4467 4809 4808 4790 4791 
3441 4486 4485 4467 4468 4810 4809 4791 4792 
3442 4487 4486 4468 4469 4811 4810 4792 4793 
3443 4488 4487 4469 4470 4812 4811 4793 4794 
3444 4489 4488 4470 4471 4813 4812 4794 4795 
3445 4490 4489 4471 4472 4814 4813 4795 4796 
3446 4491 4490 4472 4473 4815 4814 4796 4797 
3447 4492 4491 4473 4474 4816 4815 4797 4798 
3448 4493 4492 4474 4475 4817 4816 4798 4799 
3449 4494 4493 4475 4476 4818 4817 4799 4800 
3450 1292 4494 4476 1293 1436 4818 4800 1437 
3451 4495 1219 1220 4477 4819 1363 1364 4801 
3452 4496 4495 4477 4478 4820 4819 4801 4802 
3453 4497 4496 4478 4479 4821 4820 4802 4803 
3454 4498 4497 4479 4480 4822 4821 4803 4804 
3455 4499 4498 4480 4481 4823 4822 4804 4805 
3456 4500 4499 4481 4482 4824 4823 4805 4806 
3457 4501 4500 4482 4483 4825 4824 4806 4807 
3458 4502 4501 4483 4484 4826 4825 4807 4808 
3459 4503 4502 4484 4485 4827 4826 4808 4809 
3460 4504 4503 4485 4486 4828 4827 4809 4810 
3461 4505 4504 4486 4487 4829 4828 4810 4811 
3462 4506 4505 4487 4488 4830 4829 4811 4812 
3463 4507 4506 4488 4489 4831 4830 4812 4813 
3464 4508 4507 4489 4490 4832 4831 4813 4814 
3465 4509 4508 4490 4491 4833 4832 4814 4815 
3466 4510 4509 4491 4492 4834 4833 4815 4816 
3467 4511 4510 4492 4493 4835 4834 4816 4817 
3468 4512 4511 4493 4494 4836 4835 4817 4818 
3469 1291 4512 4494 1292 1435 4836 4818 1436 
3470 1273 118 1219 4495 1417 134 1363 4819 
3471 1274 1273 4495 4496 1418 1417 4819 4820 
3472 1275 1274 4496 4497 1419 1418 4820 4821 
3473 1276 1275 4497 4498 1420 1419 4821 4822 
3474 1277 1276 4498 4499 1421 1420 4822 4823 
3475 1278 1277 4499 4500 1422 1421 4823 4824 
3476 1279 1278 4500 4501 1423 1422 4824 4825 
3477 1280 1279 4501 4502 1424 1423 4825 4826 
3478 1281 1280 4502 4503 1425 1424 4826 4827 
3479 1282 1281 4503 4504 1426 1425 4827 4828 
3480 1283 1282 4504 4505 1427 1426 4828 4829 
3481 1284 1283 4505 4506 1428 1427 4829 4830 
3482 1285 1284 4506 4507 1429 1428 4830 4831 
3483 1286 1285 4507 4508 1430 1429 4831 4832 
3484 1287 1286 4508 4509 1431 1430 4832 4833 
3485 1288 1287 4509 4510 1432 1431 4833 4834 
3486 1289 1288 4510 4511 1433 1432 4834 4835 
3487 1290 1289 4511 4512 1434 1433 4835 4836 
3488 123 1290 4512 1291 139 1434 4836 1435 
3 69 5 19
3489 1309 120 118 1273 1453 136 134 1417 
3490 1310 1309 1273 1274 1454 1453 1417 1418 
3491 1311 1310 1274 1275 1455 1454 1418 1419 
3492 1312 1311 1275 1276 1456 1455 1419 1420 
3493 1313 1312 1276 1277 1457 1456 1420 1421 
3494 1314 1313 1277 1278 1458 1457 1421 1422 
3495 1315 1314 1278 1279 1459 1458 1422 1423 
3496 1316 1315 1279 1280 1460 1459 1423 1424 
3497 1317 1316 1280 1281 1461 1460 1424 1425 
3498 1318 1317 1281 1282 1462 1461 1425 1426 
3499 1319 1318 1282 1283 1463 1462 1426 1427 
3500 1320 1319 1283 1284 1464 1463 1427 1428 
3501 1321 1320 1284 1285 1465 1464 1428 1429 
3502 1322 1321 1285 1286 1466 1465 1429 1430 
3503 1323 1322 1286 1287 1467 1466 1430 1431 
3504 1324 1323 1287 1288 1468 1467 1431 1432 
3505 1325 1324 1288 1289 1469 1468 1432 1433 
3506 1326 1325 1289 1290 1470 1469 1433 1434 
3507 124 1326 1290 123 140 1470 1434 139 
3 70 5 1
3508 125 121 122 126 141 137 138 142 
3 71 5 19
3509 1344 1308 121 125 1488 1452 137 141 
3510 1343 1307 1308 1344 1487 1451 1452 1488 
3511 1342 1306 1307 1343 1486 1450 1451 1487 
3512 1341 1305 1306 1342 1485 1449 1450 1486 
3513 1340 1304 1305 1341 1484 1448 1449 1485 
3514 1339 1303 1304 1340 1483 1447 1448 1484 
3515 1338 1302 1303 1339 1482 1446 1447 1483 
3516 1337 1301 1302 1338 1481 1445 1446 1482 
3517 1336 1300 1301 1337 1480 1444 1445 1481 
3518 1335 1299 1300 1336 1479 1443 1444 1480 
3519 1334 1298 1299 1335 1478 1442 1443 1479 
3520 1333 1297 1298 1334 1477 1441 1442 1478 
3521 1332 1296 1297 1333 1476 1440 1441 1477 
3522 1331 1295 1296 1332 1475 1439 1440 1476 
3523 1330 1294 1295 1331 1474 1438 1439 1475 
3524 1329 1293 1294 1330 1473 1437 1438 1474 
3525 1328 1292 1293 1329 1472 1436 1437 1473 
3526 1327 1291 1292 1328 1471 1435 1436 1472 
3527 127 123 1291 1327 143 139 1435 1471 
3 72 5 1
3528 128 124 123 127 144 140 139 143 
3 73 5 1
3529 131 130 129 132 147 146 145 148 
3 74 5 19
3530 1380 1345 130 131 1524 1489 146 147 
3531 1379 1346 1345 1380 1523 1490 1489 1524 
3532 1378 1347 1346 1379 1522 1491 1490 1523 
3533 1377 1348 1347 1378 1521 1492 1491 1522 
3534 1376 1349 1348 1377 1520 1493 1492 1521 
3535 1375 1350 1349 1376 1519 1494 1493 1520 
3536 1374 1351 1350 1375 1518 1495 1494 1519 
3537 1373 1352 1351 1374 1517 1496 1495 1518 
3538 1372 1353 1352 1373 1516 1497 1496 1517 
3539 1371 1354 1353 1372 1515 1498 1497 1516 
3540 1370 1355 1354 1371 1514 1499 1498 1515 
3541 1369 1356 1355 1370 1513 1500 1499 1514 
3542 1368 1357 1356 1369 1512 1501 1500 1513 
3543 1367 1358 1357 1368 1511 1502 1501 1512 
3544 1366 1359 1358 1367 1510 1503 1502 1511 
3545 1365 1360 1359 1366 1509 1504 1503 1510 
3546 1364 1361 1360 1365 1508 1505 1504 1509 
3547 1363 1362 1361 1364 1507 1506 1505 1508 
3548 134 133 1362 1363 150 149 1506 1507 
3 75 5 1
3549 136 135 133 134 152 151 149 150 
3 76 5 19
3550 1381 131 132 1416 1525 147 148 1560 
3551 1382 1381 1416 1415 1526 1525 1560 1559 
3552 1383 1382 1415 1414 1527 1526 1559 1558 
3553 1384 1383 1414 1413 1528 1527 1558 1557 
3554 1385 1384 1413 1412 1529 1528 1557 1556 
3555 1386 1385 1412 1411 1530 1529 1556 1555 
3556 1387 1386 1411 1410 1531 1530 1555 1554 
3557 1388 1387 1410 1409 1532 1531 1554 1553 
3558 1389 1388 1409 1408 1533 1532 1553 1552 
3559 1390 1389 1408 1407 1534 1533 1552 1551 
3560 1391 1390 1407 1406 1535 1534 1551 1550 
3561 1392 1391 1406 1405 1536 1535 1550 1549 
3562 1393 1392 1405 1404 1537 1536 1549 1548 
3563 1394 1393 1404 1403 1538 1537 1548 1547 
3564 1395 1394 1403 1402 1539 1538 1547 1546 
3565 1396 1395 1402 1401 1540 1539 1546 1545 
3566 1397 1396 1401 1400 1541 1540 1545 1544 
3567 1398 1397 1400 1399 1542 1541 1544 1543 
3568 137 1398 1399 138 153 1542 1543 154 
3 77 5 361
3569 4513 1380 131 1381 4837 1524 147 1525 
3570 4514 4513 1381 1382 4838 4837 1525 1526 
3571 4515 4514 1382 1383 4839 4838 1526 1527 
3572 4516 4515 1383 1384 4840 4839 1527 1528 
3573 4517 4516 1384 1385 4841 4840 1528 1529 
3574 4518 4517 1385 1386 4842 4841 1529 1530 
3575 4519 4518 1386 1387 4843 4842 1530 1531 
3576 4520 4519 1387 1388 4844 4843 1531 1532 
3577 4521 4520 1388 1389 4845 4844 1532 1533 
3578 4522 4521 1389 1390 4846 4845 1533 1534 
3579 4523 4522 1390 1391 4847 4846 1534 1535 
3580 4524 4523 1391 1392 4848 4847 1535 1536 
3581 4525 4524 1392 1393 4849 4848 1536 1537 
3582 4526 4525 1393 1394 4850 4849 1537 1538 
3583 4527 4526 1394 1395 4851 4850 1538 1539 
3584 4528 4527 1395 1396 4852 4851 1539 1540 
3585 4529 4528 1396 1397 4853 4852 1540 1541 
3586 4530 4529 1397 1398 4854 4853 1541 1542 
3587 1452 4530 1398 137 1596 4854 1542 153 
3588 4531 1379 1380 4513 4855 1523 1524 4837 
3589 4532 4531 4513 4514 4856 4855 4837 4838 
3590 4533 4532 4514 4515 4857 4856 4838 4839 
3591 4534 4533 4515 4516 4858 4857 4839 4840 
3592 4535 4534 4516 4517 4859 4858 4840 4841 
3593 4536 4535 4517 4518 4860 4859 4841 4842 
3594 4537 4536 4518 4519 4861 4860 4842 4843 
3595 4538 4537 4519 4520 4862 4861 4843 4844 
3596 4539 4538 4520 4521 4863 4862 4844 4845 
3597 4540 4539 4521 4522 4864 4863 4845 4846 
3598 4541 4540 4522 4523 4865 4864 4846 4847 
3599 4542 4541 4523 4524 4866 4865 4847 4848 
3600 4543 4542 4524 4525 4867 4866 4848 4849 
3601 4544 4543 4525 4526 4868 4867 4849 4850 
3602 4545 4544 4526 4527 4869 4868 4850 4851 
3603 4546 4545 4527 4528 4870 4869 4851 4852 
3604 4547 4546 4528 4529 4871 4870 4852 4853 
3605 4548 4547 4529 4530 4872 4871 4853 4854 
3606 1451 4548 4530 1452 1595 4872 4854 1596 
3607 4549 1378 1379 4531 4873 1522 1523 4855 
3608 4550 4549 4531 4532 4874 4873 4855 4856 
3609 4551 4550 4532 4533 4875 4874 4856 4857 
3610 4552 4551 4533 4534 4876 4875 4857 4858 
3611 4553 4552 4534 4535 4877 4876 4858 4859 
3612 4554 4553 4535 4536 4878 4877 4859 4860 
3613 4555 4554 4536 4537 4879 4878 4860 4861 
3614 4556 4555 4537 4538 4880 4879 4861 4862 
3615 4557 4556 4538 4539 4881 4880 4862 4863 
3616 4558 4557 4539 4540 4882 4881 4863 4864 
3617 4559 4558 4540 4541 4883 4882 4864 4865 
3618 4560 4559 4541 4542 4884 4883 4865 4866 
3619 4561 4560 4542 4543 4885 4884 4866 4867 
3620 4562 4561 4543 4544 4886 4885 4867 4868 
3621 4563 4562 4544 4545 4887 4886 4868 4869 
3622 4564 4563 4545 4546 4888 4887 4869 4870 
3623 4565 4564 4546 4547 4889 4888 4870 4871 
3624 4566 4565 4547 4548 4890 4889 4871 4872 
3625 1450 4566 4548 1451 1594 4890 4872 1595 
3626 4567 1377 1378 4549 4891 1521 1522 4873 
3627 4568 4567 4549 4550 4892 4891 4873 4874 
3628 4569 4568 4550 4551 4893 4892 4874 4875 
3629 4570 4569 4551 4552 4894 4893 4875 4876 
3630 4571 4570 4552 4553 4895 4894 4876 4877 
3631 4572 4571 4553 4554 4896 4895 4877 4878 
3632 4573 4572 4554 4555 4897 4896 4878 4879 
3633 4574 4573 4555 4556 4898 4897 4879 4880 
3634 4575 4574 4556 4557 4899 4898 4880 4881 
3635 4576 4575 4557 4558 4900 4899 4881 4882 
3636 4577 4576 4558 4559 4901 4900 4882 4883 
3637 4578 4577 4559 4560 4902 4901 4883 4884 
3638 4579 4578 4560 4561 4903 4902 4884 4885 
3639 4580 4579 4561 4562 4904 4903 4885 4886 
3640 4581 4580 4562 4563 4905 4904 4886 4887 
3641 4582 4581 4563 4564 4906 4905 4887 4888 
3642 4583 4582 4564 4565 4907 4906 4888 4889 
3643 4584 4583 4565 4566 4908 4907 4889 4890 
3644 1449 4584 4566 1450 1593 4908 4890 1594 
3645 4585 1376 1377 4567 4909 1520 1521 4891 
3646 4586 4585 4567 4568 4910 4909 4891 4892 
3647 4587 4586 4568 4569 4911 4910 4892 4893 
3648 4588 4587 4569 4570 4912 4911 4893 4894 
3649 4589 4588 4570 4571 4913 4912 4894 4895 
3650 4590 4589 4571 4572 4914 4913 4895 4896 
3651 4591 4590 4572 4573 4915 4914 4896 4897 
3652 4592 4591 4573 4574 4916 4915 4897 4898 
3653 4593 4592 4574 4575 4917 4916 4898 4899 
3654 4594 4593 4575 4576 4918 4917 4899 4900 
3655 4595 4594 4576 4577 4919 4918 4900 4901 
3656 4596 4595 4577 4578 4920 4919 4901 4902 
3657 4597 4596 4578 4579 4921 4920 4902 4903 
3658 4598 4597 4579 4580 4922 4921 4903 4904 
3659 4599 4598 4580 4581 4923 4922 4904 4905 
3660 4600 4599 4581 4582 4924 4923 4905 4906 
3661 4601 4600 4582 4583 4925 4924 4906 4907 
3662 4602 4601 4583 4584 4926 4925 4907 4908 
3663 1448 4602 4584 1449 1592 4926 4908 1593 
3664 4603 1375 1376 4585 4927 1519 1520 4909 
3665 4604 4603 4585 4586 4928 4927 4909 4910 
3666 4605 4604 4586 4587 4929 4928 4910 4911 
3667 4606 4605 4587 4588 4930 4929 4911 4912 
3668 4607 4606 4588 4589 4931 4930 4912 4913 
3669 4608 4607 4589 4590 4932 4931 4913 4914 
3670 4609 4608 4590 4591 4933 4932 4914 4915 
3671 4610 4609 4591 4592 4934 4933 4915 4916 
3672 4611 4610 4592 4593 4935 4934 4916 4917 
3673 4612 4611 4593 4594 4936 4935 4917 4918 
3674 4613 4612 4594 4595 4937 4936 4918 4919 
3675 4614 4613 4595 4596 4938 4937 4919 4920 
3676 4615 4614 4596 4597 4939 4938 4920 4921 
3677 4616 4615 4597 4598 4940 4939 4921 4922 
3678 4617 4616 4598 4599 4941 4940 4922 4923 
3679 4618 4617 4599 4600 4942 4941 4923 4924 
3680 4619 4618 4600 4601 4943 4942 4924 4925 
3681 4620 4619 4601 4602 4944 4943 4925 4926 
3682 1447 4620 4602 1448 1591 4944 4926 1592 
3683 4621 1374 1375 4603 4945 1518 1519 4927 
3684 4622 4621 4603 4604 4946 4945 4927 4928 
3685 4623 4622 4604 4605 4947 4946 4928 4929 
3686 4624 4623 4605 4606 4948 4947 4929 4930 
3687 4625 4624 4606 4607 4949 4948 4930 4931 
3688 4626 4625 4607 4608 4950 4949 4931 4932 
3689 4627 4626 4608 4609 4951 4950 4932 4933 
3690 4628 4627 4609 4610 4952 4951 4933 4934 
3691 4629 4628 4610 4611 4953 4952 4934 4935 
3692 4630 4629 4611 4612 4954 4953 4935 4936 
3693 4631 4630 4612 4613 4955 4954 4936 4937 
3694 4632 4631 4613 4614 4956 4955 4937 4938 
3695 4633 4632 4614 4615 4957 4956 4938 4939 
3696 4634 4633 4615 4616 4958 4957 4939 4940 
3697 4635 4634 4616 4617 4959 4958 4940 4941 
3698 4636 4635 4617 4618 4960 4959 4941 4942 
3699 4637 4636 4618 4619 4961 4960 4942 4943 
3700 4638 4637 4619 4620 4962 4961 4943 4944 
3701 1446 4638 4620 1447 1590 4962 4944 1591 
3702 4639 1373 1374 4621 4963 1517 1518 4945 
3703 4640 4639 4621 4622 4964 4963 4945 4946 
3704 4641 4640 4622 4623 4965 4964 4946 4947 
3705 4642 4641 4623 4624 4966 4965 4947 4948 
3706 4643 4642 4624 4625 4967 4966 4948 4949 
3707 4644 4643 4625 4626 4968 4967 4949 4950 
3708 4645 4644 4626 4627 4969 4968 4950 4951 
3709 4646 4645 4627 4628 4970 4969 4951 4952 
3710 4647 4646 4628 4629 4971 4970 4952 4953 
3711 4648 4647 4629 4630 4972 4971 4953 4954 
3712 4649 4648 4630 4631 4973 4972 4954 4955 
3713 4650 4649 4631 4632 4974 4973 4955 4956 
3714 4651 4650 4632 4633 4975 4974 4956 4957 
3715 4652 4651 4633 4634 4976 4975 4957 4958 
3716 4653 4652 4634 4635 4977 4976 4958 4959 
3717 4654 4653 4635 4636 4978 4977 4959 4960 
3718 4655 4654 4636 4637 4979 4978 4960 4961 
3719 4656 4655 4637 4638 4980 4979 4961 4962 
3720 1445 4656 4638 1446 1589 4980 4962 1590 
3721 4657 1372 1373 4639 4981 1516 1517 4963 
3722 4658 4657 4639 4640 4982 4981 4963 4964 
3723 4659 4658 4640 4641 4983 4982 4964 4965 
3724 4660 4659 4641 4642 4984 4983 4965 4966 
3725 4661 4660 4642 4643 4985 4984 4966 4967 
3726 4662 4661 4643 4644 4986 4985 4967 4968 
3727 4663 4662 4644 4645 4987 4986 4968 4969 
3728 4664 4663 4645 4646 4988 4987 4969 4970 
3729 4665 4664 4646 4647 4989 4988 4970 4971 
3730 4666 4665 4647 4648 4990 4989 4971 4972 
3731 4667 4666 4648 4649 4991 4990 4972 4973 
3732 4668 4667 4649 4650 4992 4991 4973 4974 
3733 4669 4668 4650 4651 4993 4992 4974 4975 
3734 4670 4669 4651 4652 4994 4993 4975 4976 
3735 4671 4670 4652 4653 4995 4994 4976 4977 
3736 4672 4671 4653 4654 4996 4995 4977 4978 
3737 4673 4672 4654 4655 4997 4996 4978 4979 
3738 4674 4673 4655 4656 4998 4997 4979 4980 
3739 1444 4674 4656 1445 1588 4998 4980 1589 
3740 4675 1371 1372 4657 4999 1515 1516 4981 
3741 4676 4675 4657 4658 5000 4999 4981 4982 
3742 4677 4676 4658 4659 5001 5000 4982 4983 
3743 4678 4677 4659 4660 5002 5001 4983 4984 
3744 4679 4678 4660 4661 5003 5002 4984 4985 
3745 4680 4679 4661 4662 5004 5003 4985 4986 
3746 4681 4680 4662 4663 5005 5004 4986 4987 
3747 4682 4681 4663 4664 5006 5005 4987 4988 
3748 4683 4682 4664 4665 5007 5006 4988 4989 
3749 4684 4683 4665 4666 5008 5007 4989 4990 
3750 4685 4684 4666 4667 5009 5008 4990 4991 
3751 4686 4685 4667 4668 5010 5009 4991 4992 
3752 4687 4686 4668 4669 5011 5010 4992 4993 
3753 4688 4687 4669 4670 5012 5011 4993 4994 
3754 4689 4688 4670 4671 5013 5012 4994 4995 
3755 4690 4689 4671 4672 5014 5013 4995 4996 
3756 4691 4690 4672 4673 5015 5014 4996 4997 
3757 4692 4691 4673 4674 5016 5015 4997 4998 
3758 1443 4692 4674 1444 1587 5016 4998 1588 
3759 4693 1370 1371 4675 5017 1514 1515 4999 
3760 4694 4693 4675 4676 5018 5017 4999 5000 
3761 4695 4694 4676 4677 5019 5018 5000 5001 
3762 4696 4695 4677 4678 5020 5019 5001 5002 
3763 4697 4696 4678 4679 5021 5020 5002 5003 
3764 4698 4697 4679 4680 5022 5021 5003 5004 
3765 4699 4698 4680 4681 5023 5022 5004 5005 
3766 4700 4699 4681 4682 5024 5023 5005 5006 
3767 4701 4700 4682 4683 5025 5024 5006 5007 
3768 4702 4701 4683 4684 5026 5025 5007 5008 
3769 4703 4702 4684 4685 5027 5026 5008 5009 
3770 4704 4703 4685 4686 5028 5027 5009 5010 
3771 4705 4704 4686 4687 5029 5028 5010 5011 
3772 4706 4705 4687 4688 5030 5029 5011 5012 
3773 4707 4706 4688 4689 5031 5030 5012 5013 
3774 4708 4707 4689 4690 5032 5031 5013 5014 
3775 4709 4708 4690 4691 5033 5032 5014 5015 
3776 4710 4709 4691 4692 5034 5033 5015 5016 
3777 1442 4710 4692 1443 1586 5034 5016 1587 
3778 4711 1369 1370 4693 5035 1513 1514 5017 
3779 4712 4711 4693 4694 5036 5035 5017 5018 
3780 4713 4712 4694 4695 5037 5036 5018 5019 
3781 4714 4713 4695 4696 5038 5037 5019 5020 
3782 4715 4714 4696 4697 5039 5038 5020 5021 
3783 4716 4715 4697 4698 5040 5039 5021 5022 
3784 4717 4716 4698 4699 5041 5040 5022 5023 
3785 4718 4717 4699 4700 5042 5041 5023 5024 
3786 4719 4718 4700 4701 5043 5042 5024 5025 
3787 4720 4719 4701 4702 5044 5043 5025 5026 
3788 4721 4720 4702 4703 5045 5044 5026 5027 
3789 4722 4721 4703 4704 5046 5045 5027 5028 
3790 4723 4722 4704 4705 5047 5046 5028 5029 
3791 4724 4723 4705 4706 5048 5047 5029 5030 
3792 4725 4724 4706 4707 5049 5048 5030 5031 
3793 4726 4725 4707 4708 5050 5049 5031 5032 
3794 4727 4726 4708 4709 5051 5050 5032 5033 
3795 4728 4727 4709 4710 5052 5051 5033 5034 
3796 1441 4728 4710 1442 1585 5052 5034 1586 
3797 4729 1368 1369 4711 5053 1512 1513 5035 
3798 4730 4729 4711 4712 5054 5053 5035 5036 
3799 4731 4730 4712 4713 5055 5054 5036 5037 
3800 4732 4731 4713 4714 5056 5055 5037 5038 
3801 4733 4732 4714 4715 5057 5056 5038 5039 
3802 4734 4733 4715 4716 5058 5057 5039 5040 
3803 4735 4734 4716 4717 5059 5058 5040 5041 
3804 4736 4735 4717 4718 5060 5059 5041 5042 
3805 4737 4736 4718 4719 5061 5060 5042 5043 
3806 4738 4737 4719 4720 5062 5061 5043 5044 
3807 4739 4738 4720 4721 5063 5062 5044 5045 
3808 4740 4739 4721 4722 5064 5063 5045 5046 
3809 4741 4740 4722 4723 5065 5064 5046 5047 
3810 4742 4741 4723 4724 5066 5065 5047 5048 
3811 4743 4742 4724 4725 5067 5066 5048 5049 
3812 4744 4743 4725 4726 5068 5067 5049 5050 
3813 4745 4744 4726 4727 5069 5068 5050 5051 
3814 4746 4745 4727 4728 5070 5069 5051 5052 
3815 1440 4746 4728 1441 1584 5070 5052 1585 
3816 4747 1367 1368 4729 5071 1511 1512 5053 
3817 4748 4747 4729 4730 5072 5071 5053 5054 
3818 4749 4748 4730 4731 5073 5072 5054 5055 
3819 4750 4749 4731 4732 5074 5073 5055 5056 
3820 4751 4750 4732 4733 5075 5074 5056 5057 
3821 4752 4751 4733 4734 5076 5075 5057 5058 
3822 4753 4752 4734 4735 5077 5076 5058 5059 
3823 4754 4753 4735 4736 5078 5077 5059 5060 
3824 4755 4754 4736 4737 5079 5078 5060 5061 
3825 4756 4755 4737 4738 5080 5079 5061 5062 
3826 4757 4756 4738 4739 5081 5080 5062 5063 
3827 4758 4757 4739 4740 5082 5081 5063 5064 
3828 4759 4758 4740 4741 5083 5082 5064 5065 
3829 4760 4759 4741 4742 5084 5083 5065 5066 
3830 4761 4760 4742 4743 5085 5084 5066 5067 
3831 4762 4761 4743 4744 5086 5085 5067 5068 
3832 4763 4762 4744 4745 5087 5086 5068 5069 
3833 4764 4763 4745 4746 5088 5087 5069 5070 
3834 1439 4764 4746 1440 1583 5088 5070 1584 
3835 4765 1366 1367 4747 5089 1510 1511 5071 
3836 4766 4765 4747 4748 5090 5089 5071 5072 
3837 4767 4766 4748 4749 5091 5090 5072 5073 
3838 4768 4767 4749 4750 5092 5091 5073 5074 
3839 4769 4768 4750 4751 5093 5092 5074 5075 
3840 4770 4769 4751 4752 5094 5093 5075 5076 
3841 4771 4770 4752 4753 5095 5094 5076 5077 
3842 4772 4771 4753 4754 5096 5095 5077 5078 
3843 4773 4772 4754 4755 5097 5096 5078 5079 
3844 4774 4773 4755 4756 5098 5097 5079 5080 
3845 4775 4774 4756 4757 5099 5098 5080 5081 
3846 4776 4775 4757 4758 5100 5099 5081 5082 
3847 4777 4776 4758 4759 5101 5100 5082 5083 
3848 4778 4777 4759 4760 5102 5101 5083 5084 
3849 4779 4778 4760 4761 5103 5102 5084 5085 
3850 4780 4779 4761 4762 5104 5103 5085 5086 
3851 4781 4780 4762 4763 5105 5104 5086 5087 
3852 4782 4781 4763 4764 5106 5105 5087 5088 
3853 1438 4782 4764 1439 1582 5106 5088 1583 
3854 4783 1365 1366 4765 5107 1509 1510 5089 
3855 4784 4783 4765 4766 5108 5107 5089 5090 
3856 4785 4784 4766 4767 5109 5108 5090 5091 
3857 4786 4785 4767 4768 5110 5109 5091 5092 
3858 4787 4786 4768 4769 5111 5110 5092 5093 
3859 4788 4787 4769 4770 5112 5111 5093 5094 
3860 4789 4788 4770 4771 5113 5112 5094 5095 
3861 4790 4789 4771 4772 5114 5113 5095 5096 
3862 4791 4790 4772 4773 5115 5114 5096 5097 
3863 4792 4791 4773 4774 5116 5115 5097 5098 
3864 4793 4792 4774 4775 5117 5116 5098 5099 
3865 4794 4793 4775 4776 5118 5117 5099 5100 
3866 4795 4794 4776 4777 5119 5118 5100 5101 
3867 4796 4795 4777 4778 5120 5119 5101 5102 
3868 4797 4796 4778 4779 5121 5120 5102 5103 
3869 4798 4797 4779 4780 5122 5121 5103 5104 
3870 4799 4798 4780 4781 5123 5122 5104 5105 
3871 4800 4799 4781 4782 5124 5123 5105 5106 
3872 1437 4800 4782 1438 1581 5124 5106 1582 
3873 4801 1364 1365 4783 5125 1508 1509 5107 
3874 4802 4801 4783 4784 5126 5125 5107 5108 
3875 4803 4802 4784 4785 5127 5126 5108 5109 
3876 4804 4803 4785 4786 5128 5127 5109 5110 
3877 4805 4804 4786 4787 5129 5128 5110 5111 
3878 4806 4805 4787 4788 5130 5129 5111 5112 
3879 4807 4806 4788 4789 5131 5130 5112 5113 
3880 4808 4807 4789 4790 5132 5131 5113 5114 
3881 4809 4808 4790 4791 5133 5132 5114 5115 
3882 4810 4809 4791 4792 5134 5133 5115 5116 
3883 4811 4810 4792 4793 5135 5134 5116 5117 
3884 4812 4811 4793 4794 5136 5135 5117 5118 
3885 4813 4812 4794 4795 5137 5136 5118 5119 
3886 4814 4813 4795 4796 5138 5137 5119 5120 
3887 4815 4814 4796 4797 5139 5138 5120 5121 
3888 4816 4815 4797 4798 5140 5139 5121 5122 
3889 4817 4816 4798 4799 5141 5140 5122 5123 
3890 4818 4817 4799 4800 5142 5141 5123 5124 
3891 1436 4818 4800 1437 1580 5142 5124 1581 
3892 4819 1363 1364 4801 5143 1507 1508 5125 
3893 4820 4819 4801 4802 5144 5143 5125 5126 
3894 4821 4820 4802 4803 5145 5144 5126 5127 
3895 4822 4821 4803 4804 5146 5145 5127 5128 
3896 4823 4822 4804 4805 5147 5146 5128 5129 
3897 4824 4823 4805 4806 5148 5147 5129 5130 
3898 4825 4824 4806 4807 5149 5148 5130 5131 
3899 4826 4825 4807 4808 5150 5149 5131 5132 
3900 4827 4826 4808 4809 5151 5150 5132 5133 
3901 4828 4827 4809 4810 5152 5151 5133 5134 
3902 4829 4828 4810 4811 5153 5152 5134 5135 
3903 4830 4829 4811 4812 5154 5153 5135 5136 
3904 4831 4830 4812 4813 5155 5154 5136 5137 
3905 4832 4831 4813 4814 5156 5155 5137 5138 
3906 4833 4832 4814 4815 5157 5156 5138 5139 
3907 4834 4833 4815 4816 5158 5157 5139 5140 
3908 4835 4834 4816 4817 5159 5158 5140 5141 
3909 4836 4835 4817 4818 5160 5159 5141 5142 
3910 1435 4836 4818 1436 1579 5160 5142 1580 
3911 1417 134 1363 4819 1561 150 1507 5143 
3912 1418 1417 4819 4820 1562 1561 5143 5144 
3913 1419 1418 4820 4821 1563 1562 5144 5145 
3914 1420 1419 4821 4822 1564 1563 5145 5146 
3915 1421 1420 4822 4823 1565 1564 5146 5147 
3916 1422 1421 4823 4824 1566 1565 5147 5148 
3917 1423 1422 4824 4825 1567 1566 5148 5149 
3918 1424 1423 4825 4826 1568 1567 5149 5150 
3919 1425 1424 4826 4827 1569 1568 5150 5151 
3920 1426 1425 4827 4828 1570 1569 5151 5152 
3921 1427 1426 4828 4829 1571 1570 5152 5153 
3922 1428 1427 4829 4830 1572 1571 5153 5154 
3923 1429 1428 4830 4831 1573 1572 5154 5155 
3924 1430 1429 4831 4832 1574 1573 5155 5156 
3925 1431 1430 4832 4833 1575 1574 5156 5157 
3926 1432 1431 4833 4834 1576 1575 5157 5158 
3927 1433 1432 4834 4835 1577 1576 5158 5159 
3928 1434 1433 4835 4836 1578 1577 5159 5160 
3929 139 1434 4836 1435 155 1578 5160 1579 
3 78 5 19
3930 1453 136 134 1417 1597 152 150 1561 
3931 1454 1453 1417 1418 1598 1597 1561 1562 
3932 1455 1454 1418 1419 1599 1598 1562 1563 
3933 1456 1455 1419 1420 1600 1599 1563 1564 
3934 1457 1456 1420 1421 1601 1600 1564 1565 
3935 1458 1457 1421 1422 1602 1601 1565 1566 
3936 1459 1458 1422 1423 1603 1602 1566 1567 
3937 1460 1459 1423 1424 1604 1603 1567 1568 
3938 1461 1460 1424 1425 1605 1604 1568 1569 
3939 1462 1461 1425 1426 1606 1605 1569 1570 
3940 1463 1462 1426 1427 1607 1606 1570 1571 
3941 1464 1463 1427 1428 1608 1607 1571 1572 
3942 1465 1464 1428 1429 1609 1608 1572 1573 
3943 1466 1465 1429 1430 1610 1609 1573 1574 
3944 1467 1466 1430 1431 1611 1610 1574 1575 
3945 1468 1467 1431 1432 1612 1611 1575 1576 
3946 1469 1468 1432 1433 1613 1612 1576 1577 
3947 1470 1469 1433 1434 1614 1613 1577 1578 
3948 140 1470 1434 139 156 1614 1578 155 
3 79 5 1
3949 141 137 138 142 157 153 154 158 
3 80 5 19
3950 1488 1452 137 141 1632 1596 153 157 
3951 1487 1451 1452 1488 1631 1595 1596 1632 
3952 1486 1450 1451 1487 1630 1594 1595 1631 
3953 1485 1449 1450 1486 1629 1593 1594 1630 
3954 1484 1448 1449 1485 1628 1592 1593 1629 
3955 1483 1447 1448 1484 1627 1591 1592 1628 
3956 1482 1446 1447 1483 1626 1590 1591 1627 
3957 1481 1445 1446 1482 1625 1589 1590 1626 
3958 1480 1444 1445 1481 1624 1588 1589 1625 
3959 1479 1443 1444 1480 1623 1587 1588 1624 
3960 1478 1442 1443 1479 1622 1586 1587 1623 
3961 1477 1441 1442 1478 1621 1585 1586 1622 
3962 1476 1440 1441 1477 1620 1584 1585 1621 
3963 1475 1439 1440 1476 1619 1583 1584 1620 
3964 1474 1438 1439 1475 1618 1582 1583 1619 
3965 1473 1437 1438 1474 1617 1581 1582 1618 
3966 1472 1436 1437 1473 1616 1580 1581 1617 
3967 1471 1435 1436 1472 1615 1579 1580 1616 
3968 143 139 1435 1471 159 155 1579 1615 
3 81 5 1
3969 144 140 139 143 160 156 155 159 
3 82 5 1
3970 147 146 145 148 163 162 161 164 
3 83 5 19
3971 1524 1489 146 147 1668 1633 162 163 
3972 1523 1490 1489 1524 1667 1634 1633 1668 
3973 1522 1491 1490 1523 1666 1635 1634 1667 
3974 1521 1492 1491 1522 1665 1636 1635 1666 
3975 1520 1493 1492 1521 1664 1637 1636 1665 
3976 1519 1494 1493 1520 1663 1638 1637 1664 
3977 1518 1495 1494 1519 1662 1639 1638 1663 
3978 1517 1496 1495 1518 1661 1640 1639 1662 
3979 1516 1497 1496 1517 1660 1641 1640 1661 
3980 1515 1498 1497 1516 1659 1642 1641 1660 
3981 1514 1499 1498 1515 1658 1643 1642 1659 
3982 1513 1500 1499 1514 1657 1644 1643 1658 
3983 1512 1501 1500 1513 1656 1645 1644 1657 
3984 1511 1502 1501 1512 1655 1646 1645 1656 
3985 1510 1503 1502 1511 1654 1647 1646 1655 
3986 1509 1504 1503 1510 1653 1648 1647 1654 
3987 1508 1505 1504 1509 1652 1649 1648 1653 
3988 1507 1506 1505 1508 1651 1650 1649 1652 
3989 150 149 1506 1507 166 165 1650 1651 
3 84 5 1
3990 152 151 149 150 168 167 165 166 
3 85 5 19
3991 1525 147 148 1560 1669 163 164 1704 
3992 1526 1525 1560 1559 1670 1669 1704 1703 
3993 1527 1526 1559 1558 1671 1670 1703 1702 
3994 1528 1527 1558 1557 1672 1671 1702 1701 
3995 1529 1528 1557 1556 1673 1672 1701 1700 
3996 1530 1529 1556 1555 1674 1673 1700 1699 
3997 1531 1530 1555 1554 1675 1674 1699 1698 
3998 1532 1531 1554 1553 1676 1675 1698 1697 
3999 1533 1532 1553 1552 1677 1676 1697 1696 
4000 1534 1533 1552 1551 1678 1677 1696 1695 
4001 1535 1534 1551 1550 1679 1678 1695 1694 
4002 1536 1535 1550 1549 1680 1679 1694 1693 
4003 1537 1536 1549 1548 1681 1680 1693 1692 
4004 1538 1537 1548 1547 1682 1681 1692 1691 
4005 1539 1538 1547 1546 1683 1682 1691 1690 
4006 1540 1539 1546 1545 1684 1683 1690 1689 
4007 1541 1540 1545 1544 1685 1684 1689 1688 
4008 1542 1541 1544 1543 1686 1685 1688 1687 
4009 153 1542 1543 154 169 1686 1687 170 
3 86 5 361
4010 4837 1524 147 1525 5161 1668 163 1669 
4011 4838 4837 1525 1526 5162 5161 1669 1670 
4012 4839 4838 1526 1527 5163 5162 1670 1671 
4013 4840 4839 1527 1528 5164 5163 1671 1672 
4014 4841 4840 1528 1529 5165 5164 1672 1673 
4015 4842 4841 1529 1530 5166 5165 1673 1674 
4016 4843 4842 1530 1531 5167 5166 1674 1675 
4017 4844 4843 1531 1532 5168 5167 1675 1676 
4018 4845 4844 1532 1533 5169 5168 1676 1677 
4019 4846 4845 1533 1534 5170 5169 1677 1678 
4020 4847 4846 1534 1535 5171 5170 1678 1679 
4021 4848 4847 1535 1536 5172 5171 1679 1680 
4022 4849 4848 1536 1537 5173 5172 1680 1681 
4023 4850 4849 1537 1538 5174 5173 1681 1682 
4024 4851 4850 1538 1539 5175 5174 1682 1683 
4025 4852 4851 1539 1540 5176 5175 1683 1684 
4026 4853 4852 1540 1541 5177 5176 1684 1685 
4027 4854 4853 1541 1542 5178 5177 1685 1686 
4028 1596 4854 1542 153 1740 5178 1686 169 
4029 4855 1523 1524 4837 5179 1667 1668 5161 
4030 4856 4855 4837 4838 5180 5179 5161 5162 
4031 4857 4856 4838 4839 5181 5180 5162 5163 
4032 4858 4857 4839 4840 5182 5181 5163 5164 
4033 4859 4858 4840 4841 5183 5182 5164 5165 
4034 4860 4859 4841 4842 5184 5183 5165 5166 
4035 4861 4860 4842 4843 5185 5184 5166 5167 
4036 4862 4861 4843 4844 5186 5185 5167 5168 
4037 4863 4862 4844 4845 5187 5186 5168 5169 
4038 4864 4863 4845 4846 5188 5187 5169 5170 
4039 4865 4864 4846 4847 5189 5188 5170 5171 
4040 4866 4865 4847 4848 5190 5189 5171 5172 
4041 4867 4866 4848 4849 5191 5190 5172 5173 
4042 4868 4867 4849 4850 5192 5191 5173 5174 
4043 4869 4868 4850 4851 5193 5192 5174 5175 
4044 4870 4869 4851 4852 5194 5193 5175 5176 
4045 4871 4870 4852 4853 5195 5194 5176 5177 
4046 4872 4871 4853 4854 5196 5195 5177 5178 
4047 1595 4872 4854 1596 1739 5196 5178 1740 
4048 4873 1522 1523 4855 5197 1666 1667 5179 
4049 4874 4873 4855 4856 5198 5197 5179 5180 
4050 4875 4874 4856 4857 5199 5198 5180 5181 
4051 4876 4875 4857 4858 5200 5199 5181 5182 
4052 4877 4876 4858 4859 5201 5200 5182 5183 
4053 4878 4877 4859 4860 5202 5201 5183 5184 
4054 4879 4878 4860 4861 5203 5202 5184 5185 
4055 4880 4879 4861 4862 5204 5203 5185 5186 
4056 4881 4880 4862 4863 5205 5204 5186 5187 
4057 4882 4881 4863 4864 5206 5205 5187 5188 
4058 4883 4882 4864 4865 5207 5206 5188 5189 
4059 4884 4883 4865 4866 5208 5207 5189 5190 
4060 4885 4884 4866 4867 5209 5208 5190 5191 
4061 4886 4885 4867 4868 5210 5209 5191 5192 
4062 4887 4886 4868 4869 5211 5210 5192 5193 
4063 4888 4887 4869 4870 5212 5211 5193 5194 
4064 4889 4888 4870 4871 5213 5212 5194 5195 
4065 4890 4889 4871 4872 5214 5213 5195 5196 
4066 1594 4890 4872 1595 1738 5214 5196 1739 
4067 4891 1521 1522 4873 5215 1665 1666 5197 
4068 4892 4891 4873 4874 5216 5215 5197 5198 
4069 4893 4892 4874 4875 5217 5216 5198 5199 
4070 4894 4893 4875 4876 5218 5217 5199 5200 
4071 4895 4894 4876 4877 5219 5218 5200 5201 
4072 4896 4895 4877 4878 5220 5219 5201 5202 
4073 4897 4896 4878 4879 5221 5220 5202 5203 
4074 4898 4897 4879 4880 5222 5221 5203 5204 
4075 4899 4898 4880 4881 5223 5222 5204 5205 
4076 4900 4899 4881 4882 5224 5223 5205 5206 
4077 4901 4900 4882 4883 5225 5224 5206 5207 
4078 4902 4901 4883 4884 5226 5225 5207 5208 
4079 4903 4902 4884 4885 5227 5226 5208 5209 
4080 4904 4903 4885 4886 5228 5227 5209 5210 
4081 4905 4904 4886 4887 5229 5228 5210 5211 
4082 4906 4905 4887 4888 5230 5229 5211 5212 
4083 4907 4906 4888 4889 5231 5230 5212 5213 
4084 4908 4907 4889 4890 5232 5231 5213 5214 
4085 1593 4908 4890 1594 1737 5232 5214 1738 
4086 4909 1520 1521 4891 5233 1664 1665 5215 
4087 4910 4909 4891 4892 5234 5233 5215 5216 
4088 4911 4910 4892 4893 5235 5234 5216 5217 
4089 4912 4911 4893 4894 5236 5235 5217 5218 
4090 4913 4912 4894 4895 5237 5236 5218 5219 
4091 4914 4913 4895 4896 5238 5237 5219 5220 
4092 4915 4914 4896 4897 5239 5238 5220 5221 
4093 4916 4915 4897 4898 5240 5239 5221 5222 
4094 4917 4916 4898 4899 5241 5240 5222 5223 
4095 4918 4917 4899 4900 5242 5241 5223 5224 
4096 4919 4918 4900 4901 5243 5242 5224 5225 
4097 4920 4919 4901 4902 5244 5243 5225 5226 
4098 4921 4920 4902 4903 5245 5244 5226 5227 
4099 4922 4921 4903 4904 5246 5245 5227 5228 
4100 4923 4922 4904 4905 5247 5246 5228 5229 
4101 4924 4923 4905 4906 5248 5247 5229 5230 
4102 4925 4924 4906 4907 5249 5248 5230 5231 
4103 4926 4925 4907 4908 5250 5249 5231 5232 
4104 1592 4926 4908 1593 1736 5250 5232 1737 
4105 4927 1519 1520 4909 5251 1663 1664 5233 
4106 4928 4927 4909 4910 5252 5251 5233 5234 
4107 4929 4928 4910 4911 5253 5252 5234 5235 
4108 4930 4929 4911 4912 5254 5253 5235 5236 
4109 4931 4930 4912 4913 5255 5254 5236 5237 
4110 4932 4931 4913 4914 5256 5255 5237 5238 
4111 4933 4932 4914 4915 5257 5256 5238 5239 
4112 4934 4933 4915 4916 5258 5257 5239 5240 
4113 4935 4934 4916 4917 5259 5258 5240 5241 
4114 4936 4935 4917 4918 5260 5259 5241 5242 
4115 4937 4936 4918 4919 5261 5260 5242 5243 
4116 4938 4937 4919 4920 5262 5261 5243 5244 
4117 4939 4938 4920 4921 5263 5262 5244 5245 
4118 4940 4939 4921 4922 5264 5263 5245 5246 
4119 4941 4940 4922 4923 5265 5264 5246 5247 
4120 4942 4941 4923 4924 5266 5265 5247 5248 
4121 4943 4942 4924 4925 5267 5266 5248 5249 
4122 4944 4943 4925 4926 5268 5267 5249 5250 
4123 1591 4944 4926 1592 1735 5268 5250 1736 
4124 4945 1518 1519 4927 5269 1662 1663 5251 
4125 4946 4945 4927 4928 5270 5269 5251 5252 
4126 4947 4946 4928 4929 5271 5270 5252 5253 
4127 4948 4947 4929 4930 5272 5271 5253 5254 
4128 4949 4948 4930 4931 5273 5272 5254 5255 
4129 4950 4949 4931 4932 5274 5273 5255 5256 
4130 4951 4950 4932 4933 5275 5274 5256 5257 
4131 4952 4951 4933 4934 5276 5275 5257 5258 
4132 4953 4952 4934 4935 5277 5276 5258 5259 
4133 4954 4953 4935 4936 5278 5277 5259 5260 
4134 4955 4954 4936 4937 5279 5278 5260 5261 
4135 4956 4955 4937 4938 5280 5279 5261 5262 
4136 4957 4956 4938 4939 5281 5280 5262 5263 
4137 4958 4957 4939 4940 5282 5281 5263 5264 
4138 4959 4958 4940 4941 5283 5282 5264 5265 
4139 4960 4959 4941 4942 5284 5283 5265 5266 
4140 4961 4960 4942 4943 5285 5284 5266 5267 
4141 4962 4961 4943 4944 5286 5285 5267 5268 
4142 1590 4962 4944 1591 1734 5286 5268 1735 
4143 4963 1517 1518 4945 5287 1661 1662 5269 
4144 4964 4963 4945 4946 5288 5287 5269 5270 
4145 4965 4964 4946 4947 5289 5288 5270 5271 
4146 4966 4965 4947 4948 5290 5289 5271 5272 
4147 4967 4966 4948 4949 5291 5290 5272 5273 
4148 4968 4967 4949 4950 5292 5291 5273 5274 
4149 4969 4968 4950 4951 5293 5292 5274 5275 
4150 4970 4969 4951 4952 5294 5293 5275 5276 
4151 4971 4970 4952 4953 5295 5294 5276 5277 
4152 4972 4971 4953 4954 5296 5295 5277 5278 
4153 4973 4972 4954 4955 5297 5296 5278 5279 
4154 4974 4973 4955 4956 5298 5297 5279 5280 
4155 4975 4974 4956 4957 5299 5298 5280 5281 
4156 4976 4975 4957 4958 5300 5299 5281 5282 
4157 4977 4976 4958 4959 5301 5300 5282 5283 
4158 4978 4977 4959 4960 5302 5301 5283 5284 
4159 4979 4978 4960 4961 5303 5302 5284 5285 
4160 4980 4979 4961 4962 5304 5303 5285 5286 
4161 1589 4980 4962 1590 1733 5304 5286 1734 
4162 4981 1516 1517 4963 5305 1660 1661 5287 
4163 4982 4981 4963 4964 5306 5305 5287 5288 
4164 4983 4982 4964 4965 5307 5306 5288 5289 
4165 4984 4983 4965 4966 5308 5307 5289 5290 
4166 4985 4984 4966 4967 5309 5308 5290 5291 
4167 4986 4985 4967 4968 5310 5309 5291 5292 
4168 4987 4986 4968 4969 5311 5310 5292 5293 
4169 4988 4987 4969 4970 5312 5311 5293 5294 
4170 4989 4988 4970 4971 5313 5312 5294 5295 
4171 4990 4989 4971 4972 5314 5313 5295 5296 
4172 4991 4990 4972 4973 5315 5314 5296 5297 
4173 4992 4991 4973 4974 5316 5315 5297 5298 
4174 4993 4992 4974 4975 5317 5316 5298 5299 
4175 4994 4993 4975 4976 5318 5317 5299 5300 
4176 4995 4994 4976 4977 5319 5318 5300 5301 
4177 4996 4995 4977 4978 5320 5319 5301 5302 
4178 4997 4996 4978 4979 5321 5320 5302 5303 
4179 4998 4997 4979 4980 5322 5321 5303 5304 
4180 1588 4998 4980 1589 1732 5322 5304 1733 
4181 4999 1515 1516 4981 5323 1659 1660 5305 
4182 5000 4999 4981 4982 5324 5323 5305 5306 
4183 5001 5000 4982 4983 5325 5324 5306 5307 
4184 5002 5001 4983 4984 5326 5325 5307 5308 
4185 5003 5002 4984 4985 5327 5326 5308 5309 
4186 5004 5003 4985 4986 5328 5327 5309 5310 
4187 5005 5004 4986 4987 5329 5328 5310 5311 
4188 5006 5005 4987 4988 5330 5329 5311 5312 
4189 5007 5006 4988 4989 5331 5330 5312 5313 
4190 5008 5007 4989 4990 5332 5331 5313 5314 
4191 5009 5008 4990 4991 5333 5332 5314 5315 
4192 5010 5009 4991 4992 5334 5333 5315 5316 
4193 5011 5010 4992 4993 5335 5334 5316 5317 
4194 5012 5011 4993 4994 5336 5335 5317 5318 
4195 5013 5012 4994 4995 5337 5336 5318 5319 
4196 5014 5013 4995 4996 5338 5337 5319 5320 
4197 5015 5014 4996 4997 5339 5338 5320 5321 
4198 5016 5015 4997 4998 5340 5339 5321 5322 
4199 1587 5016 4998 1588 1731 5340 5322 1732 
4200 5017 1514 1515 4999 5341 1658 1659 5323 
4201 5018 5017 4999 5000 5342 5341 5323 5324 
4202 5019 5018 5000 5001 5343 5342 5324 5325 
4203 5020 5019 5001 5002 5344 5343 5325 5326 
4204 5021 5020 5002 5003 5345 5344 5326 5327 
4205 5022 5021 5003 5004 5346 5345 5327 5328 
4206 5023 5022 5004 5005 5347 5346 5328 5329 
4207 5024 5023 5005 5006 5348 5347 5329 5330 
4208 5025 5024 5006 5007 5349 5348 5330 5331 
4209 5026 5025 5007 5008 5350 5349 5331 5332 
4210 5027 5026 5008 5009 5351 5350 5332 5333 
4211 5028 5027 5009 5010 5352 5351 5333 5334 
4212 5029 5028 5010 5011 5353 5352 5334 5335 
4213 5030 5029 5011 5012 5354 5353 5335 5336 
4214 5031 5030 5012 5013 5355 5354 5336 5337 
4215 5032 5031 5013 5014 5356 5355 5337 5338 
4216 5033 5032 5014 5015 5357 5356 5338 5339 
4217 5034 5033 5015 5016 5358 5357 5339 5340 
4218 1586 5034 5016 1587 1730 5358 5340 1731 
4219 5035 1513 1514 5017 5359 1657 1658 5341 
4220 5036 5035 5017 5018 5360 5359 5341 5342 
4221 5037 5036 5018 5019 5361 5360 5342 5343 
4222 5038 5037 5019 5020 5362 5361 5343 5344 
4223 5039 5038 5020 5021 5363 5362 5344 5345 
4224 5040 5039 5021 5022 5364 5363 5345 5346 
4225 5041 5040 5022 5023 5365 5364 5346 5347 
4226 5042 5041 5023 5024 5366 5365 5347 5348 
4227 5043 5042 5024 5025 5367 5366 5348 5349 
4228 5044 5043 5025 5026 5368 5367 5349 5350 
4229 5045 5044 5026 5027 5369 5368 5350 5351 
4230 5046 5045 5027 5028 5370 5369 5351 5352 
4231 5047 5046 5028 5029 5371 5370 5352 5353 
4232 5048 5047 5029 5030 5372 5371 5353 5354 
4233 5049 5048 5030 5031 5373 5372 5354 5355 
4234 5050 5049 5031 5032 5374 5373 5355 5356 
4235 5051 5050 5032 5033 5375 5374 5356 5357 
4236 5052 5051 5033 5034 5376 5375 5357 5358 
4237 1585 5052 5034 1586 1729 5376 5358 1730 
4238 5053 1512 1513 5035 5377 1656 1657 5359 
4239 5054 5053 5035 5036 5378 5377 5359 5360 
4240 5055 5054 5036 5037 5379 5378 5360 5361 
4241 5056 5055 5037 5038 5380 5379 5361 5362 
4242 5057 5056 5038 5039 5381 5380 5362 5363 
4243 5058 5057 5039 5040 5382 5381 5363 5364 
4244 5059 5058 5040 5041 5383 5382 5364 5365 
4245 5060 5059 5041 5042 5384 5383 5365 5366 
4246 5061 5060 5042 5043 5385 5384 5366 5367 
4247 5062 5061 5043 5044 5386 5385 5367 5368 
4248 5063 5062 5044 5045 5387 5386 5368 5369 
4249 5064 5063 5045 5046 5388 5387 5369 5370 
4250 5065 5064 5046 5047 5389 5388 5370 5371 
4251 5066 5065 5047 5048 5390 5389 5371 5372 
4252 5067 5066 5048 5049 5391 5390 5372 5373 
4253 5068 5067 5049 5050 5392 5391 5373 5374 
4254 5069 5068 5050 5051 5393 5392 5374 5375 
4255 5070 5069 5051 5052 5394 5393 5375 5376 
4256 1584 5070 5052 1585 1728 5394 5376 1729 
4257 5071 1511 1512 5053 5395 1655 1656 5377 
4258 5072 5071 5053 5054 5396 5395 5377 5378 
4259 5073 5072 5054 5055 5397 5396 5378 5379 
4260 5074 5073 5055 5056 5398 5397 5379 5380 
4261 5075 5074 5056 5057 5399 5398 5380 5381 
4262 5076 5075 5057 5058 5400 5399 5381 5382 
4263 5077 5076 5058 5059 5401 5400 5382 5383 
4264 5078 5077 5059 5060 5402 5401 5383 5384 
4265 5079 5078 5060 5061 5403 5402 5384 5385 
4266 5080 5079 5061 5062 5404 5403 5385 5386 
4267 5081 5080 5062 5063 5405 5404 5386 5387 
4268 5082 5081 5063 5064 5406 5405 5387 5388 
4269 5083 5082 5064 5065 5407 5406 5388 5389 
4270 5084 5083 5065 5066 5408 5407 5389 5390 
4271 5085 5084 5066 5067 5409 5408 5390 5391 
4272 5086 5085 5067 5068 5410 5409 5391 5392 
4273 5087 5086 5068 5069 5411 5410 5392 5393 
4274 5088 5087 5069 5070 5412 5411 5393 5394 
4275 1583 5088 5070 1584 1727 5412 5394 1728 
4276 5089 1510 1511 5071 5413 1654 1655 5395 
4277 5090 5089 5071 5072 5414 5413 5395 5396 
4278 5091 5090 5072 5073 5415 5414 5396 5397 
4279 5092 5091 5073 5074 5416 5415 5397 5398 
4280 5093 5092 5074 5075 5417 5416 5398 5399 
4281 5094 5093 5075 5076 5418 5417 5399 5400 
4282 5095 5094 5076 5077 5419 5418 5400 5401 
4283 5096 5095 5077 5078 5420 5419 5401 5402 
4284 5097 5096 5078 5079 5421 5420 5402 5403 
4285 5098 5097 5079 5080 5422 5421 5403 5404 
4286 5099 5098 5080 5081 5423 5422 5404 5405 
4287 5100 5099 5081 5082 5424 5423 5405 5406 
4288 5101 5100 5082 5083 5425 5424 5406 5407 
4289 5102 5101 5083 5084 5426 5425 5407 5408 
4290 5103 5102 5084 5085 5427 5426 5408 5409 
4291 5104 5103 5085 5086 5428 5427 5409 5410 
4292 5105 5104 5086 5087 5429 5428 5410 5411 
4293 5106 5105 5087 5088 5430 5429 5411 5412 
4294 1582 5106 5088 1583 1726 5430 5412 1727 
4295 5107 1509 1510 5089 5431 1653 1654 5413 
4296 5108 5107 5089 5090 5432 5431 5413 5414 
4297 5109 5108 5090 5091 5433 5432 5414 5415 
4298 5110 5109 5091 5092 5434 5433 5415 5416 
4299 5111 5110 5092 5093 5435 5434 5416 5417 
4300 5112 5111 5093 5094 5436 5435 5417 5418 
4301 5113 5112 5094 5095 5437 5436 5418 5419 
4302 5114 5113 5095 5096 5438 5437 5419 5420 
4303 5115 5114 5096 5097 5439 5438 5420 5421 
4304 5116 5115 5097 5098 5440 5439 5421 5422 
4305 5117 5116 5098 5099 5441 5440 5422 5423 
4306 5118 5117 5099 5100 5442 5441 5423 5424 
4307 5119 5118 5100 5101 5443 5442 5424 5425 
4308 5120 5119 5101 5102 5444 5443 5425 5426 
4309 5121 5120 5102 5103 5445 5444 5426 5427 
4310 5122 5121 5103 5104 5446 5445 5427 5428 
4311 5123 5122 5104 5105 5447 5446 5428 5429 
4312 5124 5123 5105 5106 5448 5447 5429 5430 
4313 1581 5124 5106 1582 1725 5448 5430 1726 
4314 5125 1508 1509 5107 5449 1652 1653 5431 
4315 5126 5125 5107 5108 5450 5449 5431 5432 
4316 5127 5126 5108 5109 5451 5450 5432 5433 
4317 5128 5127 5109 5110 5452 5451 5433 5434 
4318 5129 5128 5110 5111 5453 5452 5434 5435 
4319 5130 5129 5111 5112 5454 5453 5435 5436 
4320 5131 5130 5112 5113 5455 5454 5436 5437 
4321 5132 5131 5113 5114 5456 5455 5437 5438 
4322 5133 5132 5114 5115 5457 5456 5438 5439 
4323 5134 5133 5115 5116 5458 5457 5439 5440 
4324 5135 5134 5116 5117 5459 5458 5440 5441 
4325 5136 5135 5117 5118 5460 5459 5441 5442 
4326 5137 5136 5118 5119 5461 5460 5442 5443 
4327 5138 5137 5119 5120 5462 5461 5443 5444 
4328 5139 5138 5120 5121 5463 5462 5444 5445 
4329 5140 5139 5121 5122 5464 5463 5445 5446 
4330 5141 5140 5122 5123 5465 5464 5446 5447 
4331 5142 5141 5123 5124 5466 5465 5447 5448 
4332 1580 5142 5124 1581 1724 5466 5448 1725 
4333 5143 1507 1508 5125 5467 1651 1652 5449 
4334 5144 5143 5125 5126 5468 5467 5449 5450 
4335 5145 5144 5126 5127 5469 5468 5450 5451 
4336 5146 5145 5127 5128 5470 5469 5451 5452 
4337 5147 5146 5128 5129 5471 5470 5452 5453 
4338 5148 5147 5129 5130 5472 5471 5453 5454 
4339 5149 5148 5130 5131 5473 5472 5454 5455 
4340 5150 5149 5131 5132 5474 5473 5455 5456 
4341 5151 5150 5132 5133 5475 5474 5456 5457 
4342 5152 5151 5133 5134 5476 5475 5457 5458 
4343 5153 5152 5134 5135 5477 5476 5458 5459 
4344 5154 5153 5135 5136 5478 5477 5459 5460 
4345 5155 5154 5136 5137 5479 5478 5460 5461 
4346 5156 5155 5137 5138 5480 5479 5461 5462 
4347 5157 5156 5138 5139 5481 5480 5462 5463 
4348 5158 5157 5139 5140 5482 5481 5463 5464 
4349 5159 5158 5140 5141 5483 5482 5464 5465 
4350 5160 5159 5141 5142 5484 5483 5465 5466 
4351 1579 5160 5142 1580 1723 5484 5466 1724 
4352 1561 150 1507 5143 1705 166 1651 5467 
4353 1562 1561 5143 5144 1706 1705 5467 5468 
4354 1563 1562 5144 5145 1707 1706 5468 5469 
4355 1564 1563 5145 5146 1708 1707 5469 5470 
4356 1565 1564 5146 5147 1709 1708 5470 5471 
4357 1566 1565 5147 5148 1710 1709 5471 5472 
4358 1567 1566 5148 5149 1711 1710 5472 5473 
4359 1568 1567 5149 5150 1712 1711 5473 5474 
4360 1569 1568 5150 5151 1713 1712 5474 5475 
4361 1570 1569 5151 5152 1714 1713 5475 5476 
4362 1571 1570 5152 5153 1715 1714 5476 5477 
4363 1572 1571 5153 5154 1716 1715 5477 5478 
4364 1573 1572 5154 5155 1717 1716 5478 5479 
4365 1574 1573 5155 5156 1718 1717 5479 5480 
4366 1575 1574 5156 5157 1719 1718 5480 5481 
4367 1576 1575 5157 5158 1720 1719 5481 5482 
4368 1577 1576 5158 5159 1721 1720 5482 5483 
4369 1578 1577 5159 5160 1722 1721 5483 5484 
4370 155 1578 5160 1579 171 1722 5484 1723 
3 87 5 19
4371 1597 152 150 1561 1741 168 166 1705 
4372 1598 1597 1561 1562 1742 1741 1705 1706 
4373 1599 1598 1562 1563 1743 1742 1706 1707 
4374 1600 1599 1563 1564 1744 1743 1707 1708 
4375 1601 1600 1564 1565 1745 1744 1708 1709 
4376 1602 1601 1565 1566 1746 1745 1709 1710 
4377 1603 1602 1566 1567 1747 1746 1710 1711 
4378 1604 1603 1567 1568 1748 1747 1711 1712 
4379 1605 1604 1568 1569 1749 1748 1712 1713 
4380 1606 1605 1569 1570 1750 1749 1713 1714 
4381 1607 1606 1570 1571 1751 1750 1714 1715 
4382 1608 1607 1571 1572 1752 1751 1715 1716 
4383 1609 1608 1572 1573 1753 1752 1716 1717 
4384 1610 1609 1573 1574 1754 1753 1717 1718 
4385 1611 1610 1574 1575 1755 1754 1718 1719 
4386 1612 1611 1575 1576 1756 1755 1719 1720 
4387 1613 1612 1576 1577 1757 1756 1720 1721 
4388 1614 1613 1577 1578 1758 1757 1721 1722 
4389 156 1614 1578 155 172 1758 1722 171 
3 88 5 1
4390 157 153 154 158 173 169 170 174 
3 89 5 19
4391 1632 1596 153 157 1776 1740 169 173 
4392 1631 1595 1596 1632 1775 1739 1740 1776 
4393 1630 1594 1595 1631 1774 1738 1739 1775 
4394 1629 1593 1594 1630 1773 1737 1738 1774 
4395 1628 1592 1593 1629 1772 1736 1737 1773 
4396 1627 1591 1592 1628 1771 1735 1736 1772 
4397 1626 1590 1591 1627 1770 1734 1735 1771 
4398 1625 1589 1590 1626 1769 1733 1734 1770 
4399 1624 1588 1589 1625 1768 1732 1733 1769 
4400 1623 1587 1588 1624 1767 1731 1732 1768 
4401 1622 1586 1587 1623 1766 1730 1731 1767 
4402 1621 1585 1586 1622 1765 1729 1730 1766 
4403 1620 1584 1585 1621 1764 1728 1729 1765 
4404 1619 1583 1584 1620 1763 1727 1728 1764 
4405 1618 1582 1583 1619 1762 1726 1727 1763 
4406 1617 1581 1582 1618 1761 1725 1726 1762 
4407 1616 1580 1581 1617 1760 1724 1725 1761 
4408 1615 1579 1580 1616 1759 1723 1724 1760 
4409 159 155 1579 1615 175 171 1723 1759 
3 90 5 1
4410 160 156 155 159 176 172 171 175 
3 91 5 1
4411 163 162 161 164 179 178 177 180 
3 92 5 19
4412 1668 1633 162 163 1812 1777 178 179 
4413 1667 1634 1633 1668 1811 1778 1777 1812 
4414 1666 1635 1634 1667 1810 1779 1778 1811 
4415 1665 1636 1635 1666 1809 1780 1779 1810 
4416 1664 1637 1636 1665 1808 1781 1780 1809 
4417 1663 1638 1637 1664 1807 1782 1781 1808 
4418 1662 1639 1638 1663 1806 1783 1782 1807 
4419 1661 1640 1639 1662 1805 1784 1783 1806 
4420 1660 1641 1640 1661 1804 1785 1784 1805 
4421 1659 1642 1641 1660 1803 1786 1785 1804 
4422 1658 1643 1642 1659 1802 1787 1786 1803 
4423 1657 1644 1643 1658 1801 1788 1787 1802 
4424 1656 1645 1644 1657 1800 1789 1788 1801 
4425 1655 1646 1645 1656 1799 1790 1789 1800 
4426 1654 1647 1646 1655 1798 1791 1790 1799 
4427 1653 1648 1647 1654 1797 1792 1791 1798 
4428 1652 1649 1648 1653 1796 1793 1792 1797 
4429 1651 1650 1649 1652 1795 1794 1793 1796 
4430 166 165 1650 1651 182 181 1794 1795 
3 93 5 1
4431 168 167 165 166 184 183 181 182 
3 94 5 19
4432 1669 163 164 1704 1813 179 180 1848 
4433 1670 1669 1704 1703 1814 1813 1848 1847 
4434 1671 1670 1703 1702 1815 1814 1847 1846 
4435 1672 1671 1702 1701 1816 1815 1846 1845 
4436 1673 1672 1701 1700 1817 1816 1845 1844 
4437 1674 1673 1700 1699 1818 1817 1844 1843 
4438 1675 1674 1699 1698 1819 1818 1843 1842 
4439 1676 1675 1698 1697 1820 1819 1842 1841 
4440 1677 1676 1697 1696 1821 1820 1841 1840 
4441 1678 1677 1696 1695 1822 1821 1840 1839 
4442 1679 1678 1695 1694 1823 1822 1839 1838 
4443 1680 1679 1694 1693 1824 1823 1838 1837 
4444 1681 1680 1693 1692 1825 1824 1837 1836 
4445 1682 1681 1692 1691 1826 1825 1836 1835 
4446 1683 1682 1691 1690 1827 1826 1835 1834 
4447 1684 1683 1690 1689 1828 1827 1834 1833 
4448 1685 1684 1689 1688 1829 1828 1833 1832 
4449 1686 1685 1688 1687 1830 1829 1832 1831 
4450 169 1686 1687 170 185 1830 1831 186 
3 95 5 361
4451 5161 1668 163 1669 5485 1812 179 1813 
4452 5162 5161 1669 1670 5486 5485 1813 1814 
4453 5163 5162 1670 1671 5487 5486 1814 1815 
4454 5164 5163 1671 1672 5488 5487 1815 1816 
4455 5165 5164 1672 1673 5489 5488 1816 1817 
4456 5166 5165 1673 1674 5490 5489 1817 1818 
4457 5167 5166 1674 1675 5491 5490 1818 1819 
4458 5168 5167 1675 1676 5492 5491 1819 1820 
4459 5169 5168 1676 1677 5493 5492 1820 1821 
4460 5170 5169 1677 1678 5494 5493 1821 1822 
4461 5171 5170 1678 1679 5495 5494 1822 1823 
4462 5172 5171 1679 1680 5496 5495 1823 1824 
4463 5173 5172 1680 1681 5497 5496 1824 1825 
4464 5174 5173 1681 1682 5498 5497 1825 1826 
4465 5175 5174 1682 1683 5499 5498 1826 1827 
4466 5176 5175 1683 1684 5500 5499 1827 1828 
4467 5177 5176 1684 1685 5501 5500 1828 1829 
4468 5178 5177 1685 1686 5502 5501 1829 1830 
4469 1740 5178 1686 169 1884 5502 1830 185 
4470 5179 1667 1668 5161 5503 1811 1812 5485 
4471 5180 5179 5161 5162 5504 5503 5485 5486 
4472 5181 5180 5162 5163 5505 5504 5486 5487 
4473 5182 5181 5163 5164 5506 5505 5487 5488 
4474 5183 5182 5164 5165 5507 5506 5488 5489 
4475 5184 5183 5165 5166 5508 5507 5489 5490 
4476 5185 5184 5166 5167 5509 5508 5490 5491 
4477 5186 5185 5167 5168 5510 5509 5491 5492 
4478 5187 5186 5168 5169 5511 5510 5492 5493 
4479 5188 5187 5169 5170 5512 5511 5493 5494 
4480 5189 5188 5170 5171 5513 5512 5494 5495 
4481 5190 5189 5171 5172 5514 5513 5495 5496 
4482 5191 5190 5172 5173 5515 5514 5496 5497 
4483 5192 5191 5173 5174 5516 5515 5497 5498 
4484 5193 5192 5174 5175 5517 5516 5498 5499 
4485 5194 5193 5175 5176 5518 5517 5499 5500 
4486 5195 5194 5176 5177 5519 5518 5500 5501 
4487 5196 5195 5177 5178 5520 5519 5501 5502 
4488 1739 5196 5178 1740 1883 5520 5502 1884 
4489 5197 1666 1667 5179 5521 1810 1811 5503 
4490 5198 5197 5179 5180 5522 5521 5503 5504 
4491 5199 5198 5180 5181 5523 5522 5504 5505 
4492 5200 5199 5181 5182 5524 5523 5505 5506 
4493 5201 5200 5182 5183 5525 5524 5506 5507 
4494 5202 5201 5183 5184 5526 5525 5507 5508 
4495 5203 5202 5184 5185 5527 5526 5508 5509 
4496 5204 5203 5185 5186 5528 5527 5509 5510 
4497 5205 5204 5186 5187 5529 5528 5510 5511 
4498 5206 5205 5187 5188 5530 5529 5511 5512 
4499 5207 5206 5188 5189 5531 5530 5512 5513 
4500 5208 5207 5189 5190 5532 5531 5513 5514 
4501 5209 5208 5190 5191 5533 5532 5514 5515 
4502 5210 5209 5191 5192 5534 5533 5515 5516 
4503 5211 5210 5192 5193 5535 5534 5516 5517 
4504 5212 5211 5193 5194 5536 5535 5517 5518 
4505 5213 5212 5194 5195 5537 5536 5518 5519 
4506 5214 5213 5195 5196 5538 5537 5519 5520 
4507 1738 5214 5196 1739 1882 5538 5520 1883 
4508 5215 1665 1666 5197 5539 1809 1810 5521 
4509 5216 5215 5197 5198 5540 5539 5521 5522 
4510 5217 5216 5198 5199 5541 5540 5522 5523 
4511 5218 5217 5199 5200 5542 5541 5523 5524 
4512 5219 5218 5200 5201 5543 5542 5524 5525 
4513 5220 5219 5201 5202 5544 5543 5525 5526 
4514 5221 5220 5202 5203 5545 5544 5526 5527 
4515 5222 5221 5203 5204 5546 5545 5527 5528 
4516 5223 5222 5204 5205 5547 5546 5528 5529 
4517 5224 5223 5205 5206 5548 5547 5529 5530 
4518 5225 5224 5206 5207 5549 5548 5530 5531 
4519 5226 5225 5207 5208 5550 5549 5531 5532 
4520 5227 5226 5208 5209 5551 5550 5532 5533 
4521 5228 5227 5209 5210 5552 5551 5533 5534 
4522 5229 5228 5210 5211 5553 5552 5534 5535 
4523 5230 5229 5211 5212 5554 5553 5535 5536 
4524 5231 5230 5212 5213 5555 5554 5536 5537 
4525 5232 5231 5213 5214 5556 5555 5537 5538 
4526 1737 5232 5214 1738 1881 5556 5538 1882 
4527 5233 1664 1665 5215 5557 1808 1809 5539 
4528 5234 5233 5215 5216 5558 5557 5539 5540 
4529 5235 5234 5216 5217 5559 5558 5540 5541 
4530 5236 5235 5217 5218 5560 5559 5541 5542 
4531 5237 5236 5218 5219 5561 5560 5542 5543 
4532 5238 5237 5219 5220 5562 5561 5543 5544 
4533 5239 5238 5220 5221 5563 5562 5544 5545 
4534 5240 5239 5221 5222 5564 5563 5545 5546 
4535 5241 5240 5222 5223 5565 5564 5546 5547 
4536 5242 5241 5223 5224 5566 5565 5547 5548 
4537 5243 5242 5224 5225 5567 5566 5548 5549 
4538 5244 5243 5225 5226 5568 5567 5549 5550 
4539 5245 5244 5226 5227 5569 5568 5550 5551 
4540 5246 5245 5227 5228 5570 5569 5551 5552 
4541 5247 5246 5228 5229 5571 5570 5552 5553 
4542 5248 5247 5229 5230 5572 5571 5553 5554 
4543 5249 5248 5230 5231 5573 5572 5554 5555 
4544 5250 5249 5231 5232 5574 5573 5555 5556 
4545 1736 5250 5232 1737 1880 5574 5556 1881 
4546 5251 1663 1664 5233 5575 1807 1808 5557 
4547 5252 5251 5233 5234 5576 5575 5557 5558 
4548 5253 5252 5234 5235 5577 5576 5558 5559 
4549 5254 5253 5235 5236 5578 5577 5559 5560 
4550 5255 5254 5236 5237 5579 5578 5560 5561 
4551 5256 5255 5237 5238 5580 5579 5561 5562 
4552 5257 5256 5238 5239 5581 5580 5562 5563 
4553 5258 5257 5239 5240 5582 5581 5563 5564 
4554 5259 5258 5240 5241 5583 5582 5564 5565 
4555 5260 5259 5241 5242 5584 5583 5565 5566 
4556 5261 5260 5242 5243 5585 5584 5566 5567 
4557 5262 5261 5243 5244 5586 5585 5567 5568 
4558 5263 5262 5244 5245 5587 5586 5568 5569 
4559 5264 5263 5245 5246 5588 5587 5569 5570 
4560 5265 5264 5246 5247 5589 5588 5570 5571 
4561 5266 5265 5247 5248 5590 5589 5571 5572 
4562 5267 5266 5248 5249 5591 5590 5572 5573 
4563 5268 5267 5249 5250 5592 5591 5573 5574 
4564 1735 5268 5250 1736 1879 5592 5574 1880 
4565 5269 1662 1663 5251 5593 1806 1807 5575 
4566 5270 5269 5251 5252 5594 5593 5575 5576 
4567 5271 5270 5252 5253 5595 5594 5576 5577 
4568 5272 5271 5253 5254 5596 5595 5577 5578 
4569 5273 5272 5254 5255 5597 5596 5578 5579 
4570 5274 5273 5255 5256 5598 5597 5579 5580 
4571 5275 5274 5256 5257 5599 5598 5580 5581 
4572 5276 5275 5257 5258 5600 5599 5581 5582 
4573 5277 5276 5258 5259 5601 5600 5582 5583 
4574 5278 5277 5259 5260 5602 5601 5583 5584 
4575 5279 5278 5260 5261 5603 5602 5584 5585 
4576 5280 5279 5261 5262 5604 5603 5585 5586 
4577 5281 5280 5262 5263 5605 5604 5586 5587 
4578 5282 5281 5263 5264 5606 5605 5587 5588 
4579 5283 5282 5264 5265 5607 5606 5588 5589 
4580 5284 5283 5265 5266 5608 5607 5589 5590 
4581 5285 5284 5266 5267 5609 5608 5590 5591 
4582 5286 5285 5267 5268 5610 5609 5591 5592 
4583 1734 5286 5268 1735 1878 5610 5592 1879 
4584 5287 1661 1662 5269 5611 1805 1806 5593 
4585 5288 5287 5269 5270 5612 5611 5593 5594 
4586 5289 5288 5270 5271 5613 5612 5594 5595 
4587 5290 5289 5271 5272 5614 5613 5595 5596 
4588 5291 5290 5272 5273 5615 5614 5596 5597 
4589 5292 5291 5273 5274 5616 5615 5597 5598 
4590 5293 5292 5274 5275 5617 5616 5598 5599 
4591 5294 5293 5275 5276 5618 5617 5599 5600 
4592 5295 5294 5276 5277 5619 5618 5600 5601 
4593 5296 5295 5277 5278 5620 5619 5601 5602 
4594 5297 5296 5278 5279 5621 5620 5602 5603 
4595 5298 5297 5279 5280 5622 5621 5603 5604 
4596 5299 5298 5280 5281 5623 5622 5604 5605 
4597 5300 5299 5281 5282 5624 5623 5605 5606 
4598 5301 5300 5282 5283 5625 5624 5606 5607 
4599 5302 5301 5283 5284 5626 5625 5607 5608 
4600 5303 5302 5284 5285 5627 5626 5608 5609 
4601 5304 5303 5285 5286 5628 5627 5609 5610 
4602 1733 5304 5286 1734 1877 5628 5610 1878 
4603 5305 1660 1661 5287 5629 1804 1805 5611 
4604 5306 5305 5287 5288 5630 5629 5611 5612 
4605 5307 5306 5288 5289 5631 5630 5612 5613 
4606 5308 5307 5289 5290 5632 5631 5613 5614 
4607 5309 5308 5290 5291 5633 5632 5614 5615 
4608 5310 5309 5291 5292 5634 5633 5615 5616 
4609 5311 5310 5292 5293 5635 5634 5616 5617 
4610 5312 5311 5293 5294 5636 5635 5617 5618 
4611 5313 5312 5294 5295 5637 5636 5618 5619 
4612 5314 5313 5295 5296 5638 5637 5619 5620 
4613 5315 5314 5296 5297 5639 5638 5620 5621 
4614 5316 5315 5297 5298 5640 5639 5621 5622 
4615 5317 5316 5298 5299 5641 5640 5622 5623 
4616 5318 5317 5299 5300 5642 5641 5623 5624 
4617 5319 5318 5300 5301 5643 5642 5624 5625 
4618 5320 5319 5301 5302 5644 5643 5625 5626 
4619 5321 5320 5302 5303 5645 5644 5626 5627 
4620 5322 5321 5303 5304 5646 5645 5627 5628 
4621 1732 5322 5304 1733 1876 5646 5628 1877 
4622 5323 1659 1660 5305 5647 1803 1804 5629 
4623 5324 5323 5305 5306 5648 5647 5629 5630 
4624 5325 5324 5306 5307 5649 5648 5630 5631 
4625 5326 5325 5307 5308 5650 5649 5631 5632 
4626 5327 5326 5308 5309 5651 5650 5632 5633 
4627 5328 5327 5309 5310 5652 5651 5633 5634 
4628 5329 5328 5310 5311 5653 5652 5634 5635 
4629 5330 5329 5311 5312 5654 5653 5635 5636 
4630 5331 5330 5312 5313 5655 5654 5636 5637 
4631 5332 5331 5313 5314 5656 5655 5637 5638 
4632 5333 5332 5314 5315 5657 5656 5638 5639 
4633 5334 5333 5315 5316 5658 5657 5639 5640 
4634 5335 5334 5316 5317 5659 5658 5640 5641 
4635 5336 5335 5317 5318 5660 5659 5641 5642 
4636 5337 5336 5318 5319 5661 5660 5642 5643 
4637 5338 5337 5319 5320 5662 5661 5643 5644 
4638 5339 5338 5320 5321 5663 5662 5644 5645 
4639 5340 5339 5321 5322 5664 5663 5645 5646 
4640 1731 5340 5322 1732 1875 5664 5646 1876 
4641 5341 1658 1659 5323 5665 1802 1803 5647 
4642 5342 5341 5323 5324 5666 5665 5647 5648 
4643 5343 5342 5324 5325 5667 5666 5648 5649 
4644 5344 5343 5325 5326 5668 5667 5649 5650 
4645 5345 5344 5326 5327 5669 5668 5650 5651 
4646 5346 5345 5327 5328 5670 5669 5651 5652 
4647 5347 5346 5328 5329 5671 5670 5652 5653 
4648 5348 5347 5329 5330 5672 5671 5653 5654 
4649 5349 5348 5330 5331 5673 5672 5654 5655 
4650 5350 5349 5331 5332 5674 5673 5655 5656 
4651 5351 5350 5332 5333 5675 5674 5656 5657 
4652 5352 5351 5333 5334 5676 5675 5657 5658 
4653 5353 5352 5334 5335 5677 5676 5658 5659 
4654 5354 5353 5335 5336 5678 5677 5659 5660 
4655 5355 5354 5336 5337 5679 5678 5660 5661 
4656 5356 5355 5337 5338 5680 5679 5661 5662 
4657 5357 5356 5338 5339 5681 5680 5662 5663 
4658 5358 5357 5339 5340 5682 5681 5663 5664 
4659 1730 5358 5340 1731 1874 5682 5664 1875 
4660 5359 1657 1658 5341 5683 1801 1802 5665 
4661 5360 5359 5341 5342 5684 5683 5665 5666 
4662 5361 5360 5342 5343 5685 5684 5666 5667 
4663 5362 5361 5343 5344 5686 5685 5667 5668 
4664 5363 5362 5344 5345 5687 5686 5668 5669 
4665 5364 5363 5345 5346 5688 5687 5669 5670 
4666 5365 5364 5346 5347 5689 5688 5670 5671 
4667 5366 5365 5347 5348 5690 5689 5671 5672 
4668 5367 5366 5348 5349 5691 5690 5672 5673 
4669 5368 5367 5349 5350 5692 5691 5673 5674 
4670 5369 5368 5350 5351 5693 5692 5674 5675 
4671 5370 5369 5351 5352 5694 5693 5675 5676 
4672 5371 5370 5352 5353 5695 5694 5676 5677 
4673 5372 5371 5353 5354 5696 5695 5677 5678 
4674 5373 5372 5354 5355 5697 5696 5678 5679 
4675 5374 5373 5355 5356 5698 5697 5679 5680 
4676 5375 5374 5356 5357 5699 5698 5680 5681 
4677 5376 5375 5357 5358 5700 5699 5681 5682 
4678 1729 5376 5358 1730 1873 5700 5682 1874 
4679 5377 1656 1657 5359 5701 1800 1801 5683 
4680 5378 5377 5359 5360 5702 5701 5683 5684 
4681 5379 5378 5360 5361 5703 5702 5684 5685 
4682 5380 5379 5361 5362 5704 5703 5685 5686 
4683 5381 5380 5362 5363 5705 5704 5686 5687 
4684 5382 5381 5363 5364 5706 5705 5687 5688 
4685 5383 5382 5364 5365 5707 5706 5688 5689 
4686 5384 5383 5365 5366 5708 5707 5689 5690 
4687 5385 5384 5366 5367 5709 5708 5690 5691 
4688 5386 5385 5367 5368 5710 5709 5691 5692 
4689 5387 5386 5368 5369 5711 5710 5692 5693 
4690 5388 5387 5369 5370 5712 5711 5693 5694 
4691 5389 5388 5370 5371 5713 5712 5694 5695 
4692 5390 5389 5371 5372 5714 5713 5695 5696 
4693 5391 5390 5372 5373 5715 5714 5696 5697 
4694 5392 5391 5373 5374 5716 5715 5697 5698 
4695 5393 5392 5374 5375 5717 5716 5698 5699 
4696 5394 5393 5375 5376 5718 5717 5699 5700 
4697 1728 5394 5376 1729 1872 5718 5700 1873 
4698 5395 1655 1656 5377 5719 1799 1800 5701 
4699 5396 5395 5377 5378 5720 5719 5701 5702 
4700 5397 5396 5378 5379 5721 5720 5702 5703 
4701 5398 5397 5379 5380 5722 5721 5703 5704 
4702 5399 5398 5380 5381 5723 5722 5704 5705 
4703 5400 5399 5381 5382 5724 5723 5705 5706 
4704 5401 5400 5382 5383 5725 5724 5706 5707 
4705 5402 5401 5383 5384 5726 5725 5707 5708 
4706 5403 5402 5384 5385 5727 5726 5708 5709 
4707 5404 5403 5385 5386 5728 5727 5709 5710 
4708 5405 5404 5386 5387 5729 5728 5710 5711 
4709 5406 5405 5387 5388 5730 5729 5711 5712 
4710 5407 5406 5388 5389 5731 5730 5712 5713 
4711 5408 5407 5389 5390 5732 5731 5713 5714 
4712 5409 5408 5390 5391 5733 5732 5714 5715 
4713 5410 5409 5391 5392 5734 5733 5715 5716 
4714 5411 5410 5392 5393 5735 5734 5716 5717 
4715 5412 5411 5393 5394 5736 5735 5717 5718 
4716 1727 5412 5394 1728 1871 5736 5718 1872 
4717 5413 1654 1655 5395 5737 1798 1799 5719 
4718 5414 5413 5395 5396 5738 5737 5719 5720 
4719 5415 5414 5396 5397 5739 5738 5720 5721 
4720 5416 5415 5397 5398 5740 5739 5721 5722 
4721 5417 5416 5398 5399 5741 5740 5722 5723 
4722 5418 5417 5399 5400 5742 5741 5723 5724 
4723 5419 5418 5400 5401 5743 5742 5724 5725 
4724 5420 5419 5401 5402 5744 5743 5725 5726 
4725 5421 5420 5402 5403 5745 5744 5726 5727 
4726 5422 5421 5403 5404 5746 5745 5727 5728 
4727 5423 5422 5404 5405 5747 5746 5728 5729 
4728 5424 5423 5405 5406 5748 5747 5729 5730 
4729 5425 5424 5406 5407 5749 5748 5730 5731 
4730 5426 5425 5407 5408 5750 5749 5731 5732 
4731 5427 5426 5408 5409 5751 5750 5732 5733 
4732 5428 5427 5409 5410 5752 5751 5733 5734 
4733 5429 5428 5410 5411 5753 5752 5734 5735 
4734 5430 5429 5411 5412 5754 5753 5735 5736 
4735 1726 5430 5412 1727 1870 5754 5736 1871 
4736 5431 1653 1654 5413 5755 1797 1798 5737 
4737 5432 5431 5413 5414 5756 5755 5737 5738 
4738 5433 5432 5414 5415 5757 5756 5738 5739 
4739 5434 5433 5415 5416 5758 5757 5739 5740 
4740 5435 5434 5416 5417 5759 5758 5740 5741 
4741 5436 5435 5417 5418 5760 5759 5741 5742 
4742 5437 5436 5418 5419 5761 5760 5742 5743 
4743 5438 5437 5419 5420 5762 5761 5743 5744 
4744 5439 5438 5420 5421 5763 5762 5744 5745 
4745 5440 5439 5421 5422 5764 5763 5745 5746 
4746 5441 5440 5422 5423 5765 5764 5746 5747 
4747 5442 5441 5423 5424 5766 5765 5747 5748 
4748 5443 5442 5424 5425 5767 5766 5748 5749 
4749 5444 5443 5425 5426 5768 5767 5749 5750 
4750 5445 5444 5426 5427 5769 5768 5750 5751 
4751 5446 5445 5427 5428 5770 5769 5751 5752 
4752 5447 5446 5428 5429 5771 5770 5752 5753 
4753 5448 5447 5429 5430 5772 5771 5753 5754 
4754 1725 5448 5430 1726 1869 5772 5754 1870 
4755 5449 1652 1653 5431 5773 1796 1797 5755 
4756 5450 5449 5431 5432 5774 5773 5755 5756 
4757 5451 5450 5432 5433 5775 5774 5756 5757 
4758 5452 5451 5433 5434 5776 5775 5757 5758 
4759 5453 5452 5434 5435 5777 5776 5758 5759 
4760 5454 5453 5435 5436 5778 5777 5759 5760 
4761 5455 5454 5436 5437 5779 5778 5760 5761 
4762 5456 5455 5437 5438 5780 5779 5761 5762 
4763 5457 5456 5438 5439 5781 5780 5762 5763 
4764 5458 5457 5439 5440 5782 5781 5763 5764 
4765 5459 5458 5440 5441 5783 5782 5764 5765 
4766 5460 5459 5441 5442 5784 5783 5765 5766 
4767 5461 5460 5442 5443 5785 5784 5766 5767 
4768 5462 5461 5443 5444 5786 5785 5767 5768 
4769 5463 5462 5444 5445 5787 5786 5768 5769 
4770 5464 5463 5445 5446 5788 5787 5769 5770 
4771 5465 5464 5446 5447 5789 5788 5770 5771 
4772 5466 5465 5447 5448 5790 5789 5771 5772 
4773 1724 5466 5448 1725 1868 5790 5772 1869 
4774 5467 1651 1652 5449 5791 1795 1796 5773 
4775 5468 5467 5449 5450 5792 5791 5773 5774 
4776 5469 5468 5450 5451 5793 5792 5774 5775 
4777 5470 5469 5451 5452 5794 5793 5775 5776 
4778 5471 5470 5452 5453 5795 5794 5776 5777 
4779 5472 5471 5453 5454 5796 5795 5777 5778 
4780 5473 5472 5454 5455 5797 5796 5778 5779 
4781 5474 5473 5455 5456 5798 5797 5779 5780 
4782 5475 5474 5456 5457 5799 5798 5780 5781 
4783 5476 5475 5457 5458 5800 5799 5781 5782 
4784 5477 5476 5458 5459 5801 5800 5782 5783 
4785 5478 5477 5459 5460 5802 5801 5783 5784 
4786 5479 5478 5460 5461 5803 5802 5784 5785 
4787 5480 5479 5461 5462 5804 5803 5785 5786 
4788 5481 5480 5462 5463 5805 5804 5786 5787 
4789 5482 5481 5463 5464 5806 5805 5787 5788 
4790 5483 5482 5464 5465 5807 5806 5788 5789 
4791 5484 5483 5465 5466 5808 5807 5789 5790 
4792 1723 5484 5466 1724 1867 5808 5790 1868 
4793 1705 166 1651 5467 1849 182 1795 5791 
4794 1706 1705 5467 5468 1850 1849 5791 5792 
4795 1707 1706 5468 5469 1851 1850 5792 5793 
4796 1708 1707 5469 5470 1852 1851 5793 5794 
4797 1709 1708 5470 5471 1853 1852 5794 5795 
4798 1710 1709 5471 5472 1854 1853 5795 5796 
4799 1711 1710 5472 5473 1855 1854 5796 5797 
4800 1712 1711 5473 5474 1856 1855 5797 5798 
4801 1713 1712 5474 5475 1857 1856 5798 5799 
4802 1714 1713 5475 5476 1858 1857 5799 5800 
4803 1715 1714 5476 5477 1859 1858 5800 5801 
4804 1716 1715 5477 5478 1860 1859 5801 5802 
4805 1717 1716 5478 5479 1861 1860 5802 5803 
4806 1718 1717 5479 5480 1862 1861 5803 5804 
4807 1719 1718 5480 5481 1863 1862 5804 5805 
4808 1720 1719 5481 5482 1864 1863 5805 5806 
4809 1721 1720 5482 5483 1865 1864 5806 5807 
4810 1722 1721 5483 5484 1866 1865 5807 5808 
4811 171 1722 5484 1723 187 1866 5808 1867 
3 96 5 19
4812 1741 168 166 1705 1885 184 182 1849 
4813 1742 1741 1705 1706 1886 1885 1849 1850 
4814 1743 1742 1706 1707 1887 1886 1850 1851 
4815 1744 1743 1707 1708 1888 1887 1851 1852 
4816 1745 1744 1708 1709 1889 1888 1852 1853 
4817 1746 1745 1709 1710 1890 1889 1853 1854 
4818 1747 1746 1710 1711 1891 1890 1854 1855 
4819 1748 1747 1711 1712 1892 1891 1855 1856 
4820 1749 1748 1712 1713 1893 1892 1856 1857 
4821 1750 1749 1713 1714 1894 1893 1857 1858 
4822 1751 1750 1714 1715 1895 1894 1858 1859 
4823 1752 1751 1715 1716 1896 1895 1859 1860 
4824 1753 1752 1716 1717 1897 1896 1860 1861 
4825 1754 1753 1717 1718 1898 1897 1861 1862 
4826 1755 1754 1718 1719 1899 1898 1862 1863 
4827 1756 1755 1719 1720 1900 1899 1863 1864 
4828 1757 1756 1720 1721 1901 1900 1864 1865 
4829 1758 1757 1721 1722 1902 1901 1865 1866 
4830 172 1758 1722 171 188 1902 1866 187 
3 97 5 1
4831 173 169 170 174 189 185 186 190 
3 98 5 19
4832 1776 1740 169 173 1920 1884 185 189 
4833 1775 1739 1740 1776 1919 1883 1884 1920 
4834 1774 1738 1739 1775 1918 1882 1883 1919 
4835 1773 1737 1738 1774 1917 1881 1882 1918 
4836 1772 1736 1737 1773 1916 1880 1881 1917 
4837 1771 1735 1736 1772 1915 1879 1880 1916 
4838 1770 1734 1735 1771 1914 1878 1879 1915 
4839 1769 1733 1734 1770 1913 1877 1878 1914 
4840 1768 1732 1733 1769 1912 1876 1877 1913 
4841 1767 1731 1732 1768 1911 1875 1876 1912 
4842 1766 1730 1731 1767 1910 1874 1875 1911 
4843 1765 1729 1730 1766 1909 1873 1874 1910 
4844 1764 1728 1729 1765 1908 1872 1873 1909 
4845 1763 1727 1728 1764 1907 1871 1872 1908 
4846 1762 1726 1727 1763 1906 1870 1871 1907 
4847 1761 1725 1726 1762 1905 1869 1870 1906 
4848 1760 1724 1725 1761 1904 1868 1869 1905 
4849 1759 1723 1724 1760 1903 1867 1868 1904 
4850 175 171 1723 1759 191 187 1867 1903 
3 99 5 1
4851 176 172 171 175 192 188 187 191 
$EndElements
