$MeshFormat
4.1 0 8
$EndMeshFormat
$PhysicalNames
5
3 1 "overburden@Rock"
3 2 "payband@Rock"
3 3 "underburden@Rock"
3 4 "reservoir@Region"
3 5 "well@Well"
$EndPhysicalNames
$Entities
144 348 280 75
1 0 0 0 0 
2 6096 0 0 0 
3 9144 0 0 0 
4 9753.6 0 0 0 
5 12801.6 0 0 0 
6 18897.6 0 0 0 
7 0 3048 0 0 
8 6096 3048 0 0 
9 9144 3048 0 0 
10 9753.6 3048 0 0 
11 12801.6 3048 0 0 
12 18897.6 3048 0 0 
13 0 4572 0 0 
14 6096 4572 0 0 
15 9144 4572 0 0 
16 9753.6 4572 0 0 
17 12801.6 4572 0 0 
18 18897.6 4572 0 0 
19 0 4876.8 0 0 
20 6096 4876.8 0 0 
21 9144 4876.8 0 0 
22 9753.6 4876.8 0 0 
23 12801.6 4876.8 0 0 
24 18897.6 4876.8 0 0 
25 0 6400.8 0 0 
26 6096 6400.8 0 0 
27 9144 6400.8 0 0 
28 9753.6 6400.8 0 0 
29 12801.6 6400.8 0 0 
30 18897.6 6400.8 0 0 
31 0 9448.799999999999 0 0 
32 6096 9448.799999999999 0 0 
33 9144 9448.799999999999 0 0 
34 9753.6 9448.799999999999 0 0 
35 12801.6 9448.799999999999 0 0 
36 18897.6 9448.799999999999 0 0 
37 0 0 -3048 0 
38 6096 0 -3048 0 
42 6096 3048 -3048 0 
46 0 3048 -3048 0 
48 9144 0 -3048 0 
52 9144 3048 -3048 0 
54 9753.6 0 -3048 0 
58 9753.6 3048 -3048 0 
60 12801.6 0 -3048 0 
64 12801.6 3048 -3048 0 
66 18897.6 0 -3048 0 
70 18897.6 3048 -3048 0 
76 6096 4572 -3048 0 
80 0 4572 -3048 0 
86 9144 4572 -3048 0 
92 9753.6 4572 -3048 0 
98 12801.6 4572 -3048 0 
104 18897.6 4572 -3048 0 
110 6096 4876.8 -3048 0 
114 0 4876.8 -3048 0 
120 9144 4876.8 -3048 0 
126 9753.6 4876.8 -3048 0 
132 12801.6 4876.8 -3048 0 
138 18897.6 4876.8 -3048 0 
144 6096 6400.8 -3048 0 
148 0 6400.8 -3048 0 
154 9144 6400.8 -3048 0 
160 9753.6 6400.8 -3048 0 
166 12801.6 6400.8 -3048 0 
172 18897.6 6400.8 -3048 0 
178 6096 9448.799999999999 -3048 0 
182 0 9448.799999999999 -3048 0 
188 9144 9448.799999999999 -3048 0 
194 9753.6 9448.799999999999 -3048 0 
200 12801.6 9448.799999999999 -3048 0 
206 18897.6 9448.799999999999 -3048 0 
207 0 0 -3124.2 0 
208 6096 0 -3124.2 0 
212 6096 3048 -3124.2 0 
216 0 3048 -3124.2 0 
218 9144 0 -3124.2 0 
222 9144 3048 -3124.2 0 
224 9753.6 0 -3124.2 0 
228 9753.6 3048 -3124.2 0 
230 12801.6 0 -3124.2 0 
234 12801.6 3048 -3124.2 0 
236 18897.6 0 -3124.2 0 
240 18897.6 3048 -3124.2 0 
246 6096 4572 -3124.2 0 
250 0 4572 -3124.2 0 
256 9144 4572 -3124.2 0 
262 9753.6 4572 -3124.2 0 
268 12801.6 4572 -3124.2 0 
274 18897.6 4572 -3124.2 0 
280 6096 4876.8 -3124.2 0 
284 0 4876.8 -3124.2 0 
290 9144 4876.8 -3124.2 0 
296 9753.6 4876.8 -3124.2 0 
302 12801.6 4876.8 -3124.2 0 
308 18897.6 4876.8 -3124.2 0 
314 6096 6400.8 -3124.2 0 
318 0 6400.8 -3124.2 0 
324 9144 6400.8 -3124.2 0 
330 9753.6 6400.8 -3124.2 0 
336 12801.6 6400.8 -3124.2 0 
342 18897.6 6400.8 -3124.2 0 
348 6096 9448.799999999999 -3124.2 0 
352 0 9448.799999999999 -3124.2 0 
358 9144 9448.799999999999 -3124.2 0 
364 9753.6 9448.799999999999 -3124.2 0 
370 12801.6 9448.799999999999 -3124.2 0 
376 18897.6 9448.799999999999 -3124.2 0 
377 0 0 -3185.16 0 
378 6096 0 -3185.16 0 
382 6096 3048 -3185.16 0 
386 0 3048 -3185.16 0 
388 9144 0 -3185.16 0 
392 9144 3048 -3185.16 0 
394 9753.6 0 -3185.16 0 
398 9753.6 3048 -3185.16 0 
400 12801.6 0 -3185.16 0 
404 12801.6 3048 -3185.16 0 
406 18897.6 0 -3185.16 0 
410 18897.6 3048 -3185.16 0 
416 6096 4572 -3185.16 0 
420 0 4572 -3185.16 0 
426 9144 4572 -3185.16 0 
432 9753.6 4572 -3185.16 0 
438 12801.6 4572 -3185.16 0 
444 18897.6 4572 -3185.16 0 
450 6096 4876.8 -3185.16 0 
454 0 4876.8 -3185.16 0 
460 9144 4876.8 -3185.16 0 
466 9753.6 4876.8 -3185.16 0 
472 12801.6 4876.8 -3185.16 0 
478 18897.6 4876.8 -3185.16 0 
484 6096 6400.8 -3185.16 0 
488 0 6400.8 -3185.16 0 
494 9144 6400.8 -3185.16 0 
500 9753.6 6400.8 -3185.16 0 
506 12801.6 6400.8 -3185.16 0 
512 18897.6 6400.8 -3185.16 0 
518 6096 9448.799999999999 -3185.16 0 
522 0 9448.799999999999 -3185.16 0 
528 9144 9448.799999999999 -3185.16 0 
534 9753.6 9448.799999999999 -3185.16 0 
540 12801.6 9448.799999999999 -3185.16 0 
546 18897.6 9448.799999999999 -3185.16 0 
100 0 0 0 6096 0 0 0 2 1 -2 
101 6096 0 0 9144 0 0 0 2 2 -3 
102 9144 0 0 9753.6 0 0 0 2 3 -4 
103 9753.6 0 0 12801.6 0 0 0 2 4 -5 
104 12801.6 0 0 18897.6 0 0 0 2 5 -6 
105 0 3048 0 6096 3048 0 0 2 7 -8 
106 6096 3048 0 9144 3048 0 0 2 8 -9 
107 9144 3048 0 9753.6 3048 0 0 2 9 -10 
108 9753.6 3048 0 12801.6 3048 0 0 2 10 -11 
109 12801.6 3048 0 18897.6 3048 0 0 2 11 -12 
110 0 4572 0 6096 4572 0 0 2 13 -14 
111 6096 4572 0 9144 4572 0 0 2 14 -15 
112 9144 4572 0 9753.6 4572 0 0 2 15 -16 
113 9753.6 4572 0 12801.6 4572 0 0 2 16 -17 
114 12801.6 4572 0 18897.6 4572 0 0 2 17 -18 
115 0 4876.8 0 6096 4876.8 0 0 2 19 -20 
116 6096 4876.8 0 9144 4876.8 0 0 2 20 -21 
117 9144 4876.8 0 9753.6 4876.8 0 0 2 21 -22 
118 9753.6 4876.8 0 12801.6 4876.8 0 0 2 22 -23 
119 12801.6 4876.8 0 18897.6 4876.8 0 0 2 23 -24 
120 0 6400.8 0 6096 6400.8 0 0 2 25 -26 
121 6096 6400.8 0 9144 6400.8 0 0 2 26 -27 
122 9144 6400.8 0 9753.6 6400.8 0 0 2 27 -28 
123 9753.6 6400.8 0 12801.6 6400.8 0 0 2 28 -29 
124 12801.6 6400.8 0 18897.6 6400.8 0 0 2 29 -30 
125 0 9448.799999999999 0 6096 9448.799999999999 0 0 2 31 -32 
126 6096 9448.799999999999 0 9144 9448.799999999999 0 0 2 32 -33 
127 9144 9448.799999999999 0 9753.6 9448.799999999999 0 0 2 33 -34 
128 9753.6 9448.799999999999 0 12801.6 9448.799999999999 0 0 2 34 -35 
129 12801.6 9448.799999999999 0 18897.6 9448.799999999999 0 0 2 35 -36 
200 0 0 0 0 3048 0 0 2 1 -7 
201 6096 0 0 6096 3048 0 0 2 2 -8 
202 9144 0 0 9144 3048 0 0 2 3 -9 
203 9753.6 0 0 9753.6 3048 0 0 2 4 -10 
204 12801.6 0 0 12801.6 3048 0 0 2 5 -11 
205 18897.6 0 0 18897.6 3048 0 0 2 6 -12 
206 0 3048 0 0 4572 0 0 2 7 -13 
207 6096 3048 0 6096 4572 0 0 2 8 -14 
208 9144 3048 0 9144 4572 0 0 2 9 -15 
209 9753.6 3048 0 9753.6 4572 0 0 2 10 -16 
210 12801.6 3048 0 12801.6 4572 0 0 2 11 -17 
211 18897.6 3048 0 18897.6 4572 0 0 2 12 -18 
212 0 4572 0 0 4876.8 0 0 2 13 -19 
213 6096 4572 0 6096 4876.8 0 0 2 14 -20 
214 9144 4572 0 9144 4876.8 0 0 2 15 -21 
215 9753.6 4572 0 9753.6 4876.8 0 0 2 16 -22 
216 12801.6 4572 0 12801.6 4876.8 0 0 2 17 -23 
217 18897.6 4572 0 18897.6 4876.8 0 0 2 18 -24 
218 0 4876.8 0 0 6400.8 0 0 2 19 -25 
219 6096 4876.8 0 6096 6400.8 0 0 2 20 -26 
220 9144 4876.8 0 9144 6400.8 0 0 2 21 -27 
221 9753.6 4876.8 0 9753.6 6400.8 0 0 2 22 -28 
222 12801.6 4876.8 0 12801.6 6400.8 0 0 2 23 -29 
223 18897.6 4876.8 0 18897.6 6400.8 0 0 2 24 -30 
224 0 6400.8 0 0 9448.799999999999 0 0 2 25 -31 
225 6096 6400.8 0 6096 9448.799999999999 0 0 2 26 -32 
226 9144 6400.8 0 9144 9448.799999999999 0 0 2 27 -33 
227 9753.6 6400.8 0 9753.6 9448.799999999999 0 0 2 28 -34 
228 12801.6 6400.8 0 12801.6 9448.799999999999 0 0 2 29 -35 
229 18897.6 6400.8 0 18897.6 9448.799999999999 0 0 2 30 -36 
231 0 0 -3048 6096 0 -3048 0 2 37 -38 
232 6096 0 -3048 6096 3048 -3048 0 2 38 -42 
233 0 3048 -3048 6096 3048 -3048 0 2 42 -46 
234 0 0 -3048 0 3048 -3048 0 2 46 -37 
236 0 0 -3048 0 0 0 0 2 1 -37 
237 6096 0 -3048 6096 0 0 0 2 2 -38 
241 6096 3048 -3048 6096 3048 0 0 2 8 -42 
245 0 3048 -3048 0 3048 0 0 2 7 -46 
253 6096 0 -3048 9144 0 -3048 0 2 38 -48 
254 9144 0 -3048 9144 3048 -3048 0 2 48 -52 
255 6096 3048 -3048 9144 3048 -3048 0 2 52 -42 
259 9144 0 -3048 9144 0 0 0 2 3 -48 
263 9144 3048 -3048 9144 3048 0 0 2 9 -52 
275 9144 0 -3048 9753.6 0 -3048 0 2 48 -54 
276 9753.6 0 -3048 9753.6 3048 -3048 0 2 54 -58 
277 9144 3048 -3048 9753.6 3048 -3048 0 2 58 -52 
281 9753.6 0 -3048 9753.6 0 0 0 2 4 -54 
285 9753.6 3048 -3048 9753.6 3048 0 0 2 10 -58 
297 9753.6 0 -3048 12801.6 0 -3048 0 2 54 -60 
298 12801.6 0 -3048 12801.6 3048 -3048 0 2 60 -64 
299 9753.6 3048 -3048 12801.6 3048 -3048 0 2 64 -58 
303 12801.6 0 -3048 12801.6 0 0 0 2 5 -60 
307 12801.6 3048 -3048 12801.6 3048 0 0 2 11 -64 
319 12801.6 0 -3048 18897.6 0 -3048 0 2 60 -66 
320 18897.6 0 -3048 18897.6 3048 -3048 0 2 66 -70 
321 12801.6 3048 -3048 18897.6 3048 -3048 0 2 70 -64 
325 18897.6 0 -3048 18897.6 0 0 0 2 6 -66 
329 18897.6 3048 -3048 18897.6 3048 0 0 2 12 -70 
342 6096 3048 -3048 6096 4572 -3048 0 2 42 -76 
343 0 4572 -3048 6096 4572 -3048 0 2 76 -80 
344 0 3048 -3048 0 4572 -3048 0 2 80 -46 
351 6096 4572 -3048 6096 4572 0 0 2 14 -76 
355 0 4572 -3048 0 4572 0 0 2 13 -80 
364 9144 3048 -3048 9144 4572 -3048 0 2 52 -86 
365 6096 4572 -3048 9144 4572 -3048 0 2 86 -76 
373 9144 4572 -3048 9144 4572 0 0 2 15 -86 
386 9753.6 3048 -3048 9753.6 4572 -3048 0 2 58 -92 
387 9144 4572 -3048 9753.6 4572 -3048 0 2 92 -86 
395 9753.6 4572 -3048 9753.6 4572 0 0 2 16 -92 
408 12801.6 3048 -3048 12801.6 4572 -3048 0 2 64 -98 
409 9753.6 4572 -3048 12801.6 4572 -3048 0 2 98 -92 
417 12801.6 4572 -3048 12801.6 4572 0 0 2 17 -98 
430 18897.6 3048 -3048 18897.6 4572 -3048 0 2 70 -104 
431 12801.6 4572 -3048 18897.6 4572 -3048 0 2 104 -98 
439 18897.6 4572 -3048 18897.6 4572 0 0 2 18 -104 
452 6096 4572 -3048 6096 4876.8 -3048 0 2 76 -110 
453 0 4876.8 -3048 6096 4876.8 -3048 0 2 110 -114 
454 0 4572 -3048 0 4876.8 -3048 0 2 114 -80 
461 6096 4876.8 -3048 6096 4876.8 0 0 2 20 -110 
465 0 4876.8 -3048 0 4876.8 0 0 2 19 -114 
474 9144 4572 -3048 9144 4876.8 -3048 0 2 86 -120 
475 6096 4876.8 -3048 9144 4876.8 -3048 0 2 120 -110 
483 9144 4876.8 -3048 9144 4876.8 0 0 2 21 -120 
496 9753.6 4572 -3048 9753.6 4876.8 -3048 0 2 92 -126 
497 9144 4876.8 -3048 9753.6 4876.8 -3048 0 2 126 -120 
505 9753.6 4876.8 -3048 9753.6 4876.8 0 0 2 22 -126 
518 12801.6 4572 -3048 12801.6 4876.8 -3048 0 2 98 -132 
519 9753.6 4876.8 -3048 12801.6 4876.8 -3048 0 2 132 -126 
527 12801.6 4876.8 -3048 12801.6 4876.8 0 0 2 23 -132 
540 18897.6 4572 -3048 18897.6 4876.8 -3048 0 2 104 -138 
541 12801.6 4876.8 -3048 18897.6 4876.8 -3048 0 2 138 -132 
549 18897.6 4876.8 -3048 18897.6 4876.8 0 0 2 24 -138 
562 6096 4876.8 -3048 6096 6400.8 -3048 0 2 110 -144 
563 0 6400.8 -3048 6096 6400.8 -3048 0 2 144 -148 
564 0 4876.8 -3048 0 6400.8 -3048 0 2 148 -114 
571 6096 6400.8 -3048 6096 6400.8 0 0 2 26 -144 
575 0 6400.8 -3048 0 6400.8 0 0 2 25 -148 
584 9144 4876.8 -3048 9144 6400.8 -3048 0 2 120 -154 
585 6096 6400.8 -3048 9144 6400.8 -3048 0 2 154 -144 
593 9144 6400.8 -3048 9144 6400.8 0 0 2 27 -154 
606 9753.6 4876.8 -3048 9753.6 6400.8 -3048 0 2 126 -160 
607 9144 6400.8 -3048 9753.6 6400.8 -3048 0 2 160 -154 
615 9753.6 6400.8 -3048 9753.6 6400.8 0 0 2 28 -160 
628 12801.6 4876.8 -3048 12801.6 6400.8 -3048 0 2 132 -166 
629 9753.6 6400.8 -3048 12801.6 6400.8 -3048 0 2 166 -160 
637 12801.6 6400.8 -3048 12801.6 6400.8 0 0 2 29 -166 
650 18897.6 4876.8 -3048 18897.6 6400.8 -3048 0 2 138 -172 
651 12801.6 6400.8 -3048 18897.6 6400.8 -3048 0 2 172 -166 
659 18897.6 6400.8 -3048 18897.6 6400.8 0 0 2 30 -172 
672 6096 6400.8 -3048 6096 9448.799999999999 -3048 0 2 144 -178 
673 0 9448.799999999999 -3048 6096 9448.799999999999 -3048 0 2 178 -182 
674 0 6400.8 -3048 0 9448.799999999999 -3048 0 2 182 -148 
681 6096 9448.799999999999 -3048 6096 9448.799999999999 0 0 2 32 -178 
685 0 9448.799999999999 -3048 0 9448.799999999999 0 0 2 31 -182 
694 9144 6400.8 -3048 9144 9448.799999999999 -3048 0 2 154 -188 
695 6096 9448.799999999999 -3048 9144 9448.799999999999 -3048 0 2 188 -178 
703 9144 9448.799999999999 -3048 9144 9448.799999999999 0 0 2 33 -188 
716 9753.6 6400.8 -3048 9753.6 9448.799999999999 -3048 0 2 160 -194 
717 9144 9448.799999999999 -3048 9753.6 9448.799999999999 -3048 0 2 194 -188 
725 9753.6 9448.799999999999 -3048 9753.6 9448.799999999999 0 0 2 34 -194 
738 12801.6 6400.8 -3048 12801.6 9448.799999999999 -3048 0 2 166 -200 
739 9753.6 9448.799999999999 -3048 12801.6 9448.799999999999 -3048 0 2 200 -194 
747 12801.6 9448.799999999999 -3048 12801.6 9448.799999999999 0 0 2 35 -200 
760 18897.6 6400.8 -3048 18897.6 9448.799999999999 -3048 0 2 172 -206 
761 12801.6 9448.799999999999 -3048 18897.6 9448.799999999999 -3048 0 2 206 -200 
769 18897.6 9448.799999999999 -3048 18897.6 9448.799999999999 0 0 2 36 -206 
781 0 0 -3124.2 6096 0 -3124.2 0 2 207 -208 
782 6096 0 -3124.2 6096 3048 -3124.2 0 2 208 -212 
783 0 3048 -3124.2 6096 3048 -3124.2 0 2 212 -216 
784 0 0 -3124.2 0 3048 -3124.2 0 2 216 -207 
786 0 0 -3124.2 0 0 -3048 0 2 37 -207 
787 6096 0 -3124.2 6096 0 -3048 0 2 38 -208 
791 6096 3048 -3124.2 6096 3048 -3048 0 2 42 -212 
795 0 3048 -3124.2 0 3048 -3048 0 2 46 -216 
803 6096 0 -3124.2 9144 0 -3124.2 0 2 208 -218 
804 9144 0 -3124.2 9144 3048 -3124.2 0 2 218 -222 
805 6096 3048 -3124.2 9144 3048 -3124.2 0 2 222 -212 
809 9144 0 -3124.2 9144 0 -3048 0 2 48 -218 
813 9144 3048 -3124.2 9144 3048 -3048 0 2 52 -222 
825 9144 0 -3124.2 9753.6 0 -3124.2 0 2 218 -224 
826 9753.6 0 -3124.2 9753.6 3048 -3124.2 0 2 224 -228 
827 9144 3048 -3124.2 9753.6 3048 -3124.2 0 2 228 -222 
831 9753.6 0 -3124.2 9753.6 0 -3048 0 2 54 -224 
835 9753.6 3048 -3124.2 9753.6 3048 -3048 0 2 58 -228 
847 9753.6 0 -3124.2 12801.6 0 -3124.2 0 2 224 -230 
848 12801.6 0 -3124.2 12801.6 3048 -3124.2 0 2 230 -234 
849 9753.6 3048 -3124.2 12801.6 3048 -3124.2 0 2 234 -228 
853 12801.6 0 -3124.2 12801.6 0 -3048 0 2 60 -230 
857 12801.6 3048 -3124.2 12801.6 3048 -3048 0 2 64 -234 
869 12801.6 0 -3124.2 18897.6 0 -3124.2 0 2 230 -236 
870 18897.6 0 -3124.2 18897.6 3048 -3124.2 0 2 236 -240 
871 12801.6 3048 -3124.2 18897.6 3048 -3124.2 0 2 240 -234 
875 18897.6 0 -3124.2 18897.6 0 -3048 0 2 66 -236 
879 18897.6 3048 -3124.2 18897.6 3048 -3048 0 2 70 -240 
892 6096 3048 -3124.2 6096 4572 -3124.2 0 2 212 -246 
893 0 4572 -3124.2 6096 4572 -3124.2 0 2 246 -250 
894 0 3048 -3124.2 0 4572 -3124.2 0 2 250 -216 
901 6096 4572 -3124.2 6096 4572 -3048 0 2 76 -246 
905 0 4572 -3124.2 0 4572 -3048 0 2 80 -250 
914 9144 3048 -3124.2 9144 4572 -3124.2 0 2 222 -256 
915 6096 4572 -3124.2 9144 4572 -3124.2 0 2 256 -246 
923 9144 4572 -3124.2 9144 4572 -3048 0 2 86 -256 
936 9753.6 3048 -3124.2 9753.6 4572 -3124.2 0 2 228 -262 
937 9144 4572 -3124.2 9753.6 4572 -3124.2 0 2 262 -256 
945 9753.6 4572 -3124.2 9753.6 4572 -3048 0 2 92 -262 
958 12801.6 3048 -3124.2 12801.6 4572 -3124.2 0 2 234 -268 
959 9753.6 4572 -3124.2 12801.6 4572 -3124.2 0 2 268 -262 
967 12801.6 4572 -3124.2 12801.6 4572 -3048 0 2 98 -268 
980 18897.6 3048 -3124.2 18897.6 4572 -3124.2 0 2 240 -274 
981 12801.6 4572 -3124.2 18897.6 4572 -3124.2 0 2 274 -268 
989 18897.6 4572 -3124.2 18897.6 4572 -3048 0 2 104 -274 
1002 6096 4572 -3124.2 6096 4876.8 -3124.2 0 2 246 -280 
1003 0 4876.8 -3124.2 6096 4876.8 -3124.2 0 2 280 -284 
1004 0 4572 -3124.2 0 4876.8 -3124.2 0 2 284 -250 
1011 6096 4876.8 -3124.2 6096 4876.8 -3048 0 2 110 -280 
1015 0 4876.8 -3124.2 0 4876.8 -3048 0 2 114 -284 
1024 9144 4572 -3124.2 9144 4876.8 -3124.2 0 2 256 -290 
1025 6096 4876.8 -3124.2 9144 4876.8 -3124.2 0 2 290 -280 
1033 9144 4876.8 -3124.2 9144 4876.8 -3048 0 2 120 -290 
1046 9753.6 4572 -3124.2 9753.6 4876.8 -3124.2 0 2 262 -296 
1047 9144 4876.8 -3124.2 9753.6 4876.8 -3124.2 0 2 296 -290 
1055 9753.6 4876.8 -3124.2 9753.6 4876.8 -3048 0 2 126 -296 
1068 12801.6 4572 -3124.2 12801.6 4876.8 -3124.2 0 2 268 -302 
1069 9753.6 4876.8 -3124.2 12801.6 4876.8 -3124.2 0 2 302 -296 
1077 12801.6 4876.8 -3124.2 12801.6 4876.8 -3048 0 2 132 -302 
1090 18897.6 4572 -3124.2 18897.6 4876.8 -3124.2 0 2 274 -308 
1091 12801.6 4876.8 -3124.2 18897.6 4876.8 -3124.2 0 2 308 -302 
1099 18897.6 4876.8 -3124.2 18897.6 4876.8 -3048 0 2 138 -308 
1112 6096 4876.8 -3124.2 6096 6400.8 -3124.2 0 2 280 -314 
1113 0 6400.8 -3124.2 6096 6400.8 -3124.2 0 2 314 -318 
1114 0 4876.8 -3124.2 0 6400.8 -3124.2 0 2 318 -284 
1121 6096 6400.8 -3124.2 6096 6400.8 -3048 0 2 144 -314 
1125 0 6400.8 -3124.2 0 6400.8 -3048 0 2 148 -318 
1134 9144 4876.8 -3124.2 9144 6400.8 -3124.2 0 2 290 -324 
1135 6096 6400.8 -3124.2 9144 6400.8 -3124.2 0 2 324 -314 
1143 9144 6400.8 -3124.2 9144 6400.8 -3048 0 2 154 -324 
1156 9753.6 4876.8 -3124.2 9753.6 6400.8 -3124.2 0 2 296 -330 
1157 9144 6400.8 -3124.2 9753.6 6400.8 -3124.2 0 2 330 -324 
1165 9753.6 6400.8 -3124.2 9753.6 6400.8 -3048 0 2 160 -330 
1178 12801.6 4876.8 -3124.2 12801.6 6400.8 -3124.2 0 2 302 -336 
1179 9753.6 6400.8 -3124.2 12801.6 6400.8 -3124.2 0 2 336 -330 
1187 12801.6 6400.8 -3124.2 12801.6 6400.8 -3048 0 2 166 -336 
1200 18897.6 4876.8 -3124.2 18897.6 6400.8 -3124.2 0 2 308 -342 
1201 12801.6 6400.8 -3124.2 18897.6 6400.8 -3124.2 0 2 342 -336 
1209 18897.6 6400.8 -3124.2 18897.6 6400.8 -3048 0 2 172 -342 
1222 6096 6400.8 -3124.2 6096 9448.799999999999 -3124.2 0 2 314 -348 
1223 0 9448.799999999999 -3124.2 6096 9448.799999999999 -3124.2 0 2 348 -352 
1224 0 6400.8 -3124.2 0 9448.799999999999 -3124.2 0 2 352 -318 
1231 6096 9448.799999999999 -3124.2 6096 9448.799999999999 -3048 0 2 178 -348 
1235 0 9448.799999999999 -3124.2 0 9448.799999999999 -3048 0 2 182 -352 
1244 9144 6400.8 -3124.2 9144 9448.799999999999 -3124.2 0 2 324 -358 
1245 6096 9448.799999999999 -3124.2 9144 9448.799999999999 -3124.2 0 2 358 -348 
1253 9144 9448.799999999999 -3124.2 9144 9448.799999999999 -3048 0 2 188 -358 
1266 9753.6 6400.8 -3124.2 9753.6 9448.799999999999 -3124.2 0 2 330 -364 
1267 9144 9448.799999999999 -3124.2 9753.6 9448.799999999999 -3124.2 0 2 364 -358 
1275 9753.6 9448.799999999999 -3124.2 9753.6 9448.799999999999 -3048 0 2 194 -364 
1288 12801.6 6400.8 -3124.2 12801.6 9448.799999999999 -3124.2 0 2 336 -370 
1289 9753.6 9448.799999999999 -3124.2 12801.6 9448.799999999999 -3124.2 0 2 370 -364 
1297 12801.6 9448.799999999999 -3124.2 12801.6 9448.799999999999 -3048 0 2 200 -370 
1310 18897.6 6400.8 -3124.2 18897.6 9448.799999999999 -3124.2 0 2 342 -376 
1311 12801.6 9448.799999999999 -3124.2 18897.6 9448.799999999999 -3124.2 0 2 376 -370 
1319 18897.6 9448.799999999999 -3124.2 18897.6 9448.799999999999 -3048 0 2 206 -376 
1331 0 0 -3185.16 6096 0 -3185.16 0 2 377 -378 
1332 6096 0 -3185.16 6096 3048 -3185.16 0 2 378 -382 
1333 0 3048 -3185.16 6096 3048 -3185.16 0 2 382 -386 
1334 0 0 -3185.16 0 3048 -3185.16 0 2 386 -377 
1336 0 0 -3185.16 0 0 -3124.2 0 2 207 -377 
1337 6096 0 -3185.16 6096 0 -3124.2 0 2 208 -378 
1341 6096 3048 -3185.16 6096 3048 -3124.2 0 2 212 -382 
1345 0 3048 -3185.16 0 3048 -3124.2 0 2 216 -386 
1353 6096 0 -3185.16 9144 0 -3185.16 0 2 378 -388 
1354 9144 0 -3185.16 9144 3048 -3185.16 0 2 388 -392 
1355 6096 3048 -3185.16 9144 3048 -3185.16 0 2 392 -382 
1359 9144 0 -3185.16 9144 0 -3124.2 0 2 218 -388 
1363 9144 3048 -3185.16 9144 3048 -3124.2 0 2 222 -392 
1375 9144 0 -3185.16 9753.6 0 -3185.16 0 2 388 -394 
1376 9753.6 0 -3185.16 9753.6 3048 -3185.16 0 2 394 -398 
1377 9144 3048 -3185.16 9753.6 3048 -3185.16 0 2 398 -392 
1381 9753.6 0 -3185.16 9753.6 0 -3124.2 0 2 224 -394 
1385 9753.6 3048 -3185.16 9753.6 3048 -3124.2 0 2 228 -398 
1397 9753.6 0 -3185.16 12801.6 0 -3185.16 0 2 394 -400 
1398 12801.6 0 -3185.16 12801.6 3048 -3185.16 0 2 400 -404 
1399 9753.6 3048 -3185.16 12801.6 3048 -3185.16 0 2 404 -398 
1403 12801.6 0 -3185.16 12801.6 0 -3124.2 0 2 230 -400 
1407 12801.6 3048 -3185.16 12801.6 3048 -3124.2 0 2 234 -404 
1419 12801.6 0 -3185.16 18897.6 0 -3185.16 0 2 400 -406 
1420 18897.6 0 -3185.16 18897.6 3048 -3185.16 0 2 406 -410 
1421 12801.6 3048 -3185.16 18897.6 3048 -3185.16 0 2 410 -404 
1425 18897.6 0 -3185.16 18897.6 0 -3124.2 0 2 236 -406 
1429 18897.6 3048 -3185.16 18897.6 3048 -3124.2 0 2 240 -410 
1442 6096 3048 -3185.16 6096 4572 -3185.16 0 2 382 -416 
1443 0 4572 -3185.16 6096 4572 -3185.16 0 2 416 -420 
1444 0 3048 -3185.16 0 4572 -3185.16 0 2 420 -386 
1451 6096 4572 -3185.16 6096 4572 -3124.2 0 2 246 -416 
1455 0 4572 -3185.16 0 4572 -3124.2 0 2 250 -420 
1464 9144 3048 -3185.16 9144 4572 -3185.16 0 2 392 -426 
1465 6096 4572 -3185.16 9144 4572 -3185.16 0 2 426 -416 
1473 9144 4572 -3185.16 9144 4572 -3124.2 0 2 256 -426 
1486 9753.6 3048 -3185.16 9753.6 4572 -3185.16 0 2 398 -432 
1487 9144 4572 -3185.16 9753.6 4572 -3185.16 0 2 432 -426 
1495 9753.6 4572 -3185.16 9753.6 4572 -3124.2 0 2 262 -432 
1508 12801.6 3048 -3185.16 12801.6 4572 -3185.16 0 2 404 -438 
1509 9753.6 4572 -3185.16 12801.6 4572 -3185.16 0 2 438 -432 
1517 12801.6 4572 -3185.16 12801.6 4572 -3124.2 0 2 268 -438 
1530 18897.6 3048 -3185.16 18897.6 4572 -3185.16 0 2 410 -444 
1531 12801.6 4572 -3185.16 18897.6 4572 -3185.16 0 2 444 -438 
1539 18897.6 4572 -3185.16 18897.6 4572 -3124.2 0 2 274 -444 
1552 6096 4572 -3185.16 6096 4876.8 -3185.16 0 2 416 -450 
1553 0 4876.8 -3185.16 6096 4876.8 -3185.16 0 2 450 -454 
1554 0 4572 -3185.16 0 4876.8 -3185.16 0 2 454 -420 
1561 6096 4876.8 -3185.16 6096 4876.8 -3124.2 0 2 280 -450 
1565 0 4876.8 -3185.16 0 4876.8 -3124.2 0 2 284 -454 
1574 9144 4572 -3185.16 9144 4876.8 -3185.16 0 2 426 -460 
1575 6096 4876.8 -3185.16 9144 4876.8 -3185.16 0 2 460 -450 
1583 9144 4876.8 -3185.16 9144 4876.8 -3124.2 0 2 290 -460 
1596 9753.6 4572 -3185.16 9753.6 4876.8 -3185.16 0 2 432 -466 
1597 9144 4876.8 -3185.16 9753.6 4876.8 -3185.16 0 2 466 -460 
1605 9753.6 4876.8 -3185.16 9753.6 4876.8 -3124.2 0 2 296 -466 
1618 12801.6 4572 -3185.16 12801.6 4876.8 -3185.16 0 2 438 -472 
1619 9753.6 4876.8 -3185.16 12801.6 4876.8 -3185.16 0 2 472 -466 
1627 12801.6 4876.8 -3185.16 12801.6 4876.8 -3124.2 0 2 302 -472 
1640 18897.6 4572 -3185.16 18897.6 4876.8 -3185.16 0 2 444 -478 
1641 12801.6 4876.8 -3185.16 18897.6 4876.8 -3185.16 0 2 478 -472 
1649 18897.6 4876.8 -3185.16 18897.6 4876.8 -3124.2 0 2 308 -478 
1662 6096 4876.8 -3185.16 6096 6400.8 -3185.16 0 2 450 -484 
1663 0 6400.8 -3185.16 6096 6400.8 -3185.16 0 2 484 -488 
1664 0 4876.8 -3185.16 0 6400.8 -3185.16 0 2 488 -454 
1671 6096 6400.8 -3185.16 6096 6400.8 -3124.2 0 2 314 -484 
1675 0 6400.8 -3185.16 0 6400.8 -3124.2 0 2 318 -488 
1684 9144 4876.8 -3185.16 9144 6400.8 -3185.16 0 2 460 -494 
1685 6096 6400.8 -3185.16 9144 6400.8 -3185.16 0 2 494 -484 
1693 9144 6400.8 -3185.16 9144 6400.8 -3124.2 0 2 324 -494 
1706 9753.6 4876.8 -3185.16 9753.6 6400.8 -3185.16 0 2 466 -500 
1707 9144 6400.8 -3185.16 9753.6 6400.8 -3185.16 0 2 500 -494 
1715 9753.6 6400.8 -3185.16 9753.6 6400.8 -3124.2 0 2 330 -500 
1728 12801.6 4876.8 -3185.16 12801.6 6400.8 -3185.16 0 2 472 -506 
1729 9753.6 6400.8 -3185.16 12801.6 6400.8 -3185.16 0 2 506 -500 
1737 12801.6 6400.8 -3185.16 12801.6 6400.8 -3124.2 0 2 336 -506 
1750 18897.6 4876.8 -3185.16 18897.6 6400.8 -3185.16 0 2 478 -512 
1751 12801.6 6400.8 -3185.16 18897.6 6400.8 -3185.16 0 2 512 -506 
1759 18897.6 6400.8 -3185.16 18897.6 6400.8 -3124.2 0 2 342 -512 
1772 6096 6400.8 -3185.16 6096 9448.799999999999 -3185.16 0 2 484 -518 
1773 0 9448.799999999999 -3185.16 6096 9448.799999999999 -3185.16 0 2 518 -522 
1774 0 6400.8 -3185.16 0 9448.799999999999 -3185.16 0 2 522 -488 
1781 6096 9448.799999999999 -3185.16 6096 9448.799999999999 -3124.2 0 2 348 -518 
1785 0 9448.799999999999 -3185.16 0 9448.799999999999 -3124.2 0 2 352 -522 
1794 9144 6400.8 -3185.16 9144 9448.799999999999 -3185.16 0 2 494 -528 
1795 6096 9448.799999999999 -3185.16 9144 9448.799999999999 -3185.16 0 2 528 -518 
1803 9144 9448.799999999999 -3185.16 9144 9448.799999999999 -3124.2 0 2 358 -528 
1816 9753.6 6400.8 -3185.16 9753.6 9448.799999999999 -3185.16 0 2 500 -534 
1817 9144 9448.799999999999 -3185.16 9753.6 9448.799999999999 -3185.16 0 2 534 -528 
1825 9753.6 9448.799999999999 -3185.16 9753.6 9448.799999999999 -3124.2 0 2 364 -534 
1838 12801.6 6400.8 -3185.16 12801.6 9448.799999999999 -3185.16 0 2 506 -540 
1839 9753.6 9448.799999999999 -3185.16 12801.6 9448.799999999999 -3185.16 0 2 540 -534 
1847 12801.6 9448.799999999999 -3185.16 12801.6 9448.799999999999 -3124.2 0 2 370 -540 
1860 18897.6 6400.8 -3185.16 18897.6 9448.799999999999 -3185.16 0 2 512 -546 
1861 12801.6 9448.799999999999 -3185.16 18897.6 9448.799999999999 -3185.16 0 2 546 -540 
1869 18897.6 9448.799999999999 -3185.16 18897.6 9448.799999999999 -3124.2 0 2 376 -546 
1 0 0 0 6096 3048 0 0 4 100 201 -105 -200 
2 6096 0 0 9144 3048 0 0 4 101 202 -106 -201 
3 9144 0 0 9753.6 3048 0 0 4 102 203 -107 -202 
4 9753.6 0 0 12801.6 3048 0 0 4 103 204 -108 -203 
5 12801.6 0 0 18897.6 3048 0 0 4 104 205 -109 -204 
6 0 3048 0 6096 4572 0 0 4 105 207 -110 -206 
7 6096 3048 0 9144 4572 0 0 4 106 208 -111 -207 
8 9144 3048 0 9753.6 4572 0 0 4 107 209 -112 -208 
9 9753.6 3048 0 12801.6 4572 0 0 4 108 210 -113 -209 
10 12801.6 3048 0 18897.6 4572 0 0 4 109 211 -114 -210 
11 0 4572 0 6096 4876.8 0 0 4 110 213 -115 -212 
12 6096 4572 0 9144 4876.8 0 0 4 111 214 -116 -213 
13 9144 4572 0 9753.6 4876.8 0 0 4 112 215 -117 -214 
14 9753.6 4572 0 12801.6 4876.8 0 0 4 113 216 -118 -215 
15 12801.6 4572 0 18897.6 4876.8 0 0 4 114 217 -119 -216 
16 0 4876.8 0 6096 6400.8 0 0 4 115 219 -120 -218 
17 6096 4876.8 0 9144 6400.8 0 0 4 116 220 -121 -219 
18 9144 4876.8 0 9753.6 6400.8 0 0 4 117 221 -122 -220 
19 9753.6 4876.8 0 12801.6 6400.8 0 0 4 118 222 -123 -221 
20 12801.6 4876.8 0 18897.6 6400.8 0 0 4 119 223 -124 -222 
21 0 6400.8 0 6096 9448.799999999999 0 0 4 120 225 -125 -224 
22 6096 6400.8 0 9144 9448.799999999999 0 0 4 121 226 -126 -225 
23 9144 6400.8 0 9753.6 9448.799999999999 0 0 4 122 227 -127 -226 
24 9753.6 6400.8 0 12801.6 9448.799999999999 0 0 4 123 228 -128 -227 
25 12801.6 6400.8 0 18897.6 9448.799999999999 0 0 4 124 229 -129 -228 
238 0 0 -3048 6096 0 0 0 4 100 237 -231 -236 
242 6096 0 -3048 6096 3048 0 0 4 201 241 -232 -237 
246 0 3048 -3048 6096 3048 0 0 4 -105 245 -233 -241 
250 0 0 -3048 0 3048 0 0 4 -200 236 -234 -245 
251 0 0 -3048 6096 3048 -3048 0 4 231 232 233 234 
260 6096 0 -3048 9144 0 0 0 4 101 259 -253 -237 
264 9144 0 -3048 9144 3048 0 0 4 202 263 -254 -259 
268 6096 3048 -3048 9144 3048 0 0 4 -106 241 -255 -263 
273 6096 0 -3048 9144 3048 -3048 0 4 253 254 255 -232 
282 9144 0 -3048 9753.6 0 0 0 4 102 281 -275 -259 
286 9753.6 0 -3048 9753.6 3048 0 0 4 203 285 -276 -281 
290 9144 3048 -3048 9753.6 3048 0 0 4 -107 263 -277 -285 
295 9144 0 -3048 9753.6 3048 -3048 0 4 275 276 277 -254 
304 9753.6 0 -3048 12801.6 0 0 0 4 103 303 -297 -281 
308 12801.6 0 -3048 12801.6 3048 0 0 4 204 307 -298 -303 
312 9753.6 3048 -3048 12801.6 3048 0 0 4 -108 285 -299 -307 
317 9753.6 0 -3048 12801.6 3048 -3048 0 4 297 298 299 -276 
326 12801.6 0 -3048 18897.6 0 0 0 4 104 325 -319 -303 
330 18897.6 0 -3048 18897.6 3048 0 0 4 205 329 -320 -325 
334 12801.6 3048 -3048 18897.6 3048 0 0 4 -109 307 -321 -329 
339 12801.6 0 -3048 18897.6 3048 -3048 0 4 319 320 321 -298 
352 6096 3048 -3048 6096 4572 0 0 4 207 351 -342 -241 
356 0 4572 -3048 6096 4572 0 0 4 -110 355 -343 -351 
360 0 3048 -3048 0 4572 0 0 4 -206 245 -344 -355 
361 0 3048 -3048 6096 4572 -3048 0 4 -233 342 343 344 
374 9144 3048 -3048 9144 4572 0 0 4 208 373 -364 -263 
378 6096 4572 -3048 9144 4572 0 0 4 -111 351 -365 -373 
383 6096 3048 -3048 9144 4572 -3048 0 4 -255 364 365 -342 
396 9753.6 3048 -3048 9753.6 4572 0 0 4 209 395 -386 -285 
400 9144 4572 -3048 9753.6 4572 0 0 4 -112 373 -387 -395 
405 9144 3048 -3048 9753.6 4572 -3048 0 4 -277 386 387 -364 
418 12801.6 3048 -3048 12801.6 4572 0 0 4 210 417 -408 -307 
422 9753.6 4572 -3048 12801.6 4572 0 0 4 -113 395 -409 -417 
427 9753.6 3048 -3048 12801.6 4572 -3048 0 4 -299 408 409 -386 
440 18897.6 3048 -3048 18897.6 4572 0 0 4 211 439 -430 -329 
444 12801.6 4572 -3048 18897.6 4572 0 0 4 -114 417 -431 -439 
449 12801.6 3048 -3048 18897.6 4572 -3048 0 4 -321 430 431 -408 
462 6096 4572 -3048 6096 4876.8 0 0 4 213 461 -452 -351 
466 0 4876.8 -3048 6096 4876.8 0 0 4 -115 465 -453 -461 
470 0 4572 -3048 0 4876.8 0 0 4 -212 355 -454 -465 
471 0 4572 -3048 6096 4876.8 -3048 0 4 -343 452 453 454 
484 9144 4572 -3048 9144 4876.8 0 0 4 214 483 -474 -373 
488 6096 4876.8 -3048 9144 4876.8 0 0 4 -116 461 -475 -483 
493 6096 4572 -3048 9144 4876.8 -3048 0 4 -365 474 475 -452 
506 9753.6 4572 -3048 9753.6 4876.8 0 0 4 215 505 -496 -395 
510 9144 4876.8 -3048 9753.6 4876.8 0 0 4 -117 483 -497 -505 
515 9144 4572 -3048 9753.6 4876.8 -3048 0 4 -387 496 497 -474 
528 12801.6 4572 -3048 12801.6 4876.8 0 0 4 216 527 -518 -417 
532 9753.6 4876.8 -3048 12801.6 4876.8 0 0 4 -118 505 -519 -527 
537 9753.6 4572 -3048 12801.6 4876.8 -3048 0 4 -409 518 519 -496 
550 18897.6 4572 -3048 18897.6 4876.8 0 0 4 217 549 -540 -439 
554 12801.6 4876.8 -3048 18897.6 4876.8 0 0 4 -119 527 -541 -549 
559 12801.6 4572 -3048 18897.6 4876.8 -3048 0 4 -431 540 541 -518 
572 6096 4876.8 -3048 6096 6400.8 0 0 4 219 571 -562 -461 
576 0 6400.8 -3048 6096 6400.8 0 0 4 -120 575 -563 -571 
580 0 4876.8 -3048 0 6400.8 0 0 4 -218 465 -564 -575 
581 0 4876.8 -3048 6096 6400.8 -3048 0 4 -453 562 563 564 
594 9144 4876.8 -3048 9144 6400.8 0 0 4 220 593 -584 -483 
598 6096 6400.8 -3048 9144 6400.8 0 0 4 -121 571 -585 -593 
603 6096 4876.8 -3048 9144 6400.8 -3048 0 4 -475 584 585 -562 
616 9753.6 4876.8 -3048 9753.6 6400.8 0 0 4 221 615 -606 -505 
620 9144 6400.8 -3048 9753.6 6400.8 0 0 4 -122 593 -607 -615 
625 9144 4876.8 -3048 9753.6 6400.8 -3048 0 4 -497 606 607 -584 
638 12801.6 4876.8 -3048 12801.6 6400.8 0 0 4 222 637 -628 -527 
642 9753.6 6400.8 -3048 12801.6 6400.8 0 0 4 -123 615 -629 -637 
647 9753.6 4876.8 -3048 12801.6 6400.8 -3048 0 4 -519 628 629 -606 
660 18897.6 4876.8 -3048 18897.6 6400.8 0 0 4 223 659 -650 -549 
664 12801.6 6400.8 -3048 18897.6 6400.8 0 0 4 -124 637 -651 -659 
669 12801.6 4876.8 -3048 18897.6 6400.8 -3048 0 4 -541 650 651 -628 
682 6096 6400.8 -3048 6096 9448.799999999999 0 0 4 225 681 -672 -571 
686 0 9448.799999999999 -3048 6096 9448.799999999999 0 0 4 -125 685 -673 -681 
690 0 6400.8 -3048 0 9448.799999999999 0 0 4 -224 575 -674 -685 
691 0 6400.8 -3048 6096 9448.799999999999 -3048 0 4 -563 672 673 674 
704 9144 6400.8 -3048 9144 9448.799999999999 0 0 4 226 703 -694 -593 
708 6096 9448.799999999999 -3048 9144 9448.799999999999 0 0 4 -126 681 -695 -703 
713 6096 6400.8 -3048 9144 9448.799999999999 -3048 0 4 -585 694 695 -672 
726 9753.6 6400.8 -3048 9753.6 9448.799999999999 0 0 4 227 725 -716 -615 
730 9144 9448.799999999999 -3048 9753.6 9448.799999999999 0 0 4 -127 703 -717 -725 
735 9144 6400.8 -3048 9753.6 9448.799999999999 -3048 0 4 -607 716 717 -694 
748 12801.6 6400.8 -3048 12801.6 9448.799999999999 0 0 4 228 747 -738 -637 
752 9753.6 9448.799999999999 -3048 12801.6 9448.799999999999 0 0 4 -128 725 -739 -747 
757 9753.6 6400.8 -3048 12801.6 9448.799999999999 -3048 0 4 -629 738 739 -716 
770 18897.6 6400.8 -3048 18897.6 9448.799999999999 0 0 4 229 769 -760 -659 
774 12801.6 9448.799999999999 -3048 18897.6 9448.799999999999 0 0 4 -129 747 -761 -769 
779 12801.6 6400.8 -3048 18897.6 9448.799999999999 -3048 0 4 -651 760 761 -738 
788 0 0 -3124.2 6096 0 -3048 0 4 231 787 -781 -786 
792 6096 0 -3124.2 6096 3048 -3048 0 4 232 791 -782 -787 
796 0 3048 -3124.2 6096 3048 -3048 0 4 233 795 -783 -791 
800 0 0 -3124.2 0 3048 -3048 0 4 234 786 -784 -795 
801 0 0 -3124.2 6096 3048 -3124.2 0 4 781 782 783 784 
810 6096 0 -3124.2 9144 0 -3048 0 4 253 809 -803 -787 
814 9144 0 -3124.2 9144 3048 -3048 0 4 254 813 -804 -809 
818 6096 3048 -3124.2 9144 3048 -3048 0 4 255 791 -805 -813 
823 6096 0 -3124.2 9144 3048 -3124.2 0 4 803 804 805 -782 
832 9144 0 -3124.2 9753.6 0 -3048 0 4 275 831 -825 -809 
836 9753.6 0 -3124.2 9753.6 3048 -3048 0 4 276 835 -826 -831 
840 9144 3048 -3124.2 9753.6 3048 -3048 0 4 277 813 -827 -835 
845 9144 0 -3124.2 9753.6 3048 -3124.2 0 4 825 826 827 -804 
854 9753.6 0 -3124.2 12801.6 0 -3048 0 4 297 853 -847 -831 
858 12801.6 0 -3124.2 12801.6 3048 -3048 0 4 298 857 -848 -853 
862 9753.6 3048 -3124.2 12801.6 3048 -3048 0 4 299 835 -849 -857 
867 9753.6 0 -3124.2 12801.6 3048 -3124.2 0 4 847 848 849 -826 
876 12801.6 0 -3124.2 18897.6 0 -3048 0 4 319 875 -869 -853 
880 18897.6 0 -3124.2 18897.6 3048 -3048 0 4 320 879 -870 -875 
884 12801.6 3048 -3124.2 18897.6 3048 -3048 0 4 321 857 -871 -879 
889 12801.6 0 -3124.2 18897.6 3048 -3124.2 0 4 869 870 871 -848 
902 6096 3048 -3124.2 6096 4572 -3048 0 4 342 901 -892 -791 
906 0 4572 -3124.2 6096 4572 -3048 0 4 343 905 -893 -901 
910 0 3048 -3124.2 0 4572 -3048 0 4 344 795 -894 -905 
911 0 3048 -3124.2 6096 4572 -3124.2 0 4 -783 892 893 894 
924 9144 3048 -3124.2 9144 4572 -3048 0 4 364 923 -914 -813 
928 6096 4572 -3124.2 9144 4572 -3048 0 4 365 901 -915 -923 
933 6096 3048 -3124.2 9144 4572 -3124.2 0 4 -805 914 915 -892 
946 9753.6 3048 -3124.2 9753.6 4572 -3048 0 4 386 945 -936 -835 
950 9144 4572 -3124.2 9753.6 4572 -3048 0 4 387 923 -937 -945 
955 9144 3048 -3124.2 9753.6 4572 -3124.2 0 4 -827 936 937 -914 
968 12801.6 3048 -3124.2 12801.6 4572 -3048 0 4 408 967 -958 -857 
972 9753.6 4572 -3124.2 12801.6 4572 -3048 0 4 409 945 -959 -967 
977 9753.6 3048 -3124.2 12801.6 4572 -3124.2 0 4 -849 958 959 -936 
990 18897.6 3048 -3124.2 18897.6 4572 -3048 0 4 430 989 -980 -879 
994 12801.6 4572 -3124.2 18897.6 4572 -3048 0 4 431 967 -981 -989 
999 12801.6 3048 -3124.2 18897.6 4572 -3124.2 0 4 -871 980 981 -958 
1012 6096 4572 -3124.2 6096 4876.8 -3048 0 4 452 1011 -1002 -901 
1016 0 4876.8 -3124.2 6096 4876.8 -3048 0 4 453 1015 -1003 -1011 
1020 0 4572 -3124.2 0 4876.8 -3048 0 4 454 905 -1004 -1015 
1021 0 4572 -3124.2 6096 4876.8 -3124.2 0 4 -893 1002 1003 1004 
1034 9144 4572 -3124.2 9144 4876.8 -3048 0 4 474 1033 -1024 -923 
1038 6096 4876.8 -3124.2 9144 4876.8 -3048 0 4 475 1011 -1025 -1033 
1043 6096 4572 -3124.2 9144 4876.8 -3124.2 0 4 -915 1024 1025 -1002 
1056 9753.6 4572 -3124.2 9753.6 4876.8 -3048 0 4 496 1055 -1046 -945 
1060 9144 4876.8 -3124.2 9753.6 4876.8 -3048 0 4 497 1033 -1047 -1055 
1065 9144 4572 -3124.2 9753.6 4876.8 -3124.2 0 4 -937 1046 1047 -1024 
1078 12801.6 4572 -3124.2 12801.6 4876.8 -3048 0 4 518 1077 -1068 -967 
1082 9753.6 4876.8 -3124.2 12801.6 4876.8 -3048 0 4 519 1055 -1069 -1077 
1087 9753.6 4572 -3124.2 12801.6 4876.8 -3124.2 0 4 -959 1068 1069 -1046 
1100 18897.6 4572 -3124.2 18897.6 4876.8 -3048 0 4 540 1099 -1090 -989 
1104 12801.6 4876.8 -3124.2 18897.6 4876.8 -3048 0 4 541 1077 -1091 -1099 
1109 12801.6 4572 -3124.2 18897.6 4876.8 -3124.2 0 4 -981 1090 1091 -1068 
1122 6096 4876.8 -3124.2 6096 6400.8 -3048 0 4 562 1121 -1112 -1011 
1126 0 6400.8 -3124.2 6096 6400.8 -3048 0 4 563 1125 -1113 -1121 
1130 0 4876.8 -3124.2 0 6400.8 -3048 0 4 564 1015 -1114 -1125 
1131 0 4876.8 -3124.2 6096 6400.8 -3124.2 0 4 -1003 1112 1113 1114 
1144 9144 4876.8 -3124.2 9144 6400.8 -3048 0 4 584 1143 -1134 -1033 
1148 6096 6400.8 -3124.2 9144 6400.8 -3048 0 4 585 1121 -1135 -1143 
1153 6096 4876.8 -3124.2 9144 6400.8 -3124.2 0 4 -1025 1134 1135 -1112 
1166 9753.6 4876.8 -3124.2 9753.6 6400.8 -3048 0 4 606 1165 -1156 -1055 
1170 9144 6400.8 -3124.2 9753.6 6400.8 -3048 0 4 607 1143 -1157 -1165 
1175 9144 4876.8 -3124.2 9753.6 6400.8 -3124.2 0 4 -1047 1156 1157 -1134 
1188 12801.6 4876.8 -3124.2 12801.6 6400.8 -3048 0 4 628 1187 -1178 -1077 
1192 9753.6 6400.8 -3124.2 12801.6 6400.8 -3048 0 4 629 1165 -1179 -1187 
1197 9753.6 4876.8 -3124.2 12801.6 6400.8 -3124.2 0 4 -1069 1178 1179 -1156 
1210 18897.6 4876.8 -3124.2 18897.6 6400.8 -3048 0 4 650 1209 -1200 -1099 
1214 12801.6 6400.8 -3124.2 18897.6 6400.8 -3048 0 4 651 1187 -1201 -1209 
1219 12801.6 4876.8 -3124.2 18897.6 6400.8 -3124.2 0 4 -1091 1200 1201 -1178 
1232 6096 6400.8 -3124.2 6096 9448.799999999999 -3048 0 4 672 1231 -1222 -1121 
1236 0 9448.799999999999 -3124.2 6096 9448.799999999999 -3048 0 4 673 1235 -1223 -1231 
1240 0 6400.8 -3124.2 0 9448.799999999999 -3048 0 4 674 1125 -1224 -1235 
1241 0 6400.8 -3124.2 6096 9448.799999999999 -3124.2 0 4 -1113 1222 1223 1224 
1254 9144 6400.8 -3124.2 9144 9448.799999999999 -3048 0 4 694 1253 -1244 -1143 
1258 6096 9448.799999999999 -3124.2 9144 9448.799999999999 -3048 0 4 695 1231 -1245 -1253 
1263 6096 6400.8 -3124.2 9144 9448.799999999999 -3124.2 0 4 -1135 1244 1245 -1222 
1276 9753.6 6400.8 -3124.2 9753.6 9448.799999999999 -3048 0 4 716 1275 -1266 -1165 
1280 9144 9448.799999999999 -3124.2 9753.6 9448.799999999999 -3048 0 4 717 1253 -1267 -1275 
1285 9144 6400.8 -3124.2 9753.6 9448.799999999999 -3124.2 0 4 -1157 1266 1267 -1244 
1298 12801.6 6400.8 -3124.2 12801.6 9448.799999999999 -3048 0 4 738 1297 -1288 -1187 
1302 9753.6 9448.799999999999 -3124.2 12801.6 9448.799999999999 -3048 0 4 739 1275 -1289 -1297 
1307 9753.6 6400.8 -3124.2 12801.6 9448.799999999999 -3124.2 0 4 -1179 1288 1289 -1266 
1320 18897.6 6400.8 -3124.2 18897.6 9448.799999999999 -3048 0 4 760 1319 -1310 -1209 
1324 12801.6 9448.799999999999 -3124.2 18897.6 9448.799999999999 -3048 0 4 761 1297 -1311 -1319 
1329 12801.6 6400.8 -3124.2 18897.6 9448.799999999999 -3124.2 0 4 -1201 1310 1311 -1288 
1338 0 0 -3185.16 6096 0 -3124.2 0 4 781 1337 -1331 -1336 
1342 6096 0 -3185.16 6096 3048 -3124.2 0 4 782 1341 -1332 -1337 
1346 0 3048 -3185.16 6096 3048 -3124.2 0 4 783 1345 -1333 -1341 
1350 0 0 -3185.16 0 3048 -3124.2 0 4 784 1336 -1334 -1345 
1351 0 0 -3185.16 6096 3048 -3185.16 0 4 1331 1332 1333 1334 
1360 6096 0 -3185.16 9144 0 -3124.2 0 4 803 1359 -1353 -1337 
1364 9144 0 -3185.16 9144 3048 -3124.2 0 4 804 1363 -1354 -1359 
1368 6096 3048 -3185.16 9144 3048 -3124.2 0 4 805 1341 -1355 -1363 
1373 6096 0 -3185.16 9144 3048 -3185.16 0 4 1353 1354 1355 -1332 
1382 9144 0 -3185.16 9753.6 0 -3124.2 0 4 825 1381 -1375 -1359 
1386 9753.6 0 -3185.16 9753.6 3048 -3124.2 0 4 826 1385 -1376 -1381 
1390 9144 3048 -3185.16 9753.6 3048 -3124.2 0 4 827 1363 -1377 -1385 
1395 9144 0 -3185.16 9753.6 3048 -3185.16 0 4 1375 1376 1377 -1354 
1404 9753.6 0 -3185.16 12801.6 0 -3124.2 0 4 847 1403 -1397 -1381 
1408 12801.6 0 -3185.16 12801.6 3048 -3124.2 0 4 848 1407 -1398 -1403 
1412 9753.6 3048 -3185.16 12801.6 3048 -3124.2 0 4 849 1385 -1399 -1407 
1417 9753.6 0 -3185.16 12801.6 3048 -3185.16 0 4 1397 1398 1399 -1376 
1426 12801.6 0 -3185.16 18897.6 0 -3124.2 0 4 869 1425 -1419 -1403 
1430 18897.6 0 -3185.16 18897.6 3048 -3124.2 0 4 870 1429 -1420 -1425 
1434 12801.6 3048 -3185.16 18897.6 3048 -3124.2 0 4 871 1407 -1421 -1429 
1439 12801.6 0 -3185.16 18897.6 3048 -3185.16 0 4 1419 1420 1421 -1398 
1452 6096 3048 -3185.16 6096 4572 -3124.2 0 4 892 1451 -1442 -1341 
1456 0 4572 -3185.16 6096 4572 -3124.2 0 4 893 1455 -1443 -1451 
1460 0 3048 -3185.16 0 4572 -3124.2 0 4 894 1345 -1444 -1455 
1461 0 3048 -3185.16 6096 4572 -3185.16 0 4 -1333 1442 1443 1444 
1474 9144 3048 -3185.16 9144 4572 -3124.2 0 4 914 1473 -1464 -1363 
1478 6096 4572 -3185.16 9144 4572 -3124.2 0 4 915 1451 -1465 -1473 
1483 6096 3048 -3185.16 9144 4572 -3185.16 0 4 -1355 1464 1465 -1442 
1496 9753.6 3048 -3185.16 9753.6 4572 -3124.2 0 4 936 1495 -1486 -1385 
1500 9144 4572 -3185.16 9753.6 4572 -3124.2 0 4 937 1473 -1487 -1495 
1505 9144 3048 -3185.16 9753.6 4572 -3185.16 0 4 -1377 1486 1487 -1464 
1518 12801.6 3048 -3185.16 12801.6 4572 -3124.2 0 4 958 1517 -1508 -1407 
1522 9753.6 4572 -3185.16 12801.6 4572 -3124.2 0 4 959 1495 -1509 -1517 
1527 9753.6 3048 -3185.16 12801.6 4572 -3185.16 0 4 -1399 1508 1509 -1486 
1540 18897.6 3048 -3185.16 18897.6 4572 -3124.2 0 4 980 1539 -1530 -1429 
1544 12801.6 4572 -3185.16 18897.6 4572 -3124.2 0 4 981 1517 -1531 -1539 
1549 12801.6 3048 -3185.16 18897.6 4572 -3185.16 0 4 -1421 1530 1531 -1508 
1562 6096 4572 -3185.16 6096 4876.8 -3124.2 0 4 1002 1561 -1552 -1451 
1566 0 4876.8 -3185.16 6096 4876.8 -3124.2 0 4 1003 1565 -1553 -1561 
1570 0 4572 -3185.16 0 4876.8 -3124.2 0 4 1004 1455 -1554 -1565 
1571 0 4572 -3185.16 6096 4876.8 -3185.16 0 4 -1443 1552 1553 1554 
1584 9144 4572 -3185.16 9144 4876.8 -3124.2 0 4 1024 1583 -1574 -1473 
1588 6096 4876.8 -3185.16 9144 4876.8 -3124.2 0 4 1025 1561 -1575 -1583 
1593 6096 4572 -3185.16 9144 4876.8 -3185.16 0 4 -1465 1574 1575 -1552 
1606 9753.6 4572 -3185.16 9753.6 4876.8 -3124.2 0 4 1046 1605 -1596 -1495 
1610 9144 4876.8 -3185.16 9753.6 4876.8 -3124.2 0 4 1047 1583 -1597 -1605 
1615 9144 4572 -3185.16 9753.6 4876.8 -3185.16 0 4 -1487 1596 1597 -1574 
1628 12801.6 4572 -3185.16 12801.6 4876.8 -3124.2 0 4 1068 1627 -1618 -1517 
1632 9753.6 4876.8 -3185.16 12801.6 4876.8 -3124.2 0 4 1069 1605 -1619 -1627 
1637 9753.6 4572 -3185.16 12801.6 4876.8 -3185.16 0 4 -1509 1618 1619 -1596 
1650 18897.6 4572 -3185.16 18897.6 4876.8 -3124.2 0 4 1090 1649 -1640 -1539 
1654 12801.6 4876.8 -3185.16 18897.6 4876.8 -3124.2 0 4 1091 1627 -1641 -1649 
1659 12801.6 4572 -3185.16 18897.6 4876.8 -3185.16 0 4 -1531 1640 1641 -1618 
1672 6096 4876.8 -3185.16 6096 6400.8 -3124.2 0 4 1112 1671 -1662 -1561 
1676 0 6400.8 -3185.16 6096 6400.8 -3124.2 0 4 1113 1675 -1663 -1671 
1680 0 4876.8 -3185.16 0 6400.8 -3124.2 0 4 1114 1565 -1664 -1675 
1681 0 4876.8 -3185.16 6096 6400.8 -3185.16 0 4 -1553 1662 1663 1664 
1694 9144 4876.8 -3185.16 9144 6400.8 -3124.2 0 4 1134 1693 -1684 -1583 
1698 6096 6400.8 -3185.16 9144 6400.8 -3124.2 0 4 1135 1671 -1685 -1693 
1703 6096 4876.8 -3185.16 9144 6400.8 -3185.16 0 4 -1575 1684 1685 -1662 
1716 9753.6 4876.8 -3185.16 9753.6 6400.8 -3124.2 0 4 1156 1715 -1706 -1605 
1720 9144 6400.8 -3185.16 9753.6 6400.8 -3124.2 0 4 1157 1693 -1707 -1715 
1725 9144 4876.8 -3185.16 9753.6 6400.8 -3185.16 0 4 -1597 1706 1707 -1684 
1738 12801.6 4876.8 -3185.16 12801.6 6400.8 -3124.2 0 4 1178 1737 -1728 -1627 
1742 9753.6 6400.8 -3185.16 12801.6 6400.8 -3124.2 0 4 1179 1715 -1729 -1737 
1747 9753.6 4876.8 -3185.16 12801.6 6400.8 -3185.16 0 4 -1619 1728 1729 -1706 
1760 18897.6 4876.8 -3185.16 18897.6 6400.8 -3124.2 0 4 1200 1759 -1750 -1649 
1764 12801.6 6400.8 -3185.16 18897.6 6400.8 -3124.2 0 4 1201 1737 -1751 -1759 
1769 12801.6 4876.8 -3185.16 18897.6 6400.8 -3185.16 0 4 -1641 1750 1751 -1728 
1782 6096 6400.8 -3185.16 6096 9448.799999999999 -3124.2 0 4 1222 1781 -1772 -1671 
1786 0 9448.799999999999 -3185.16 6096 9448.799999999999 -3124.2 0 4 1223 1785 -1773 -1781 
1790 0 6400.8 -3185.16 0 9448.799999999999 -3124.2 0 4 1224 1675 -1774 -1785 
1791 0 6400.8 -3185.16 6096 9448.799999999999 -3185.16 0 4 -1663 1772 1773 1774 
1804 9144 6400.8 -3185.16 9144 9448.799999999999 -3124.2 0 4 1244 1803 -1794 -1693 
1808 6096 9448.799999999999 -3185.16 9144 9448.799999999999 -3124.2 0 4 1245 1781 -1795 -1803 
1813 6096 6400.8 -3185.16 9144 9448.799999999999 -3185.16 0 4 -1685 1794 1795 -1772 
1826 9753.6 6400.8 -3185.16 9753.6 9448.799999999999 -3124.2 0 4 1266 1825 -1816 -1715 
1830 9144 9448.799999999999 -3185.16 9753.6 9448.799999999999 -3124.2 0 4 1267 1803 -1817 -1825 
1835 9144 6400.8 -3185.16 9753.6 9448.799999999999 -3185.16 0 4 -1707 1816 1817 -1794 
1848 12801.6 6400.8 -3185.16 12801.6 9448.799999999999 -3124.2 0 4 1288 1847 -1838 -1737 
1852 9753.6 9448.799999999999 -3185.16 12801.6 9448.799999999999 -3124.2 0 4 1289 1825 -1839 -1847 
1857 9753.6 6400.8 -3185.16 12801.6 9448.799999999999 -3185.16 0 4 -1729 1838 1839 -1816 
1870 18897.6 6400.8 -3185.16 18897.6 9448.799999999999 -3124.2 0 4 1310 1869 -1860 -1759 
1874 12801.6 9448.799999999999 -3185.16 18897.6 9448.799999999999 -3124.2 0 4 1311 1847 -1861 -1869 
1879 12801.6 6400.8 -3185.16 18897.6 9448.799999999999 -3185.16 0 4 -1751 1860 1861 -1838 
1 0 0 -3048 6096 3048 0 1 1 6 -1 251 238 242 -246 -250 
2 6096 0 -3048 9144 3048 0 1 1 6 -2 273 260 264 -268 -242 
3 9144 0 -3048 9753.6 3048 0 1 1 6 -3 295 282 286 -290 -264 
4 9753.6 0 -3048 12801.6 3048 0 1 1 6 -4 317 304 308 -312 -286 
5 12801.6 0 -3048 18897.6 3048 0 1 1 6 -5 339 326 330 -334 -308 
6 0 3048 -3048 6096 4572 0 1 1 6 -6 361 246 352 -356 -360 
7 6096 3048 -3048 9144 4572 0 1 1 6 -7 383 268 374 -378 -352 
8 9144 3048 -3048 9753.6 4572 0 1 1 6 -8 405 290 396 -400 -374 
9 9753.6 3048 -3048 12801.6 4572 0 1 1 6 -9 427 312 418 -422 -396 
10 12801.6 3048 -3048 18897.6 4572 0 1 1 6 -10 449 334 440 -444 -418 
11 0 4572 -3048 6096 4876.8 0 1 1 6 -11 471 356 462 -466 -470 
12 6096 4572 -3048 9144 4876.8 0 1 1 6 -12 493 378 484 -488 -462 
13 9144 4572 -3048 9753.6 4876.8 0 1 1 6 -13 515 400 506 -510 -484 
14 9753.6 4572 -3048 12801.6 4876.8 0 1 1 6 -14 537 422 528 -532 -506 
15 12801.6 4572 -3048 18897.6 4876.8 0 1 1 6 -15 559 444 550 -554 -528 
16 0 4876.8 -3048 6096 6400.8 0 1 1 6 -16 581 466 572 -576 -580 
17 6096 4876.8 -3048 9144 6400.8 0 1 1 6 -17 603 488 594 -598 -572 
18 9144 4876.8 -3048 9753.6 6400.8 0 1 1 6 -18 625 510 616 -620 -594 
19 9753.6 4876.8 -3048 12801.6 6400.8 0 1 1 6 -19 647 532 638 -642 -616 
20 12801.6 4876.8 -3048 18897.6 6400.8 0 1 1 6 -20 669 554 660 -664 -638 
21 0 6400.8 -3048 6096 9448.799999999999 0 1 1 6 -21 691 576 682 -686 -690 
22 6096 6400.8 -3048 9144 9448.799999999999 0 1 1 6 -22 713 598 704 -708 -682 
23 9144 6400.8 -3048 9753.6 9448.799999999999 0 1 1 6 -23 735 620 726 -730 -704 
24 9753.6 6400.8 -3048 12801.6 9448.799999999999 0 1 1 6 -24 757 642 748 -752 -726 
25 12801.6 6400.8 -3048 18897.6 9448.799999999999 0 1 1 6 -25 779 664 770 -774 -748 
26 0 0 -3124.2 6096 3048 -3048 1 2 6 -251 801 788 792 796 800 
27 6096 0 -3124.2 9144 3048 -3048 1 2 6 -273 823 810 814 818 -792 
28 9144 0 -3124.2 9753.6 3048 -3048 1 2 6 -295 845 832 836 840 -814 
29 9753.6 0 -3124.2 12801.6 3048 -3048 1 2 6 -317 867 854 858 862 -836 
30 12801.6 0 -3124.2 18897.6 3048 -3048 1 2 6 -339 889 876 880 884 -858 
31 0 3048 -3124.2 6096 4572 -3048 1 2 6 -361 911 -796 902 906 910 
32 6096 3048 -3124.2 9144 4572 -3048 2 2 4 6 -383 933 -818 924 928 -902 
33 9144 3048 -3124.2 9753.6 4572 -3048 2 2 4 6 -405 955 -840 946 950 -924 
34 9753.6 3048 -3124.2 12801.6 4572 -3048 2 2 4 6 -427 977 -862 968 972 -946 
35 12801.6 3048 -3124.2 18897.6 4572 -3048 1 2 6 -449 999 -884 990 994 -968 
36 0 4572 -3124.2 6096 4876.8 -3048 1 2 6 -471 1021 -906 1012 1016 1020 
37 6096 4572 -3124.2 9144 4876.8 -3048 2 2 4 6 -493 1043 -928 1034 1038 -1012 
38 9144 4572 -3124.2 9753.6 4876.8 -3048 3 2 4 5 6 -515 1065 -950 1056 1060 -1034 
39 9753.6 4572 -3124.2 12801.6 4876.8 -3048 2 2 4 6 -537 1087 -972 1078 1082 -1056 
40 12801.6 4572 -3124.2 18897.6 4876.8 -3048 1 2 6 -559 1109 -994 1100 1104 -1078 
41 0 4876.8 -3124.2 6096 6400.8 -3048 1 2 6 -581 1131 -1016 1122 1126 1130 
42 6096 4876.8 -3124.2 9144 6400.8 -3048 2 2 4 6 -603 1153 -1038 1144 1148 -1122 
43 9144 4876.8 -3124.2 9753.6 6400.8 -3048 2 2 4 6 -625 1175 -1060 1166 1170 -1144 
44 9753.6 4876.8 -3124.2 12801.6 6400.8 -3048 2 2 4 6 -647 1197 -1082 1188 1192 -1166 
45 12801.6 4876.8 -3124.2 18897.6 6400.8 -3048 1 2 6 -669 1219 -1104 1210 1214 -1188 
46 0 6400.8 -3124.2 6096 9448.799999999999 -3048 1 2 6 -691 1241 -1126 1232 1236 1240 
47 6096 6400.8 -3124.2 9144 9448.799999999999 -3048 1 2 6 -713 1263 -1148 1254 1258 -1232 
48 9144 6400.8 -3124.2 9753.6 9448.799999999999 -3048 1 2 6 -735 1285 -1170 1276 1280 -1254 
49 9753.6 6400.8 -3124.2 12801.6 9448.799999999999 -3048 1 2 6 -757 1307 -1192 1298 1302 -1276 
50 12801.6 6400.8 -3124.2 18897.6 9448.799999999999 -3048 1 2 6 -779 1329 -1214 1320 1324 -1298 
51 0 0 -3185.16 6096 3048 -3124.2 1 3 6 -801 1351 1338 1342 1346 1350 
52 6096 0 -3185.16 9144 3048 -3124.2 1 3 6 -823 1373 1360 1364 1368 -1342 
53 9144 0 -3185.16 9753.6 3048 -3124.2 1 3 6 -845 1395 1382 1386 1390 -1364 
54 9753.6 0 -3185.16 12801.6 3048 -3124.2 1 3 6 -867 1417 1404 1408 1412 -1386 
55 12801.6 0 -3185.16 18897.6 3048 -3124.2 1 3 6 -889 1439 1426 1430 1434 -1408 
56 0 3048 -3185.16 6096 4572 -3124.2 1 3 6 -911 1461 -1346 1452 1456 1460 
57 6096 3048 -3185.16 9144 4572 -3124.2 1 3 6 -933 1483 -1368 1474 1478 -1452 
58 9144 3048 -3185.16 9753.6 4572 -3124.2 1 3 6 -955 1505 -1390 1496 1500 -1474 
59 9753.6 3048 -3185.16 12801.6 4572 -3124.2 1 3 6 -977 1527 -1412 1518 1522 -1496 
60 12801.6 3048 -3185.16 18897.6 4572 -3124.2 1 3 6 -999 1549 -1434 1540 1544 -1518 
61 0 4572 -3185.16 6096 4876.8 -3124.2 1 3 6 -1021 1571 -1456 1562 1566 1570 
62 6096 4572 -3185.16 9144 4876.8 -3124.2 1 3 6 -1043 1593 -1478 1584 1588 -1562 
63 9144 4572 -3185.16 9753.6 4876.8 -3124.2 1 3 6 -1065 1615 -1500 1606 1610 -1584 
64 9753.6 4572 -3185.16 12801.6 4876.8 -3124.2 1 3 6 -1087 1637 -1522 1628 1632 -1606 
65 12801.6 4572 -3185.16 18897.6 4876.8 -3124.2 1 3 6 -1109 1659 -1544 1650 1654 -1628 
66 0 4876.8 -3185.16 6096 6400.8 -3124.2 1 3 6 -1131 1681 -1566 1672 1676 1680 
67 6096 4876.8 -3185.16 9144 6400.8 -3124.2 1 3 6 -1153 1703 -1588 1694 1698 -1672 
68 9144 4876.8 -3185.16 9753.6 6400.8 -3124.2 1 3 6 -1175 1725 -1610 1716 1720 -1694 
69 9753.6 4876.8 -3185.16 12801.6 6400.8 -3124.2 1 3 6 -1197 1747 -1632 1738 1742 -1716 
70 12801.6 4876.8 -3185.16 18897.6 6400.8 -3124.2 1 3 6 -1219 1769 -1654 1760 1764 -1738 
71 0 6400.8 -3185.16 6096 9448.799999999999 -3124.2 1 3 6 -1241 1791 -1676 1782 1786 1790 
72 6096 6400.8 -3185.16 9144 9448.799999999999 -3124.2 1 3 6 -1263 1813 -1698 1804 1808 -1782 
73 9144 6400.8 -3185.16 9753.6 9448.799999999999 -3124.2 1 3 6 -1285 1835 -1720 1826 1830 -1804 
74 9753.6 6400.8 -3185.16 12801.6 9448.799999999999 -3124.2 1 3 6 -1307 1857 -1742 1848 1852 -1826 
75 12801.6 6400.8 -3185.16 18897.6 9448.799999999999 -3124.2 1 3 6 -1329 1879 -1764 1870 1874 -1848 
$EndEntities
$Nodes
727 6292 1 6292
0 1 0 1
1
0 0 0
0 2 0 1
2
6096 0 0
0 3 0 1
3
9144 0 0
0 4 0 1
4
9753.6 0 0
0 5 0 1
5
12801.6 0 0
0 6 0 1
6
18897.6 0 0
0 7 0 1
7
0 3048 0
0 8 0 1
8
6096 3048 0
0 9 0 1
9
9144 3048 0
0 10 0 1
10
9753.6 3048 0
0 11 0 1
11
12801.6 3048 0
0 12 0 1
12
18897.6 3048 0
0 13 0 1
13
0 4572 0
0 14 0 1
14
6096 4572 0
0 15 0 1
15
9144 4572 0
0 16 0 1
16
9753.6 4572 0
0 17 0 1
17
12801.6 4572 0
0 18 0 1
18
18897.6 4572 0
0 19 0 1
19
0 4876.8 0
0 20 0 1
20
6096 4876.8 0
0 21 0 1
21
9144 4876.8 0
0 22 0 1
22
9753.6 4876.8 0
0 23 0 1
23
12801.6 4876.8 0
0 24 0 1
24
18897.6 4876.8 0
0 25 0 1
25
0 6400.8 0
0 26 0 1
26
6096 6400.8 0
0 27 0 1
27
9144 6400.8 0
0 28 0 1
28
9753.6 6400.8 0
0 29 0 1
29
12801.6 6400.8 0
0 30 0 1
30
18897.6 6400.8 0
0 31 0 1
31
0 9448.799999999999 0
0 32 0 1
32
6096 9448.799999999999 0
0 33 0 1
33
9144 9448.799999999999 0
0 34 0 1
34
9753.6 9448.799999999999 0
0 35 0 1
35
12801.6 9448.799999999999 0
0 36 0 1
36
18897.6 9448.799999999999 0
0 37 0 1
37
0 0 -3048
0 38 0 1
38
6096 0 -3048
0 42 0 1
39
6096 3048 -3048
0 46 0 1
40
0 3048 -3048
0 48 0 1
41
9144 0 -3048
0 52 0 1
42
9144 3048 -3048
0 54 0 1
43
9753.6 0 -3048
0 58 0 1
44
9753.6 3048 -3048
0 60 0 1
45
12801.6 0 -3048
0 64 0 1
46
12801.6 3048 -3048
0 66 0 1
47
18897.6 0 -3048
0 70 0 1
48
18897.6 3048 -3048
0 76 0 1
49
6096 4572 -3048
0 80 0 1
50
0 4572 -3048
0 86 0 1
51
9144 4572 -3048
0 92 0 1
52
9753.6 4572 -3048
0 98 0 1
53
12801.6 4572 -3048
0 104 0 1
54
18897.6 4572 -3048
0 110 0 1
55
6096 4876.8 -3048
0 114 0 1
56
0 4876.8 -3048
0 120 0 1
57
9144 4876.8 -3048
0 126 0 1
58
9753.6 4876.8 -3048
0 132 0 1
59
12801.6 4876.8 -3048
0 138 0 1
60
18897.6 4876.8 -3048
0 144 0 1
61
6096 6400.8 -3048
0 148 0 1
62
0 6400.8 -3048
0 154 0 1
63
9144 6400.8 -3048
0 160 0 1
64
9753.6 6400.8 -3048
0 166 0 1
65
12801.6 6400.8 -3048
0 172 0 1
66
18897.6 6400.8 -3048
0 178 0 1
67
6096 9448.799999999999 -3048
0 182 0 1
68
0 9448.799999999999 -3048
0 188 0 1
69
9144 9448.799999999999 -3048
0 194 0 1
70
9753.6 9448.799999999999 -3048
0 200 0 1
71
12801.6 9448.799999999999 -3048
0 206 0 1
72
18897.6 9448.799999999999 -3048
0 207 0 1
73
0 0 -3124.2
0 208 0 1
74
6096 0 -3124.2
0 212 0 1
75
6096 3048 -3124.2
0 216 0 1
76
0 3048 -3124.2
0 218 0 1
77
9144 0 -3124.2
0 222 0 1
78
9144 3048 -3124.2
0 224 0 1
79
9753.6 0 -3124.2
0 228 0 1
80
9753.6 3048 -3124.2
0 230 0 1
81
12801.6 0 -3124.2
0 234 0 1
82
12801.6 3048 -3124.2
0 236 0 1
83
18897.6 0 -3124.2
0 240 0 1
84
18897.6 3048 -3124.2
0 246 0 1
85
6096 4572 -3124.2
0 250 0 1
86
0 4572 -3124.2
0 256 0 1
87
9144 4572 -3124.2
0 262 0 1
88
9753.6 4572 -3124.2
0 268 0 1
89
12801.6 4572 -3124.2
0 274 0 1
90
18897.6 4572 -3124.2
0 280 0 1
91
6096 4876.8 -3124.2
0 284 0 1
92
0 4876.8 -3124.2
0 290 0 1
93
9144 4876.8 -3124.2
0 296 0 1
94
9753.6 4876.8 -3124.2
0 302 0 1
95
12801.6 4876.8 -3124.2
0 308 0 1
96
18897.6 4876.8 -3124.2
0 314 0 1
97
6096 6400.8 -3124.2
0 318 0 1
98
0 6400.8 -3124.2
0 324 0 1
99
9144 6400.8 -3124.2
0 330 0 1
100
9753.6 6400.8 -3124.2
0 336 0 1
101
12801.6 6400.8 -3124.2
0 342 0 1
102
18897.6 6400.8 -3124.2
0 348 0 1
103
6096 9448.799999999999 -3124.2
0 352 0 1
104
0 9448.799999999999 -3124.2
0 358 0 1
105
9144 9448.799999999999 -3124.2
0 364 0 1
106
9753.6 9448.799999999999 -3124.2
0 370 0 1
107
12801.6 9448.799999999999 -3124.2
0 376 0 1
108
18897.6 9448.799999999999 -3124.2
0 377 0 1
109
0 0 -3185.16
0 378 0 1
110
6096 0 -3185.16
0 382 0 1
111
6096 3048 -3185.16
0 386 0 1
112
0 3048 -3185.16
0 388 0 1
113
9144 0 -3185.16
0 392 0 1
114
9144 3048 -3185.16
0 394 0 1
115
9753.6 0 -3185.16
0 398 0 1
116
9753.6 3048 -3185.16
0 400 0 1
117
12801.6 0 -3185.16
0 404 0 1
118
12801.6 3048 -3185.16
0 406 0 1
119
18897.6 0 -3185.16
0 410 0 1
120
18897.6 3048 -3185.16
0 416 0 1
121
6096 4572 -3185.16
0 420 0 1
122
0 4572 -3185.16
0 426 0 1
123
9144 4572 -3185.16
0 432 0 1
124
9753.6 4572 -3185.16
0 438 0 1
125
12801.6 4572 -3185.16
0 444 0 1
126
18897.6 4572 -3185.16
0 450 0 1
127
6096 4876.8 -3185.16
0 454 0 1
128
0 4876.8 -3185.16
0 460 0 1
129
9144 4876.8 -3185.16
0 466 0 1
130
9753.6 4876.8 -3185.16
0 472 0 1
131
12801.6 4876.8 -3185.16
0 478 0 1
132
18897.6 4876.8 -3185.16
0 484 0 1
133
6096 6400.8 -3185.16
0 488 0 1
134
0 6400.8 -3185.16
0 494 0 1
135
9144 6400.8 -3185.16
0 500 0 1
136
9753.6 6400.8 -3185.16
0 506 0 1
137
12801.6 6400.8 -3185.16
0 512 0 1
138
18897.6 6400.8 -3185.16
0 518 0 1
139
6096 9448.799999999999 -3185.16
0 522 0 1
140
0 9448.799999999999 -3185.16
0 528 0 1
141
9144 9448.799999999999 -3185.16
0 534 0 1
142
9753.6 9448.799999999999 -3185.16
0 540 0 1
143
12801.6 9448.799999999999 -3185.16
0 546 0 1
144
18897.6 9448.799999999999 -3185.16
1 100 0 4
145
146
147
148
1219.199999998611 0 0
2438.399999995659 0 0
3657.599999994075 0 0
4876.799999997037 0 0
1 101 0 4
149
150
151
152
6705.599999990905 0 0
7315.199999981808 0 0
7924.799999981808 0 0
8534.399999990905 0 0
1 103 0 4
153
154
155
156
10363.2 0 0
10972.8 0 0
11582.4 0 0
12192 0 0
1 104 0 4
157
158
159
160
14020.79999997925 0 0
15239.99999997606 0 0
16459.19999997443 0 0
17678.39999998437 0 0
1 105 0 4
161
162
163
164
1219.199999998611 3048 0
2438.399999995659 3048 0
3657.599999994075 3048 0
4876.799999997037 3048 0
1 106 0 4
165
166
167
168
6705.599999990905 3048 0
7315.199999981808 3048 0
7924.799999981808 3048 0
8534.399999990905 3048 0
1 108 0 4
169
170
171
172
10363.2 3048 0
10972.8 3048 0
11582.4 3048 0
12192 3048 0
1 109 0 4
173
174
175
176
14020.79999997925 3048 0
15239.99999997606 3048 0
16459.19999997443 3048 0
17678.39999998437 3048 0
1 110 0 4
177
178
179
180
1219.199999998611 4572 0
2438.399999995659 4572 0
3657.599999994075 4572 0
4876.799999997037 4572 0
1 111 0 4
181
182
183
184
6705.599999990905 4572 0
7315.199999981808 4572 0
7924.799999981808 4572 0
8534.399999990905 4572 0
1 113 0 4
185
186
187
188
10363.2 4572 0
10972.8 4572 0
11582.4 4572 0
12192 4572 0
1 114 0 4
189
190
191
192
14020.79999997925 4572 0
15239.99999997606 4572 0
16459.19999997443 4572 0
17678.39999998437 4572 0
1 115 0 4
193
194
195
196
1219.199999998611 4876.8 0
2438.399999995659 4876.8 0
3657.599999994075 4876.8 0
4876.799999997037 4876.8 0
1 116 0 4
197
198
199
200
6705.599999990905 4876.8 0
7315.199999981808 4876.8 0
7924.799999981808 4876.8 0
8534.399999990905 4876.8 0
1 118 0 4
201
202
203
204
10363.2 4876.8 0
10972.8 4876.8 0
11582.4 4876.8 0
12192 4876.8 0
1 119 0 4
205
206
207
208
14020.79999997925 4876.8 0
15239.99999997606 4876.8 0
16459.19999997443 4876.8 0
17678.39999998437 4876.8 0
1 120 0 4
209
210
211
212
1219.199999998611 6400.8 0
2438.399999995659 6400.8 0
3657.599999994075 6400.8 0
4876.799999997037 6400.8 0
1 121 0 4
213
214
215
216
6705.599999990905 6400.8 0
7315.199999981808 6400.8 0
7924.799999981808 6400.8 0
8534.399999990905 6400.8 0
1 123 0 4
217
218
219
220
10363.2 6400.8 0
10972.8 6400.8 0
11582.4 6400.8 0
12192 6400.8 0
1 124 0 4
221
222
223
224
14020.79999997925 6400.8 0
15239.99999997606 6400.8 0
16459.19999997443 6400.8 0
17678.39999998437 6400.8 0
1 125 0 4
225
226
227
228
1219.199999998611 9448.799999999999 0
2438.399999995659 9448.799999999999 0
3657.599999994075 9448.799999999999 0
4876.799999997037 9448.799999999999 0
1 126 0 4
229
230
231
232
6705.599999990905 9448.799999999999 0
7315.199999981808 9448.799999999999 0
7924.799999981808 9448.799999999999 0
8534.399999990905 9448.799999999999 0
1 128 0 4
233
234
235
236
10363.2 9448.799999999999 0
10972.8 9448.799999999999 0
11582.4 9448.799999999999 0
12192 9448.799999999999 0
1 129 0 4
237
238
239
240
14020.79999997925 9448.799999999999 0
15239.99999997606 9448.799999999999 0
16459.19999997443 9448.799999999999 0
17678.39999998437 9448.799999999999 0
1 200 0 4
241
242
243
244
0 609.5999999993057 0
0 1219.199999997829 0
0 1828.799999997037 0
0 2438.399999998519 0
1 201 0 4
245
246
247
248
6096 609.5999999993057 0
6096 1219.199999997829 0
6096 1828.799999997037 0
6096 2438.399999998519 0
1 202 0 4
249
250
251
252
9144 609.5999999993057 0
9144 1219.199999997829 0
9144 1828.799999997037 0
9144 2438.399999998519 0
1 203 0 4
253
254
255
256
9753.6 609.5999999993057 0
9753.6 1219.199999997829 0
9753.6 1828.799999997037 0
9753.6 2438.399999998519 0
1 204 0 4
257
258
259
260
12801.6 609.5999999993057 0
12801.6 1219.199999997829 0
12801.6 1828.799999997037 0
12801.6 2438.399999998519 0
1 205 0 4
261
262
263
264
18897.6 609.5999999993057 0
18897.6 1219.199999997829 0
18897.6 1828.799999997037 0
18897.6 2438.399999998519 0
1 206 0 4
265
266
267
268
0 3352.799999995452 0
0 3657.599999990904 0
0 3962.399999990904 0
0 4267.199999995452 0
1 207 0 4
269
270
271
272
6096 3352.799999995452 0
6096 3657.599999990904 0
6096 3962.399999990904 0
6096 4267.199999995452 0
1 208 0 4
273
274
275
276
9144 3352.799999995452 0
9144 3657.599999990904 0
9144 3962.399999990904 0
9144 4267.199999995452 0
1 209 0 4
277
278
279
280
9753.6 3352.799999995452 0
9753.6 3657.599999990904 0
9753.6 3962.399999990904 0
9753.6 4267.199999995452 0
1 210 0 4
281
282
283
284
12801.6 3352.799999995452 0
12801.6 3657.599999990904 0
12801.6 3962.399999990904 0
12801.6 4267.199999995452 0
1 211 0 4
285
286
287
288
18897.6 3352.799999995452 0
18897.6 3657.599999990904 0
18897.6 3962.399999990904 0
18897.6 4267.199999995452 0
1 218 0 4
289
290
291
292
0 5181.6 0
0 5486.400000000001 0
0 5791.200000000001 0
0 6096 0
1 219 0 4
293
294
295
296
6096 5181.6 0
6096 5486.400000000001 0
6096 5791.200000000001 0
6096 6096 0
1 220 0 4
297
298
299
300
9144 5181.6 0
9144 5486.400000000001 0
9144 5791.200000000001 0
9144 6096 0
1 221 0 4
301
302
303
304
9753.6 5181.6 0
9753.6 5486.400000000001 0
9753.6 5791.200000000001 0
9753.6 6096 0
1 222 0 4
305
306
307
308
12801.6 5181.6 0
12801.6 5486.400000000001 0
12801.6 5791.200000000001 0
12801.6 6096 0
1 223 0 4
309
310
311
312
18897.6 5181.6 0
18897.6 5486.400000000001 0
18897.6 5791.200000000001 0
18897.6 6096 0
1 224 0 4
313
314
315
316
0 7010.399999989627 0
0 7619.999999988029 0
0 8229.599999987213 0
0 8839.199999992185 0
1 225 0 4
317
318
319
320
6096 7010.399999989627 0
6096 7619.999999988029 0
6096 8229.599999987213 0
6096 8839.199999992185 0
1 226 0 4
321
322
323
324
9144 7010.399999989627 0
9144 7619.999999988029 0
9144 8229.599999987213 0
9144 8839.199999992185 0
1 227 0 4
325
326
327
328
9753.6 7010.399999989627 0
9753.6 7619.999999988029 0
9753.6 8229.599999987213 0
9753.6 8839.199999992185 0
1 228 0 4
329
330
331
332
12801.6 7010.399999989627 0
12801.6 7619.999999988029 0
12801.6 8229.599999987213 0
12801.6 8839.199999992185 0
1 229 0 4
333
334
335
336
18897.6 7010.399999989627 0
18897.6 7619.999999988029 0
18897.6 8229.599999987213 0
18897.6 8839.199999992185 0
1 231 0 4
337
338
339
340
1219.199999998611 0 -3048
2438.399999995659 0 -3048
3657.599999994075 0 -3048
4876.799999997037 0 -3048
1 232 0 4
341
342
343
344
6096 609.5999999993057 -3048
6096 1219.199999997829 -3048
6096 1828.799999997037 -3048
6096 2438.399999998519 -3048
1 233 0 4
345
346
347
348
4876.799999997037 3048 -3048
3657.599999994075 3048 -3048
2438.399999995659 3048 -3048
1219.199999998611 3048 -3048
1 234 0 4
349
350
351
352
0 2438.399999998519 -3048
0 1828.799999997037 -3048
0 1219.199999997829 -3048
0 609.5999999993057 -3048
1 236 0 4
353
354
355
356
0 0 -1219.2
0 0 -2133.6
0 0 -2743.2
0 0 -2987.04
1 237 0 4
357
358
359
360
6096 0 -1219.2
6096 0 -2133.6
6096 0 -2743.2
6096 0 -2987.04
1 241 0 4
361
362
363
364
6096 3048 -1219.2
6096 3048 -2133.6
6096 3048 -2743.2
6096 3048 -2987.04
1 245 0 4
365
366
367
368
0 3048 -1219.2
0 3048 -2133.6
0 3048 -2743.2
0 3048 -2987.04
1 253 0 4
369
370
371
372
6705.599999990905 0 -3048
7315.199999981808 0 -3048
7924.799999981808 0 -3048
8534.399999990905 0 -3048
1 254 0 4
373
374
375
376
9144 609.5999999993057 -3048
9144 1219.199999997829 -3048
9144 1828.799999997037 -3048
9144 2438.399999998519 -3048
1 255 0 4
377
378
379
380
8534.399999990905 3048 -3048
7924.799999981808 3048 -3048
7315.199999981808 3048 -3048
6705.599999990905 3048 -3048
1 259 0 4
381
382
383
384
9144 0 -1219.2
9144 0 -2133.6
9144 0 -2743.2
9144 0 -2987.04
1 263 0 4
385
386
387
388
9144 3048 -1219.2
9144 3048 -2133.6
9144 3048 -2743.2
9144 3048 -2987.04
1 276 0 4
389
390
391
392
9753.6 609.5999999993057 -3048
9753.6 1219.199999997829 -3048
9753.6 1828.799999997037 -3048
9753.6 2438.399999998519 -3048
1 281 0 4
393
394
395
396
9753.6 0 -1219.2
9753.6 0 -2133.6
9753.6 0 -2743.2
9753.6 0 -2987.04
1 285 0 4
397
398
399
400
9753.6 3048 -1219.2
9753.6 3048 -2133.6
9753.6 3048 -2743.2
9753.6 3048 -2987.04
1 297 0 4
401
402
403
404
10363.2 0 -3048
10972.8 0 -3048
11582.4 0 -3048
12192 0 -3048
1 298 0 4
405
406
407
408
12801.6 609.5999999993057 -3048
12801.6 1219.199999997829 -3048
12801.6 1828.799999997037 -3048
12801.6 2438.399999998519 -3048
1 299 0 4
409
410
411
412
12192 3048 -3048
11582.4 3048 -3048
10972.8 3048 -3048
10363.2 3048 -3048
1 303 0 4
413
414
415
416
12801.6 0 -1219.2
12801.6 0 -2133.6
12801.6 0 -2743.2
12801.6 0 -2987.04
1 307 0 4
417
418
419
420
12801.6 3048 -1219.2
12801.6 3048 -2133.6
12801.6 3048 -2743.2
12801.6 3048 -2987.04
1 319 0 4
421
422
423
424
14020.79999997925 0 -3048
15239.99999997606 0 -3048
16459.19999997443 0 -3048
17678.39999998437 0 -3048
1 320 0 4
425
426
427
428
18897.6 609.5999999993057 -3048
18897.6 1219.199999997829 -3048
18897.6 1828.799999997037 -3048
18897.6 2438.399999998519 -3048
1 321 0 4
429
430
431
432
17678.39999998437 3048 -3048
16459.19999997443 3048 -3048
15239.99999997606 3048 -3048
14020.79999997925 3048 -3048
1 325 0 4
433
434
435
436
18897.6 0 -1219.2
18897.6 0 -2133.6
18897.6 0 -2743.2
18897.6 0 -2987.04
1 329 0 4
437
438
439
440
18897.6 3048 -1219.2
18897.6 3048 -2133.6
18897.6 3048 -2743.2
18897.6 3048 -2987.04
1 342 0 4
441
442
443
444
6096 3352.799999995452 -3048
6096 3657.599999990904 -3048
6096 3962.399999990904 -3048
6096 4267.199999995452 -3048
1 343 0 4
445
446
447
448
4876.799999997037 4572 -3048
3657.599999994075 4572 -3048
2438.399999995659 4572 -3048
1219.199999998611 4572 -3048
1 344 0 4
449
450
451
452
0 4267.199999995452 -3048
0 3962.399999990904 -3048
0 3657.599999990904 -3048
0 3352.799999995452 -3048
1 351 0 4
453
454
455
456
6096 4572 -1219.2
6096 4572 -2133.6
6096 4572 -2743.2
6096 4572 -2987.04
1 355 0 4
457
458
459
460
0 4572 -1219.2
0 4572 -2133.6
0 4572 -2743.2
0 4572 -2987.04
1 364 0 4
461
462
463
464
9144 3352.799999995452 -3048
9144 3657.599999990904 -3048
9144 3962.399999990904 -3048
9144 4267.199999995452 -3048
1 365 0 4
465
466
467
468
8534.399999990905 4572 -3048
7924.799999981808 4572 -3048
7315.199999981808 4572 -3048
6705.599999990905 4572 -3048
1 373 0 4
469
470
471
472
9144 4572 -1219.2
9144 4572 -2133.6
9144 4572 -2743.2
9144 4572 -2987.04
1 386 0 4
473
474
475
476
9753.6 3352.799999995452 -3048
9753.6 3657.599999990904 -3048
9753.6 3962.399999990904 -3048
9753.6 4267.199999995452 -3048
1 395 0 4
477
478
479
480
9753.6 4572 -1219.2
9753.6 4572 -2133.6
9753.6 4572 -2743.2
9753.6 4572 -2987.04
1 408 0 4
481
482
483
484
12801.6 3352.799999995452 -3048
12801.6 3657.599999990904 -3048
12801.6 3962.399999990904 -3048
12801.6 4267.199999995452 -3048
1 409 0 4
485
486
487
488
12192 4572 -3048
11582.4 4572 -3048
10972.8 4572 -3048
10363.2 4572 -3048
1 417 0 4
489
490
491
492
12801.6 4572 -1219.2
12801.6 4572 -2133.6
12801.6 4572 -2743.2
12801.6 4572 -2987.04
1 430 0 4
493
494
495
496
18897.6 3352.799999995452 -3048
18897.6 3657.599999990904 -3048
18897.6 3962.399999990904 -3048
18897.6 4267.199999995452 -3048
1 431 0 4
497
498
499
500
17678.39999998437 4572 -3048
16459.19999997443 4572 -3048
15239.99999997606 4572 -3048
14020.79999997925 4572 -3048
1 439 0 4
501
502
503
504
18897.6 4572 -1219.2
18897.6 4572 -2133.6
18897.6 4572 -2743.2
18897.6 4572 -2987.04
1 453 0 4
505
506
507
508
4876.799999997037 4876.8 -3048
3657.599999994075 4876.8 -3048
2438.399999995659 4876.8 -3048
1219.199999998611 4876.8 -3048
1 461 0 4
509
510
511
512
6096 4876.8 -1219.2
6096 4876.8 -2133.6
6096 4876.8 -2743.2
6096 4876.8 -2987.04
1 465 0 4
513
514
515
516
0 4876.8 -1219.2
0 4876.8 -2133.6
0 4876.8 -2743.2
0 4876.8 -2987.04
1 475 0 4
517
518
519
520
8534.399999990905 4876.8 -3048
7924.799999981808 4876.8 -3048
7315.199999981808 4876.8 -3048
6705.599999990905 4876.8 -3048
1 483 0 4
521
522
523
524
9144 4876.8 -1219.2
9144 4876.8 -2133.6
9144 4876.8 -2743.2
9144 4876.8 -2987.04
1 505 0 4
525
526
527
528
9753.6 4876.8 -1219.2
9753.6 4876.8 -2133.6
9753.6 4876.8 -2743.2
9753.6 4876.8 -2987.04
1 519 0 4
529
530
531
532
12192 4876.8 -3048
11582.4 4876.8 -3048
10972.8 4876.8 -3048
10363.2 4876.8 -3048
1 527 0 4
533
534
535
536
12801.6 4876.8 -1219.2
12801.6 4876.8 -2133.6
12801.6 4876.8 -2743.2
12801.6 4876.8 -2987.04
1 541 0 4
537
538
539
540
17678.39999998437 4876.8 -3048
16459.19999997443 4876.8 -3048
15239.99999997606 4876.8 -3048
14020.79999997925 4876.8 -3048
1 549 0 4
541
542
543
544
18897.6 4876.8 -1219.2
18897.6 4876.8 -2133.6
18897.6 4876.8 -2743.2
18897.6 4876.8 -2987.04
1 562 0 4
545
546
547
548
6096 5181.6 -3048
6096 5486.400000000001 -3048
6096 5791.200000000001 -3048
6096 6096 -3048
1 563 0 4
549
550
551
552
4876.799999997037 6400.8 -3048
3657.599999994075 6400.8 -3048
2438.399999995659 6400.8 -3048
1219.199999998611 6400.8 -3048
1 564 0 4
553
554
555
556
0 6096 -3048
0 5791.200000000001 -3048
0 5486.400000000001 -3048
0 5181.6 -3048
1 571 0 4
557
558
559
560
6096 6400.8 -1219.2
6096 6400.8 -2133.6
6096 6400.8 -2743.2
6096 6400.8 -2987.04
1 575 0 4
561
562
563
564
0 6400.8 -1219.2
0 6400.8 -2133.6
0 6400.8 -2743.2
0 6400.8 -2987.04
1 584 0 4
565
566
567
568
9144 5181.6 -3048
9144 5486.400000000001 -3048
9144 5791.200000000001 -3048
9144 6096 -3048
1 585 0 4
569
570
571
572
8534.399999990905 6400.8 -3048
7924.799999981808 6400.8 -3048
7315.199999981808 6400.8 -3048
6705.599999990905 6400.8 -3048
1 593 0 4
573
574
575
576
9144 6400.8 -1219.2
9144 6400.8 -2133.6
9144 6400.8 -2743.2
9144 6400.8 -2987.04
1 606 0 4
577
578
579
580
9753.6 5181.6 -3048
9753.6 5486.400000000001 -3048
9753.6 5791.200000000001 -3048
9753.6 6096 -3048
1 615 0 4
581
582
583
584
9753.6 6400.8 -1219.2
9753.6 6400.8 -2133.6
9753.6 6400.8 -2743.2
9753.6 6400.8 -2987.04
1 628 0 4
585
586
587
588
12801.6 5181.6 -3048
12801.6 5486.400000000001 -3048
12801.6 5791.200000000001 -3048
12801.6 6096 -3048
1 629 0 4
589
590
591
592
12192 6400.8 -3048
11582.4 6400.8 -3048
10972.8 6400.8 -3048
10363.2 6400.8 -3048
1 637 0 4
593
594
595
596
12801.6 6400.8 -1219.2
12801.6 6400.8 -2133.6
12801.6 6400.8 -2743.2
12801.6 6400.8 -2987.04
1 650 0 4
597
598
599
600
18897.6 5181.6 -3048
18897.6 5486.400000000001 -3048
18897.6 5791.200000000001 -3048
18897.6 6096 -3048
1 651 0 4
601
602
603
604
17678.39999998437 6400.8 -3048
16459.19999997443 6400.8 -3048
15239.99999997606 6400.8 -3048
14020.79999997925 6400.8 -3048
1 659 0 4
605
606
607
608
18897.6 6400.8 -1219.2
18897.6 6400.8 -2133.6
18897.6 6400.8 -2743.2
18897.6 6400.8 -2987.04
1 672 0 4
609
610
611
612
6096 7010.399999989627 -3048
6096 7619.999999988029 -3048
6096 8229.599999987213 -3048
6096 8839.199999992185 -3048
1 673 0 4
613
614
615
616
4876.799999997037 9448.799999999999 -3048
3657.599999994075 9448.799999999999 -3048
2438.399999995659 9448.799999999999 -3048
1219.199999998611 9448.799999999999 -3048
1 674 0 4
617
618
619
620
0 8839.199999992185 -3048
0 8229.599999987213 -3048
0 7619.999999988029 -3048
0 7010.399999989627 -3048
1 681 0 4
621
622
623
624
6096 9448.799999999999 -1219.2
6096 9448.799999999999 -2133.6
6096 9448.799999999999 -2743.2
6096 9448.799999999999 -2987.04
1 685 0 4
625
626
627
628
0 9448.799999999999 -1219.2
0 9448.799999999999 -2133.6
0 9448.799999999999 -2743.2
0 9448.799999999999 -2987.04
1 694 0 4
629
630
631
632
9144 7010.399999989627 -3048
9144 7619.999999988029 -3048
9144 8229.599999987213 -3048
9144 8839.199999992185 -3048
1 695 0 4
633
634
635
636
8534.399999990905 9448.799999999999 -3048
7924.799999981808 9448.799999999999 -3048
7315.199999981808 9448.799999999999 -3048
6705.599999990905 9448.799999999999 -3048
1 703 0 4
637
638
639
640
9144 9448.799999999999 -1219.2
9144 9448.799999999999 -2133.6
9144 9448.799999999999 -2743.2
9144 9448.799999999999 -2987.04
1 716 0 4
641
642
643
644
9753.6 7010.399999989627 -3048
9753.6 7619.999999988029 -3048
9753.6 8229.599999987213 -3048
9753.6 8839.199999992185 -3048
1 725 0 4
645
646
647
648
9753.6 9448.799999999999 -1219.2
9753.6 9448.799999999999 -2133.6
9753.6 9448.799999999999 -2743.2
9753.6 9448.799999999999 -2987.04
1 738 0 4
649
650
651
652
12801.6 7010.399999989627 -3048
12801.6 7619.999999988029 -3048
12801.6 8229.599999987213 -3048
12801.6 8839.199999992185 -3048
1 739 0 4
653
654
655
656
12192 9448.799999999999 -3048
11582.4 9448.799999999999 -3048
10972.8 9448.799999999999 -3048
10363.2 9448.799999999999 -3048
1 747 0 4
657
658
659
660
12801.6 9448.799999999999 -1219.2
12801.6 9448.799999999999 -2133.6
12801.6 9448.799999999999 -2743.2
12801.6 9448.799999999999 -2987.04
1 760 0 4
661
662
663
664
18897.6 7010.399999989627 -3048
18897.6 7619.999999988029 -3048
18897.6 8229.599999987213 -3048
18897.6 8839.199999992185 -3048
1 761 0 4
665
666
667
668
17678.39999998437 9448.799999999999 -3048
16459.19999997443 9448.799999999999 -3048
15239.99999997606 9448.799999999999 -3048
14020.79999997925 9448.799999999999 -3048
1 769 0 4
669
670
671
672
18897.6 9448.799999999999 -1219.2
18897.6 9448.799999999999 -2133.6
18897.6 9448.799999999999 -2743.2
18897.6 9448.799999999999 -2987.04
1 781 0 4
673
674
675
676
1219.199999998611 0 -3124.2
2438.399999995659 0 -3124.2
3657.599999994075 0 -3124.2
4876.799999997037 0 -3124.2
1 782 0 4
677
678
679
680
6096 609.5999999993057 -3124.2
6096 1219.199999997829 -3124.2
6096 1828.799999997037 -3124.2
6096 2438.399999998519 -3124.2
1 783 0 4
681
682
683
684
4876.799999997037 3048 -3124.2
3657.599999994075 3048 -3124.2
2438.399999995659 3048 -3124.2
1219.199999998611 3048 -3124.2
1 784 0 4
685
686
687
688
0 2438.399999998519 -3124.2
0 1828.799999997037 -3124.2
0 1219.199999997829 -3124.2
0 609.5999999993057 -3124.2
1 786 0 4
689
690
691
692
0 0 -3063.24
0 0 -3078.48
0 0 -3093.72
0 0 -3108.96
1 787 0 4
693
694
695
696
6096 0 -3063.24
6096 0 -3078.48
6096 0 -3093.72
6096 0 -3108.96
1 791 0 4
697
698
699
700
6096 3048 -3063.24
6096 3048 -3078.48
6096 3048 -3093.72
6096 3048 -3108.96
1 795 0 4
701
702
703
704
0 3048 -3063.24
0 3048 -3078.48
0 3048 -3093.72
0 3048 -3108.96
1 803 0 4
705
706
707
708
6705.599999990905 0 -3124.2
7315.199999981808 0 -3124.2
7924.799999981808 0 -3124.2
8534.399999990905 0 -3124.2
1 804 0 4
709
710
711
712
9144 609.5999999993057 -3124.2
9144 1219.199999997829 -3124.2
9144 1828.799999997037 -3124.2
9144 2438.399999998519 -3124.2
1 805 0 4
713
714
715
716
8534.399999990905 3048 -3124.2
7924.799999981808 3048 -3124.2
7315.199999981808 3048 -3124.2
6705.599999990905 3048 -3124.2
1 809 0 4
717
718
719
720
9144 0 -3063.24
9144 0 -3078.48
9144 0 -3093.72
9144 0 -3108.96
1 813 0 4
721
722
723
724
9144 3048 -3063.24
9144 3048 -3078.48
9144 3048 -3093.72
9144 3048 -3108.96
1 826 0 4
725
726
727
728
9753.6 609.5999999993057 -3124.2
9753.6 1219.199999997829 -3124.2
9753.6 1828.799999997037 -3124.2
9753.6 2438.399999998519 -3124.2
1 831 0 4
729
730
731
732
9753.6 0 -3063.24
9753.6 0 -3078.48
9753.6 0 -3093.72
9753.6 0 -3108.96
1 835 0 4
733
734
735
736
9753.6 3048 -3063.24
9753.6 3048 -3078.48
9753.6 3048 -3093.72
9753.6 3048 -3108.96
1 847 0 4
737
738
739
740
10363.2 0 -3124.2
10972.8 0 -3124.2
11582.4 0 -3124.2
12192 0 -3124.2
1 848 0 4
741
742
743
744
12801.6 609.5999999993057 -3124.2
12801.6 1219.199999997829 -3124.2
12801.6 1828.799999997037 -3124.2
12801.6 2438.399999998519 -3124.2
1 849 0 4
745
746
747
748
12192 3048 -3124.2
11582.4 3048 -3124.2
10972.8 3048 -3124.2
10363.2 3048 -3124.2
1 853 0 4
749
750
751
752
12801.6 0 -3063.24
12801.6 0 -3078.48
12801.6 0 -3093.72
12801.6 0 -3108.96
1 857 0 4
753
754
755
756
12801.6 3048 -3063.24
12801.6 3048 -3078.48
12801.6 3048 -3093.72
12801.6 3048 -3108.96
1 869 0 4
757
758
759
760
14020.79999997925 0 -3124.2
15239.99999997606 0 -3124.2
16459.19999997443 0 -3124.2
17678.39999998437 0 -3124.2
1 870 0 4
761
762
763
764
18897.6 609.5999999993057 -3124.2
18897.6 1219.199999997829 -3124.2
18897.6 1828.799999997037 -3124.2
18897.6 2438.399999998519 -3124.2
1 871 0 4
765
766
767
768
17678.39999998437 3048 -3124.2
16459.19999997443 3048 -3124.2
15239.99999997606 3048 -3124.2
14020.79999997925 3048 -3124.2
1 875 0 4
769
770
771
772
18897.6 0 -3063.24
18897.6 0 -3078.48
18897.6 0 -3093.72
18897.6 0 -3108.96
1 879 0 4
773
774
775
776
18897.6 3048 -3063.24
18897.6 3048 -3078.48
18897.6 3048 -3093.72
18897.6 3048 -3108.96
1 892 0 4
777
778
779
780
6096 3352.799999995452 -3124.2
6096 3657.599999990904 -3124.2
6096 3962.399999990904 -3124.2
6096 4267.199999995452 -3124.2
1 893 0 4
781
782
783
784
4876.799999997037 4572 -3124.2
3657.599999994075 4572 -3124.2
2438.399999995659 4572 -3124.2
1219.199999998611 4572 -3124.2
1 894 0 4
785
786
787
788
0 4267.199999995452 -3124.2
0 3962.399999990904 -3124.2
0 3657.599999990904 -3124.2
0 3352.799999995452 -3124.2
1 901 0 4
789
790
791
792
6096 4572 -3063.24
6096 4572 -3078.48
6096 4572 -3093.72
6096 4572 -3108.96
1 905 0 4
793
794
795
796
0 4572 -3063.24
0 4572 -3078.48
0 4572 -3093.72
0 4572 -3108.96
1 914 0 4
797
798
799
800
9144 3352.799999995452 -3124.2
9144 3657.599999990904 -3124.2
9144 3962.399999990904 -3124.2
9144 4267.199999995452 -3124.2
1 915 0 4
801
802
803
804
8534.399999990905 4572 -3124.2
7924.799999981808 4572 -3124.2
7315.199999981808 4572 -3124.2
6705.599999990905 4572 -3124.2
1 923 0 4
805
806
807
808
9144 4572 -3063.24
9144 4572 -3078.48
9144 4572 -3093.72
9144 4572 -3108.96
1 936 0 4
809
810
811
812
9753.6 3352.799999995452 -3124.2
9753.6 3657.599999990904 -3124.2
9753.6 3962.399999990904 -3124.2
9753.6 4267.199999995452 -3124.2
1 945 0 4
813
814
815
816
9753.6 4572 -3063.24
9753.6 4572 -3078.48
9753.6 4572 -3093.72
9753.6 4572 -3108.96
1 958 0 4
817
818
819
820
12801.6 3352.799999995452 -3124.2
12801.6 3657.599999990904 -3124.2
12801.6 3962.399999990904 -3124.2
12801.6 4267.199999995452 -3124.2
1 959 0 4
821
822
823
824
12192 4572 -3124.2
11582.4 4572 -3124.2
10972.8 4572 -3124.2
10363.2 4572 -3124.2
1 967 0 4
825
826
827
828
12801.6 4572 -3063.24
12801.6 4572 -3078.48
12801.6 4572 -3093.72
12801.6 4572 -3108.96
1 980 0 4
829
830
831
832
18897.6 3352.799999995452 -3124.2
18897.6 3657.599999990904 -3124.2
18897.6 3962.399999990904 -3124.2
18897.6 4267.199999995452 -3124.2
1 981 0 4
833
834
835
836
17678.39999998437 4572 -3124.2
16459.19999997443 4572 -3124.2
15239.99999997606 4572 -3124.2
14020.79999997925 4572 -3124.2
1 989 0 4
837
838
839
840
18897.6 4572 -3063.24
18897.6 4572 -3078.48
18897.6 4572 -3093.72
18897.6 4572 -3108.96
1 1003 0 4
841
842
843
844
4876.799999997037 4876.8 -3124.2
3657.599999994075 4876.8 -3124.2
2438.399999995659 4876.8 -3124.2
1219.199999998611 4876.8 -3124.2
1 1011 0 4
845
846
847
848
6096 4876.8 -3063.24
6096 4876.8 -3078.48
6096 4876.8 -3093.72
6096 4876.8 -3108.96
1 1015 0 4
849
850
851
852
0 4876.8 -3063.24
0 4876.8 -3078.48
0 4876.8 -3093.72
0 4876.8 -3108.96
1 1025 0 4
853
854
855
856
8534.399999990905 4876.8 -3124.2
7924.799999981808 4876.8 -3124.2
7315.199999981808 4876.8 -3124.2
6705.599999990905 4876.8 -3124.2
1 1033 0 4
857
858
859
860
9144 4876.8 -3063.24
9144 4876.8 -3078.48
9144 4876.8 -3093.72
9144 4876.8 -3108.96
1 1055 0 4
861
862
863
864
9753.6 4876.8 -3063.24
9753.6 4876.8 -3078.48
9753.6 4876.8 -3093.72
9753.6 4876.8 -3108.96
1 1069 0 4
865
866
867
868
12192 4876.8 -3124.2
11582.4 4876.8 -3124.2
10972.8 4876.8 -3124.2
10363.2 4876.8 -3124.2
1 1077 0 4
869
870
871
872
12801.6 4876.8 -3063.24
12801.6 4876.8 -3078.48
12801.6 4876.8 -3093.72
12801.6 4876.8 -3108.96
1 1091 0 4
873
874
875
876
17678.39999998437 4876.8 -3124.2
16459.19999997443 4876.8 -3124.2
15239.99999997606 4876.8 -3124.2
14020.79999997925 4876.8 -3124.2
1 1099 0 4
877
878
879
880
18897.6 4876.8 -3063.24
18897.6 4876.8 -3078.48
18897.6 4876.8 -3093.72
18897.6 4876.8 -3108.96
1 1112 0 4
881
882
883
884
6096 5181.6 -3124.2
6096 5486.400000000001 -3124.2
6096 5791.200000000001 -3124.2
6096 6096 -3124.2
1 1113 0 4
885
886
887
888
4876.799999997037 6400.8 -3124.2
3657.599999994075 6400.8 -3124.2
2438.399999995659 6400.8 -3124.2
1219.199999998611 6400.8 -3124.2
1 1114 0 4
889
890
891
892
0 6096 -3124.2
0 5791.200000000001 -3124.2
0 5486.400000000001 -3124.2
0 5181.6 -3124.2
1 1121 0 4
893
894
895
896
6096 6400.8 -3063.24
6096 6400.8 -3078.48
6096 6400.8 -3093.72
6096 6400.8 -3108.96
1 1125 0 4
897
898
899
900
0 6400.8 -3063.24
0 6400.8 -3078.48
0 6400.8 -3093.72
0 6400.8 -3108.96
1 1134 0 4
901
902
903
904
9144 5181.6 -3124.2
9144 5486.400000000001 -3124.2
9144 5791.200000000001 -3124.2
9144 6096 -3124.2
1 1135 0 4
905
906
907
908
8534.399999990905 6400.8 -3124.2
7924.799999981808 6400.8 -3124.2
7315.199999981808 6400.8 -3124.2
6705.599999990905 6400.8 -3124.2
1 1143 0 4
909
910
911
912
9144 6400.8 -3063.24
9144 6400.8 -3078.48
9144 6400.8 -3093.72
9144 6400.8 -3108.96
1 1156 0 4
913
914
915
916
9753.6 5181.6 -3124.2
9753.6 5486.400000000001 -3124.2
9753.6 5791.200000000001 -3124.2
9753.6 6096 -3124.2
1 1165 0 4
917
918
919
920
9753.6 6400.8 -3063.24
9753.6 6400.8 -3078.48
9753.6 6400.8 -3093.72
9753.6 6400.8 -3108.96
1 1178 0 4
921
922
923
924
12801.6 5181.6 -3124.2
12801.6 5486.400000000001 -3124.2
12801.6 5791.200000000001 -3124.2
12801.6 6096 -3124.2
1 1179 0 4
925
926
927
928
12192 6400.8 -3124.2
11582.4 6400.8 -3124.2
10972.8 6400.8 -3124.2
10363.2 6400.8 -3124.2
1 1187 0 4
929
930
931
932
12801.6 6400.8 -3063.24
12801.6 6400.8 -3078.48
12801.6 6400.8 -3093.72
12801.6 6400.8 -3108.96
1 1200 0 4
933
934
935
936
18897.6 5181.6 -3124.2
18897.6 5486.400000000001 -3124.2
18897.6 5791.200000000001 -3124.2
18897.6 6096 -3124.2
1 1201 0 4
937
938
939
940
17678.39999998437 6400.8 -3124.2
16459.19999997443 6400.8 -3124.2
15239.99999997606 6400.8 -3124.2
14020.79999997925 6400.8 -3124.2
1 1209 0 4
941
942
943
944
18897.6 6400.8 -3063.24
18897.6 6400.8 -3078.48
18897.6 6400.8 -3093.72
18897.6 6400.8 -3108.96
1 1222 0 4
945
946
947
948
6096 7010.399999989627 -3124.2
6096 7619.999999988029 -3124.2
6096 8229.599999987213 -3124.2
6096 8839.199999992185 -3124.2
1 1223 0 4
949
950
951
952
4876.799999997037 9448.799999999999 -3124.2
3657.599999994075 9448.799999999999 -3124.2
2438.399999995659 9448.799999999999 -3124.2
1219.199999998611 9448.799999999999 -3124.2
1 1224 0 4
953
954
955
956
0 8839.199999992185 -3124.2
0 8229.599999987213 -3124.2
0 7619.999999988029 -3124.2
0 7010.399999989627 -3124.2
1 1231 0 4
957
958
959
960
6096 9448.799999999999 -3063.24
6096 9448.799999999999 -3078.48
6096 9448.799999999999 -3093.72
6096 9448.799999999999 -3108.96
1 1235 0 4
961
962
963
964
0 9448.799999999999 -3063.24
0 9448.799999999999 -3078.48
0 9448.799999999999 -3093.72
0 9448.799999999999 -3108.96
1 1244 0 4
965
966
967
968
9144 7010.399999989627 -3124.2
9144 7619.999999988029 -3124.2
9144 8229.599999987213 -3124.2
9144 8839.199999992185 -3124.2
1 1245 0 4
969
970
971
972
8534.399999990905 9448.799999999999 -3124.2
7924.799999981808 9448.799999999999 -3124.2
7315.199999981808 9448.799999999999 -3124.2
6705.599999990905 9448.799999999999 -3124.2
1 1253 0 4
973
974
975
976
9144 9448.799999999999 -3063.24
9144 9448.799999999999 -3078.48
9144 9448.799999999999 -3093.72
9144 9448.799999999999 -3108.96
1 1266 0 4
977
978
979
980
9753.6 7010.399999989627 -3124.2
9753.6 7619.999999988029 -3124.2
9753.6 8229.599999987213 -3124.2
9753.6 8839.199999992185 -3124.2
1 1275 0 4
981
982
983
984
9753.6 9448.799999999999 -3063.24
9753.6 9448.799999999999 -3078.48
9753.6 9448.799999999999 -3093.72
9753.6 9448.799999999999 -3108.96
1 1288 0 4
985
986
987
988
12801.6 7010.399999989627 -3124.2
12801.6 7619.999999988029 -3124.2
12801.6 8229.599999987213 -3124.2
12801.6 8839.199999992185 -3124.2
1 1289 0 4
989
990
991
992
12192 9448.799999999999 -3124.2
11582.4 9448.799999999999 -3124.2
10972.8 9448.799999999999 -3124.2
10363.2 9448.799999999999 -3124.2
1 1297 0 4
993
994
995
996
12801.6 9448.799999999999 -3063.24
12801.6 9448.799999999999 -3078.48
12801.6 9448.799999999999 -3093.72
12801.6 9448.799999999999 -3108.96
1 1310 0 4
997
998
999
1000
18897.6 7010.399999989627 -3124.2
18897.6 7619.999999988029 -3124.2
18897.6 8229.599999987213 -3124.2
18897.6 8839.199999992185 -3124.2
1 1311 0 4
1001
1002
1003
1004
17678.39999998437 9448.799999999999 -3124.2
16459.19999997443 9448.799999999999 -3124.2
15239.99999997606 9448.799999999999 -3124.2
14020.79999997925 9448.799999999999 -3124.2
1 1319 0 4
1005
1006
1007
1008
18897.6 9448.799999999999 -3063.24
18897.6 9448.799999999999 -3078.48
18897.6 9448.799999999999 -3093.72
18897.6 9448.799999999999 -3108.96
1 1331 0 4
1009
1010
1011
1012
1219.199999998611 0 -3185.16
2438.399999995659 0 -3185.16
3657.599999994075 0 -3185.16
4876.799999997037 0 -3185.16
1 1332 0 4
1013
1014
1015
1016
6096 609.5999999993057 -3185.16
6096 1219.199999997829 -3185.16
6096 1828.799999997037 -3185.16
6096 2438.399999998519 -3185.16
1 1333 0 4
1017
1018
1019
1020
4876.799999997037 3048 -3185.16
3657.599999994075 3048 -3185.16
2438.399999995659 3048 -3185.16
1219.199999998611 3048 -3185.16
1 1334 0 4
1021
1022
1023
1024
0 2438.399999998519 -3185.16
0 1828.799999997037 -3185.16
0 1219.199999997829 -3185.16
0 609.5999999993057 -3185.16
1 1336 0 1
1025
0 0 -3154.68
1 1337 0 1
1026
6096 0 -3154.68
1 1341 0 1
1027
6096 3048 -3154.68
1 1345 0 1
1028
0 3048 -3154.68
1 1353 0 4
1029
1030
1031
1032
6705.599999990905 0 -3185.16
7315.199999981808 0 -3185.16
7924.799999981808 0 -3185.16
8534.399999990905 0 -3185.16
1 1354 0 4
1033
1034
1035
1036
9144 609.5999999993057 -3185.16
9144 1219.199999997829 -3185.16
9144 1828.799999997037 -3185.16
9144 2438.399999998519 -3185.16
1 1355 0 4
1037
1038
1039
1040
8534.399999990905 3048 -3185.16
7924.799999981808 3048 -3185.16
7315.199999981808 3048 -3185.16
6705.599999990905 3048 -3185.16
1 1359 0 1
1041
9144 0 -3154.68
1 1363 0 1
1042
9144 3048 -3154.68
1 1376 0 4
1043
1044
1045
1046
9753.6 609.5999999993057 -3185.16
9753.6 1219.199999997829 -3185.16
9753.6 1828.799999997037 -3185.16
9753.6 2438.399999998519 -3185.16
1 1381 0 1
1047
9753.6 0 -3154.68
1 1385 0 1
1048
9753.6 3048 -3154.68
1 1397 0 4
1049
1050
1051
1052
10363.2 0 -3185.16
10972.8 0 -3185.16
11582.4 0 -3185.16
12192 0 -3185.16
1 1398 0 4
1053
1054
1055
1056
12801.6 609.5999999993057 -3185.16
12801.6 1219.199999997829 -3185.16
12801.6 1828.799999997037 -3185.16
12801.6 2438.399999998519 -3185.16
1 1399 0 4
1057
1058
1059
1060
12192 3048 -3185.16
11582.4 3048 -3185.16
10972.8 3048 -3185.16
10363.2 3048 -3185.16
1 1403 0 1
1061
12801.6 0 -3154.68
1 1407 0 1
1062
12801.6 3048 -3154.68
1 1419 0 4
1063
1064
1065
1066
14020.79999997925 0 -3185.16
15239.99999997606 0 -3185.16
16459.19999997443 0 -3185.16
17678.39999998437 0 -3185.16
1 1420 0 4
1067
1068
1069
1070
18897.6 609.5999999993057 -3185.16
18897.6 1219.199999997829 -3185.16
18897.6 1828.799999997037 -3185.16
18897.6 2438.399999998519 -3185.16
1 1421 0 4
1071
1072
1073
1074
17678.39999998437 3048 -3185.16
16459.19999997443 3048 -3185.16
15239.99999997606 3048 -3185.16
14020.79999997925 3048 -3185.16
1 1425 0 1
1075
18897.6 0 -3154.68
1 1429 0 1
1076
18897.6 3048 -3154.68
1 1442 0 4
1077
1078
1079
1080
6096 3352.799999995452 -3185.16
6096 3657.599999990904 -3185.16
6096 3962.399999990904 -3185.16
6096 4267.199999995452 -3185.16
1 1443 0 4
1081
1082
1083
1084
4876.799999997037 4572 -3185.16
3657.599999994075 4572 -3185.16
2438.399999995659 4572 -3185.16
1219.199999998611 4572 -3185.16
1 1444 0 4
1085
1086
1087
1088
0 4267.199999995452 -3185.16
0 3962.399999990904 -3185.16
0 3657.599999990904 -3185.16
0 3352.799999995452 -3185.16
1 1451 0 1
1089
6096 4572 -3154.68
1 1455 0 1
1090
0 4572 -3154.68
1 1464 0 4
1091
1092
1093
1094
9144 3352.799999995452 -3185.16
9144 3657.599999990904 -3185.16
9144 3962.399999990904 -3185.16
9144 4267.199999995452 -3185.16
1 1465 0 4
1095
1096
1097
1098
8534.399999990905 4572 -3185.16
7924.799999981808 4572 -3185.16
7315.199999981808 4572 -3185.16
6705.599999990905 4572 -3185.16
1 1473 0 1
1099
9144 4572 -3154.68
1 1486 0 4
1100
1101
1102
1103
9753.6 3352.799999995452 -3185.16
9753.6 3657.599999990904 -3185.16
9753.6 3962.399999990904 -3185.16
9753.6 4267.199999995452 -3185.16
1 1495 0 1
1104
9753.6 4572 -3154.68
1 1508 0 4
1105
1106
1107
1108
12801.6 3352.799999995452 -3185.16
12801.6 3657.599999990904 -3185.16
12801.6 3962.399999990904 -3185.16
12801.6 4267.199999995452 -3185.16
1 1509 0 4
1109
1110
1111
1112
12192 4572 -3185.16
11582.4 4572 -3185.16
10972.8 4572 -3185.16
10363.2 4572 -3185.16
1 1517 0 1
1113
12801.6 4572 -3154.68
1 1530 0 4
1114
1115
1116
1117
18897.6 3352.799999995452 -3185.16
18897.6 3657.599999990904 -3185.16
18897.6 3962.399999990904 -3185.16
18897.6 4267.199999995452 -3185.16
1 1531 0 4
1118
1119
1120
1121
17678.39999998437 4572 -3185.16
16459.19999997443 4572 -3185.16
15239.99999997606 4572 -3185.16
14020.79999997925 4572 -3185.16
1 1539 0 1
1122
18897.6 4572 -3154.68
1 1553 0 4
1123
1124
1125
1126
4876.799999997037 4876.8 -3185.16
3657.599999994075 4876.8 -3185.16
2438.399999995659 4876.8 -3185.16
1219.199999998611 4876.8 -3185.16
1 1561 0 1
1127
6096 4876.8 -3154.68
1 1565 0 1
1128
0 4876.8 -3154.68
1 1575 0 4
1129
1130
1131
1132
8534.399999990905 4876.8 -3185.16
7924.799999981808 4876.8 -3185.16
7315.199999981808 4876.8 -3185.16
6705.599999990905 4876.8 -3185.16
1 1583 0 1
1133
9144 4876.8 -3154.68
1 1605 0 1
1134
9753.6 4876.8 -3154.68
1 1619 0 4
1135
1136
1137
1138
12192 4876.8 -3185.16
11582.4 4876.8 -3185.16
10972.8 4876.8 -3185.16
10363.2 4876.8 -3185.16
1 1627 0 1
1139
12801.6 4876.8 -3154.68
1 1641 0 4
1140
1141
1142
1143
17678.39999998437 4876.8 -3185.16
16459.19999997443 4876.8 -3185.16
15239.99999997606 4876.8 -3185.16
14020.79999997925 4876.8 -3185.16
1 1649 0 1
1144
18897.6 4876.8 -3154.68
1 1662 0 4
1145
1146
1147
1148
6096 5181.6 -3185.16
6096 5486.400000000001 -3185.16
6096 5791.200000000001 -3185.16
6096 6096 -3185.16
1 1663 0 4
1149
1150
1151
1152
4876.799999997037 6400.8 -3185.16
3657.599999994075 6400.8 -3185.16
2438.399999995659 6400.8 -3185.16
1219.199999998611 6400.8 -3185.16
1 1664 0 4
1153
1154
1155
1156
0 6096 -3185.16
0 5791.200000000001 -3185.16
0 5486.400000000001 -3185.16
0 5181.6 -3185.16
1 1671 0 1
1157
6096 6400.8 -3154.68
1 1675 0 1
1158
0 6400.8 -3154.68
1 1684 0 4
1159
1160
1161
1162
9144 5181.6 -3185.16
9144 5486.400000000001 -3185.16
9144 5791.200000000001 -3185.16
9144 6096 -3185.16
1 1685 0 4
1163
1164
1165
1166
8534.399999990905 6400.8 -3185.16
7924.799999981808 6400.8 -3185.16
7315.199999981808 6400.8 -3185.16
6705.599999990905 6400.8 -3185.16
1 1693 0 1
1167
9144 6400.8 -3154.68
1 1706 0 4
1168
1169
1170
1171
9753.6 5181.6 -3185.16
9753.6 5486.400000000001 -3185.16
9753.6 5791.200000000001 -3185.16
9753.6 6096 -3185.16
1 1715 0 1
1172
9753.6 6400.8 -3154.68
1 1728 0 4
1173
1174
1175
1176
12801.6 5181.6 -3185.16
12801.6 5486.400000000001 -3185.16
12801.6 5791.200000000001 -3185.16
12801.6 6096 -3185.16
1 1729 0 4
1177
1178
1179
1180
12192 6400.8 -3185.16
11582.4 6400.8 -3185.16
10972.8 6400.8 -3185.16
10363.2 6400.8 -3185.16
1 1737 0 1
1181
12801.6 6400.8 -3154.68
1 1750 0 4
1182
1183
1184
1185
18897.6 5181.6 -3185.16
18897.6 5486.400000000001 -3185.16
18897.6 5791.200000000001 -3185.16
18897.6 6096 -3185.16
1 1751 0 4
1186
1187
1188
1189
17678.39999998437 6400.8 -3185.16
16459.19999997443 6400.8 -3185.16
15239.99999997606 6400.8 -3185.16
14020.79999997925 6400.8 -3185.16
1 1759 0 1
1190
18897.6 6400.8 -3154.68
1 1772 0 4
1191
1192
1193
1194
6096 7010.399999989627 -3185.16
6096 7619.999999988029 -3185.16
6096 8229.599999987213 -3185.16
6096 8839.199999992185 -3185.16
1 1773 0 4
1195
1196
1197
1198
4876.799999997037 9448.799999999999 -3185.16
3657.599999994075 9448.799999999999 -3185.16
2438.399999995659 9448.799999999999 -3185.16
1219.199999998611 9448.799999999999 -3185.16
1 1774 0 4
1199
1200
1201
1202
0 8839.199999992185 -3185.16
0 8229.599999987213 -3185.16
0 7619.999999988029 -3185.16
0 7010.399999989627 -3185.16
1 1781 0 1
1203
6096 9448.799999999999 -3154.68
1 1785 0 1
1204
0 9448.799999999999 -3154.68
1 1794 0 4
1205
1206
1207
1208
9144 7010.399999989627 -3185.16
9144 7619.999999988029 -3185.16
9144 8229.599999987213 -3185.16
9144 8839.199999992185 -3185.16
1 1795 0 4
1209
1210
1211
1212
8534.399999990905 9448.799999999999 -3185.16
7924.799999981808 9448.799999999999 -3185.16
7315.199999981808 9448.799999999999 -3185.16
6705.599999990905 9448.799999999999 -3185.16
1 1803 0 1
1213
9144 9448.799999999999 -3154.68
1 1816 0 4
1214
1215
1216
1217
9753.6 7010.399999989627 -3185.16
9753.6 7619.999999988029 -3185.16
9753.6 8229.599999987213 -3185.16
9753.6 8839.199999992185 -3185.16
1 1825 0 1
1218
9753.6 9448.799999999999 -3154.68
1 1838 0 4
1219
1220
1221
1222
12801.6 7010.399999989627 -3185.16
12801.6 7619.999999988029 -3185.16
12801.6 8229.599999987213 -3185.16
12801.6 8839.199999992185 -3185.16
1 1839 0 4
1223
1224
1225
1226
12192 9448.799999999999 -3185.16
11582.4 9448.799999999999 -3185.16
10972.8 9448.799999999999 -3185.16
10363.2 9448.799999999999 -3185.16
1 1847 0 1
1227
12801.6 9448.799999999999 -3154.68
1 1860 0 4
1228
1229
1230
1231
18897.6 7010.399999989627 -3185.16
18897.6 7619.999999988029 -3185.16
18897.6 8229.599999987213 -3185.16
18897.6 8839.199999992185 -3185.16
1 1861 0 4
1232
1233
1234
1235
17678.39999998437 9448.799999999999 -3185.16
16459.19999997443 9448.799999999999 -3185.16
15239.99999997606 9448.799999999999 -3185.16
14020.79999997925 9448.799999999999 -3185.16
1 1869 0 1
1236
18897.6 9448.799999999999 -3154.68
2 1 0 16
1237
1238
1239
1240
1241
1242
1243
1244
1245
1246
1247
1248
1249
1250
1251
1252
1219.199999998611 609.5999999993057 0
1219.199999998611 1219.199999997829 0
1219.199999998611 1828.799999997037 0
1219.199999998611 2438.399999998519 0
2438.399999995659 609.5999999993057 0
2438.399999995659 1219.199999997829 0
2438.399999995659 1828.799999997038 0
2438.399999995659 2438.399999998519 0
3657.599999994074 609.5999999993057 0
3657.599999994075 1219.199999997829 0
3657.599999994074 1828.799999997037 0
3657.599999994075 2438.399999998519 0
4876.799999997037 609.5999999993057 0
4876.799999997037 1219.199999997829 0
4876.799999997037 1828.799999997037 0
4876.799999997037 2438.399999998519 0
2 2 0 16
1253
1254
1255
1256
1257
1258
1259
1260
1261
1262
1263
1264
1265
1266
1267
1268
6705.599999990905 609.5999999993057 0
6705.599999990905 1219.199999997829 0
6705.599999990905 1828.799999997038 0
6705.599999990904 2438.399999998518 0
7315.199999981807 609.5999999993057 0
7315.199999981807 1219.19999999783 0
7315.199999981809 1828.799999997037 0
7315.199999981807 2438.399999998518 0
7924.799999981808 609.5999999993057 0
7924.799999981808 1219.199999997829 0
7924.799999981808 1828.799999997037 0
7924.799999981808 2438.399999998519 0
8534.399999990905 609.5999999993057 0
8534.399999990903 1219.199999997829 0
8534.399999990907 1828.799999997037 0
8534.399999990905 2438.399999998519 0
2 4 0 16
1269
1270
1271
1272
1273
1274
1275
1276
1277
1278
1279
1280
1281
1282
1283
1284
10363.2 609.5999999993057 0
10363.2 1219.199999997829 0
10363.2 1828.799999997037 0
10363.2 2438.399999998517 0
10972.8 609.5999999993057 0
10972.8 1219.199999997829 0
10972.8 1828.799999997037 0
10972.8 2438.399999998518 0
11582.4 609.5999999993057 0
11582.4 1219.199999997829 0
11582.4 1828.799999997038 0
11582.4 2438.399999998518 0
12192 609.5999999993057 0
12192 1219.199999997829 0
12192 1828.799999997037 0
12192 2438.399999998519 0
2 5 0 16
1285
1286
1287
1288
1289
1290
1291
1292
1293
1294
1295
1296
1297
1298
1299
1300
14020.79999997926 609.5999999993057 0
14020.79999997926 1219.199999997829 0
14020.79999997926 1828.799999997037 0
14020.79999997926 2438.399999998519 0
15239.99999997606 609.5999999993057 0
15239.99999997606 1219.199999997829 0
15239.99999997606 1828.799999997038 0
15239.99999997606 2438.399999998518 0
16459.19999997443 609.5999999993057 0
16459.19999997443 1219.199999997829 0
16459.19999997443 1828.799999997037 0
16459.19999997443 2438.399999998518 0
17678.39999998437 609.5999999993057 0
17678.39999998437 1219.19999999783 0
17678.39999998437 1828.799999997037 0
17678.39999998437 2438.399999998519 0
2 6 0 16
1301
1302
1303
1304
1305
1306
1307
1308
1309
1310
1311
1312
1313
1314
1315
1316
1219.199999998612 3352.799999995451 0
1219.199999998611 3657.599999990904 0
1219.199999998611 3962.399999990904 0
1219.199999998611 4267.199999995452 0
2438.39999999566 3352.799999995453 0
2438.399999995659 3657.599999990904 0
2438.399999995659 3962.399999990904 0
2438.399999995659 4267.199999995451 0
3657.599999994075 3352.799999995453 0
3657.599999994074 3657.599999990905 0
3657.599999994075 3962.399999990904 0
3657.599999994074 4267.199999995452 0
4876.799999997036 3352.799999995452 0
4876.799999997037 3657.599999990903 0
4876.799999997037 3962.399999990904 0
4876.799999997037 4267.199999995452 0
2 7 0 16
1317
1318
1319
1320
1321
1322
1323
1324
1325
1326
1327
1328
1329
1330
1331
1332
6705.599999990904 3352.799999995453 0
6705.599999990903 3657.599999990904 0
6705.599999990904 3962.399999990904 0
6705.599999990904 4267.199999995452 0
7315.199999981807 3352.799999995451 0
7315.199999981807 3657.599999990904 0
7315.199999981807 3962.399999990904 0
7315.199999981808 4267.199999995453 0
7924.799999981808 3352.799999995453 0
7924.799999981808 3657.599999990905 0
7924.799999981808 3962.399999990904 0
7924.799999981808 4267.199999995452 0
8534.399999990905 3352.799999995453 0
8534.399999990905 3657.599999990905 0
8534.399999990905 3962.399999990904 0
8534.399999990905 4267.199999995452 0
2 9 0 16
1333
1334
1335
1336
1337
1338
1339
1340
1341
1342
1343
1344
1345
1346
1347
1348
10363.2 3352.799999995453 0
10363.2 3657.599999990904 0
10363.2 3962.399999990904 0
10363.2 4267.199999995452 0
10972.8 3352.799999995453 0
10972.80000000001 3657.599999990903 0
10972.8 3962.399999990904 0
10972.8 4267.199999995451 0
11582.40000000001 3352.799999995453 0
11582.4 3657.599999990904 0
11582.4 3962.399999990904 0
11582.4 4267.199999995452 0
12192 3352.799999995453 0
12192 3657.599999990904 0
12192 3962.399999990904 0
12192 4267.199999995452 0
2 10 0 16
1349
1350
1351
1352
1353
1354
1355
1356
1357
1358
1359
1360
1361
1362
1363
1364
14020.79999997926 3352.799999995453 0
14020.79999997926 3657.599999990905 0
14020.79999997926 3962.399999990904 0
14020.79999997926 4267.199999995452 0
15239.99999997606 3352.799999995453 0
15239.99999997606 3657.599999990903 0
15239.99999997606 3962.399999990904 0
15239.99999997606 4267.199999995453 0
16459.19999997443 3352.799999995453 0
16459.19999997443 3657.599999990904 0
16459.19999997443 3962.399999990904 0
16459.19999997443 4267.199999995452 0
17678.39999998437 3352.799999995453 0
17678.39999998437 3657.599999990905 0
17678.39999998437 3962.399999990904 0
17678.39999998437 4267.199999995452 0
2 16 0 16
1365
1366
1367
1368
1369
1370
1371
1372
1373
1374
1375
1376
1377
1378
1379
1380
1219.199999998611 5181.6 0
1219.199999998611 5486.400000000001 0
1219.199999998611 5791.200000000001 0
1219.199999998611 6096 0
2438.399999995658 5181.6 0
2438.399999995659 5486.400000000001 0
2438.399999995659 5791.200000000001 0
2438.399999995659 6096 0
3657.599999994075 5181.6 0
3657.599999994075 5486.4 0
3657.599999994075 5791.200000000002 0
3657.599999994074 6096 0
4876.799999997034 5181.6 0
4876.799999997036 5486.400000000001 0
4876.799999997036 5791.200000000002 0
4876.799999997037 6096 0
2 17 0 16
1381
1382
1383
1384
1385
1386
1387
1388
1389
1390
1391
1392
1393
1394
1395
1396
6705.599999990905 5181.600000000001 0
6705.599999990905 5486.400000000001 0
6705.599999990905 5791.200000000001 0
6705.599999990905 6096 0
7315.199999981807 5181.6 0
7315.199999981805 5486.400000000001 0
7315.199999981807 5791.200000000001 0
7315.199999981808 6096 0
7924.799999981808 5181.600000000001 0
7924.799999981808 5486.4 0
7924.799999981808 5791.200000000001 0
7924.799999981808 6096 0
8534.399999990905 5181.6 0
8534.399999990905 5486.400000000001 0
8534.399999990905 5791.200000000001 0
8534.399999990905 6096 0
2 19 0 16
1397
1398
1399
1400
1401
1402
1403
1404
1405
1406
1407
1408
1409
1410
1411
1412
10363.2 5181.6 0
10363.2 5486.400000000001 0
10363.2 5791.200000000001 0
10363.2 6096 0
10972.8 5181.6 0
10972.8 5486.400000000001 0
10972.8 5791.200000000001 0
10972.8 6096 0
11582.4 5181.6 0
11582.4 5486.400000000001 0
11582.4 5791.200000000001 0
11582.4 6096 0
12192 5181.600000000001 0
12192 5486.400000000001 0
12192 5791.200000000002 0
12192 6096 0
2 20 0 16
1413
1414
1415
1416
1417
1418
1419
1420
1421
1422
1423
1424
1425
1426
1427
1428
14020.79999997925 5181.6 0
14020.79999997926 5486.4 0
14020.79999997926 5791.200000000001 0
14020.79999997926 6095.999999999999 0
15239.99999997606 5181.6 0
15239.99999997606 5486.400000000001 0
15239.99999997606 5791.200000000001 0
15239.99999997606 6096 0
16459.19999997443 5181.6 0
16459.19999997443 5486.4 0
16459.19999997443 5791.200000000001 0
16459.19999997443 6096 0
17678.39999998437 5181.6 0
17678.39999998437 5486.400000000001 0
17678.39999998437 5791.200000000002 0
17678.39999998437 6096 0
2 21 0 16
1429
1430
1431
1432
1433
1434
1435
1436
1437
1438
1439
1440
1441
1442
1443
1444
1219.199999998612 7010.399999989627 0
1219.199999998611 7619.999999988029 0
1219.199999998611 8229.599999987213 0
1219.199999998611 8839.199999992185 0
2438.39999999566 7010.399999989628 0
2438.399999995659 7619.999999988028 0
2438.399999995659 8229.599999987213 0
2438.399999995659 8839.199999992185 0
3657.599999994075 7010.39999998963 0
3657.599999994074 7619.999999988029 0
3657.599999994074 8229.599999987213 0
3657.599999994075 8839.199999992185 0
4876.799999997039 7010.399999989627 0
4876.799999997036 7619.999999988028 0
4876.799999997036 8229.599999987215 0
4876.799999997037 8839.199999992185 0
2 22 0 16
1445
1446
1447
1448
1449
1450
1451
1452
1453
1454
1455
1456
1457
1458
1459
1460
6705.599999990903 7010.399999989628 0
6705.599999990904 7619.999999988027 0
6705.599999990903 8229.599999987213 0
6705.599999990904 8839.199999992183 0
7315.199999981807 7010.399999989628 0
7315.199999981807 7619.999999988029 0
7315.199999981809 8229.599999987213 0
7315.199999981807 8839.199999992185 0
7924.799999981808 7010.399999989628 0
7924.799999981808 7619.999999988028 0
7924.799999981808 8229.599999987213 0
7924.799999981808 8839.199999992185 0
8534.399999990905 7010.399999989627 0
8534.399999990903 7619.999999988028 0
8534.399999990905 8229.599999987213 0
8534.399999990905 8839.199999992185 0
2 24 0 16
1461
1462
1463
1464
1465
1466
1467
1468
1469
1470
1471
1472
1473
1474
1475
1476
10363.2 7010.399999989627 0
10363.2 7619.999999988029 0
10363.2 8229.599999987209 0
10363.2 8839.199999992185 0
10972.8 7010.399999989628 0
10972.8 7619.999999988029 0
10972.8 8229.599999987211 0
10972.8 8839.199999992185 0
11582.4 7010.399999989625 0
11582.40000000001 7619.99999998803 0
11582.4 8229.599999987213 0
11582.4 8839.199999992185 0
12192 7010.399999989624 0
12192 7619.999999988029 0
12192 8229.599999987213 0
12192 8839.199999992185 0
2 25 0 16
1477
1478
1479
1480
1481
1482
1483
1484
1485
1486
1487
1488
1489
1490
1491
1492
14020.79999997926 7010.399999989628 0
14020.79999997925 7619.999999988028 0
14020.79999997926 8229.599999987211 0
14020.79999997926 8839.199999992183 0
15239.99999997605 7010.399999989626 0
15239.99999997606 7619.999999988029 0
15239.99999997606 8229.599999987211 0
15239.99999997606 8839.199999992185 0
16459.19999997442 7010.399999989627 0
16459.19999997442 7619.999999988029 0
16459.19999997443 8229.599999987213 0
16459.19999997443 8839.199999992185 0
17678.39999998437 7010.399999989624 0
17678.39999998437 7619.999999988029 0
17678.39999998437 8229.599999987213 0
17678.39999998437 8839.199999992183 0
2 238 0 16
1493
1494
1495
1496
1497
1498
1499
1500
1501
1502
1503
1504
1505
1506
1507
1508
1219.199999998611 0 -1219.2
1219.199999998611 0 -2133.6
1219.199999998611 0 -2743.2
1219.199999998611 0 -2987.04
2438.399999995659 0 -1219.2
2438.399999995659 0 -2133.6
2438.399999995659 0 -2743.2
2438.399999995659 0 -2987.04
3657.599999994075 0 -1219.2
3657.599999994075 0 -2133.6
3657.599999994075 0 -2743.2
3657.599999994075 0 -2987.04
4876.799999997037 0 -1219.2
4876.799999997037 0 -2133.6
4876.799999997037 0 -2743.2
4876.799999997037 0 -2987.04
2 242 0 16
1509
1510
1511
1512
1513
1514
1515
1516
1517
1518
1519
1520
1521
1522
1523
1524
6096 609.5999999993057 -1219.2
6096 609.5999999993057 -2133.6
6096 609.5999999993057 -2743.2
6096 609.5999999993057 -2987.04
6096 1219.199999997829 -1219.2
6096 1219.199999997829 -2133.6
6096 1219.199999997829 -2743.2
6096 1219.199999997829 -2987.04
6096 1828.799999997037 -1219.2
6096 1828.799999997037 -2133.6
6096 1828.799999997037 -2743.2
6096 1828.799999997037 -2987.04
6096 2438.399999998519 -1219.2
6096 2438.399999998519 -2133.6
6096 2438.399999998519 -2743.2
6096 2438.399999998519 -2987.04
2 246 0 16
1525
1526
1527
1528
1529
1530
1531
1532
1533
1534
1535
1536
1537
1538
1539
1540
1219.199999998611 3048 -1219.2
1219.199999998611 3048 -2133.6
1219.199999998611 3048 -2743.2
1219.199999998611 3048 -2987.04
2438.399999995659 3048 -1219.2
2438.399999995659 3048 -2133.6
2438.399999995659 3048 -2743.2
2438.399999995659 3048 -2987.04
3657.599999994075 3048 -1219.2
3657.599999994075 3048 -2133.6
3657.599999994075 3048 -2743.2
3657.599999994075 3048 -2987.04
4876.799999997037 3048 -1219.2
4876.799999997037 3048 -2133.6
4876.799999997037 3048 -2743.2
4876.799999997037 3048 -2987.04
2 250 0 16
1541
1542
1543
1544
1545
1546
1547
1548
1549
1550
1551
1552
1553
1554
1555
1556
0 609.5999999993057 -1219.2
0 609.5999999993057 -2133.6
0 609.5999999993057 -2743.2
0 609.5999999993057 -2987.04
0 1219.199999997829 -1219.2
0 1219.199999997829 -2133.6
0 1219.199999997829 -2743.2
0 1219.199999997829 -2987.04
0 1828.799999997037 -1219.2
0 1828.799999997037 -2133.6
0 1828.799999997037 -2743.2
0 1828.799999997037 -2987.04
0 2438.399999998519 -1219.2
0 2438.399999998519 -2133.6
0 2438.399999998519 -2743.2
0 2438.399999998519 -2987.04
2 251 0 16
1557
1558
1559
1560
1561
1562
1563
1564
1565
1566
1567
1568
1569
1570
1571
1572
1219.199999998611 609.5999999993057 -3048
1219.199999998611 1219.199999997829 -3048
1219.199999998611 1828.799999997037 -3048
1219.199999998611 2438.399999998519 -3048
2438.399999995659 609.5999999993057 -3048
2438.399999995659 1219.199999997829 -3048
2438.399999995659 1828.799999997038 -3048
2438.399999995659 2438.399999998519 -3048
3657.599999994074 609.5999999993057 -3048
3657.599999994075 1219.199999997829 -3048
3657.599999994074 1828.799999997037 -3048
3657.599999994075 2438.399999998519 -3048
4876.799999997037 609.5999999993057 -3048
4876.799999997037 1219.199999997829 -3048
4876.799999997037 1828.799999997037 -3048
4876.799999997037 2438.399999998519 -3048
2 260 0 16
1573
1574
1575
1576
1577
1578
1579
1580
1581
1582
1583
1584
1585
1586
1587
1588
6705.599999990905 0 -1219.2
6705.599999990905 0 -2133.6
6705.599999990905 0 -2743.2
6705.599999990905 0 -2987.04
7315.199999981808 0 -1219.2
7315.199999981808 0 -2133.6
7315.199999981808 0 -2743.2
7315.199999981808 0 -2987.04
7924.799999981808 0 -1219.2
7924.799999981808 0 -2133.6
7924.799999981808 0 -2743.2
7924.799999981808 0 -2987.04
8534.399999990905 0 -1219.2
8534.399999990905 0 -2133.6
8534.399999990905 0 -2743.2
8534.399999990905 0 -2987.04
2 264 0 16
1589
1590
1591
1592
1593
1594
1595
1596
1597
1598
1599
1600
1601
1602
1603
1604
9144 609.5999999993057 -1219.2
9144 609.5999999993057 -2133.6
9144 609.5999999993057 -2743.2
9144 609.5999999993057 -2987.04
9144 1219.199999997829 -1219.2
9144 1219.199999997829 -2133.6
9144 1219.199999997829 -2743.2
9144 1219.199999997829 -2987.04
9144 1828.799999997037 -1219.2
9144 1828.799999997037 -2133.6
9144 1828.799999997037 -2743.2
9144 1828.799999997037 -2987.04
9144 2438.399999998519 -1219.2
9144 2438.399999998519 -2133.6
9144 2438.399999998519 -2743.2
9144 2438.399999998519 -2987.04
2 268 0 16
1605
1606
1607
1608
1609
1610
1611
1612
1613
1614
1615
1616
1617
1618
1619
1620
6705.599999990905 3048 -1219.2
6705.599999990905 3048 -2133.6
6705.599999990905 3048 -2743.2
6705.599999990905 3048 -2987.04
7315.199999981808 3048 -1219.2
7315.199999981808 3048 -2133.6
7315.199999981808 3048 -2743.2
7315.199999981808 3048 -2987.04
7924.799999981808 3048 -1219.2
7924.799999981808 3048 -2133.6
7924.799999981808 3048 -2743.2
7924.799999981808 3048 -2987.04
8534.399999990905 3048 -1219.2
8534.399999990905 3048 -2133.6
8534.399999990905 3048 -2743.2
8534.399999990905 3048 -2987.04
2 273 0 16
1621
1622
1623
1624
1625
1626
1627
1628
1629
1630
1631
1632
1633
1634
1635
1636
6705.599999990905 609.5999999993057 -3048
6705.599999990905 1219.199999997829 -3048
6705.599999990905 1828.799999997038 -3048
6705.599999990904 2438.399999998518 -3048
7315.199999981807 609.5999999993057 -3048
7315.199999981807 1219.19999999783 -3048
7315.199999981809 1828.799999997037 -3048
7315.199999981807 2438.399999998518 -3048
7924.799999981808 609.5999999993057 -3048
7924.799999981808 1219.199999997829 -3048
7924.799999981808 1828.799999997037 -3048
7924.799999981808 2438.399999998519 -3048
8534.399999990905 609.5999999993057 -3048
8534.399999990903 1219.199999997829 -3048
8534.399999990907 1828.799999997037 -3048
8534.399999990905 2438.399999998519 -3048
2 286 0 16
1637
1638
1639
1640
1641
1642
1643
1644
1645
1646
1647
1648
1649
1650
1651
1652
9753.6 609.5999999993057 -1219.2
9753.6 609.5999999993057 -2133.6
9753.6 609.5999999993057 -2743.2
9753.6 609.5999999993057 -2987.04
9753.6 1219.199999997829 -1219.2
9753.6 1219.199999997829 -2133.6
9753.6 1219.199999997829 -2743.2
9753.6 1219.199999997829 -2987.04
9753.6 1828.799999997037 -1219.2
9753.6 1828.799999997037 -2133.6
9753.6 1828.799999997037 -2743.2
9753.6 1828.799999997037 -2987.04
9753.6 2438.399999998519 -1219.2
9753.6 2438.399999998519 -2133.6
9753.6 2438.399999998519 -2743.2
9753.6 2438.399999998519 -2987.04
2 304 0 16
1653
1654
1655
1656
1657
1658
1659
1660
1661
1662
1663
1664
1665
1666
1667
1668
10363.2 0 -1219.2
10363.2 0 -2133.6
10363.2 0 -2743.2
10363.2 0 -2987.04
10972.8 0 -1219.2
10972.8 0 -2133.6
10972.8 0 -2743.2
10972.8 0 -2987.04
11582.4 0 -1219.2
11582.4 0 -2133.6
11582.4 0 -2743.2
11582.4 0 -2987.04
12192 0 -1219.2
12192 0 -2133.6
12192 0 -2743.2
12192 0 -2987.04
2 308 0 16
1669
1670
1671
1672
1673
1674
1675
1676
1677
1678
1679
1680
1681
1682
1683
1684
12801.6 609.5999999993057 -1219.2
12801.6 609.5999999993057 -2133.6
12801.6 609.5999999993057 -2743.2
12801.6 609.5999999993057 -2987.04
12801.6 1219.199999997829 -1219.2
12801.6 1219.199999997829 -2133.6
12801.6 1219.199999997829 -2743.2
12801.6 1219.199999997829 -2987.04
12801.6 1828.799999997037 -1219.2
12801.6 1828.799999997037 -2133.6
12801.6 1828.799999997037 -2743.2
12801.6 1828.799999997037 -2987.04
12801.6 2438.399999998519 -1219.2
12801.6 2438.399999998519 -2133.6
12801.6 2438.399999998519 -2743.2
12801.6 2438.399999998519 -2987.04
2 312 0 16
1685
1686
1687
1688
1689
1690
1691
1692
1693
1694
1695
1696
1697
1698
1699
1700
10363.2 3048 -1219.2
10363.2 3048 -2133.6
10363.2 3048 -2743.2
10363.2 3048 -2987.04
10972.8 3048 -1219.2
10972.8 3048 -2133.6
10972.8 3048 -2743.2
10972.8 3048 -2987.04
11582.4 3048 -1219.2
11582.4 3048 -2133.6
11582.4 3048 -2743.2
11582.4 3048 -2987.04
12192 3048 -1219.2
12192 3048 -2133.6
12192 3048 -2743.2
12192 3048 -2987.04
2 317 0 16
1701
1702
1703
1704
1705
1706
1707
1708
1709
1710
1711
1712
1713
1714
1715
1716
10363.2 609.5999999993057 -3048
10363.2 1219.199999997829 -3048
10363.2 1828.799999997037 -3048
10363.2 2438.399999998517 -3048
10972.8 609.5999999993057 -3048
10972.8 1219.199999997829 -3048
10972.8 1828.799999997037 -3048
10972.8 2438.399999998518 -3048
11582.4 609.5999999993057 -3048
11582.4 1219.199999997829 -3048
11582.4 1828.799999997038 -3048
11582.4 2438.399999998518 -3048
12192 609.5999999993057 -3048
12192 1219.199999997829 -3048
12192 1828.799999997037 -3048
12192 2438.399999998519 -3048
2 326 0 16
1717
1718
1719
1720
1721
1722
1723
1724
1725
1726
1727
1728
1729
1730
1731
1732
14020.79999997925 0 -1219.2
14020.79999997925 0 -2133.6
14020.79999997925 0 -2743.2
14020.79999997925 0 -2987.04
15239.99999997606 0 -1219.2
15239.99999997606 0 -2133.6
15239.99999997606 0 -2743.2
15239.99999997606 0 -2987.04
16459.19999997443 0 -1219.2
16459.19999997443 0 -2133.6
16459.19999997443 0 -2743.2
16459.19999997443 0 -2987.04
17678.39999998437 0 -1219.2
17678.39999998437 0 -2133.6
17678.39999998437 0 -2743.2
17678.39999998437 0 -2987.04
2 330 0 16
1733
1734
1735
1736
1737
1738
1739
1740
1741
1742
1743
1744
1745
1746
1747
1748
18897.6 609.5999999993057 -1219.2
18897.6 609.5999999993057 -2133.6
18897.6 609.5999999993057 -2743.2
18897.6 609.5999999993057 -2987.04
18897.6 1219.199999997829 -1219.2
18897.6 1219.199999997829 -2133.6
18897.6 1219.199999997829 -2743.2
18897.6 1219.199999997829 -2987.04
18897.6 1828.799999997037 -1219.2
18897.6 1828.799999997037 -2133.6
18897.6 1828.799999997037 -2743.2
18897.6 1828.799999997037 -2987.04
18897.6 2438.399999998519 -1219.2
18897.6 2438.399999998519 -2133.6
18897.6 2438.399999998519 -2743.2
18897.6 2438.399999998519 -2987.04
2 334 0 16
1749
1750
1751
1752
1753
1754
1755
1756
1757
1758
1759
1760
1761
1762
1763
1764
14020.79999997925 3048 -1219.2
14020.79999997925 3048 -2133.6
14020.79999997925 3048 -2743.2
14020.79999997925 3048 -2987.04
15239.99999997606 3048 -1219.2
15239.99999997606 3048 -2133.6
15239.99999997606 3048 -2743.2
15239.99999997606 3048 -2987.04
16459.19999997443 3048 -1219.2
16459.19999997443 3048 -2133.6
16459.19999997443 3048 -2743.2
16459.19999997443 3048 -2987.04
17678.39999998437 3048 -1219.2
17678.39999998437 3048 -2133.6
17678.39999998437 3048 -2743.2
17678.39999998437 3048 -2987.04
2 339 0 16
1765
1766
1767
1768
1769
1770
1771
1772
1773
1774
1775
1776
1777
1778
1779
1780
14020.79999997926 609.5999999993057 -3048
14020.79999997926 1219.199999997829 -3048
14020.79999997926 1828.799999997037 -3048
14020.79999997926 2438.399999998519 -3048
15239.99999997606 609.5999999993057 -3048
15239.99999997606 1219.199999997829 -3048
15239.99999997606 1828.799999997038 -3048
15239.99999997606 2438.399999998518 -3048
16459.19999997443 609.5999999993057 -3048
16459.19999997443 1219.199999997829 -3048
16459.19999997443 1828.799999997037 -3048
16459.19999997443 2438.399999998518 -3048
17678.39999998437 609.5999999993057 -3048
17678.39999998437 1219.19999999783 -3048
17678.39999998437 1828.799999997037 -3048
17678.39999998437 2438.399999998519 -3048
2 352 0 16
1781
1782
1783
1784
1785
1786
1787
1788
1789
1790
1791
1792
1793
1794
1795
1796
6096 3352.799999995452 -1219.2
6096 3352.799999995452 -2133.6
6096 3352.799999995452 -2743.2
6096 3352.799999995452 -2987.04
6096 3657.599999990904 -1219.2
6096 3657.599999990904 -2133.6
6096 3657.599999990904 -2743.2
6096 3657.599999990904 -2987.04
6096 3962.399999990904 -1219.2
6096 3962.399999990904 -2133.6
6096 3962.399999990904 -2743.2
6096 3962.399999990904 -2987.04
6096 4267.199999995452 -1219.2
6096 4267.199999995452 -2133.6
6096 4267.199999995452 -2743.2
6096 4267.199999995452 -2987.04
2 356 0 16
1797
1798
1799
1800
1801
1802
1803
1804
1805
1806
1807
1808
1809
1810
1811
1812
1219.199999998611 4572 -1219.2
1219.199999998611 4572 -2133.6
1219.199999998611 4572 -2743.2
1219.199999998611 4572 -2987.04
2438.399999995659 4572 -1219.2
2438.399999995659 4572 -2133.6
2438.399999995659 4572 -2743.2
2438.399999995659 4572 -2987.04
3657.599999994075 4572 -1219.2
3657.599999994075 4572 -2133.6
3657.599999994075 4572 -2743.2
3657.599999994075 4572 -2987.04
4876.799999997037 4572 -1219.2
4876.799999997037 4572 -2133.6
4876.799999997037 4572 -2743.2
4876.799999997037 4572 -2987.04
2 360 0 16
1813
1814
1815
1816
1817
1818
1819
1820
1821
1822
1823
1824
1825
1826
1827
1828
0 3352.799999995452 -1219.2
0 3352.799999995452 -2133.6
0 3352.799999995452 -2743.2
0 3352.799999995452 -2987.04
0 3657.599999990904 -1219.2
0 3657.599999990904 -2133.6
0 3657.599999990904 -2743.2
0 3657.599999990904 -2987.04
0 3962.399999990904 -1219.2
0 3962.399999990904 -2133.6
0 3962.399999990904 -2743.2
0 3962.399999990904 -2987.04
0 4267.199999995452 -1219.2
0 4267.199999995452 -2133.6
0 4267.199999995452 -2743.2
0 4267.199999995452 -2987.04
2 361 0 16
1829
1830
1831
1832
1833
1834
1835
1836
1837
1838
1839
1840
1841
1842
1843
1844
1219.199999998612 3352.799999995451 -3048
1219.199999998611 3657.599999990904 -3048
1219.199999998611 3962.399999990904 -3048
1219.199999998611 4267.199999995452 -3048
2438.39999999566 3352.799999995453 -3048
2438.399999995659 3657.599999990904 -3048
2438.399999995659 3962.399999990904 -3048
2438.399999995659 4267.199999995451 -3048
3657.599999994075 3352.799999995453 -3048
3657.599999994074 3657.599999990905 -3048
3657.599999994075 3962.399999990904 -3048
3657.599999994074 4267.199999995452 -3048
4876.799999997036 3352.799999995452 -3048
4876.799999997037 3657.599999990903 -3048
4876.799999997037 3962.399999990904 -3048
4876.799999997037 4267.199999995452 -3048
2 374 0 16
1845
1846
1847
1848
1849
1850
1851
1852
1853
1854
1855
1856
1857
1858
1859
1860
9144 3352.799999995452 -1219.2
9144 3352.799999995452 -2133.6
9144 3352.799999995452 -2743.2
9144 3352.799999995452 -2987.04
9144 3657.599999990904 -1219.2
9144 3657.599999990904 -2133.6
9144 3657.599999990904 -2743.2
9144 3657.599999990904 -2987.04
9144 3962.399999990904 -1219.2
9144 3962.399999990904 -2133.6
9144 3962.399999990904 -2743.2
9144 3962.399999990904 -2987.04
9144 4267.199999995452 -1219.2
9144 4267.199999995452 -2133.6
9144 4267.199999995452 -2743.2
9144 4267.199999995452 -2987.04
2 378 0 16
1861
1862
1863
1864
1865
1866
1867
1868
1869
1870
1871
1872
1873
1874
1875
1876
6705.599999990905 4572 -1219.2
6705.599999990905 4572 -2133.6
6705.599999990905 4572 -2743.2
6705.599999990905 4572 -2987.04
7315.199999981808 4572 -1219.2
7315.199999981808 4572 -2133.6
7315.199999981808 4572 -2743.2
7315.199999981808 4572 -2987.04
7924.799999981808 4572 -1219.2
7924.799999981808 4572 -2133.6
7924.799999981808 4572 -2743.2
7924.799999981808 4572 -2987.04
8534.399999990905 4572 -1219.2
8534.399999990905 4572 -2133.6
8534.399999990905 4572 -2743.2
8534.399999990905 4572 -2987.04
2 383 0 16
1877
1878
1879
1880
1881
1882
1883
1884
1885
1886
1887
1888
1889
1890
1891
1892
6705.599999990904 3352.799999995453 -3048
6705.599999990903 3657.599999990904 -3048
6705.599999990904 3962.399999990904 -3048
6705.599999990904 4267.199999995452 -3048
7315.199999981807 3352.799999995451 -3048
7315.199999981807 3657.599999990904 -3048
7315.199999981807 3962.399999990904 -3048
7315.199999981808 4267.199999995453 -3048
7924.799999981808 3352.799999995453 -3048
7924.799999981808 3657.599999990905 -3048
7924.799999981808 3962.399999990904 -3048
7924.799999981808 4267.199999995452 -3048
8534.399999990905 3352.799999995453 -3048
8534.399999990905 3657.599999990905 -3048
8534.399999990905 3962.399999990904 -3048
8534.399999990905 4267.199999995452 -3048
2 396 0 16
1893
1894
1895
1896
1897
1898
1899
1900
1901
1902
1903
1904
1905
1906
1907
1908
9753.6 3352.799999995452 -1219.2
9753.6 3352.799999995452 -2133.6
9753.6 3352.799999995452 -2743.2
9753.6 3352.799999995452 -2987.04
9753.6 3657.599999990904 -1219.2
9753.6 3657.599999990904 -2133.6
9753.6 3657.599999990904 -2743.2
9753.6 3657.599999990904 -2987.04
9753.6 3962.399999990904 -1219.2
9753.6 3962.399999990904 -2133.6
9753.6 3962.399999990904 -2743.2
9753.6 3962.399999990904 -2987.04
9753.6 4267.199999995452 -1219.2
9753.6 4267.199999995452 -2133.6
9753.6 4267.199999995452 -2743.2
9753.6 4267.199999995452 -2987.04
2 418 0 16
1909
1910
1911
1912
1913
1914
1915
1916
1917
1918
1919
1920
1921
1922
1923
1924
12801.6 3352.799999995452 -1219.2
12801.6 3352.799999995452 -2133.6
12801.6 3352.799999995452 -2743.2
12801.6 3352.799999995452 -2987.04
12801.6 3657.599999990904 -1219.2
12801.6 3657.599999990904 -2133.6
12801.6 3657.599999990904 -2743.2
12801.6 3657.599999990904 -2987.04
12801.6 3962.399999990904 -1219.2
12801.6 3962.399999990904 -2133.6
12801.6 3962.399999990904 -2743.2
12801.6 3962.399999990904 -2987.04
12801.6 4267.199999995452 -1219.2
12801.6 4267.199999995452 -2133.6
12801.6 4267.199999995452 -2743.2
12801.6 4267.199999995452 -2987.04
2 422 0 16
1925
1926
1927
1928
1929
1930
1931
1932
1933
1934
1935
1936
1937
1938
1939
1940
10363.2 4572 -1219.2
10363.2 4572 -2133.6
10363.2 4572 -2743.2
10363.2 4572 -2987.04
10972.8 4572 -1219.2
10972.8 4572 -2133.6
10972.8 4572 -2743.2
10972.8 4572 -2987.04
11582.4 4572 -1219.2
11582.4 4572 -2133.6
11582.4 4572 -2743.2
11582.4 4572 -2987.04
12192 4572 -1219.2
12192 4572 -2133.6
12192 4572 -2743.2
12192 4572 -2987.04
2 427 0 16
1941
1942
1943
1944
1945
1946
1947
1948
1949
1950
1951
1952
1953
1954
1955
1956
10363.2 3352.799999995453 -3048
10363.2 3657.599999990904 -3048
10363.2 3962.399999990904 -3048
10363.2 4267.199999995452 -3048
10972.8 3352.799999995453 -3048
10972.80000000001 3657.599999990903 -3048
10972.8 3962.399999990904 -3048
10972.8 4267.199999995451 -3048
11582.40000000001 3352.799999995453 -3048
11582.4 3657.599999990904 -3048
11582.4 3962.399999990904 -3048
11582.4 4267.199999995452 -3048
12192 3352.799999995453 -3048
12192 3657.599999990904 -3048
12192 3962.399999990904 -3048
12192 4267.199999995452 -3048
2 440 0 16
1957
1958
1959
1960
1961
1962
1963
1964
1965
1966
1967
1968
1969
1970
1971
1972
18897.6 3352.799999995452 -1219.2
18897.6 3352.799999995452 -2133.6
18897.6 3352.799999995452 -2743.2
18897.6 3352.799999995452 -2987.04
18897.6 3657.599999990904 -1219.2
18897.6 3657.599999990904 -2133.6
18897.6 3657.599999990904 -2743.2
18897.6 3657.599999990904 -2987.04
18897.6 3962.399999990904 -1219.2
18897.6 3962.399999990904 -2133.6
18897.6 3962.399999990904 -2743.2
18897.6 3962.399999990904 -2987.04
18897.6 4267.199999995452 -1219.2
18897.6 4267.199999995452 -2133.6
18897.6 4267.199999995452 -2743.2
18897.6 4267.199999995452 -2987.04
2 444 0 16
1973
1974
1975
1976
1977
1978
1979
1980
1981
1982
1983
1984
1985
1986
1987
1988
14020.79999997925 4572 -1219.2
14020.79999997925 4572 -2133.6
14020.79999997925 4572 -2743.2
14020.79999997925 4572 -2987.04
15239.99999997606 4572 -1219.2
15239.99999997606 4572 -2133.6
15239.99999997606 4572 -2743.2
15239.99999997606 4572 -2987.04
16459.19999997443 4572 -1219.2
16459.19999997443 4572 -2133.6
16459.19999997443 4572 -2743.2
16459.19999997443 4572 -2987.04
17678.39999998437 4572 -1219.2
17678.39999998437 4572 -2133.6
17678.39999998437 4572 -2743.2
17678.39999998437 4572 -2987.04
2 449 0 16
1989
1990
1991
1992
1993
1994
1995
1996
1997
1998
1999
2000
2001
2002
2003
2004
14020.79999997926 3352.799999995453 -3048
14020.79999997926 3657.599999990905 -3048
14020.79999997926 3962.399999990904 -3048
14020.79999997926 4267.199999995452 -3048
15239.99999997606 3352.799999995453 -3048
15239.99999997606 3657.599999990903 -3048
15239.99999997606 3962.399999990904 -3048
15239.99999997606 4267.199999995453 -3048
16459.19999997443 3352.799999995453 -3048
16459.19999997443 3657.599999990904 -3048
16459.19999997443 3962.399999990904 -3048
16459.19999997443 4267.199999995452 -3048
17678.39999998437 3352.799999995453 -3048
17678.39999998437 3657.599999990905 -3048
17678.39999998437 3962.399999990904 -3048
17678.39999998437 4267.199999995452 -3048
2 466 0 16
2005
2006
2007
2008
2009
2010
2011
2012
2013
2014
2015
2016
2017
2018
2019
2020
1219.199999998611 4876.8 -1219.2
1219.199999998611 4876.8 -2133.6
1219.199999998611 4876.8 -2743.2
1219.199999998611 4876.8 -2987.04
2438.399999995659 4876.8 -1219.2
2438.399999995659 4876.8 -2133.6
2438.399999995659 4876.8 -2743.2
2438.399999995659 4876.8 -2987.04
3657.599999994075 4876.8 -1219.2
3657.599999994075 4876.8 -2133.6
3657.599999994075 4876.8 -2743.2
3657.599999994075 4876.8 -2987.04
4876.799999997037 4876.8 -1219.2
4876.799999997037 4876.8 -2133.6
4876.799999997037 4876.8 -2743.2
4876.799999997037 4876.8 -2987.04
2 488 0 16
2021
2022
2023
2024
2025
2026
2027
2028
2029
2030
2031
2032
2033
2034
2035
2036
6705.599999990905 4876.8 -1219.2
6705.599999990905 4876.8 -2133.6
6705.599999990905 4876.8 -2743.2
6705.599999990905 4876.8 -2987.04
7315.199999981808 4876.8 -1219.2
7315.199999981808 4876.8 -2133.6
7315.199999981808 4876.8 -2743.2
7315.199999981808 4876.8 -2987.04
7924.799999981808 4876.8 -1219.2
7924.799999981808 4876.8 -2133.6
7924.799999981808 4876.8 -2743.2
7924.799999981808 4876.8 -2987.04
8534.399999990905 4876.8 -1219.2
8534.399999990905 4876.8 -2133.6
8534.399999990905 4876.8 -2743.2
8534.399999990905 4876.8 -2987.04
2 532 0 16
2037
2038
2039
2040
2041
2042
2043
2044
2045
2046
2047
2048
2049
2050
2051
2052
10363.2 4876.8 -1219.2
10363.2 4876.8 -2133.6
10363.2 4876.8 -2743.2
10363.2 4876.8 -2987.04
10972.8 4876.8 -1219.2
10972.8 4876.8 -2133.6
10972.8 4876.8 -2743.2
10972.8 4876.8 -2987.04
11582.4 4876.8 -1219.2
11582.4 4876.8 -2133.6
11582.4 4876.8 -2743.2
11582.4 4876.8 -2987.04
12192 4876.8 -1219.2
12192 4876.8 -2133.6
12192 4876.8 -2743.2
12192 4876.8 -2987.04
2 554 0 16
2053
2054
2055
2056
2057
2058
2059
2060
2061
2062
2063
2064
2065
2066
2067
2068
14020.79999997925 4876.8 -1219.2
14020.79999997925 4876.8 -2133.6
14020.79999997925 4876.8 -2743.2
14020.79999997925 4876.8 -2987.04
15239.99999997606 4876.8 -1219.2
15239.99999997606 4876.8 -2133.6
15239.99999997606 4876.8 -2743.2
15239.99999997606 4876.8 -2987.04
16459.19999997443 4876.8 -1219.2
16459.19999997443 4876.8 -2133.6
16459.19999997443 4876.8 -2743.2
16459.19999997443 4876.8 -2987.04
17678.39999998437 4876.8 -1219.2
17678.39999998437 4876.8 -2133.6
17678.39999998437 4876.8 -2743.2
17678.39999998437 4876.8 -2987.04
2 572 0 16
2069
2070
2071
2072
2073
2074
2075
2076
2077
2078
2079
2080
2081
2082
2083
2084
6096 5181.6 -1219.2
6096 5181.6 -2133.6
6096 5181.6 -2743.2
6096 5181.6 -2987.04
6096 5486.400000000001 -1219.2
6096 5486.400000000001 -2133.6
6096 5486.400000000001 -2743.2
6096 5486.400000000001 -2987.04
6096 5791.200000000001 -1219.2
6096 5791.200000000001 -2133.6
6096 5791.200000000001 -2743.2
6096 5791.200000000001 -2987.04
6096 6096 -1219.2
6096 6096 -2133.6
6096 6096 -2743.2
6096 6096 -2987.04
2 576 0 16
2085
2086
2087
2088
2089
2090
2091
2092
2093
2094
2095
2096
2097
2098
2099
2100
1219.199999998611 6400.8 -1219.2
1219.199999998611 6400.8 -2133.6
1219.199999998611 6400.8 -2743.2
1219.199999998611 6400.8 -2987.04
2438.399999995659 6400.8 -1219.2
2438.399999995659 6400.8 -2133.6
2438.399999995659 6400.8 -2743.2
2438.399999995659 6400.8 -2987.04
3657.599999994075 6400.8 -1219.2
3657.599999994075 6400.8 -2133.6
3657.599999994075 6400.8 -2743.2
3657.599999994075 6400.8 -2987.04
4876.799999997037 6400.8 -1219.2
4876.799999997037 6400.8 -2133.6
4876.799999997037 6400.8 -2743.2
4876.799999997037 6400.8 -2987.04
2 580 0 16
2101
2102
2103
2104
2105
2106
2107
2108
2109
2110
2111
2112
2113
2114
2115
2116
0 5181.6 -1219.2
0 5181.6 -2133.6
0 5181.6 -2743.2
0 5181.6 -2987.04
0 5486.400000000001 -1219.2
0 5486.400000000001 -2133.6
0 5486.400000000001 -2743.2
0 5486.400000000001 -2987.04
0 5791.200000000001 -1219.2
0 5791.200000000001 -2133.6
0 5791.200000000001 -2743.2
0 5791.200000000001 -2987.04
0 6096 -1219.2
0 6096 -2133.6
0 6096 -2743.2
0 6096 -2987.04
2 581 0 16
2117
2118
2119
2120
2121
2122
2123
2124
2125
2126
2127
2128
2129
2130
2131
2132
1219.199999998611 5181.6 -3048
1219.199999998611 5486.400000000001 -3048
1219.199999998611 5791.200000000001 -3048
1219.199999998611 6096 -3048
2438.399999995658 5181.6 -3048
2438.399999995659 5486.400000000001 -3048
2438.399999995659 5791.200000000001 -3048
2438.399999995659 6096 -3048
3657.599999994075 5181.6 -3048
3657.599999994075 5486.4 -3048
3657.599999994075 5791.200000000002 -3048
3657.599999994074 6096 -3048
4876.799999997034 5181.6 -3048
4876.799999997036 5486.400000000001 -3048
4876.799999997036 5791.200000000002 -3048
4876.799999997037 6096 -3048
2 594 0 16
2133
2134
2135
2136
2137
2138
2139
2140
2141
2142
2143
2144
2145
2146
2147
2148
9144 5181.6 -1219.2
9144 5181.6 -2133.6
9144 5181.6 -2743.2
9144 5181.6 -2987.04
9144 5486.400000000001 -1219.2
9144 5486.400000000001 -2133.6
9144 5486.400000000001 -2743.2
9144 5486.400000000001 -2987.04
9144 5791.200000000001 -1219.2
9144 5791.200000000001 -2133.6
9144 5791.200000000001 -2743.2
9144 5791.200000000001 -2987.04
9144 6096 -1219.2
9144 6096 -2133.6
9144 6096 -2743.2
9144 6096 -2987.04
2 598 0 16
2149
2150
2151
2152
2153
2154
2155
2156
2157
2158
2159
2160
2161
2162
2163
2164
6705.599999990905 6400.8 -1219.2
6705.599999990905 6400.8 -2133.6
6705.599999990905 6400.8 -2743.2
6705.599999990905 6400.8 -2987.04
7315.199999981808 6400.8 -1219.2
7315.199999981808 6400.8 -2133.6
7315.199999981808 6400.8 -2743.2
7315.199999981808 6400.8 -2987.04
7924.799999981808 6400.8 -1219.2
7924.799999981808 6400.8 -2133.6
7924.799999981808 6400.8 -2743.2
7924.799999981808 6400.8 -2987.04
8534.399999990905 6400.8 -1219.2
8534.399999990905 6400.8 -2133.6
8534.399999990905 6400.8 -2743.2
8534.399999990905 6400.8 -2987.04
2 603 0 16
2165
2166
2167
2168
2169
2170
2171
2172
2173
2174
2175
2176
2177
2178
2179
2180
6705.599999990905 5181.600000000001 -3048
6705.599999990905 5486.400000000001 -3048
6705.599999990905 5791.200000000001 -3048
6705.599999990905 6096 -3048
7315.199999981807 5181.6 -3048
7315.199999981805 5486.400000000001 -3048
7315.199999981807 5791.200000000001 -3048
7315.199999981808 6096 -3048
7924.799999981808 5181.600000000001 -3048
7924.799999981808 5486.4 -3048
7924.799999981808 5791.200000000001 -3048
7924.799999981808 6096 -3048
8534.399999990905 5181.6 -3048
8534.399999990905 5486.400000000001 -3048
8534.399999990905 5791.200000000001 -3048
8534.399999990905 6096 -3048
2 616 0 16
2181
2182
2183
2184
2185
2186
2187
2188
2189
2190
2191
2192
2193
2194
2195
2196
9753.6 5181.6 -1219.2
9753.6 5181.6 -2133.6
9753.6 5181.6 -2743.2
9753.6 5181.6 -2987.04
9753.6 5486.400000000001 -1219.2
9753.6 5486.400000000001 -2133.6
9753.6 5486.400000000001 -2743.2
9753.6 5486.400000000001 -2987.04
9753.6 5791.200000000001 -1219.2
9753.6 5791.200000000001 -2133.6
9753.6 5791.200000000001 -2743.2
9753.6 5791.200000000001 -2987.04
9753.6 6096 -1219.2
9753.6 6096 -2133.6
9753.6 6096 -2743.2
9753.6 6096 -2987.04
2 638 0 16
2197
2198
2199
2200
2201
2202
2203
2204
2205
2206
2207
2208
2209
2210
2211
2212
12801.6 5181.6 -1219.2
12801.6 5181.6 -2133.6
12801.6 5181.6 -2743.2
12801.6 5181.6 -2987.04
12801.6 5486.400000000001 -1219.2
12801.6 5486.400000000001 -2133.6
12801.6 5486.400000000001 -2743.2
12801.6 5486.400000000001 -2987.04
12801.6 5791.200000000001 -1219.2
12801.6 5791.200000000001 -2133.6
12801.6 5791.200000000001 -2743.2
12801.6 5791.200000000001 -2987.04
12801.6 6096 -1219.2
12801.6 6096 -2133.6
12801.6 6096 -2743.2
12801.6 6096 -2987.04
2 642 0 16
2213
2214
2215
2216
2217
2218
2219
2220
2221
2222
2223
2224
2225
2226
2227
2228
10363.2 6400.8 -1219.2
10363.2 6400.8 -2133.6
10363.2 6400.8 -2743.2
10363.2 6400.8 -2987.04
10972.8 6400.8 -1219.2
10972.8 6400.8 -2133.6
10972.8 6400.8 -2743.2
10972.8 6400.8 -2987.04
11582.4 6400.8 -1219.2
11582.4 6400.8 -2133.6
11582.4 6400.8 -2743.2
11582.4 6400.8 -2987.04
12192 6400.8 -1219.2
12192 6400.8 -2133.6
12192 6400.8 -2743.2
12192 6400.8 -2987.04
2 647 0 16
2229
2230
2231
2232
2233
2234
2235
2236
2237
2238
2239
2240
2241
2242
2243
2244
10363.2 5181.6 -3048
10363.2 5486.400000000001 -3048
10363.2 5791.200000000001 -3048
10363.2 6096 -3048
10972.8 5181.6 -3048
10972.8 5486.400000000001 -3048
10972.8 5791.200000000001 -3048
10972.8 6096 -3048
11582.4 5181.6 -3048
11582.4 5486.400000000001 -3048
11582.4 5791.200000000001 -3048
11582.4 6096 -3048
12192 5181.600000000001 -3048
12192 5486.400000000001 -3048
12192 5791.200000000002 -3048
12192 6096 -3048
2 660 0 16
2245
2246
2247
2248
2249
2250
2251
2252
2253
2254
2255
2256
2257
2258
2259
2260
18897.6 5181.6 -1219.2
18897.6 5181.6 -2133.6
18897.6 5181.6 -2743.2
18897.6 5181.6 -2987.04
18897.6 5486.400000000001 -1219.2
18897.6 5486.400000000001 -2133.6
18897.6 5486.400000000001 -2743.2
18897.6 5486.400000000001 -2987.04
18897.6 5791.200000000001 -1219.2
18897.6 5791.200000000001 -2133.6
18897.6 5791.200000000001 -2743.2
18897.6 5791.200000000001 -2987.04
18897.6 6096 -1219.2
18897.6 6096 -2133.6
18897.6 6096 -2743.2
18897.6 6096 -2987.04
2 664 0 16
2261
2262
2263
2264
2265
2266
2267
2268
2269
2270
2271
2272
2273
2274
2275
2276
14020.79999997925 6400.8 -1219.2
14020.79999997925 6400.8 -2133.6
14020.79999997925 6400.8 -2743.2
14020.79999997925 6400.8 -2987.04
15239.99999997606 6400.8 -1219.2
15239.99999997606 6400.8 -2133.6
15239.99999997606 6400.8 -2743.2
15239.99999997606 6400.8 -2987.04
16459.19999997443 6400.8 -1219.2
16459.19999997443 6400.8 -2133.6
16459.19999997443 6400.8 -2743.2
16459.19999997443 6400.8 -2987.04
17678.39999998437 6400.8 -1219.2
17678.39999998437 6400.8 -2133.6
17678.39999998437 6400.8 -2743.2
17678.39999998437 6400.8 -2987.04
2 669 0 16
2277
2278
2279
2280
2281
2282
2283
2284
2285
2286
2287
2288
2289
2290
2291
2292
14020.79999997925 5181.6 -3048
14020.79999997926 5486.4 -3048
14020.79999997926 5791.200000000001 -3048
14020.79999997926 6095.999999999999 -3048
15239.99999997606 5181.6 -3048
15239.99999997606 5486.400000000001 -3048
15239.99999997606 5791.200000000001 -3048
15239.99999997606 6096 -3048
16459.19999997443 5181.6 -3048
16459.19999997443 5486.4 -3048
16459.19999997443 5791.200000000001 -3048
16459.19999997443 6096 -3048
17678.39999998437 5181.6 -3048
17678.39999998437 5486.400000000001 -3048
17678.39999998437 5791.200000000002 -3048
17678.39999998437 6096 -3048
2 682 0 16
2293
2294
2295
2296
2297
2298
2299
2300
2301
2302
2303
2304
2305
2306
2307
2308
6096 7010.399999989627 -1219.2
6096 7010.399999989627 -2133.6
6096 7010.399999989627 -2743.2
6096 7010.399999989627 -2987.04
6096 7619.999999988029 -1219.2
6096 7619.999999988029 -2133.6
6096 7619.999999988029 -2743.2
6096 7619.999999988029 -2987.04
6096 8229.599999987213 -1219.2
6096 8229.599999987213 -2133.6
6096 8229.599999987213 -2743.2
6096 8229.599999987213 -2987.04
6096 8839.199999992185 -1219.2
6096 8839.199999992185 -2133.6
6096 8839.199999992185 -2743.2
6096 8839.199999992185 -2987.04
2 686 0 16
2309
2310
2311
2312
2313
2314
2315
2316
2317
2318
2319
2320
2321
2322
2323
2324
1219.199999998611 9448.799999999999 -1219.2
1219.199999998611 9448.799999999999 -2133.6
1219.199999998611 9448.799999999999 -2743.2
1219.199999998611 9448.799999999999 -2987.04
2438.399999995659 9448.799999999999 -1219.2
2438.399999995659 9448.799999999999 -2133.6
2438.399999995659 9448.799999999999 -2743.2
2438.399999995659 9448.799999999999 -2987.04
3657.599999994075 9448.799999999999 -1219.2
3657.599999994075 9448.799999999999 -2133.6
3657.599999994075 9448.799999999999 -2743.2
3657.599999994075 9448.799999999999 -2987.04
4876.799999997037 9448.799999999999 -1219.2
4876.799999997037 9448.799999999999 -2133.6
4876.799999997037 9448.799999999999 -2743.2
4876.799999997037 9448.799999999999 -2987.04
2 690 0 16
2325
2326
2327
2328
2329
2330
2331
2332
2333
2334
2335
2336
2337
2338
2339
2340
0 7010.399999989627 -1219.2
0 7010.399999989627 -2133.6
0 7010.399999989627 -2743.2
0 7010.399999989627 -2987.04
0 7619.999999988029 -1219.2
0 7619.999999988029 -2133.6
0 7619.999999988029 -2743.2
0 7619.999999988029 -2987.04
0 8229.599999987213 -1219.2
0 8229.599999987213 -2133.6
0 8229.599999987213 -2743.2
0 8229.599999987213 -2987.04
0 8839.199999992185 -1219.2
0 8839.199999992185 -2133.6
0 8839.199999992185 -2743.2
0 8839.199999992185 -2987.04
2 691 0 16
2341
2342
2343
2344
2345
2346
2347
2348
2349
2350
2351
2352
2353
2354
2355
2356
1219.199999998612 7010.399999989627 -3048
1219.199999998611 7619.999999988029 -3048
1219.199999998611 8229.599999987213 -3048
1219.199999998611 8839.199999992185 -3048
2438.39999999566 7010.399999989628 -3048
2438.399999995659 7619.999999988028 -3048
2438.399999995659 8229.599999987213 -3048
2438.399999995659 8839.199999992185 -3048
3657.599999994075 7010.39999998963 -3048
3657.599999994074 7619.999999988029 -3048
3657.599999994074 8229.599999987213 -3048
3657.599999994075 8839.199999992185 -3048
4876.799999997039 7010.399999989627 -3048
4876.799999997036 7619.999999988028 -3048
4876.799999997036 8229.599999987215 -3048
4876.799999997037 8839.199999992185 -3048
2 704 0 16
2357
2358
2359
2360
2361
2362
2363
2364
2365
2366
2367
2368
2369
2370
2371
2372
9144 7010.399999989627 -1219.2
9144 7010.399999989627 -2133.6
9144 7010.399999989627 -2743.2
9144 7010.399999989627 -2987.04
9144 7619.999999988029 -1219.2
9144 7619.999999988029 -2133.6
9144 7619.999999988029 -2743.2
9144 7619.999999988029 -2987.04
9144 8229.599999987213 -1219.2
9144 8229.599999987213 -2133.6
9144 8229.599999987213 -2743.2
9144 8229.599999987213 -2987.04
9144 8839.199999992185 -1219.2
9144 8839.199999992185 -2133.6
9144 8839.199999992185 -2743.2
9144 8839.199999992185 -2987.04
2 708 0 16
2373
2374
2375
2376
2377
2378
2379
2380
2381
2382
2383
2384
2385
2386
2387
2388
6705.599999990905 9448.799999999999 -1219.2
6705.599999990905 9448.799999999999 -2133.6
6705.599999990905 9448.799999999999 -2743.2
6705.599999990905 9448.799999999999 -2987.04
7315.199999981808 9448.799999999999 -1219.2
7315.199999981808 9448.799999999999 -2133.6
7315.199999981808 9448.799999999999 -2743.2
7315.199999981808 9448.799999999999 -2987.04
7924.799999981808 9448.799999999999 -1219.2
7924.799999981808 9448.799999999999 -2133.6
7924.799999981808 9448.799999999999 -2743.2
7924.799999981808 9448.799999999999 -2987.04
8534.399999990905 9448.799999999999 -1219.2
8534.399999990905 9448.799999999999 -2133.6
8534.399999990905 9448.799999999999 -2743.2
8534.399999990905 9448.799999999999 -2987.04
2 713 0 16
2389
2390
2391
2392
2393
2394
2395
2396
2397
2398
2399
2400
2401
2402
2403
2404
6705.599999990903 7010.399999989628 -3048
6705.599999990904 7619.999999988027 -3048
6705.599999990903 8229.599999987213 -3048
6705.599999990904 8839.199999992183 -3048
7315.199999981807 7010.399999989628 -3048
7315.199999981807 7619.999999988029 -3048
7315.199999981809 8229.599999987213 -3048
7315.199999981807 8839.199999992185 -3048
7924.799999981808 7010.399999989628 -3048
7924.799999981808 7619.999999988028 -3048
7924.799999981808 8229.599999987213 -3048
7924.799999981808 8839.199999992185 -3048
8534.399999990905 7010.399999989627 -3048
8534.399999990903 7619.999999988028 -3048
8534.399999990905 8229.599999987213 -3048
8534.399999990905 8839.199999992185 -3048
2 726 0 16
2405
2406
2407
2408
2409
2410
2411
2412
2413
2414
2415
2416
2417
2418
2419
2420
9753.6 7010.399999989627 -1219.2
9753.6 7010.399999989627 -2133.6
9753.6 7010.399999989627 -2743.2
9753.6 7010.399999989627 -2987.04
9753.6 7619.999999988029 -1219.2
9753.6 7619.999999988029 -2133.6
9753.6 7619.999999988029 -2743.2
9753.6 7619.999999988029 -2987.04
9753.6 8229.599999987213 -1219.2
9753.6 8229.599999987213 -2133.6
9753.6 8229.599999987213 -2743.2
9753.6 8229.599999987213 -2987.04
9753.6 8839.199999992185 -1219.2
9753.6 8839.199999992185 -2133.6
9753.6 8839.199999992185 -2743.2
9753.6 8839.199999992185 -2987.04
2 748 0 16
2421
2422
2423
2424
2425
2426
2427
2428
2429
2430
2431
2432
2433
2434
2435
2436
12801.6 7010.399999989627 -1219.2
12801.6 7010.399999989627 -2133.6
12801.6 7010.399999989627 -2743.2
12801.6 7010.399999989627 -2987.04
12801.6 7619.999999988029 -1219.2
12801.6 7619.999999988029 -2133.6
12801.6 7619.999999988029 -2743.2
12801.6 7619.999999988029 -2987.04
12801.6 8229.599999987213 -1219.2
12801.6 8229.599999987213 -2133.6
12801.6 8229.599999987213 -2743.2
12801.6 8229.599999987213 -2987.04
12801.6 8839.199999992185 -1219.2
12801.6 8839.199999992185 -2133.6
12801.6 8839.199999992185 -2743.2
12801.6 8839.199999992185 -2987.04
2 752 0 16
2437
2438
2439
2440
2441
2442
2443
2444
2445
2446
2447
2448
2449
2450
2451
2452
10363.2 9448.799999999999 -1219.2
10363.2 9448.799999999999 -2133.6
10363.2 9448.799999999999 -2743.2
10363.2 9448.799999999999 -2987.04
10972.8 9448.799999999999 -1219.2
10972.8 9448.799999999999 -2133.6
10972.8 9448.799999999999 -2743.2
10972.8 9448.799999999999 -2987.04
11582.4 9448.799999999999 -1219.2
11582.4 9448.799999999999 -2133.6
11582.4 9448.799999999999 -2743.2
11582.4 9448.799999999999 -2987.04
12192 9448.799999999999 -1219.2
12192 9448.799999999999 -2133.6
12192 9448.799999999999 -2743.2
12192 9448.799999999999 -2987.04
2 757 0 16
2453
2454
2455
2456
2457
2458
2459
2460
2461
2462
2463
2464
2465
2466
2467
2468
10363.2 7010.399999989627 -3048
10363.2 7619.999999988029 -3048
10363.2 8229.599999987209 -3048
10363.2 8839.199999992185 -3048
10972.8 7010.399999989628 -3048
10972.8 7619.999999988029 -3048
10972.8 8229.599999987211 -3048
10972.8 8839.199999992185 -3048
11582.4 7010.399999989625 -3048
11582.40000000001 7619.99999998803 -3048
11582.4 8229.599999987213 -3048
11582.4 8839.199999992185 -3048
12192 7010.399999989624 -3048
12192 7619.999999988029 -3048
12192 8229.599999987213 -3048
12192 8839.199999992185 -3048
2 770 0 16
2469
2470
2471
2472
2473
2474
2475
2476
2477
2478
2479
2480
2481
2482
2483
2484
18897.6 7010.399999989627 -1219.2
18897.6 7010.399999989627 -2133.6
18897.6 7010.399999989627 -2743.2
18897.6 7010.399999989627 -2987.04
18897.6 7619.999999988029 -1219.2
18897.6 7619.999999988029 -2133.6
18897.6 7619.999999988029 -2743.2
18897.6 7619.999999988029 -2987.04
18897.6 8229.599999987213 -1219.2
18897.6 8229.599999987213 -2133.6
18897.6 8229.599999987213 -2743.2
18897.6 8229.599999987213 -2987.04
18897.6 8839.199999992185 -1219.2
18897.6 8839.199999992185 -2133.6
18897.6 8839.199999992185 -2743.2
18897.6 8839.199999992185 -2987.04
2 774 0 16
2485
2486
2487
2488
2489
2490
2491
2492
2493
2494
2495
2496
2497
2498
2499
2500
14020.79999997925 9448.799999999999 -1219.2
14020.79999997925 9448.799999999999 -2133.6
14020.79999997925 9448.799999999999 -2743.2
14020.79999997925 9448.799999999999 -2987.04
15239.99999997606 9448.799999999999 -1219.2
15239.99999997606 9448.799999999999 -2133.6
15239.99999997606 9448.799999999999 -2743.2
15239.99999997606 9448.799999999999 -2987.04
16459.19999997443 9448.799999999999 -1219.2
16459.19999997443 9448.799999999999 -2133.6
16459.19999997443 9448.799999999999 -2743.2
16459.19999997443 9448.799999999999 -2987.04
17678.39999998437 9448.799999999999 -1219.2
17678.39999998437 9448.799999999999 -2133.6
17678.39999998437 9448.799999999999 -2743.2
17678.39999998437 9448.799999999999 -2987.04
2 779 0 16
2501
2502
2503
2504
2505
2506
2507
2508
2509
2510
2511
2512
2513
2514
2515
2516
14020.79999997926 7010.399999989628 -3048
14020.79999997925 7619.999999988028 -3048
14020.79999997926 8229.599999987211 -3048
14020.79999997926 8839.199999992183 -3048
15239.99999997605 7010.399999989626 -3048
15239.99999997606 7619.999999988029 -3048
15239.99999997606 8229.599999987211 -3048
15239.99999997606 8839.199999992185 -3048
16459.19999997442 7010.399999989627 -3048
16459.19999997442 7619.999999988029 -3048
16459.19999997443 8229.599999987213 -3048
16459.19999997443 8839.199999992185 -3048
17678.39999998437 7010.399999989624 -3048
17678.39999998437 7619.999999988029 -3048
17678.39999998437 8229.599999987213 -3048
17678.39999998437 8839.199999992183 -3048
2 788 0 16
2517
2518
2519
2520
2521
2522
2523
2524
2525
2526
2527
2528
2529
2530
2531
2532
1219.199999998611 0 -3063.24
1219.199999998611 0 -3078.48
1219.199999998611 0 -3093.72
1219.199999998611 0 -3108.96
2438.399999995659 0 -3063.24
2438.399999995659 0 -3078.48
2438.399999995659 0 -3093.72
2438.399999995659 0 -3108.96
3657.599999994075 0 -3063.24
3657.599999994075 0 -3078.48
3657.599999994075 0 -3093.72
3657.599999994075 0 -3108.96
4876.799999997037 0 -3063.24
4876.799999997037 0 -3078.48
4876.799999997037 0 -3093.72
4876.799999997037 0 -3108.96
2 792 0 16
2533
2534
2535
2536
2537
2538
2539
2540
2541
2542
2543
2544
2545
2546
2547
2548
6096 609.5999999993057 -3063.24
6096 609.5999999993057 -3078.48
6096 609.5999999993057 -3093.72
6096 609.5999999993057 -3108.96
6096 1219.199999997829 -3063.24
6096 1219.199999997829 -3078.48
6096 1219.199999997829 -3093.72
6096 1219.199999997829 -3108.96
6096 1828.799999997037 -3063.24
6096 1828.799999997037 -3078.48
6096 1828.799999997037 -3093.72
6096 1828.799999997037 -3108.96
6096 2438.399999998519 -3063.24
6096 2438.399999998519 -3078.48
6096 2438.399999998519 -3093.72
6096 2438.399999998519 -3108.96
2 796 0 16
2549
2550
2551
2552
2553
2554
2555
2556
2557
2558
2559
2560
2561
2562
2563
2564
4876.799999997037 3048 -3063.24
4876.799999997037 3048 -3078.48
4876.799999997037 3048 -3093.72
4876.799999997037 3048 -3108.96
3657.599999994075 3048 -3063.24
3657.599999994075 3048 -3078.48
3657.599999994075 3048 -3093.72
3657.599999994075 3048 -3108.96
2438.399999995659 3048 -3063.24
2438.399999995659 3048 -3078.48
2438.399999995659 3048 -3093.72
2438.399999995659 3048 -3108.96
1219.199999998611 3048 -3063.24
1219.199999998611 3048 -3078.48
1219.199999998611 3048 -3093.72
1219.199999998611 3048 -3108.96
2 800 0 16
2565
2566
2567
2568
2569
2570
2571
2572
2573
2574
2575
2576
2577
2578
2579
2580
0 2438.399999998519 -3063.24
0 2438.399999998519 -3078.48
0 2438.399999998519 -3093.72
0 2438.399999998519 -3108.96
0 1828.799999997037 -3063.24
0 1828.799999997037 -3078.48
0 1828.799999997037 -3093.72
0 1828.799999997037 -3108.96
0 1219.199999997829 -3063.24
0 1219.199999997829 -3078.48
0 1219.199999997829 -3093.72
0 1219.199999997829 -3108.96
0 609.5999999993057 -3063.24
0 609.5999999993057 -3078.48
0 609.5999999993057 -3093.72
0 609.5999999993057 -3108.96
2 801 0 16
2581
2582
2583
2584
2585
2586
2587
2588
2589
2590
2591
2592
2593
2594
2595
2596
1219.199999998611 609.5999999993057 -3124.2
1219.199999998611 1219.199999997829 -3124.2
1219.199999998611 1828.799999997037 -3124.2
1219.199999998611 2438.399999998519 -3124.2
2438.399999995659 609.5999999993057 -3124.2
2438.399999995659 1219.199999997829 -3124.2
2438.399999995659 1828.799999997038 -3124.2
2438.399999995659 2438.399999998519 -3124.2
3657.599999994074 609.5999999993057 -3124.2
3657.599999994075 1219.199999997829 -3124.2
3657.599999994074 1828.799999997037 -3124.2
3657.599999994075 2438.399999998519 -3124.2
4876.799999997037 609.5999999993057 -3124.2
4876.799999997037 1219.199999997829 -3124.2
4876.799999997037 1828.799999997037 -3124.2
4876.799999997037 2438.399999998519 -3124.2
2 810 0 16
2597
2598
2599
2600
2601
2602
2603
2604
2605
2606
2607
2608
2609
2610
2611
2612
6705.599999990905 0 -3063.24
6705.599999990905 0 -3078.48
6705.599999990905 0 -3093.72
6705.599999990905 0 -3108.96
7315.199999981808 0 -3063.24
7315.199999981808 0 -3078.48
7315.199999981808 0 -3093.72
7315.199999981808 0 -3108.96
7924.799999981808 0 -3063.24
7924.799999981808 0 -3078.48
7924.799999981808 0 -3093.72
7924.799999981808 0 -3108.96
8534.399999990905 0 -3063.24
8534.399999990905 0 -3078.48
8534.399999990905 0 -3093.72
8534.399999990905 0 -3108.96
2 814 0 16
2613
2614
2615
2616
2617
2618
2619
2620
2621
2622
2623
2624
2625
2626
2627
2628
9144 609.5999999993057 -3063.24
9144 609.5999999993057 -3078.48
9144 609.5999999993057 -3093.72
9144 609.5999999993057 -3108.96
9144 1219.199999997829 -3063.24
9144 1219.199999997829 -3078.48
9144 1219.199999997829 -3093.72
9144 1219.199999997829 -3108.96
9144 1828.799999997037 -3063.24
9144 1828.799999997037 -3078.48
9144 1828.799999997037 -3093.72
9144 1828.799999997037 -3108.96
9144 2438.399999998519 -3063.24
9144 2438.399999998519 -3078.48
9144 2438.399999998519 -3093.72
9144 2438.399999998519 -3108.96
2 818 0 16
2629
2630
2631
2632
2633
2634
2635
2636
2637
2638
2639
2640
2641
2642
2643
2644
8534.399999990905 3048 -3063.24
8534.399999990905 3048 -3078.48
8534.399999990905 3048 -3093.72
8534.399999990905 3048 -3108.96
7924.799999981808 3048 -3063.24
7924.799999981808 3048 -3078.48
7924.799999981808 3048 -3093.72
7924.799999981808 3048 -3108.96
7315.199999981808 3048 -3063.24
7315.199999981808 3048 -3078.48
7315.199999981808 3048 -3093.72
7315.199999981808 3048 -3108.96
6705.599999990905 3048 -3063.24
6705.599999990905 3048 -3078.48
6705.599999990905 3048 -3093.72
6705.599999990905 3048 -3108.96
2 823 0 16
2645
2646
2647
2648
2649
2650
2651
2652
2653
2654
2655
2656
2657
2658
2659
2660
6705.599999990905 609.5999999993057 -3124.2
6705.599999990905 1219.199999997829 -3124.2
6705.599999990905 1828.799999997038 -3124.2
6705.599999990904 2438.399999998518 -3124.2
7315.199999981807 609.5999999993057 -3124.2
7315.199999981807 1219.19999999783 -3124.2
7315.199999981809 1828.799999997037 -3124.2
7315.199999981807 2438.399999998518 -3124.2
7924.799999981808 609.5999999993057 -3124.2
7924.799999981808 1219.199999997829 -3124.2
7924.799999981808 1828.799999997037 -3124.2
7924.799999981808 2438.399999998519 -3124.2
8534.399999990905 609.5999999993057 -3124.2
8534.399999990903 1219.199999997829 -3124.2
8534.399999990907 1828.799999997037 -3124.2
8534.399999990905 2438.399999998519 -3124.2
2 836 0 16
2661
2662
2663
2664
2665
2666
2667
2668
2669
2670
2671
2672
2673
2674
2675
2676
9753.6 609.5999999993057 -3063.24
9753.6 609.5999999993057 -3078.48
9753.6 609.5999999993057 -3093.72
9753.6 609.5999999993057 -3108.96
9753.6 1219.199999997829 -3063.24
9753.6 1219.199999997829 -3078.48
9753.6 1219.199999997829 -3093.72
9753.6 1219.199999997829 -3108.96
9753.6 1828.799999997037 -3063.24
9753.6 1828.799999997037 -3078.48
9753.6 1828.799999997037 -3093.72
9753.6 1828.799999997037 -3108.96
9753.6 2438.399999998519 -3063.24
9753.6 2438.399999998519 -3078.48
9753.6 2438.399999998519 -3093.72
9753.6 2438.399999998519 -3108.96
2 854 0 16
2677
2678
2679
2680
2681
2682
2683
2684
2685
2686
2687
2688
2689
2690
2691
2692
10363.2 0 -3063.24
10363.2 0 -3078.48
10363.2 0 -3093.72
10363.2 0 -3108.96
10972.8 0 -3063.24
10972.8 0 -3078.48
10972.8 0 -3093.72
10972.8 0 -3108.96
11582.4 0 -3063.24
11582.4 0 -3078.48
11582.4 0 -3093.72
11582.4 0 -3108.96
12192 0 -3063.24
12192 0 -3078.48
12192 0 -3093.72
12192 0 -3108.96
2 858 0 16
2693
2694
2695
2696
2697
2698
2699
2700
2701
2702
2703
2704
2705
2706
2707
2708
12801.6 609.5999999993057 -3063.24
12801.6 609.5999999993057 -3078.48
12801.6 609.5999999993057 -3093.72
12801.6 609.5999999993057 -3108.96
12801.6 1219.199999997829 -3063.24
12801.6 1219.199999997829 -3078.48
12801.6 1219.199999997829 -3093.72
12801.6 1219.199999997829 -3108.96
12801.6 1828.799999997037 -3063.24
12801.6 1828.799999997037 -3078.48
12801.6 1828.799999997037 -3093.72
12801.6 1828.799999997037 -3108.96
12801.6 2438.399999998519 -3063.24
12801.6 2438.399999998519 -3078.48
12801.6 2438.399999998519 -3093.72
12801.6 2438.399999998519 -3108.96
2 862 0 16
2709
2710
2711
2712
2713
2714
2715
2716
2717
2718
2719
2720
2721
2722
2723
2724
12192 3048 -3063.24
12192 3048 -3078.48
12192 3048 -3093.72
12192 3048 -3108.96
11582.4 3048 -3063.24
11582.4 3048 -3078.48
11582.4 3048 -3093.72
11582.4 3048 -3108.96
10972.8 3048 -3063.24
10972.8 3048 -3078.48
10972.8 3048 -3093.72
10972.8 3048 -3108.96
10363.2 3048 -3063.24
10363.2 3048 -3078.48
10363.2 3048 -3093.72
10363.2 3048 -3108.96
2 867 0 16
2725
2726
2727
2728
2729
2730
2731
2732
2733
2734
2735
2736
2737
2738
2739
2740
10363.2 609.5999999993057 -3124.2
10363.2 1219.199999997829 -3124.2
10363.2 1828.799999997037 -3124.2
10363.2 2438.399999998517 -3124.2
10972.8 609.5999999993057 -3124.2
10972.8 1219.199999997829 -3124.2
10972.8 1828.799999997037 -3124.2
10972.8 2438.399999998518 -3124.2
11582.4 609.5999999993057 -3124.2
11582.4 1219.199999997829 -3124.2
11582.4 1828.799999997038 -3124.2
11582.4 2438.399999998518 -3124.2
12192 609.5999999993057 -3124.2
12192 1219.199999997829 -3124.2
12192 1828.799999997037 -3124.2
12192 2438.399999998519 -3124.2
2 876 0 16
2741
2742
2743
2744
2745
2746
2747
2748
2749
2750
2751
2752
2753
2754
2755
2756
14020.79999997925 0 -3063.24
14020.79999997925 0 -3078.48
14020.79999997925 0 -3093.72
14020.79999997925 0 -3108.96
15239.99999997606 0 -3063.24
15239.99999997606 0 -3078.48
15239.99999997606 0 -3093.72
15239.99999997606 0 -3108.96
16459.19999997443 0 -3063.24
16459.19999997443 0 -3078.48
16459.19999997443 0 -3093.72
16459.19999997443 0 -3108.96
17678.39999998437 0 -3063.24
17678.39999998437 0 -3078.48
17678.39999998437 0 -3093.72
17678.39999998437 0 -3108.96
2 880 0 16
2757
2758
2759
2760
2761
2762
2763
2764
2765
2766
2767
2768
2769
2770
2771
2772
18897.6 609.5999999993057 -3063.24
18897.6 609.5999999993057 -3078.48
18897.6 609.5999999993057 -3093.72
18897.6 609.5999999993057 -3108.96
18897.6 1219.199999997829 -3063.24
18897.6 1219.199999997829 -3078.48
18897.6 1219.199999997829 -3093.72
18897.6 1219.199999997829 -3108.96
18897.6 1828.799999997037 -3063.24
18897.6 1828.799999997037 -3078.48
18897.6 1828.799999997037 -3093.72
18897.6 1828.799999997037 -3108.96
18897.6 2438.399999998519 -3063.24
18897.6 2438.399999998519 -3078.48
18897.6 2438.399999998519 -3093.72
18897.6 2438.399999998519 -3108.96
2 884 0 16
2773
2774
2775
2776
2777
2778
2779
2780
2781
2782
2783
2784
2785
2786
2787
2788
17678.39999998437 3048 -3063.24
17678.39999998437 3048 -3078.48
17678.39999998437 3048 -3093.72
17678.39999998437 3048 -3108.96
16459.19999997443 3048 -3063.24
16459.19999997443 3048 -3078.48
16459.19999997443 3048 -3093.72
16459.19999997443 3048 -3108.96
15239.99999997606 3048 -3063.24
15239.99999997606 3048 -3078.48
15239.99999997606 3048 -3093.72
15239.99999997606 3048 -3108.96
14020.79999997925 3048 -3063.24
14020.79999997925 3048 -3078.48
14020.79999997925 3048 -3093.72
14020.79999997925 3048 -3108.96
2 889 0 16
2789
2790
2791
2792
2793
2794
2795
2796
2797
2798
2799
2800
2801
2802
2803
2804
14020.79999997926 609.5999999993057 -3124.2
14020.79999997926 1219.199999997829 -3124.2
14020.79999997926 1828.799999997037 -3124.2
14020.79999997926 2438.399999998519 -3124.2
15239.99999997606 609.5999999993057 -3124.2
15239.99999997606 1219.199999997829 -3124.2
15239.99999997606 1828.799999997038 -3124.2
15239.99999997606 2438.399999998518 -3124.2
16459.19999997443 609.5999999993057 -3124.2
16459.19999997443 1219.199999997829 -3124.2
16459.19999997443 1828.799999997037 -3124.2
16459.19999997443 2438.399999998518 -3124.2
17678.39999998437 609.5999999993057 -3124.2
17678.39999998437 1219.19999999783 -3124.2
17678.39999998437 1828.799999997037 -3124.2
17678.39999998437 2438.399999998519 -3124.2
2 902 0 16
2805
2806
2807
2808
2809
2810
2811
2812
2813
2814
2815
2816
2817
2818
2819
2820
6096 3352.799999995452 -3063.24
6096 3352.799999995452 -3078.48
6096 3352.799999995452 -3093.72
6096 3352.799999995452 -3108.96
6096 3657.599999990904 -3063.24
6096 3657.599999990904 -3078.48
6096 3657.599999990904 -3093.72
6096 3657.599999990904 -3108.96
6096 3962.399999990904 -3063.24
6096 3962.399999990904 -3078.48
6096 3962.399999990904 -3093.72
6096 3962.399999990904 -3108.96
6096 4267.199999995452 -3063.24
6096 4267.199999995452 -3078.48
6096 4267.199999995452 -3093.72
6096 4267.199999995452 -3108.96
2 906 0 16
2821
2822
2823
2824
2825
2826
2827
2828
2829
2830
2831
2832
2833
2834
2835
2836
4876.799999997037 4572 -3063.24
4876.799999997037 4572 -3078.48
4876.799999997037 4572 -3093.72
4876.799999997037 4572 -3108.96
3657.599999994075 4572 -3063.24
3657.599999994075 4572 -3078.48
3657.599999994075 4572 -3093.72
3657.599999994075 4572 -3108.96
2438.399999995659 4572 -3063.24
2438.399999995659 4572 -3078.48
2438.399999995659 4572 -3093.72
2438.399999995659 4572 -3108.96
1219.199999998611 4572 -3063.24
1219.199999998611 4572 -3078.48
1219.199999998611 4572 -3093.72
1219.199999998611 4572 -3108.96
2 910 0 16
2837
2838
2839
2840
2841
2842
2843
2844
2845
2846
2847
2848
2849
2850
2851
2852
0 4267.199999995452 -3063.24
0 4267.199999995452 -3078.48
0 4267.199999995452 -3093.72
0 4267.199999995452 -3108.96
0 3962.399999990904 -3063.24
0 3962.399999990904 -3078.48
0 3962.399999990904 -3093.72
0 3962.399999990904 -3108.96
0 3657.599999990904 -3063.24
0 3657.599999990904 -3078.48
0 3657.599999990904 -3093.72
0 3657.599999990904 -3108.96
0 3352.799999995452 -3063.24
0 3352.799999995452 -3078.48
0 3352.799999995452 -3093.72
0 3352.799999995452 -3108.96
2 911 0 16
2853
2854
2855
2856
2857
2858
2859
2860
2861
2862
2863
2864
2865
2866
2867
2868
1219.199999998612 3352.799999995451 -3124.2
1219.199999998611 3657.599999990904 -3124.2
1219.199999998611 3962.399999990904 -3124.2
1219.199999998611 4267.199999995452 -3124.2
2438.39999999566 3352.799999995453 -3124.2
2438.399999995659 3657.599999990904 -3124.2
2438.399999995659 3962.399999990904 -3124.2
2438.399999995659 4267.199999995451 -3124.2
3657.599999994075 3352.799999995453 -3124.2
3657.599999994074 3657.599999990905 -3124.2
3657.599999994075 3962.399999990904 -3124.2
3657.599999994074 4267.199999995452 -3124.2
4876.799999997036 3352.799999995452 -3124.2
4876.799999997037 3657.599999990903 -3124.2
4876.799999997037 3962.399999990904 -3124.2
4876.799999997037 4267.199999995452 -3124.2
2 924 0 16
2869
2870
2871
2872
2873
2874
2875
2876
2877
2878
2879
2880
2881
2882
2883
2884
9144 3352.799999995452 -3063.24
9144 3352.799999995452 -3078.48
9144 3352.799999995452 -3093.72
9144 3352.799999995452 -3108.96
9144 3657.599999990904 -3063.24
9144 3657.599999990904 -3078.48
9144 3657.599999990904 -3093.72
9144 3657.599999990904 -3108.96
9144 3962.399999990904 -3063.24
9144 3962.399999990904 -3078.48
9144 3962.399999990904 -3093.72
9144 3962.399999990904 -3108.96
9144 4267.199999995452 -3063.24
9144 4267.199999995452 -3078.48
9144 4267.199999995452 -3093.72
9144 4267.199999995452 -3108.96
2 928 0 16
2885
2886
2887
2888
2889
2890
2891
2892
2893
2894
2895
2896
2897
2898
2899
2900
8534.399999990905 4572 -3063.24
8534.399999990905 4572 -3078.48
8534.399999990905 4572 -3093.72
8534.399999990905 4572 -3108.96
7924.799999981808 4572 -3063.24
7924.799999981808 4572 -3078.48
7924.799999981808 4572 -3093.72
7924.799999981808 4572 -3108.96
7315.199999981808 4572 -3063.24
7315.199999981808 4572 -3078.48
7315.199999981808 4572 -3093.72
7315.199999981808 4572 -3108.96
6705.599999990905 4572 -3063.24
6705.599999990905 4572 -3078.48
6705.599999990905 4572 -3093.72
6705.599999990905 4572 -3108.96
2 933 0 16
2901
2902
2903
2904
2905
2906
2907
2908
2909
2910
2911
2912
2913
2914
2915
2916
6705.599999990904 3352.799999995453 -3124.2
6705.599999990903 3657.599999990904 -3124.2
6705.599999990904 3962.399999990904 -3124.2
6705.599999990904 4267.199999995452 -3124.2
7315.199999981807 3352.799999995451 -3124.2
7315.199999981807 3657.599999990904 -3124.2
7315.199999981807 3962.399999990904 -3124.2
7315.199999981808 4267.199999995453 -3124.2
7924.799999981808 3352.799999995453 -3124.2
7924.799999981808 3657.599999990905 -3124.2
7924.799999981808 3962.399999990904 -3124.2
7924.799999981808 4267.199999995452 -3124.2
8534.399999990905 3352.799999995453 -3124.2
8534.399999990905 3657.599999990905 -3124.2
8534.399999990905 3962.399999990904 -3124.2
8534.399999990905 4267.199999995452 -3124.2
2 946 0 16
2917
2918
2919
2920
2921
2922
2923
2924
2925
2926
2927
2928
2929
2930
2931
2932
9753.6 3352.799999995452 -3063.24
9753.6 3352.799999995452 -3078.48
9753.6 3352.799999995452 -3093.72
9753.6 3352.799999995452 -3108.96
9753.6 3657.599999990904 -3063.24
9753.6 3657.599999990904 -3078.48
9753.6 3657.599999990904 -3093.72
9753.6 3657.599999990904 -3108.96
9753.6 3962.399999990904 -3063.24
9753.6 3962.399999990904 -3078.48
9753.6 3962.399999990904 -3093.72
9753.6 3962.399999990904 -3108.96
9753.6 4267.199999995452 -3063.24
9753.6 4267.199999995452 -3078.48
9753.6 4267.199999995452 -3093.72
9753.6 4267.199999995452 -3108.96
2 968 0 16
2933
2934
2935
2936
2937
2938
2939
2940
2941
2942
2943
2944
2945
2946
2947
2948
12801.6 3352.799999995452 -3063.24
12801.6 3352.799999995452 -3078.48
12801.6 3352.799999995452 -3093.72
12801.6 3352.799999995452 -3108.96
12801.6 3657.599999990904 -3063.24
12801.6 3657.599999990904 -3078.48
12801.6 3657.599999990904 -3093.72
12801.6 3657.599999990904 -3108.96
12801.6 3962.399999990904 -3063.24
12801.6 3962.399999990904 -3078.48
12801.6 3962.399999990904 -3093.72
12801.6 3962.399999990904 -3108.96
12801.6 4267.199999995452 -3063.24
12801.6 4267.199999995452 -3078.48
12801.6 4267.199999995452 -3093.72
12801.6 4267.199999995452 -3108.96
2 972 0 16
2949
2950
2951
2952
2953
2954
2955
2956
2957
2958
2959
2960
2961
2962
2963
2964
12192 4572 -3063.24
12192 4572 -3078.48
12192 4572 -3093.72
12192 4572 -3108.96
11582.4 4572 -3063.24
11582.4 4572 -3078.48
11582.4 4572 -3093.72
11582.4 4572 -3108.96
10972.8 4572 -3063.24
10972.8 4572 -3078.48
10972.8 4572 -3093.72
10972.8 4572 -3108.96
10363.2 4572 -3063.24
10363.2 4572 -3078.48
10363.2 4572 -3093.72
10363.2 4572 -3108.96
2 977 0 16
2965
2966
2967
2968
2969
2970
2971
2972
2973
2974
2975
2976
2977
2978
2979
2980
10363.2 3352.799999995453 -3124.2
10363.2 3657.599999990904 -3124.2
10363.2 3962.399999990904 -3124.2
10363.2 4267.199999995452 -3124.2
10972.8 3352.799999995453 -3124.2
10972.80000000001 3657.599999990903 -3124.2
10972.8 3962.399999990904 -3124.2
10972.8 4267.199999995451 -3124.2
11582.40000000001 3352.799999995453 -3124.2
11582.4 3657.599999990904 -3124.2
11582.4 3962.399999990904 -3124.2
11582.4 4267.199999995452 -3124.2
12192 3352.799999995453 -3124.2
12192 3657.599999990904 -3124.2
12192 3962.399999990904 -3124.2
12192 4267.199999995452 -3124.2
2 990 0 16
2981
2982
2983
2984
2985
2986
2987
2988
2989
2990
2991
2992
2993
2994
2995
2996
18897.6 3352.799999995452 -3063.24
18897.6 3352.799999995452 -3078.48
18897.6 3352.799999995452 -3093.72
18897.6 3352.799999995452 -3108.96
18897.6 3657.599999990904 -3063.24
18897.6 3657.599999990904 -3078.48
18897.6 3657.599999990904 -3093.72
18897.6 3657.599999990904 -3108.96
18897.6 3962.399999990904 -3063.24
18897.6 3962.399999990904 -3078.48
18897.6 3962.399999990904 -3093.72
18897.6 3962.399999990904 -3108.96
18897.6 4267.199999995452 -3063.24
18897.6 4267.199999995452 -3078.48
18897.6 4267.199999995452 -3093.72
18897.6 4267.199999995452 -3108.96
2 994 0 16
2997
2998
2999
3000
3001
3002
3003
3004
3005
3006
3007
3008
3009
3010
3011
3012
17678.39999998437 4572 -3063.24
17678.39999998437 4572 -3078.48
17678.39999998437 4572 -3093.72
17678.39999998437 4572 -3108.96
16459.19999997443 4572 -3063.24
16459.19999997443 4572 -3078.48
16459.19999997443 4572 -3093.72
16459.19999997443 4572 -3108.96
15239.99999997606 4572 -3063.24
15239.99999997606 4572 -3078.48
15239.99999997606 4572 -3093.72
15239.99999997606 4572 -3108.96
14020.79999997925 4572 -3063.24
14020.79999997925 4572 -3078.48
14020.79999997925 4572 -3093.72
14020.79999997925 4572 -3108.96
2 999 0 16
3013
3014
3015
3016
3017
3018
3019
3020
3021
3022
3023
3024
3025
3026
3027
3028
14020.79999997926 3352.799999995453 -3124.2
14020.79999997926 3657.599999990905 -3124.2
14020.79999997926 3962.399999990904 -3124.2
14020.79999997926 4267.199999995452 -3124.2
15239.99999997606 3352.799999995453 -3124.2
15239.99999997606 3657.599999990903 -3124.2
15239.99999997606 3962.399999990904 -3124.2
15239.99999997606 4267.199999995453 -3124.2
16459.19999997443 3352.799999995453 -3124.2
16459.19999997443 3657.599999990904 -3124.2
16459.19999997443 3962.399999990904 -3124.2
16459.19999997443 4267.199999995452 -3124.2
17678.39999998437 3352.799999995453 -3124.2
17678.39999998437 3657.599999990905 -3124.2
17678.39999998437 3962.399999990904 -3124.2
17678.39999998437 4267.199999995452 -3124.2
2 1016 0 16
3029
3030
3031
3032
3033
3034
3035
3036
3037
3038
3039
3040
3041
3042
3043
3044
4876.799999997037 4876.8 -3063.24
4876.799999997037 4876.8 -3078.48
4876.799999997037 4876.8 -3093.72
4876.799999997037 4876.8 -3108.96
3657.599999994075 4876.8 -3063.24
3657.599999994075 4876.8 -3078.48
3657.599999994075 4876.8 -3093.72
3657.599999994075 4876.8 -3108.96
2438.399999995659 4876.8 -3063.24
2438.399999995659 4876.8 -3078.48
2438.399999995659 4876.8 -3093.72
2438.399999995659 4876.8 -3108.96
1219.199999998611 4876.8 -3063.24
1219.199999998611 4876.8 -3078.48
1219.199999998611 4876.8 -3093.72
1219.199999998611 4876.8 -3108.96
2 1038 0 16
3045
3046
3047
3048
3049
3050
3051
3052
3053
3054
3055
3056
3057
3058
3059
3060
8534.399999990905 4876.8 -3063.24
8534.399999990905 4876.8 -3078.48
8534.399999990905 4876.8 -3093.72
8534.399999990905 4876.8 -3108.96
7924.799999981808 4876.8 -3063.24
7924.799999981808 4876.8 -3078.48
7924.799999981808 4876.8 -3093.72
7924.799999981808 4876.8 -3108.96
7315.199999981808 4876.8 -3063.24
7315.199999981808 4876.8 -3078.48
7315.199999981808 4876.8 -3093.72
7315.199999981808 4876.8 -3108.96
6705.599999990905 4876.8 -3063.24
6705.599999990905 4876.8 -3078.48
6705.599999990905 4876.8 -3093.72
6705.599999990905 4876.8 -3108.96
2 1082 0 16
3061
3062
3063
3064
3065
3066
3067
3068
3069
3070
3071
3072
3073
3074
3075
3076
12192 4876.8 -3063.24
12192 4876.8 -3078.48
12192 4876.8 -3093.72
12192 4876.8 -3108.96
11582.4 4876.8 -3063.24
11582.4 4876.8 -3078.48
11582.4 4876.8 -3093.72
11582.4 4876.8 -3108.96
10972.8 4876.8 -3063.24
10972.8 4876.8 -3078.48
10972.8 4876.8 -3093.72
10972.8 4876.8 -3108.96
10363.2 4876.8 -3063.24
10363.2 4876.8 -3078.48
10363.2 4876.8 -3093.72
10363.2 4876.8 -3108.96
2 1104 0 16
3077
3078
3079
3080
3081
3082
3083
3084
3085
3086
3087
3088
3089
3090
3091
3092
17678.39999998437 4876.8 -3063.24
17678.39999998437 4876.8 -3078.48
17678.39999998437 4876.8 -3093.72
17678.39999998437 4876.8 -3108.96
16459.19999997443 4876.8 -3063.24
16459.19999997443 4876.8 -3078.48
16459.19999997443 4876.8 -3093.72
16459.19999997443 4876.8 -3108.96
15239.99999997606 4876.8 -3063.24
15239.99999997606 4876.8 -3078.48
15239.99999997606 4876.8 -3093.72
15239.99999997606 4876.8 -3108.96
14020.79999997925 4876.8 -3063.24
14020.79999997925 4876.8 -3078.48
14020.79999997925 4876.8 -3093.72
14020.79999997925 4876.8 -3108.96
2 1122 0 16
3093
3094
3095
3096
3097
3098
3099
3100
3101
3102
3103
3104
3105
3106
3107
3108
6096 5181.6 -3063.24
6096 5181.6 -3078.48
6096 5181.6 -3093.72
6096 5181.6 -3108.96
6096 5486.400000000001 -3063.24
6096 5486.400000000001 -3078.48
6096 5486.400000000001 -3093.72
6096 5486.400000000001 -3108.96
6096 5791.200000000001 -3063.24
6096 5791.200000000001 -3078.48
6096 5791.200000000001 -3093.72
6096 5791.200000000001 -3108.96
6096 6096 -3063.24
6096 6096 -3078.48
6096 6096 -3093.72
6096 6096 -3108.96
2 1126 0 16
3109
3110
3111
3112
3113
3114
3115
3116
3117
3118
3119
3120
3121
3122
3123
3124
4876.799999997037 6400.8 -3063.24
4876.799999997037 6400.8 -3078.48
4876.799999997037 6400.8 -3093.72
4876.799999997037 6400.8 -3108.96
3657.599999994075 6400.8 -3063.24
3657.599999994075 6400.8 -3078.48
3657.599999994075 6400.8 -3093.72
3657.599999994075 6400.8 -3108.96
2438.399999995659 6400.8 -3063.24
2438.399999995659 6400.8 -3078.48
2438.399999995659 6400.8 -3093.72
2438.399999995659 6400.8 -3108.96
1219.199999998611 6400.8 -3063.24
1219.199999998611 6400.8 -3078.48
1219.199999998611 6400.8 -3093.72
1219.199999998611 6400.8 -3108.96
2 1130 0 16
3125
3126
3127
3128
3129
3130
3131
3132
3133
3134
3135
3136
3137
3138
3139
3140
0 6096 -3063.24
0 6096 -3078.48
0 6096 -3093.72
0 6096 -3108.96
0 5791.200000000001 -3063.24
0 5791.200000000001 -3078.48
0 5791.200000000001 -3093.72
0 5791.200000000001 -3108.96
0 5486.400000000001 -3063.24
0 5486.400000000001 -3078.48
0 5486.400000000001 -3093.72
0 5486.400000000001 -3108.96
0 5181.6 -3063.24
0 5181.6 -3078.48
0 5181.6 -3093.72
0 5181.6 -3108.96
2 1131 0 16
3141
3142
3143
3144
3145
3146
3147
3148
3149
3150
3151
3152
3153
3154
3155
3156
1219.199999998611 5181.6 -3124.2
1219.199999998611 5486.400000000001 -3124.2
1219.199999998611 5791.200000000001 -3124.2
1219.199999998611 6096 -3124.2
2438.399999995658 5181.6 -3124.2
2438.399999995659 5486.400000000001 -3124.2
2438.399999995659 5791.200000000001 -3124.2
2438.399999995659 6096 -3124.2
3657.599999994075 5181.6 -3124.2
3657.599999994075 5486.4 -3124.2
3657.599999994075 5791.200000000002 -3124.2
3657.599999994074 6096 -3124.2
4876.799999997034 5181.6 -3124.2
4876.799999997036 5486.400000000001 -3124.2
4876.799999997036 5791.200000000002 -3124.2
4876.799999997037 6096 -3124.2
2 1144 0 16
3157
3158
3159
3160
3161
3162
3163
3164
3165
3166
3167
3168
3169
3170
3171
3172
9144 5181.6 -3063.24
9144 5181.6 -3078.48
9144 5181.6 -3093.72
9144 5181.6 -3108.96
9144 5486.400000000001 -3063.24
9144 5486.400000000001 -3078.48
9144 5486.400000000001 -3093.72
9144 5486.400000000001 -3108.96
9144 5791.200000000001 -3063.24
9144 5791.200000000001 -3078.48
9144 5791.200000000001 -3093.72
9144 5791.200000000001 -3108.96
9144 6096 -3063.24
9144 6096 -3078.48
9144 6096 -3093.72
9144 6096 -3108.96
2 1148 0 16
3173
3174
3175
3176
3177
3178
3179
3180
3181
3182
3183
3184
3185
3186
3187
3188
8534.399999990905 6400.8 -3063.24
8534.399999990905 6400.8 -3078.48
8534.399999990905 6400.8 -3093.72
8534.399999990905 6400.8 -3108.96
7924.799999981808 6400.8 -3063.24
7924.799999981808 6400.8 -3078.48
7924.799999981808 6400.8 -3093.72
7924.799999981808 6400.8 -3108.96
7315.199999981808 6400.8 -3063.24
7315.199999981808 6400.8 -3078.48
7315.199999981808 6400.8 -3093.72
7315.199999981808 6400.8 -3108.96
6705.599999990905 6400.8 -3063.24
6705.599999990905 6400.8 -3078.48
6705.599999990905 6400.8 -3093.72
6705.599999990905 6400.8 -3108.96
2 1153 0 16
3189
3190
3191
3192
3193
3194
3195
3196
3197
3198
3199
3200
3201
3202
3203
3204
6705.599999990905 5181.600000000001 -3124.2
6705.599999990905 5486.400000000001 -3124.2
6705.599999990905 5791.200000000001 -3124.2
6705.599999990905 6096 -3124.2
7315.199999981807 5181.6 -3124.2
7315.199999981805 5486.400000000001 -3124.2
7315.199999981807 5791.200000000001 -3124.2
7315.199999981808 6096 -3124.2
7924.799999981808 5181.600000000001 -3124.2
7924.799999981808 5486.4 -3124.2
7924.799999981808 5791.200000000001 -3124.2
7924.799999981808 6096 -3124.2
8534.399999990905 5181.6 -3124.2
8534.399999990905 5486.400000000001 -3124.2
8534.399999990905 5791.200000000001 -3124.2
8534.399999990905 6096 -3124.2
2 1166 0 16
3205
3206
3207
3208
3209
3210
3211
3212
3213
3214
3215
3216
3217
3218
3219
3220
9753.6 5181.6 -3063.24
9753.6 5181.6 -3078.48
9753.6 5181.6 -3093.72
9753.6 5181.6 -3108.96
9753.6 5486.400000000001 -3063.24
9753.6 5486.400000000001 -3078.48
9753.6 5486.400000000001 -3093.72
9753.6 5486.400000000001 -3108.96
9753.6 5791.200000000001 -3063.24
9753.6 5791.200000000001 -3078.48
9753.6 5791.200000000001 -3093.72
9753.6 5791.200000000001 -3108.96
9753.6 6096 -3063.24
9753.6 6096 -3078.48
9753.6 6096 -3093.72
9753.6 6096 -3108.96
2 1188 0 16
3221
3222
3223
3224
3225
3226
3227
3228
3229
3230
3231
3232
3233
3234
3235
3236
12801.6 5181.6 -3063.24
12801.6 5181.6 -3078.48
12801.6 5181.6 -3093.72
12801.6 5181.6 -3108.96
12801.6 5486.400000000001 -3063.24
12801.6 5486.400000000001 -3078.48
12801.6 5486.400000000001 -3093.72
12801.6 5486.400000000001 -3108.96
12801.6 5791.200000000001 -3063.24
12801.6 5791.200000000001 -3078.48
12801.6 5791.200000000001 -3093.72
12801.6 5791.200000000001 -3108.96
12801.6 6096 -3063.24
12801.6 6096 -3078.48
12801.6 6096 -3093.72
12801.6 6096 -3108.96
2 1192 0 16
3237
3238
3239
3240
3241
3242
3243
3244
3245
3246
3247
3248
3249
3250
3251
3252
12192 6400.8 -3063.24
12192 6400.8 -3078.48
12192 6400.8 -3093.72
12192 6400.8 -3108.96
11582.4 6400.8 -3063.24
11582.4 6400.8 -3078.48
11582.4 6400.8 -3093.72
11582.4 6400.8 -3108.96
10972.8 6400.8 -3063.24
10972.8 6400.8 -3078.48
10972.8 6400.8 -3093.72
10972.8 6400.8 -3108.96
10363.2 6400.8 -3063.24
10363.2 6400.8 -3078.48
10363.2 6400.8 -3093.72
10363.2 6400.8 -3108.96
2 1197 0 16
3253
3254
3255
3256
3257
3258
3259
3260
3261
3262
3263
3264
3265
3266
3267
3268
10363.2 5181.6 -3124.2
10363.2 5486.400000000001 -3124.2
10363.2 5791.200000000001 -3124.2
10363.2 6096 -3124.2
10972.8 5181.6 -3124.2
10972.8 5486.400000000001 -3124.2
10972.8 5791.200000000001 -3124.2
10972.8 6096 -3124.2
11582.4 5181.6 -3124.2
11582.4 5486.400000000001 -3124.2
11582.4 5791.200000000001 -3124.2
11582.4 6096 -3124.2
12192 5181.600000000001 -3124.2
12192 5486.400000000001 -3124.2
12192 5791.200000000002 -3124.2
12192 6096 -3124.2
2 1210 0 16
3269
3270
3271
3272
3273
3274
3275
3276
3277
3278
3279
3280
3281
3282
3283
3284
18897.6 5181.6 -3063.24
18897.6 5181.6 -3078.48
18897.6 5181.6 -3093.72
18897.6 5181.6 -3108.96
18897.6 5486.400000000001 -3063.24
18897.6 5486.400000000001 -3078.48
18897.6 5486.400000000001 -3093.72
18897.6 5486.400000000001 -3108.96
18897.6 5791.200000000001 -3063.24
18897.6 5791.200000000001 -3078.48
18897.6 5791.200000000001 -3093.72
18897.6 5791.200000000001 -3108.96
18897.6 6096 -3063.24
18897.6 6096 -3078.48
18897.6 6096 -3093.72
18897.6 6096 -3108.96
2 1214 0 16
3285
3286
3287
3288
3289
3290
3291
3292
3293
3294
3295
3296
3297
3298
3299
3300
17678.39999998437 6400.8 -3063.24
17678.39999998437 6400.8 -3078.48
17678.39999998437 6400.8 -3093.72
17678.39999998437 6400.8 -3108.96
16459.19999997443 6400.8 -3063.24
16459.19999997443 6400.8 -3078.48
16459.19999997443 6400.8 -3093.72
16459.19999997443 6400.8 -3108.96
15239.99999997606 6400.8 -3063.24
15239.99999997606 6400.8 -3078.48
15239.99999997606 6400.8 -3093.72
15239.99999997606 6400.8 -3108.96
14020.79999997925 6400.8 -3063.24
14020.79999997925 6400.8 -3078.48
14020.79999997925 6400.8 -3093.72
14020.79999997925 6400.8 -3108.96
2 1219 0 16
3301
3302
3303
3304
3305
3306
3307
3308
3309
3310
3311
3312
3313
3314
3315
3316
14020.79999997925 5181.6 -3124.2
14020.79999997926 5486.4 -3124.2
14020.79999997926 5791.200000000001 -3124.2
14020.79999997926 6095.999999999999 -3124.2
15239.99999997606 5181.6 -3124.2
15239.99999997606 5486.400000000001 -3124.2
15239.99999997606 5791.200000000001 -3124.2
15239.99999997606 6096 -3124.2
16459.19999997443 5181.6 -3124.2
16459.19999997443 5486.4 -3124.2
16459.19999997443 5791.200000000001 -3124.2
16459.19999997443 6096 -3124.2
17678.39999998437 5181.6 -3124.2
17678.39999998437 5486.400000000001 -3124.2
17678.39999998437 5791.200000000002 -3124.2
17678.39999998437 6096 -3124.2
2 1232 0 16
3317
3318
3319
3320
3321
3322
3323
3324
3325
3326
3327
3328
3329
3330
3331
3332
6096 7010.399999989627 -3063.24
6096 7010.399999989627 -3078.48
6096 7010.399999989627 -3093.72
6096 7010.399999989627 -3108.96
6096 7619.999999988029 -3063.24
6096 7619.999999988029 -3078.48
6096 7619.999999988029 -3093.72
6096 7619.999999988029 -3108.96
6096 8229.599999987213 -3063.24
6096 8229.599999987213 -3078.48
6096 8229.599999987213 -3093.72
6096 8229.599999987213 -3108.96
6096 8839.199999992185 -3063.24
6096 8839.199999992185 -3078.48
6096 8839.199999992185 -3093.72
6096 8839.199999992185 -3108.96
2 1236 0 16
3333
3334
3335
3336
3337
3338
3339
3340
3341
3342
3343
3344
3345
3346
3347
3348
4876.799999997037 9448.799999999999 -3063.24
4876.799999997037 9448.799999999999 -3078.48
4876.799999997037 9448.799999999999 -3093.72
4876.799999997037 9448.799999999999 -3108.96
3657.599999994075 9448.799999999999 -3063.24
3657.599999994075 9448.799999999999 -3078.48
3657.599999994075 9448.799999999999 -3093.72
3657.599999994075 9448.799999999999 -3108.96
2438.399999995659 9448.799999999999 -3063.24
2438.399999995659 9448.799999999999 -3078.48
2438.399999995659 9448.799999999999 -3093.72
2438.399999995659 9448.799999999999 -3108.96
1219.199999998611 9448.799999999999 -3063.24
1219.199999998611 9448.799999999999 -3078.48
1219.199999998611 9448.799999999999 -3093.72
1219.199999998611 9448.799999999999 -3108.96
2 1240 0 16
3349
3350
3351
3352
3353
3354
3355
3356
3357
3358
3359
3360
3361
3362
3363
3364
0 8839.199999992185 -3063.24
0 8839.199999992185 -3078.48
0 8839.199999992185 -3093.72
0 8839.199999992185 -3108.96
0 8229.599999987213 -3063.24
0 8229.599999987213 -3078.48
0 8229.599999987213 -3093.72
0 8229.599999987213 -3108.96
0 7619.999999988029 -3063.24
0 7619.999999988029 -3078.48
0 7619.999999988029 -3093.72
0 7619.999999988029 -3108.96
0 7010.399999989627 -3063.24
0 7010.399999989627 -3078.48
0 7010.399999989627 -3093.72
0 7010.399999989627 -3108.96
2 1241 0 16
3365
3366
3367
3368
3369
3370
3371
3372
3373
3374
3375
3376
3377
3378
3379
3380
1219.199999998612 7010.399999989627 -3124.2
1219.199999998611 7619.999999988029 -3124.2
1219.199999998611 8229.599999987213 -3124.2
1219.199999998611 8839.199999992185 -3124.2
2438.39999999566 7010.399999989628 -3124.2
2438.399999995659 7619.999999988028 -3124.2
2438.399999995659 8229.599999987213 -3124.2
2438.399999995659 8839.199999992185 -3124.2
3657.599999994075 7010.39999998963 -3124.2
3657.599999994074 7619.999999988029 -3124.2
3657.599999994074 8229.599999987213 -3124.2
3657.599999994075 8839.199999992185 -3124.2
4876.799999997039 7010.399999989627 -3124.2
4876.799999997036 7619.999999988028 -3124.2
4876.799999997036 8229.599999987215 -3124.2
4876.799999997037 8839.199999992185 -3124.2
2 1254 0 16
3381
3382
3383
3384
3385
3386
3387
3388
3389
3390
3391
3392
3393
3394
3395
3396
9144 7010.399999989627 -3063.24
9144 7010.399999989627 -3078.48
9144 7010.399999989627 -3093.72
9144 7010.399999989627 -3108.96
9144 7619.999999988029 -3063.24
9144 7619.999999988029 -3078.48
9144 7619.999999988029 -3093.72
9144 7619.999999988029 -3108.96
9144 8229.599999987213 -3063.24
9144 8229.599999987213 -3078.48
9144 8229.599999987213 -3093.72
9144 8229.599999987213 -3108.96
9144 8839.199999992185 -3063.24
9144 8839.199999992185 -3078.48
9144 8839.199999992185 -3093.72
9144 8839.199999992185 -3108.96
2 1258 0 16
3397
3398
3399
3400
3401
3402
3403
3404
3405
3406
3407
3408
3409
3410
3411
3412
8534.399999990905 9448.799999999999 -3063.24
8534.399999990905 9448.799999999999 -3078.48
8534.399999990905 9448.799999999999 -3093.72
8534.399999990905 9448.799999999999 -3108.96
7924.799999981808 9448.799999999999 -3063.24
7924.799999981808 9448.799999999999 -3078.48
7924.799999981808 9448.799999999999 -3093.72
7924.799999981808 9448.799999999999 -3108.96
7315.199999981808 9448.799999999999 -3063.24
7315.199999981808 9448.799999999999 -3078.48
7315.199999981808 9448.799999999999 -3093.72
7315.199999981808 9448.799999999999 -3108.96
6705.599999990905 9448.799999999999 -3063.24
6705.599999990905 9448.799999999999 -3078.48
6705.599999990905 9448.799999999999 -3093.72
6705.599999990905 9448.799999999999 -3108.96
2 1263 0 16
3413
3414
3415
3416
3417
3418
3419
3420
3421
3422
3423
3424
3425
3426
3427
3428
6705.599999990903 7010.399999989628 -3124.2
6705.599999990904 7619.999999988027 -3124.2
6705.599999990903 8229.599999987213 -3124.2
6705.599999990904 8839.199999992183 -3124.2
7315.199999981807 7010.399999989628 -3124.2
7315.199999981807 7619.999999988029 -3124.2
7315.199999981809 8229.599999987213 -3124.2
7315.199999981807 8839.199999992185 -3124.2
7924.799999981808 7010.399999989628 -3124.2
7924.799999981808 7619.999999988028 -3124.2
7924.799999981808 8229.599999987213 -3124.2
7924.799999981808 8839.199999992185 -3124.2
8534.399999990905 7010.399999989627 -3124.2
8534.399999990903 7619.999999988028 -3124.2
8534.399999990905 8229.599999987213 -3124.2
8534.399999990905 8839.199999992185 -3124.2
2 1276 0 16
3429
3430
3431
3432
3433
3434
3435
3436
3437
3438
3439
3440
3441
3442
3443
3444
9753.6 7010.399999989627 -3063.24
9753.6 7010.399999989627 -3078.48
9753.6 7010.399999989627 -3093.72
9753.6 7010.399999989627 -3108.96
9753.6 7619.999999988029 -3063.24
9753.6 7619.999999988029 -3078.48
9753.6 7619.999999988029 -3093.72
9753.6 7619.999999988029 -3108.96
9753.6 8229.599999987213 -3063.24
9753.6 8229.599999987213 -3078.48
9753.6 8229.599999987213 -3093.72
9753.6 8229.599999987213 -3108.96
9753.6 8839.199999992185 -3063.24
9753.6 8839.199999992185 -3078.48
9753.6 8839.199999992185 -3093.72
9753.6 8839.199999992185 -3108.96
2 1298 0 16
3445
3446
3447
3448
3449
3450
3451
3452
3453
3454
3455
3456
3457
3458
3459
3460
12801.6 7010.399999989627 -3063.24
12801.6 7010.399999989627 -3078.48
12801.6 7010.399999989627 -3093.72
12801.6 7010.399999989627 -3108.96
12801.6 7619.999999988029 -3063.24
12801.6 7619.999999988029 -3078.48
12801.6 7619.999999988029 -3093.72
12801.6 7619.999999988029 -3108.96
12801.6 8229.599999987213 -3063.24
12801.6 8229.599999987213 -3078.48
12801.6 8229.599999987213 -3093.72
12801.6 8229.599999987213 -3108.96
12801.6 8839.199999992185 -3063.24
12801.6 8839.199999992185 -3078.48
12801.6 8839.199999992185 -3093.72
12801.6 8839.199999992185 -3108.96
2 1302 0 16
3461
3462
3463
3464
3465
3466
3467
3468
3469
3470
3471
3472
3473
3474
3475
3476
12192 9448.799999999999 -3063.24
12192 9448.799999999999 -3078.48
12192 9448.799999999999 -3093.72
12192 9448.799999999999 -3108.96
11582.4 9448.799999999999 -3063.24
11582.4 9448.799999999999 -3078.48
11582.4 9448.799999999999 -3093.72
11582.4 9448.799999999999 -3108.96
10972.8 9448.799999999999 -3063.24
10972.8 9448.799999999999 -3078.48
10972.8 9448.799999999999 -3093.72
10972.8 9448.799999999999 -3108.96
10363.2 9448.799999999999 -3063.24
10363.2 9448.799999999999 -3078.48
10363.2 9448.799999999999 -3093.72
10363.2 9448.799999999999 -3108.96
2 1307 0 16
3477
3478
3479
3480
3481
3482
3483
3484
3485
3486
3487
3488
3489
3490
3491
3492
10363.2 7010.399999989627 -3124.2
10363.2 7619.999999988029 -3124.2
10363.2 8229.599999987209 -3124.2
10363.2 8839.199999992185 -3124.2
10972.8 7010.399999989628 -3124.2
10972.8 7619.999999988029 -3124.2
10972.8 8229.599999987211 -3124.2
10972.8 8839.199999992185 -3124.2
11582.4 7010.399999989625 -3124.2
11582.40000000001 7619.99999998803 -3124.2
11582.4 8229.599999987213 -3124.2
11582.4 8839.199999992185 -3124.2
12192 7010.399999989624 -3124.2
12192 7619.999999988029 -3124.2
12192 8229.599999987213 -3124.2
12192 8839.199999992185 -3124.2
2 1320 0 16
3493
3494
3495
3496
3497
3498
3499
3500
3501
3502
3503
3504
3505
3506
3507
3508
18897.6 7010.399999989627 -3063.24
18897.6 7010.399999989627 -3078.48
18897.6 7010.399999989627 -3093.72
18897.6 7010.399999989627 -3108.96
18897.6 7619.999999988029 -3063.24
18897.6 7619.999999988029 -3078.48
18897.6 7619.999999988029 -3093.72
18897.6 7619.999999988029 -3108.96
18897.6 8229.599999987213 -3063.24
18897.6 8229.599999987213 -3078.48
18897.6 8229.599999987213 -3093.72
18897.6 8229.599999987213 -3108.96
18897.6 8839.199999992185 -3063.24
18897.6 8839.199999992185 -3078.48
18897.6 8839.199999992185 -3093.72
18897.6 8839.199999992185 -3108.96
2 1324 0 16
3509
3510
3511
3512
3513
3514
3515
3516
3517
3518
3519
3520
3521
3522
3523
3524
17678.39999998437 9448.799999999999 -3063.24
17678.39999998437 9448.799999999999 -3078.48
17678.39999998437 9448.799999999999 -3093.72
17678.39999998437 9448.799999999999 -3108.96
16459.19999997443 9448.799999999999 -3063.24
16459.19999997443 9448.799999999999 -3078.48
16459.19999997443 9448.799999999999 -3093.72
16459.19999997443 9448.799999999999 -3108.96
15239.99999997606 9448.799999999999 -3063.24
15239.99999997606 9448.799999999999 -3078.48
15239.99999997606 9448.799999999999 -3093.72
15239.99999997606 9448.799999999999 -3108.96
14020.79999997925 9448.799999999999 -3063.24
14020.79999997925 9448.799999999999 -3078.48
14020.79999997925 9448.799999999999 -3093.72
14020.79999997925 9448.799999999999 -3108.96
2 1329 0 16
3525
3526
3527
3528
3529
3530
3531
3532
3533
3534
3535
3536
3537
3538
3539
3540
14020.79999997926 7010.399999989628 -3124.2
14020.79999997925 7619.999999988028 -3124.2
14020.79999997926 8229.599999987211 -3124.2
14020.79999997926 8839.199999992183 -3124.2
15239.99999997605 7010.399999989626 -3124.2
15239.99999997606 7619.999999988029 -3124.2
15239.99999997606 8229.599999987211 -3124.2
15239.99999997606 8839.199999992185 -3124.2
16459.19999997442 7010.399999989627 -3124.2
16459.19999997442 7619.999999988029 -3124.2
16459.19999997443 8229.599999987213 -3124.2
16459.19999997443 8839.199999992185 -3124.2
17678.39999998437 7010.399999989624 -3124.2
17678.39999998437 7619.999999988029 -3124.2
17678.39999998437 8229.599999987213 -3124.2
17678.39999998437 8839.199999992183 -3124.2
2 1338 0 4
3541
3542
3543
3544
1219.199999998611 0 -3154.68
2438.399999995659 0 -3154.68
3657.599999994075 0 -3154.68
4876.799999997037 0 -3154.68
2 1342 0 4
3545
3546
3547
3548
6096 609.5999999993057 -3154.68
6096 1219.199999997829 -3154.68
6096 1828.799999997037 -3154.68
6096 2438.399999998519 -3154.68
2 1346 0 4
3549
3550
3551
3552
4876.799999997037 3048 -3154.68
3657.599999994075 3048 -3154.68
2438.399999995659 3048 -3154.68
1219.199999998611 3048 -3154.68
2 1350 0 4
3553
3554
3555
3556
0 2438.399999998519 -3154.68
0 1828.799999997037 -3154.68
0 1219.199999997829 -3154.68
0 609.5999999993057 -3154.68
2 1351 0 16
3557
3558
3559
3560
3561
3562
3563
3564
3565
3566
3567
3568
3569
3570
3571
3572
1219.199999998611 609.5999999993057 -3185.16
1219.199999998611 1219.199999997829 -3185.16
1219.199999998611 1828.799999997037 -3185.16
1219.199999998611 2438.399999998519 -3185.16
2438.399999995659 609.5999999993057 -3185.16
2438.399999995659 1219.199999997829 -3185.16
2438.399999995659 1828.799999997038 -3185.16
2438.399999995659 2438.399999998519 -3185.16
3657.599999994074 609.5999999993057 -3185.16
3657.599999994075 1219.199999997829 -3185.16
3657.599999994074 1828.799999997037 -3185.16
3657.599999994075 2438.399999998519 -3185.16
4876.799999997037 609.5999999993057 -3185.16
4876.799999997037 1219.199999997829 -3185.16
4876.799999997037 1828.799999997037 -3185.16
4876.799999997037 2438.399999998519 -3185.16
2 1360 0 4
3573
3574
3575
3576
6705.599999990905 0 -3154.68
7315.199999981808 0 -3154.68
7924.799999981808 0 -3154.68
8534.399999990905 0 -3154.68
2 1364 0 4
3577
3578
3579
3580
9144 609.5999999993057 -3154.68
9144 1219.199999997829 -3154.68
9144 1828.799999997037 -3154.68
9144 2438.399999998519 -3154.68
2 1368 0 4
3581
3582
3583
3584
8534.399999990905 3048 -3154.68
7924.799999981808 3048 -3154.68
7315.199999981808 3048 -3154.68
6705.599999990905 3048 -3154.68
2 1373 0 16
3585
3586
3587
3588
3589
3590
3591
3592
3593
3594
3595
3596
3597
3598
3599
3600
6705.599999990905 609.5999999993057 -3185.16
6705.599999990905 1219.199999997829 -3185.16
6705.599999990905 1828.799999997038 -3185.16
6705.599999990904 2438.399999998518 -3185.16
7315.199999981807 609.5999999993057 -3185.16
7315.199999981807 1219.19999999783 -3185.16
7315.199999981809 1828.799999997037 -3185.16
7315.199999981807 2438.399999998518 -3185.16
7924.799999981808 609.5999999993057 -3185.16
7924.799999981808 1219.199999997829 -3185.16
7924.799999981808 1828.799999997037 -3185.16
7924.799999981808 2438.399999998519 -3185.16
8534.399999990905 609.5999999993057 -3185.16
8534.399999990903 1219.199999997829 -3185.16
8534.399999990907 1828.799999997037 -3185.16
8534.399999990905 2438.399999998519 -3185.16
2 1386 0 4
3601
3602
3603
3604
9753.6 609.5999999993057 -3154.68
9753.6 1219.199999997829 -3154.68
9753.6 1828.799999997037 -3154.68
9753.6 2438.399999998519 -3154.68
2 1404 0 4
3605
3606
3607
3608
10363.2 0 -3154.68
10972.8 0 -3154.68
11582.4 0 -3154.68
12192 0 -3154.68
2 1408 0 4
3609
3610
3611
3612
12801.6 609.5999999993057 -3154.68
12801.6 1219.199999997829 -3154.68
12801.6 1828.799999997037 -3154.68
12801.6 2438.399999998519 -3154.68
2 1412 0 4
3613
3614
3615
3616
12192 3048 -3154.68
11582.4 3048 -3154.68
10972.8 3048 -3154.68
10363.2 3048 -3154.68
2 1417 0 16
3617
3618
3619
3620
3621
3622
3623
3624
3625
3626
3627
3628
3629
3630
3631
3632
10363.2 609.5999999993057 -3185.16
10363.2 1219.199999997829 -3185.16
10363.2 1828.799999997037 -3185.16
10363.2 2438.399999998517 -3185.16
10972.8 609.5999999993057 -3185.16
10972.8 1219.199999997829 -3185.16
10972.8 1828.799999997037 -3185.16
10972.8 2438.399999998518 -3185.16
11582.4 609.5999999993057 -3185.16
11582.4 1219.199999997829 -3185.16
11582.4 1828.799999997038 -3185.16
11582.4 2438.399999998518 -3185.16
12192 609.5999999993057 -3185.16
12192 1219.199999997829 -3185.16
12192 1828.799999997037 -3185.16
12192 2438.399999998519 -3185.16
2 1426 0 4
3633
3634
3635
3636
14020.79999997925 0 -3154.68
15239.99999997606 0 -3154.68
16459.19999997443 0 -3154.68
17678.39999998437 0 -3154.68
2 1430 0 4
3637
3638
3639
3640
18897.6 609.5999999993057 -3154.68
18897.6 1219.199999997829 -3154.68
18897.6 1828.799999997037 -3154.68
18897.6 2438.399999998519 -3154.68
2 1434 0 4
3641
3642
3643
3644
17678.39999998437 3048 -3154.68
16459.19999997443 3048 -3154.68
15239.99999997606 3048 -3154.68
14020.79999997925 3048 -3154.68
2 1439 0 16
3645
3646
3647
3648
3649
3650
3651
3652
3653
3654
3655
3656
3657
3658
3659
3660
14020.79999997926 609.5999999993057 -3185.16
14020.79999997926 1219.199999997829 -3185.16
14020.79999997926 1828.799999997037 -3185.16
14020.79999997926 2438.399999998519 -3185.16
15239.99999997606 609.5999999993057 -3185.16
15239.99999997606 1219.199999997829 -3185.16
15239.99999997606 1828.799999997038 -3185.16
15239.99999997606 2438.399999998518 -3185.16
16459.19999997443 609.5999999993057 -3185.16
16459.19999997443 1219.199999997829 -3185.16
16459.19999997443 1828.799999997037 -3185.16
16459.19999997443 2438.399999998518 -3185.16
17678.39999998437 609.5999999993057 -3185.16
17678.39999998437 1219.19999999783 -3185.16
17678.39999998437 1828.799999997037 -3185.16
17678.39999998437 2438.399999998519 -3185.16
2 1452 0 4
3661
3662
3663
3664
6096 3352.799999995452 -3154.68
6096 3657.599999990904 -3154.68
6096 3962.399999990904 -3154.68
6096 4267.199999995452 -3154.68
2 1456 0 4
3665
3666
3667
3668
4876.799999997037 4572 -3154.68
3657.599999994075 4572 -3154.68
2438.399999995659 4572 -3154.68
1219.199999998611 4572 -3154.68
2 1460 0 4
3669
3670
3671
3672
0 4267.199999995452 -3154.68
0 3962.399999990904 -3154.68
0 3657.599999990904 -3154.68
0 3352.799999995452 -3154.68
2 1461 0 16
3673
3674
3675
3676
3677
3678
3679
3680
3681
3682
3683
3684
3685
3686
3687
3688
1219.199999998612 3352.799999995451 -3185.16
1219.199999998611 3657.599999990904 -3185.16
1219.199999998611 3962.399999990904 -3185.16
1219.199999998611 4267.199999995452 -3185.16
2438.39999999566 3352.799999995453 -3185.16
2438.399999995659 3657.599999990904 -3185.16
2438.399999995659 3962.399999990904 -3185.16
2438.399999995659 4267.199999995451 -3185.16
3657.599999994075 3352.799999995453 -3185.16
3657.599999994074 3657.599999990905 -3185.16
3657.599999994075 3962.399999990904 -3185.16
3657.599999994074 4267.199999995452 -3185.16
4876.799999997036 3352.799999995452 -3185.16
4876.799999997037 3657.599999990903 -3185.16
4876.799999997037 3962.399999990904 -3185.16
4876.799999997037 4267.199999995452 -3185.16
2 1474 0 4
3689
3690
3691
3692
9144 3352.799999995452 -3154.68
9144 3657.599999990904 -3154.68
9144 3962.399999990904 -3154.68
9144 4267.199999995452 -3154.68
2 1478 0 4
3693
3694
3695
3696
8534.399999990905 4572 -3154.68
7924.799999981808 4572 -3154.68
7315.199999981808 4572 -3154.68
6705.599999990905 4572 -3154.68
2 1483 0 16
3697
3698
3699
3700
3701
3702
3703
3704
3705
3706
3707
3708
3709
3710
3711
3712
6705.599999990904 3352.799999995453 -3185.16
6705.599999990903 3657.599999990904 -3185.16
6705.599999990904 3962.399999990904 -3185.16
6705.599999990904 4267.199999995452 -3185.16
7315.199999981807 3352.799999995451 -3185.16
7315.199999981807 3657.599999990904 -3185.16
7315.199999981807 3962.399999990904 -3185.16
7315.199999981808 4267.199999995453 -3185.16
7924.799999981808 3352.799999995453 -3185.16
7924.799999981808 3657.599999990905 -3185.16
7924.799999981808 3962.399999990904 -3185.16
7924.799999981808 4267.199999995452 -3185.16
8534.399999990905 3352.799999995453 -3185.16
8534.399999990905 3657.599999990905 -3185.16
8534.399999990905 3962.399999990904 -3185.16
8534.399999990905 4267.199999995452 -3185.16
2 1496 0 4
3713
3714
3715
3716
9753.6 3352.799999995452 -3154.68
9753.6 3657.599999990904 -3154.68
9753.6 3962.399999990904 -3154.68
9753.6 4267.199999995452 -3154.68
2 1518 0 4
3717
3718
3719
3720
12801.6 3352.799999995452 -3154.68
12801.6 3657.599999990904 -3154.68
12801.6 3962.399999990904 -3154.68
12801.6 4267.199999995452 -3154.68
2 1522 0 4
3721
3722
3723
3724
12192 4572 -3154.68
11582.4 4572 -3154.68
10972.8 4572 -3154.68
10363.2 4572 -3154.68
2 1527 0 16
3725
3726
3727
3728
3729
3730
3731
3732
3733
3734
3735
3736
3737
3738
3739
3740
10363.2 3352.799999995453 -3185.16
10363.2 3657.599999990904 -3185.16
10363.2 3962.399999990904 -3185.16
10363.2 4267.199999995452 -3185.16
10972.8 3352.799999995453 -3185.16
10972.80000000001 3657.599999990903 -3185.16
10972.8 3962.399999990904 -3185.16
10972.8 4267.199999995451 -3185.16
11582.40000000001 3352.799999995453 -3185.16
11582.4 3657.599999990904 -3185.16
11582.4 3962.399999990904 -3185.16
11582.4 4267.199999995452 -3185.16
12192 3352.799999995453 -3185.16
12192 3657.599999990904 -3185.16
12192 3962.399999990904 -3185.16
12192 4267.199999995452 -3185.16
2 1540 0 4
3741
3742
3743
3744
18897.6 3352.799999995452 -3154.68
18897.6 3657.599999990904 -3154.68
18897.6 3962.399999990904 -3154.68
18897.6 4267.199999995452 -3154.68
2 1544 0 4
3745
3746
3747
3748
17678.39999998437 4572 -3154.68
16459.19999997443 4572 -3154.68
15239.99999997606 4572 -3154.68
14020.79999997925 4572 -3154.68
2 1549 0 16
3749
3750
3751
3752
3753
3754
3755
3756
3757
3758
3759
3760
3761
3762
3763
3764
14020.79999997926 3352.799999995453 -3185.16
14020.79999997926 3657.599999990905 -3185.16
14020.79999997926 3962.399999990904 -3185.16
14020.79999997926 4267.199999995452 -3185.16
15239.99999997606 3352.799999995453 -3185.16
15239.99999997606 3657.599999990903 -3185.16
15239.99999997606 3962.399999990904 -3185.16
15239.99999997606 4267.199999995453 -3185.16
16459.19999997443 3352.799999995453 -3185.16
16459.19999997443 3657.599999990904 -3185.16
16459.19999997443 3962.399999990904 -3185.16
16459.19999997443 4267.199999995452 -3185.16
17678.39999998437 3352.799999995453 -3185.16
17678.39999998437 3657.599999990905 -3185.16
17678.39999998437 3962.399999990904 -3185.16
17678.39999998437 4267.199999995452 -3185.16
2 1566 0 4
3765
3766
3767
3768
4876.799999997037 4876.8 -3154.68
3657.599999994075 4876.8 -3154.68
2438.399999995659 4876.8 -3154.68
1219.199999998611 4876.8 -3154.68
2 1588 0 4
3769
3770
3771
3772
8534.399999990905 4876.8 -3154.68
7924.799999981808 4876.8 -3154.68
7315.199999981808 4876.8 -3154.68
6705.599999990905 4876.8 -3154.68
2 1632 0 4
3773
3774
3775
3776
12192 4876.8 -3154.68
11582.4 4876.8 -3154.68
10972.8 4876.8 -3154.68
10363.2 4876.8 -3154.68
2 1654 0 4
3777
3778
3779
3780
17678.39999998437 4876.8 -3154.68
16459.19999997443 4876.8 -3154.68
15239.99999997606 4876.8 -3154.68
14020.79999997925 4876.8 -3154.68
2 1672 0 4
3781
3782
3783
3784
6096 5181.6 -3154.68
6096 5486.400000000001 -3154.68
6096 5791.200000000001 -3154.68
6096 6096 -3154.68
2 1676 0 4
3785
3786
3787
3788
4876.799999997037 6400.8 -3154.68
3657.599999994075 6400.8 -3154.68
2438.399999995659 6400.8 -3154.68
1219.199999998611 6400.8 -3154.68
2 1680 0 4
3789
3790
3791
3792
0 6096 -3154.68
0 5791.200000000001 -3154.68
0 5486.400000000001 -3154.68
0 5181.6 -3154.68
2 1681 0 16
3793
3794
3795
3796
3797
3798
3799
3800
3801
3802
3803
3804
3805
3806
3807
3808
1219.199999998611 5181.6 -3185.16
1219.199999998611 5486.400000000001 -3185.16
1219.199999998611 5791.200000000001 -3185.16
1219.199999998611 6096 -3185.16
2438.399999995658 5181.6 -3185.16
2438.399999995659 5486.400000000001 -3185.16
2438.399999995659 5791.200000000001 -3185.16
2438.399999995659 6096 -3185.16
3657.599999994075 5181.6 -3185.16
3657.599999994075 5486.4 -3185.16
3657.599999994075 5791.200000000002 -3185.16
3657.599999994074 6096 -3185.16
4876.799999997034 5181.6 -3185.16
4876.799999997036 5486.400000000001 -3185.16
4876.799999997036 5791.200000000002 -3185.16
4876.799999997037 6096 -3185.16
2 1694 0 4
3809
3810
3811
3812
9144 5181.6 -3154.68
9144 5486.400000000001 -3154.68
9144 5791.200000000001 -3154.68
9144 6096 -3154.68
2 1698 0 4
3813
3814
3815
3816
8534.399999990905 6400.8 -3154.68
7924.799999981808 6400.8 -3154.68
7315.199999981808 6400.8 -3154.68
6705.599999990905 6400.8 -3154.68
2 1703 0 16
3817
3818
3819
3820
3821
3822
3823
3824
3825
3826
3827
3828
3829
3830
3831
3832
6705.599999990905 5181.600000000001 -3185.16
6705.599999990905 5486.400000000001 -3185.16
6705.599999990905 5791.200000000001 -3185.16
6705.599999990905 6096 -3185.16
7315.199999981807 5181.6 -3185.16
7315.199999981805 5486.400000000001 -3185.16
7315.199999981807 5791.200000000001 -3185.16
7315.199999981808 6096 -3185.16
7924.799999981808 5181.600000000001 -3185.16
7924.799999981808 5486.4 -3185.16
7924.799999981808 5791.200000000001 -3185.16
7924.799999981808 6096 -3185.16
8534.399999990905 5181.6 -3185.16
8534.399999990905 5486.400000000001 -3185.16
8534.399999990905 5791.200000000001 -3185.16
8534.399999990905 6096 -3185.16
2 1716 0 4
3833
3834
3835
3836
9753.6 5181.6 -3154.68
9753.6 5486.400000000001 -3154.68
9753.6 5791.200000000001 -3154.68
9753.6 6096 -3154.68
2 1738 0 4
3837
3838
3839
3840
12801.6 5181.6 -3154.68
12801.6 5486.400000000001 -3154.68
12801.6 5791.200000000001 -3154.68
12801.6 6096 -3154.68
2 1742 0 4
3841
3842
3843
3844
12192 6400.8 -3154.68
11582.4 6400.8 -3154.68
10972.8 6400.8 -3154.68
10363.2 6400.8 -3154.68
2 1747 0 16
3845
3846
3847
3848
3849
3850
3851
3852
3853
3854
3855
3856
3857
3858
3859
3860
10363.2 5181.6 -3185.16
10363.2 5486.400000000001 -3185.16
10363.2 5791.200000000001 -3185.16
10363.2 6096 -3185.16
10972.8 5181.6 -3185.16
10972.8 5486.400000000001 -3185.16
10972.8 5791.200000000001 -3185.16
10972.8 6096 -3185.16
11582.4 5181.6 -3185.16
11582.4 5486.400000000001 -3185.16
11582.4 5791.200000000001 -3185.16
11582.4 6096 -3185.16
12192 5181.600000000001 -3185.16
12192 5486.400000000001 -3185.16
12192 5791.200000000002 -3185.16
12192 6096 -3185.16
2 1760 0 4
3861
3862
3863
3864
18897.6 5181.6 -3154.68
18897.6 5486.400000000001 -3154.68
18897.6 5791.200000000001 -3154.68
18897.6 6096 -3154.68
2 1764 0 4
3865
3866
3867
3868
17678.39999998437 6400.8 -3154.68
16459.19999997443 6400.8 -3154.68
15239.99999997606 6400.8 -3154.68
14020.79999997925 6400.8 -3154.68
2 1769 0 16
3869
3870
3871
3872
3873
3874
3875
3876
3877
3878
3879
3880
3881
3882
3883
3884
14020.79999997925 5181.6 -3185.16
14020.79999997926 5486.4 -3185.16
14020.79999997926 5791.200000000001 -3185.16
14020.79999997926 6095.999999999999 -3185.16
15239.99999997606 5181.6 -3185.16
15239.99999997606 5486.400000000001 -3185.16
15239.99999997606 5791.200000000001 -3185.16
15239.99999997606 6096 -3185.16
16459.19999997443 5181.6 -3185.16
16459.19999997443 5486.4 -3185.16
16459.19999997443 5791.200000000001 -3185.16
16459.19999997443 6096 -3185.16
17678.39999998437 5181.6 -3185.16
17678.39999998437 5486.400000000001 -3185.16
17678.39999998437 5791.200000000002 -3185.16
17678.39999998437 6096 -3185.16
2 1782 0 4
3885
3886
3887
3888
6096 7010.399999989627 -3154.68
6096 7619.999999988029 -3154.68
6096 8229.599999987213 -3154.68
6096 8839.199999992185 -3154.68
2 1786 0 4
3889
3890
3891
3892
4876.799999997037 9448.799999999999 -3154.68
3657.599999994075 9448.799999999999 -3154.68
2438.399999995659 9448.799999999999 -3154.68
1219.199999998611 9448.799999999999 -3154.68
2 1790 0 4
3893
3894
3895
3896
0 8839.199999992185 -3154.68
0 8229.599999987213 -3154.68
0 7619.999999988029 -3154.68
0 7010.399999989627 -3154.68
2 1791 0 16
3897
3898
3899
3900
3901
3902
3903
3904
3905
3906
3907
3908
3909
3910
3911
3912
1219.199999998612 7010.399999989627 -3185.16
1219.199999998611 7619.999999988029 -3185.16
1219.199999998611 8229.599999987213 -3185.16
1219.199999998611 8839.199999992185 -3185.16
2438.39999999566 7010.399999989628 -3185.16
2438.399999995659 7619.999999988028 -3185.16
2438.399999995659 8229.599999987213 -3185.16
2438.399999995659 8839.199999992185 -3185.16
3657.599999994075 7010.39999998963 -3185.16
3657.599999994074 7619.999999988029 -3185.16
3657.599999994074 8229.599999987213 -3185.16
3657.599999994075 8839.199999992185 -3185.16
4876.799999997039 7010.399999989627 -3185.16
4876.799999997036 7619.999999988028 -3185.16
4876.799999997036 8229.599999987215 -3185.16
4876.799999997037 8839.199999992185 -3185.16
2 1804 0 4
3913
3914
3915
3916
9144 7010.399999989627 -3154.68
9144 7619.999999988029 -3154.68
9144 8229.599999987213 -3154.68
9144 8839.199999992185 -3154.68
2 1808 0 4
3917
3918
3919
3920
8534.399999990905 9448.799999999999 -3154.68
7924.799999981808 9448.799999999999 -3154.68
7315.199999981808 9448.799999999999 -3154.68
6705.599999990905 9448.799999999999 -3154.68
2 1813 0 16
3921
3922
3923
3924
3925
3926
3927
3928
3929
3930
3931
3932
3933
3934
3935
3936
6705.599999990903 7010.399999989628 -3185.16
6705.599999990904 7619.999999988027 -3185.16
6705.599999990903 8229.599999987213 -3185.16
6705.599999990904 8839.199999992183 -3185.16
7315.199999981807 7010.399999989628 -3185.16
7315.199999981807 7619.999999988029 -3185.16
7315.199999981809 8229.599999987213 -3185.16
7315.199999981807 8839.199999992185 -3185.16
7924.799999981808 7010.399999989628 -3185.16
7924.799999981808 7619.999999988028 -3185.16
7924.799999981808 8229.599999987213 -3185.16
7924.799999981808 8839.199999992185 -3185.16
8534.399999990905 7010.399999989627 -3185.16
8534.399999990903 7619.999999988028 -3185.16
8534.399999990905 8229.599999987213 -3185.16
8534.399999990905 8839.199999992185 -3185.16
2 1826 0 4
3937
3938
3939
3940
9753.6 7010.399999989627 -3154.68
9753.6 7619.999999988029 -3154.68
9753.6 8229.599999987213 -3154.68
9753.6 8839.199999992185 -3154.68
2 1848 0 4
3941
3942
3943
3944
12801.6 7010.399999989627 -3154.68
12801.6 7619.999999988029 -3154.68
12801.6 8229.599999987213 -3154.68
12801.6 8839.199999992185 -3154.68
2 1852 0 4
3945
3946
3947
3948
12192 9448.799999999999 -3154.68
11582.4 9448.799999999999 -3154.68
10972.8 9448.799999999999 -3154.68
10363.2 9448.799999999999 -3154.68
2 1857 0 16
3949
3950
3951
3952
3953
3954
3955
3956
3957
3958
3959
3960
3961
3962
3963
3964
10363.2 7010.399999989627 -3185.16
10363.2 7619.999999988029 -3185.16
10363.2 8229.599999987209 -3185.16
10363.2 8839.199999992185 -3185.16
10972.8 7010.399999989628 -3185.16
10972.8 7619.999999988029 -3185.16
10972.8 8229.599999987211 -3185.16
10972.8 8839.199999992185 -3185.16
11582.4 7010.399999989625 -3185.16
11582.40000000001 7619.99999998803 -3185.16
11582.4 8229.599999987213 -3185.16
11582.4 8839.199999992185 -3185.16
12192 7010.399999989624 -3185.16
12192 7619.999999988029 -3185.16
12192 8229.599999987213 -3185.16
12192 8839.199999992185 -3185.16
2 1870 0 4
3965
3966
3967
3968
18897.6 7010.399999989627 -3154.68
18897.6 7619.999999988029 -3154.68
18897.6 8229.599999987213 -3154.68
18897.6 8839.199999992185 -3154.68
2 1874 0 4
3969
3970
3971
3972
17678.39999998437 9448.799999999999 -3154.68
16459.19999997443 9448.799999999999 -3154.68
15239.99999997606 9448.799999999999 -3154.68
14020.79999997925 9448.799999999999 -3154.68
2 1879 0 16
3973
3974
3975
3976
3977
3978
3979
3980
3981
3982
3983
3984
3985
3986
3987
3988
14020.79999997926 7010.399999989628 -3185.16
14020.79999997925 7619.999999988028 -3185.16
14020.79999997926 8229.599999987211 -3185.16
14020.79999997926 8839.199999992183 -3185.16
15239.99999997605 7010.399999989626 -3185.16
15239.99999997606 7619.999999988029 -3185.16
15239.99999997606 8229.599999987211 -3185.16
15239.99999997606 8839.199999992185 -3185.16
16459.19999997442 7010.399999989627 -3185.16
16459.19999997442 7619.999999988029 -3185.16
16459.19999997443 8229.599999987213 -3185.16
16459.19999997443 8839.199999992185 -3185.16
17678.39999998437 7010.399999989624 -3185.16
17678.39999998437 7619.999999988029 -3185.16
17678.39999998437 8229.599999987213 -3185.16
17678.39999998437 8839.199999992183 -3185.16
3 1 0 64
3989
3990
3991
3992
3993
3994
3995
3996
3997
3998
3999
4000
4001
4002
4003
4004
4005
4006
4007
4008
4009
4010
4011
4012
4013
4014
4015
4016
4017
4018
4019
4020
4021
4022
4023
4024
4025
4026
4027
4028
4029
4030
4031
4032
4033
4034
4035
4036
4037
4038
4039
4040
4041
4042
4043
4044
4045
4046
4047
4048
4049
4050
4051
4052
1219.199999998611 609.5999999993057 -1219.2
1219.199999998611 609.5999999993057 -2133.6
1219.199999998611 609.5999999993057 -2743.2
1219.199999998611 609.5999999993057 -2987.04
1219.199999998611 1219.199999997829 -1219.2
1219.199999998611 1219.199999997829 -2133.6
1219.199999998611 1219.199999997829 -2743.2
1219.199999998611 1219.199999997829 -2987.04
1219.199999998611 1828.799999997037 -1219.2
1219.199999998611 1828.799999997037 -2133.6
1219.199999998611 1828.799999997037 -2743.2
1219.199999998611 1828.799999997037 -2987.04
1219.199999998611 2438.399999998519 -1219.2
1219.199999998611 2438.399999998519 -2133.6
1219.199999998611 2438.399999998519 -2743.2
1219.199999998611 2438.399999998519 -2987.04
2438.399999995659 609.5999999993057 -1219.2
2438.399999995659 609.5999999993057 -2133.6
2438.399999995659 609.5999999993057 -2743.2
2438.399999995659 609.5999999993057 -2987.04
2438.399999995659 1219.199999997829 -1219.2
2438.399999995659 1219.199999997829 -2133.6
2438.399999995659 1219.199999997829 -2743.2
2438.399999995659 1219.199999997829 -2987.04
2438.399999995659 1828.799999997038 -1219.2
2438.399999995659 1828.799999997038 -2133.6
2438.399999995659 1828.799999997038 -2743.2
2438.399999995659 1828.799999997038 -2987.04
2438.399999995659 2438.399999998519 -1219.2
2438.399999995659 2438.399999998519 -2133.6
2438.399999995659 2438.399999998519 -2743.2
2438.399999995659 2438.399999998519 -2987.04
3657.599999994074 609.5999999993057 -1219.2
3657.599999994074 609.5999999993057 -2133.6
3657.599999994074 609.5999999993057 -2743.2
3657.599999994074 609.5999999993057 -2987.04
3657.599999994075 1219.199999997829 -1219.2
3657.599999994075 1219.199999997829 -2133.6
3657.599999994075 1219.199999997829 -2743.2
3657.599999994075 1219.199999997829 -2987.04
3657.599999994074 1828.799999997037 -1219.2
3657.599999994074 1828.799999997037 -2133.6
3657.599999994074 1828.799999997037 -2743.2
3657.599999994074 1828.799999997037 -2987.04
3657.599999994075 2438.399999998519 -1219.2
3657.599999994075 2438.399999998519 -2133.6
3657.599999994075 2438.399999998519 -2743.2
3657.599999994075 2438.399999998519 -2987.04
4876.799999997037 609.5999999993057 -1219.2
4876.799999997037 609.5999999993057 -2133.6
4876.799999997037 609.5999999993057 -2743.2
4876.799999997037 609.5999999993057 -2987.04
4876.799999997037 1219.199999997829 -1219.2
4876.799999997037 1219.199999997829 -2133.6
4876.799999997037 1219.199999997829 -2743.2
4876.799999997037 1219.199999997829 -2987.04
4876.799999997037 1828.799999997037 -1219.2
4876.799999997037 1828.799999997037 -2133.6
4876.799999997037 1828.799999997037 -2743.2
4876.799999997037 1828.799999997037 -2987.04
4876.799999997037 2438.399999998519 -1219.2
4876.799999997037 2438.399999998519 -2133.6
4876.799999997037 2438.399999998519 -2743.2
4876.799999997037 2438.399999998519 -2987.04
3 2 0 64
4053
4054
4055
4056
4057
4058
4059
4060
4061
4062
4063
4064
4065
4066
4067
4068
4069
4070
4071
4072
4073
4074
4075
4076
4077
4078
4079
4080
4081
4082
4083
4084
4085
4086
4087
4088
4089
4090
4091
4092
4093
4094
4095
4096
4097
4098
4099
4100
4101
4102
4103
4104
4105
4106
4107
4108
4109
4110
4111
4112
4113
4114
4115
4116
6705.599999990905 609.5999999993057 -1219.2
6705.599999990905 609.5999999993057 -2133.6
6705.599999990905 609.5999999993057 -2743.2
6705.599999990905 609.5999999993057 -2987.04
6705.599999990905 1219.199999997829 -1219.2
6705.599999990905 1219.199999997829 -2133.6
6705.599999990905 1219.199999997829 -2743.2
6705.599999990905 1219.199999997829 -2987.04
6705.599999990905 1828.799999997038 -1219.2
6705.599999990905 1828.799999997038 -2133.6
6705.599999990905 1828.799999997038 -2743.2
6705.599999990905 1828.799999997038 -2987.04
6705.599999990904 2438.399999998518 -1219.2
6705.599999990904 2438.399999998518 -2133.6
6705.599999990904 2438.399999998518 -2743.2
6705.599999990904 2438.399999998518 -2987.04
7315.199999981807 609.5999999993057 -1219.2
7315.199999981807 609.5999999993057 -2133.6
7315.199999981807 609.5999999993057 -2743.2
7315.199999981807 609.5999999993057 -2987.04
7315.199999981807 1219.19999999783 -1219.2
7315.199999981807 1219.19999999783 -2133.6
7315.199999981807 1219.19999999783 -2743.2
7315.199999981807 1219.19999999783 -2987.04
7315.199999981809 1828.799999997037 -1219.2
7315.199999981809 1828.799999997037 -2133.6
7315.199999981809 1828.799999997037 -2743.2
7315.199999981809 1828.799999997037 -2987.04
7315.199999981807 2438.399999998518 -1219.2
7315.199999981807 2438.399999998518 -2133.6
7315.199999981807 2438.399999998518 -2743.2
7315.199999981807 2438.399999998518 -2987.04
7924.799999981808 609.5999999993057 -1219.2
7924.799999981808 609.5999999993057 -2133.6
7924.799999981808 609.5999999993057 -2743.2
7924.799999981808 609.5999999993057 -2987.04
7924.799999981808 1219.199999997829 -1219.2
7924.799999981808 1219.199999997829 -2133.6
7924.799999981808 1219.199999997829 -2743.2
7924.799999981808 1219.199999997829 -2987.04
7924.799999981808 1828.799999997037 -1219.2
7924.799999981808 1828.799999997037 -2133.6
7924.799999981808 1828.799999997037 -2743.2
7924.799999981808 1828.799999997037 -2987.04
7924.799999981808 2438.399999998519 -1219.2
7924.799999981808 2438.399999998519 -2133.6
7924.799999981808 2438.399999998519 -2743.2
7924.799999981808 2438.399999998519 -2987.04
8534.399999990905 609.5999999993057 -1219.2
8534.399999990905 609.5999999993057 -2133.6
8534.399999990905 609.5999999993057 -2743.2
8534.399999990905 609.5999999993057 -2987.04
8534.399999990903 1219.199999997829 -1219.2
8534.399999990903 1219.199999997829 -2133.6
8534.399999990903 1219.199999997829 -2743.2
8534.399999990903 1219.199999997829 -2987.04
8534.399999990907 1828.799999997037 -1219.2
8534.399999990907 1828.799999997037 -2133.6
8534.399999990907 1828.799999997037 -2743.2
8534.399999990907 1828.799999997037 -2987.04
8534.399999990905 2438.399999998519 -1219.2
8534.399999990905 2438.399999998519 -2133.6
8534.399999990905 2438.399999998519 -2743.2
8534.399999990905 2438.399999998519 -2987.04
3 3 0 0
3 4 0 64
4117
4118
4119
4120
4121
4122
4123
4124
4125
4126
4127
4128
4129
4130
4131
4132
4133
4134
4135
4136
4137
4138
4139
4140
4141
4142
4143
4144
4145
4146
4147
4148
4149
4150
4151
4152
4153
4154
4155
4156
4157
4158
4159
4160
4161
4162
4163
4164
4165
4166
4167
4168
4169
4170
4171
4172
4173
4174
4175
4176
4177
4178
4179
4180
10363.2 609.5999999993057 -1219.2
10363.2 609.5999999993057 -2133.6
10363.2 609.5999999993057 -2743.2
10363.2 609.5999999993057 -2987.04
10363.2 1219.199999997829 -1219.2
10363.2 1219.199999997829 -2133.6
10363.2 1219.199999997829 -2743.2
10363.2 1219.199999997829 -2987.04
10363.2 1828.799999997037 -1219.2
10363.2 1828.799999997037 -2133.6
10363.2 1828.799999997037 -2743.2
10363.2 1828.799999997037 -2987.04
10363.2 2438.399999998517 -1219.2
10363.2 2438.399999998517 -2133.6
10363.2 2438.399999998517 -2743.2
10363.2 2438.399999998517 -2987.04
10972.8 609.5999999993057 -1219.2
10972.8 609.5999999993057 -2133.6
10972.8 609.5999999993057 -2743.2
10972.8 609.5999999993057 -2987.04
10972.8 1219.199999997829 -1219.2
10972.8 1219.199999997829 -2133.6
10972.8 1219.199999997829 -2743.2
10972.8 1219.199999997829 -2987.04
10972.8 1828.799999997037 -1219.2
10972.8 1828.799999997037 -2133.6
10972.8 1828.799999997037 -2743.2
10972.8 1828.799999997037 -2987.04
10972.8 2438.399999998518 -1219.2
10972.8 2438.399999998518 -2133.6
10972.8 2438.399999998518 -2743.2
10972.8 2438.399999998518 -2987.04
11582.4 609.5999999993057 -1219.2
11582.4 609.5999999993057 -2133.6
11582.4 609.5999999993057 -2743.2
11582.4 609.5999999993057 -2987.04
11582.4 1219.199999997829 -1219.2
11582.4 1219.199999997829 -2133.6
11582.4 1219.199999997829 -2743.2
11582.4 1219.199999997829 -2987.04
11582.4 1828.799999997038 -1219.2
11582.4 1828.799999997038 -2133.6
11582.4 1828.799999997038 -2743.2
11582.4 1828.799999997038 -2987.04
11582.4 2438.399999998518 -1219.2
11582.4 2438.399999998518 -2133.6
11582.4 2438.399999998518 -2743.2
11582.4 2438.399999998518 -2987.04
12192 609.5999999993057 -1219.2
12192 609.5999999993057 -2133.6
12192 609.5999999993057 -2743.2
12192 609.5999999993057 -2987.04
12192 1219.199999997829 -1219.2
12192 1219.199999997829 -2133.6
12192 1219.199999997829 -2743.2
12192 1219.199999997829 -2987.04
12192 1828.799999997037 -1219.2
12192 1828.799999997037 -2133.6
12192 1828.799999997037 -2743.2
12192 1828.799999997037 -2987.04
12192 2438.399999998519 -1219.2
12192 2438.399999998519 -2133.6
12192 2438.399999998519 -2743.2
12192 2438.399999998519 -2987.04
3 5 0 64
4181
4182
4183
4184
4185
4186
4187
4188
4189
4190
4191
4192
4193
4194
4195
4196
4197
4198
4199
4200
4201
4202
4203
4204
4205
4206
4207
4208
4209
4210
4211
4212
4213
4214
4215
4216
4217
4218
4219
4220
4221
4222
4223
4224
4225
4226
4227
4228
4229
4230
4231
4232
4233
4234
4235
4236
4237
4238
4239
4240
4241
4242
4243
4244
14020.79999997926 609.5999999993057 -1219.2
14020.79999997926 609.5999999993057 -2133.6
14020.79999997926 609.5999999993057 -2743.2
14020.79999997926 609.5999999993057 -2987.04
14020.79999997926 1219.199999997829 -1219.2
14020.79999997926 1219.199999997829 -2133.6
14020.79999997926 1219.199999997829 -2743.2
14020.79999997926 1219.199999997829 -2987.04
14020.79999997926 1828.799999997037 -1219.2
14020.79999997926 1828.799999997037 -2133.6
14020.79999997926 1828.799999997037 -2743.2
14020.79999997926 1828.799999997037 -2987.04
14020.79999997926 2438.399999998519 -1219.2
14020.79999997926 2438.399999998519 -2133.6
14020.79999997926 2438.399999998519 -2743.2
14020.79999997926 2438.399999998519 -2987.04
15239.99999997606 609.5999999993057 -1219.2
15239.99999997606 609.5999999993057 -2133.6
15239.99999997606 609.5999999993057 -2743.2
15239.99999997606 609.5999999993057 -2987.04
15239.99999997606 1219.199999997829 -1219.2
15239.99999997606 1219.199999997829 -2133.6
15239.99999997606 1219.199999997829 -2743.2
15239.99999997606 1219.199999997829 -2987.04
15239.99999997606 1828.799999997038 -1219.2
15239.99999997606 1828.799999997038 -2133.6
15239.99999997606 1828.799999997038 -2743.2
15239.99999997606 1828.799999997038 -2987.04
15239.99999997606 2438.399999998518 -1219.2
15239.99999997606 2438.399999998518 -2133.6
15239.99999997606 2438.399999998518 -2743.2
15239.99999997606 2438.399999998518 -2987.04
16459.19999997443 609.5999999993057 -1219.2
16459.19999997443 609.5999999993057 -2133.6
16459.19999997443 609.5999999993057 -2743.2
16459.19999997443 609.5999999993057 -2987.04
16459.19999997443 1219.199999997829 -1219.2
16459.19999997443 1219.199999997829 -2133.6
16459.19999997443 1219.199999997829 -2743.2
16459.19999997443 1219.199999997829 -2987.04
16459.19999997443 1828.799999997037 -1219.2
16459.19999997443 1828.799999997037 -2133.6
16459.19999997443 1828.799999997037 -2743.2
16459.19999997443 1828.799999997037 -2987.04
16459.19999997443 2438.399999998518 -1219.2
16459.19999997443 2438.399999998518 -2133.6
16459.19999997443 2438.399999998518 -2743.2
16459.19999997443 2438.399999998518 -2987.04
17678.39999998437 609.5999999993057 -1219.2
17678.39999998437 609.5999999993057 -2133.6
17678.39999998437 609.5999999993057 -2743.2
17678.39999998437 609.5999999993057 -2987.04
17678.39999998437 1219.19999999783 -1219.2
17678.39999998437 1219.19999999783 -2133.6
17678.39999998437 1219.19999999783 -2743.2
17678.39999998437 1219.19999999783 -2987.04
17678.39999998437 1828.799999997037 -1219.2
17678.39999998437 1828.799999997037 -2133.6
17678.39999998437 1828.799999997037 -2743.2
17678.39999998437 1828.799999997037 -2987.04
17678.39999998437 2438.399999998519 -1219.2
17678.39999998437 2438.399999998519 -2133.6
17678.39999998437 2438.399999998519 -2743.2
17678.39999998437 2438.399999998519 -2987.04
3 6 0 64
4245
4246
4247
4248
4249
4250
4251
4252
4253
4254
4255
4256
4257
4258
4259
4260
4261
4262
4263
4264
4265
4266
4267
4268
4269
4270
4271
4272
4273
4274
4275
4276
4277
4278
4279
4280
4281
4282
4283
4284
4285
4286
4287
4288
4289
4290
4291
4292
4293
4294
4295
4296
4297
4298
4299
4300
4301
4302
4303
4304
4305
4306
4307
4308
1219.199999998612 3352.799999995451 -1219.2
1219.199999998612 3352.799999995451 -2133.6
1219.199999998612 3352.799999995451 -2743.2
1219.199999998612 3352.799999995451 -2987.04
1219.199999998611 3657.599999990904 -1219.2
1219.199999998611 3657.599999990904 -2133.6
1219.199999998611 3657.599999990904 -2743.2
1219.199999998611 3657.599999990904 -2987.04
1219.199999998611 3962.399999990904 -1219.2
1219.199999998611 3962.399999990904 -2133.6
1219.199999998611 3962.399999990904 -2743.2
1219.199999998611 3962.399999990904 -2987.04
1219.199999998611 4267.199999995452 -1219.2
1219.199999998611 4267.199999995452 -2133.6
1219.199999998611 4267.199999995452 -2743.2
1219.199999998611 4267.199999995452 -2987.04
2438.39999999566 3352.799999995453 -1219.2
2438.39999999566 3352.799999995453 -2133.6
2438.39999999566 3352.799999995453 -2743.2
2438.39999999566 3352.799999995453 -2987.04
2438.399999995659 3657.599999990904 -1219.2
2438.399999995659 3657.599999990904 -2133.6
2438.399999995659 3657.599999990904 -2743.2
2438.399999995659 3657.599999990904 -2987.04
2438.399999995659 3962.399999990904 -1219.2
2438.399999995659 3962.399999990904 -2133.6
2438.399999995659 3962.399999990904 -2743.2
2438.399999995659 3962.399999990904 -2987.04
2438.399999995659 4267.199999995451 -1219.2
2438.399999995659 4267.199999995451 -2133.6
2438.399999995659 4267.199999995451 -2743.2
2438.399999995659 4267.199999995451 -2987.04
3657.599999994075 3352.799999995453 -1219.2
3657.599999994075 3352.799999995453 -2133.6
3657.599999994075 3352.799999995453 -2743.2
3657.599999994075 3352.799999995453 -2987.04
3657.599999994074 3657.599999990905 -1219.2
3657.599999994074 3657.599999990905 -2133.6
3657.599999994074 3657.599999990905 -2743.2
3657.599999994074 3657.599999990905 -2987.04
3657.599999994075 3962.399999990904 -1219.2
3657.599999994075 3962.399999990904 -2133.6
3657.599999994075 3962.399999990904 -2743.2
3657.599999994075 3962.399999990904 -2987.04
3657.599999994074 4267.199999995452 -1219.2
3657.599999994074 4267.199999995452 -2133.6
3657.599999994074 4267.199999995452 -2743.2
3657.599999994074 4267.199999995452 -2987.04
4876.799999997036 3352.799999995452 -1219.2
4876.799999997036 3352.799999995452 -2133.6
4876.799999997036 3352.799999995452 -2743.2
4876.799999997036 3352.799999995452 -2987.04
4876.799999997037 3657.599999990903 -1219.2
4876.799999997037 3657.599999990903 -2133.6
4876.799999997037 3657.599999990903 -2743.2
4876.799999997037 3657.599999990903 -2987.04
4876.799999997037 3962.399999990904 -1219.2
4876.799999997037 3962.399999990904 -2133.6
4876.799999997037 3962.399999990904 -2743.2
4876.799999997037 3962.399999990904 -2987.04
4876.799999997037 4267.199999995452 -1219.2
4876.799999997037 4267.199999995452 -2133.6
4876.799999997037 4267.199999995452 -2743.2
4876.799999997037 4267.199999995452 -2987.04
3 7 0 64
4309
4310
4311
4312
4313
4314
4315
4316
4317
4318
4319
4320
4321
4322
4323
4324
4325
4326
4327
4328
4329
4330
4331
4332
4333
4334
4335
4336
4337
4338
4339
4340
4341
4342
4343
4344
4345
4346
4347
4348
4349
4350
4351
4352
4353
4354
4355
4356
4357
4358
4359
4360
4361
4362
4363
4364
4365
4366
4367
4368
4369
4370
4371
4372
6705.599999990904 3352.799999995453 -1219.2
6705.599999990904 3352.799999995453 -2133.6
6705.599999990904 3352.799999995453 -2743.2
6705.599999990904 3352.799999995453 -2987.04
6705.599999990903 3657.599999990904 -1219.2
6705.599999990903 3657.599999990904 -2133.6
6705.599999990903 3657.599999990904 -2743.2
6705.599999990903 3657.599999990904 -2987.04
6705.599999990904 3962.399999990904 -1219.2
6705.599999990904 3962.399999990904 -2133.6
6705.599999990904 3962.399999990904 -2743.2
6705.599999990904 3962.399999990904 -2987.04
6705.599999990904 4267.199999995452 -1219.2
6705.599999990904 4267.199999995452 -2133.6
6705.599999990904 4267.199999995452 -2743.2
6705.599999990904 4267.199999995452 -2987.04
7315.199999981807 3352.799999995451 -1219.2
7315.199999981807 3352.799999995451 -2133.6
7315.199999981807 3352.799999995451 -2743.2
7315.199999981807 3352.799999995451 -2987.04
7315.199999981807 3657.599999990904 -1219.2
7315.199999981807 3657.599999990904 -2133.6
7315.199999981807 3657.599999990904 -2743.2
7315.199999981807 3657.599999990904 -2987.04
7315.199999981807 3962.399999990904 -1219.2
7315.199999981807 3962.399999990904 -2133.6
7315.199999981807 3962.399999990904 -2743.2
7315.199999981807 3962.399999990904 -2987.04
7315.199999981808 4267.199999995453 -1219.2
7315.199999981808 4267.199999995453 -2133.6
7315.199999981808 4267.199999995453 -2743.2
7315.199999981808 4267.199999995453 -2987.04
7924.799999981808 3352.799999995453 -1219.2
7924.799999981808 3352.799999995453 -2133.6
7924.799999981808 3352.799999995453 -2743.2
7924.799999981808 3352.799999995453 -2987.04
7924.799999981808 3657.599999990905 -1219.2
7924.799999981808 3657.599999990905 -2133.6
7924.799999981808 3657.599999990905 -2743.2
7924.799999981808 3657.599999990905 -2987.04
7924.799999981808 3962.399999990904 -1219.2
7924.799999981808 3962.399999990904 -2133.6
7924.799999981808 3962.399999990904 -2743.2
7924.799999981808 3962.399999990904 -2987.04
7924.799999981808 4267.199999995452 -1219.2
7924.799999981808 4267.199999995452 -2133.6
7924.799999981808 4267.199999995452 -2743.2
7924.799999981808 4267.199999995452 -2987.04
8534.399999990905 3352.799999995453 -1219.2
8534.399999990905 3352.799999995453 -2133.6
8534.399999990905 3352.799999995453 -2743.2
8534.399999990905 3352.799999995453 -2987.04
8534.399999990905 3657.599999990905 -1219.2
8534.399999990905 3657.599999990905 -2133.6
8534.399999990905 3657.599999990905 -2743.2
8534.399999990905 3657.599999990905 -2987.04
8534.399999990905 3962.399999990904 -1219.2
8534.399999990905 3962.399999990904 -2133.6
8534.399999990905 3962.399999990904 -2743.2
8534.399999990905 3962.399999990904 -2987.04
8534.399999990905 4267.199999995452 -1219.2
8534.399999990905 4267.199999995452 -2133.6
8534.399999990905 4267.199999995452 -2743.2
8534.399999990905 4267.199999995452 -2987.04
3 8 0 0
3 9 0 64
4373
4374
4375
4376
4377
4378
4379
4380
4381
4382
4383
4384
4385
4386
4387
4388
4389
4390
4391
4392
4393
4394
4395
4396
4397
4398
4399
4400
4401
4402
4403
4404
4405
4406
4407
4408
4409
4410
4411
4412
4413
4414
4415
4416
4417
4418
4419
4420
4421
4422
4423
4424
4425
4426
4427
4428
4429
4430
4431
4432
4433
4434
4435
4436
10363.2 3352.799999995453 -1219.2
10363.2 3352.799999995453 -2133.6
10363.2 3352.799999995453 -2743.2
10363.2 3352.799999995453 -2987.04
10363.2 3657.599999990904 -1219.2
10363.2 3657.599999990904 -2133.6
10363.2 3657.599999990904 -2743.2
10363.2 3657.599999990904 -2987.04
10363.2 3962.399999990904 -1219.2
10363.2 3962.399999990904 -2133.6
10363.2 3962.399999990904 -2743.2
10363.2 3962.399999990904 -2987.04
10363.2 4267.199999995452 -1219.2
10363.2 4267.199999995452 -2133.6
10363.2 4267.199999995452 -2743.2
10363.2 4267.199999995452 -2987.04
10972.8 3352.799999995453 -1219.2
10972.8 3352.799999995453 -2133.6
10972.8 3352.799999995453 -2743.2
10972.8 3352.799999995453 -2987.04
10972.80000000001 3657.599999990903 -1219.2
10972.80000000001 3657.599999990903 -2133.6
10972.80000000001 3657.599999990903 -2743.2
10972.80000000001 3657.599999990903 -2987.04
10972.8 3962.399999990904 -1219.2
10972.8 3962.399999990904 -2133.6
10972.8 3962.399999990904 -2743.2
10972.8 3962.399999990904 -2987.04
10972.8 4267.199999995451 -1219.2
10972.8 4267.199999995451 -2133.6
10972.8 4267.199999995451 -2743.2
10972.8 4267.199999995451 -2987.04
11582.40000000001 3352.799999995453 -1219.2
11582.40000000001 3352.799999995453 -2133.6
11582.40000000001 3352.799999995453 -2743.2
11582.40000000001 3352.799999995453 -2987.04
11582.4 3657.599999990904 -1219.2
11582.4 3657.599999990904 -2133.6
11582.4 3657.599999990904 -2743.2
11582.4 3657.599999990904 -2987.04
11582.4 3962.399999990904 -1219.2
11582.4 3962.399999990904 -2133.6
11582.4 3962.399999990904 -2743.2
11582.4 3962.399999990904 -2987.04
11582.4 4267.199999995452 -1219.2
11582.4 4267.199999995452 -2133.6
11582.4 4267.199999995452 -2743.2
11582.4 4267.199999995452 -2987.04
12192 3352.799999995453 -1219.2
12192 3352.799999995453 -2133.6
12192 3352.799999995453 -2743.2
12192 3352.799999995453 -2987.04
12192 3657.599999990904 -1219.2
12192 3657.599999990904 -2133.6
12192 3657.599999990904 -2743.2
12192 3657.599999990904 -2987.04
12192 3962.399999990904 -1219.2
12192 3962.399999990904 -2133.6
12192 3962.399999990904 -2743.2
12192 3962.399999990904 -2987.04
12192 4267.199999995452 -1219.2
12192 4267.199999995452 -2133.6
12192 4267.199999995452 -2743.2
12192 4267.199999995452 -2987.04
3 10 0 64
4437
4438
4439
4440
4441
4442
4443
4444
4445
4446
4447
4448
4449
4450
4451
4452
4453
4454
4455
4456
4457
4458
4459
4460
4461
4462
4463
4464
4465
4466
4467
4468
4469
4470
4471
4472
4473
4474
4475
4476
4477
4478
4479
4480
4481
4482
4483
4484
4485
4486
4487
4488
4489
4490
4491
4492
4493
4494
4495
4496
4497
4498
4499
4500
14020.79999997926 3352.799999995453 -1219.2
14020.79999997926 3352.799999995453 -2133.6
14020.79999997926 3352.799999995453 -2743.2
14020.79999997926 3352.799999995453 -2987.04
14020.79999997926 3657.599999990905 -1219.2
14020.79999997926 3657.599999990905 -2133.6
14020.79999997926 3657.599999990905 -2743.2
14020.79999997926 3657.599999990905 -2987.04
14020.79999997926 3962.399999990904 -1219.2
14020.79999997926 3962.399999990904 -2133.6
14020.79999997926 3962.399999990904 -2743.2
14020.79999997926 3962.399999990904 -2987.04
14020.79999997926 4267.199999995452 -1219.2
14020.79999997926 4267.199999995452 -2133.6
14020.79999997926 4267.199999995452 -2743.2
14020.79999997926 4267.199999995452 -2987.04
15239.99999997606 3352.799999995453 -1219.2
15239.99999997606 3352.799999995453 -2133.6
15239.99999997606 3352.799999995453 -2743.2
15239.99999997606 3352.799999995453 -2987.04
15239.99999997606 3657.599999990903 -1219.2
15239.99999997606 3657.599999990903 -2133.6
15239.99999997606 3657.599999990903 -2743.2
15239.99999997606 3657.599999990903 -2987.04
15239.99999997606 3962.399999990904 -1219.2
15239.99999997606 3962.399999990904 -2133.6
15239.99999997606 3962.399999990904 -2743.2
15239.99999997606 3962.399999990904 -2987.04
15239.99999997606 4267.199999995453 -1219.2
15239.99999997606 4267.199999995453 -2133.6
15239.99999997606 4267.199999995453 -2743.2
15239.99999997606 4267.199999995453 -2987.04
16459.19999997443 3352.799999995453 -1219.2
16459.19999997443 3352.799999995453 -2133.6
16459.19999997443 3352.799999995453 -2743.2
16459.19999997443 3352.799999995453 -2987.04
16459.19999997443 3657.599999990904 -1219.2
16459.19999997443 3657.599999990904 -2133.6
16459.19999997443 3657.599999990904 -2743.2
16459.19999997443 3657.599999990904 -2987.04
16459.19999997443 3962.399999990904 -1219.2
16459.19999997443 3962.399999990904 -2133.6
16459.19999997443 3962.399999990904 -2743.2
16459.19999997443 3962.399999990904 -2987.04
16459.19999997443 4267.199999995452 -1219.2
16459.19999997443 4267.199999995452 -2133.6
16459.19999997443 4267.199999995452 -2743.2
16459.19999997443 4267.199999995452 -2987.04
17678.39999998437 3352.799999995453 -1219.2
17678.39999998437 3352.799999995453 -2133.6
17678.39999998437 3352.799999995453 -2743.2
17678.39999998437 3352.799999995453 -2987.04
17678.39999998437 3657.599999990905 -1219.2
17678.39999998437 3657.599999990905 -2133.6
17678.39999998437 3657.599999990905 -2743.2
17678.39999998437 3657.599999990905 -2987.04
17678.39999998437 3962.399999990904 -1219.2
17678.39999998437 3962.399999990904 -2133.6
17678.39999998437 3962.399999990904 -2743.2
17678.39999998437 3962.399999990904 -2987.04
17678.39999998437 4267.199999995452 -1219.2
17678.39999998437 4267.199999995452 -2133.6
17678.39999998437 4267.199999995452 -2743.2
17678.39999998437 4267.199999995452 -2987.04
3 11 0 0
3 12 0 0
3 13 0 0
3 14 0 0
3 15 0 0
3 16 0 64
4501
4502
4503
4504
4505
4506
4507
4508
4509
4510
4511
4512
4513
4514
4515
4516
4517
4518
4519
4520
4521
4522
4523
4524
4525
4526
4527
4528
4529
4530
4531
4532
4533
4534
4535
4536
4537
4538
4539
4540
4541
4542
4543
4544
4545
4546
4547
4548
4549
4550
4551
4552
4553
4554
4555
4556
4557
4558
4559
4560
4561
4562
4563
4564
1219.199999998611 5181.6 -1219.2
1219.199999998611 5181.6 -2133.6
1219.199999998611 5181.6 -2743.2
1219.199999998611 5181.6 -2987.04
1219.199999998611 5486.400000000001 -1219.2
1219.199999998611 5486.400000000001 -2133.6
1219.199999998611 5486.400000000001 -2743.2
1219.199999998611 5486.400000000001 -2987.04
1219.199999998611 5791.200000000001 -1219.2
1219.199999998611 5791.200000000001 -2133.6
1219.199999998611 5791.200000000001 -2743.2
1219.199999998611 5791.200000000001 -2987.04
1219.199999998611 6096 -1219.2
1219.199999998611 6096 -2133.6
1219.199999998611 6096 -2743.2
1219.199999998611 6096 -2987.04
2438.399999995658 5181.6 -1219.2
2438.399999995658 5181.6 -2133.6
2438.399999995658 5181.6 -2743.2
2438.399999995658 5181.6 -2987.04
2438.399999995659 5486.400000000001 -1219.2
2438.399999995659 5486.400000000001 -2133.6
2438.399999995659 5486.400000000001 -2743.2
2438.399999995659 5486.400000000001 -2987.04
2438.399999995659 5791.200000000001 -1219.2
2438.399999995659 5791.200000000001 -2133.6
2438.399999995659 5791.200000000001 -2743.2
2438.399999995659 5791.200000000001 -2987.04
2438.399999995659 6096 -1219.2
2438.399999995659 6096 -2133.6
2438.399999995659 6096 -2743.2
2438.399999995659 6096 -2987.04
3657.599999994075 5181.6 -1219.2
3657.599999994075 5181.6 -2133.6
3657.599999994075 5181.6 -2743.2
3657.599999994075 5181.6 -2987.04
3657.599999994075 5486.4 -1219.2
3657.599999994075 5486.4 -2133.6
3657.599999994075 5486.4 -2743.2
3657.599999994075 5486.4 -2987.04
3657.599999994075 5791.200000000002 -1219.2
3657.599999994075 5791.200000000002 -2133.6
3657.599999994075 5791.200000000002 -2743.2
3657.599999994075 5791.200000000002 -2987.04
3657.599999994074 6096 -1219.2
3657.599999994074 6096 -2133.6
3657.599999994074 6096 -2743.2
3657.599999994074 6096 -2987.04
4876.799999997034 5181.6 -1219.2
4876.799999997034 5181.6 -2133.6
4876.799999997034 5181.6 -2743.2
4876.799999997034 5181.6 -2987.04
4876.799999997036 5486.400000000001 -1219.2
4876.799999997036 5486.400000000001 -2133.6
4876.799999997036 5486.400000000001 -2743.2
4876.799999997036 5486.400000000001 -2987.04
4876.799999997036 5791.200000000002 -1219.2
4876.799999997036 5791.200000000002 -2133.6
4876.799999997036 5791.200000000002 -2743.2
4876.799999997036 5791.200000000002 -2987.04
4876.799999997037 6096 -1219.2
4876.799999997037 6096 -2133.6
4876.799999997037 6096 -2743.2
4876.799999997037 6096 -2987.04
3 17 0 64
4565
4566
4567
4568
4569
4570
4571
4572
4573
4574
4575
4576
4577
4578
4579
4580
4581
4582
4583
4584
4585
4586
4587
4588
4589
4590
4591
4592
4593
4594
4595
4596
4597
4598
4599
4600
4601
4602
4603
4604
4605
4606
4607
4608
4609
4610
4611
4612
4613
4614
4615
4616
4617
4618
4619
4620
4621
4622
4623
4624
4625
4626
4627
4628
6705.599999990905 5181.600000000001 -1219.2
6705.599999990905 5181.600000000001 -2133.6
6705.599999990905 5181.600000000001 -2743.2
6705.599999990905 5181.600000000001 -2987.04
6705.599999990905 5486.400000000001 -1219.2
6705.599999990905 5486.400000000001 -2133.6
6705.599999990905 5486.400000000001 -2743.2
6705.599999990905 5486.400000000001 -2987.04
6705.599999990905 5791.200000000001 -1219.2
6705.599999990905 5791.200000000001 -2133.6
6705.599999990905 5791.200000000001 -2743.2
6705.599999990905 5791.200000000001 -2987.04
6705.599999990905 6096 -1219.2
6705.599999990905 6096 -2133.6
6705.599999990905 6096 -2743.2
6705.599999990905 6096 -2987.04
7315.199999981807 5181.6 -1219.2
7315.199999981807 5181.6 -2133.6
7315.199999981807 5181.6 -2743.2
7315.199999981807 5181.6 -2987.04
7315.199999981805 5486.400000000001 -1219.2
7315.199999981805 5486.400000000001 -2133.6
7315.199999981805 5486.400000000001 -2743.2
7315.199999981805 5486.400000000001 -2987.04
7315.199999981807 5791.200000000001 -1219.2
7315.199999981807 5791.200000000001 -2133.6
7315.199999981807 5791.200000000001 -2743.2
7315.199999981807 5791.200000000001 -2987.04
7315.199999981808 6096 -1219.2
7315.199999981808 6096 -2133.6
7315.199999981808 6096 -2743.2
7315.199999981808 6096 -2987.04
7924.799999981808 5181.600000000001 -1219.2
7924.799999981808 5181.600000000001 -2133.6
7924.799999981808 5181.600000000001 -2743.2
7924.799999981808 5181.600000000001 -2987.04
7924.799999981808 5486.4 -1219.2
7924.799999981808 5486.4 -2133.6
7924.799999981808 5486.4 -2743.2
7924.799999981808 5486.4 -2987.04
7924.799999981808 5791.200000000001 -1219.2
7924.799999981808 5791.200000000001 -2133.6
7924.799999981808 5791.200000000001 -2743.2
7924.799999981808 5791.200000000001 -2987.04
7924.799999981808 6096 -1219.2
7924.799999981808 6096 -2133.6
7924.799999981808 6096 -2743.2
7924.799999981808 6096 -2987.04
8534.399999990905 5181.6 -1219.2
8534.399999990905 5181.6 -2133.6
8534.399999990905 5181.6 -2743.2
8534.399999990905 5181.6 -2987.04
8534.399999990905 5486.400000000001 -1219.2
8534.399999990905 5486.400000000001 -2133.6
8534.399999990905 5486.400000000001 -2743.2
8534.399999990905 5486.400000000001 -2987.04
8534.399999990905 5791.200000000001 -1219.2
8534.399999990905 5791.200000000001 -2133.6
8534.399999990905 5791.200000000001 -2743.2
8534.399999990905 5791.200000000001 -2987.04
8534.399999990905 6096 -1219.2
8534.399999990905 6096 -2133.6
8534.399999990905 6096 -2743.2
8534.399999990905 6096 -2987.04
3 18 0 0
3 19 0 64
4629
4630
4631
4632
4633
4634
4635
4636
4637
4638
4639
4640
4641
4642
4643
4644
4645
4646
4647
4648
4649
4650
4651
4652
4653
4654
4655
4656
4657
4658
4659
4660
4661
4662
4663
4664
4665
4666
4667
4668
4669
4670
4671
4672
4673
4674
4675
4676
4677
4678
4679
4680
4681
4682
4683
4684
4685
4686
4687
4688
4689
4690
4691
4692
10363.2 5181.6 -1219.2
10363.2 5181.6 -2133.6
10363.2 5181.6 -2743.2
10363.2 5181.6 -2987.04
10363.2 5486.400000000001 -1219.2
10363.2 5486.400000000001 -2133.6
10363.2 5486.400000000001 -2743.2
10363.2 5486.400000000001 -2987.04
10363.2 5791.200000000001 -1219.2
10363.2 5791.200000000001 -2133.6
10363.2 5791.200000000001 -2743.2
10363.2 5791.200000000001 -2987.04
10363.2 6096 -1219.2
10363.2 6096 -2133.6
10363.2 6096 -2743.2
10363.2 6096 -2987.04
10972.8 5181.6 -1219.2
10972.8 5181.6 -2133.6
10972.8 5181.6 -2743.2
10972.8 5181.6 -2987.04
10972.8 5486.400000000001 -1219.2
10972.8 5486.400000000001 -2133.6
10972.8 5486.400000000001 -2743.2
10972.8 5486.400000000001 -2987.04
10972.8 5791.200000000001 -1219.2
10972.8 5791.200000000001 -2133.6
10972.8 5791.200000000001 -2743.2
10972.8 5791.200000000001 -2987.04
10972.8 6096 -1219.2
10972.8 6096 -2133.6
10972.8 6096 -2743.2
10972.8 6096 -2987.04
11582.4 5181.6 -1219.2
11582.4 5181.6 -2133.6
11582.4 5181.6 -2743.2
11582.4 5181.6 -2987.04
11582.4 5486.400000000001 -1219.2
11582.4 5486.400000000001 -2133.6
11582.4 5486.400000000001 -2743.2
11582.4 5486.400000000001 -2987.04
11582.4 5791.200000000001 -1219.2
11582.4 5791.200000000001 -2133.6
11582.4 5791.200000000001 -2743.2
11582.4 5791.200000000001 -2987.04
11582.4 6096 -1219.2
11582.4 6096 -2133.6
11582.4 6096 -2743.2
11582.4 6096 -2987.04
12192 5181.600000000001 -1219.2
12192 5181.600000000001 -2133.6
12192 5181.600000000001 -2743.2
12192 5181.600000000001 -2987.04
12192 5486.400000000001 -1219.2
12192 5486.400000000001 -2133.6
12192 5486.400000000001 -2743.2
12192 5486.400000000001 -2987.04
12192 5791.200000000002 -1219.2
12192 5791.200000000002 -2133.6
12192 5791.200000000002 -2743.2
12192 5791.200000000002 -2987.04
12192 6096 -1219.2
12192 6096 -2133.6
12192 6096 -2743.2
12192 6096 -2987.04
3 20 0 64
4693
4694
4695
4696
4697
4698
4699
4700
4701
4702
4703
4704
4705
4706
4707
4708
4709
4710
4711
4712
4713
4714
4715
4716
4717
4718
4719
4720
4721
4722
4723
4724
4725
4726
4727
4728
4729
4730
4731
4732
4733
4734
4735
4736
4737
4738
4739
4740
4741
4742
4743
4744
4745
4746
4747
4748
4749
4750
4751
4752
4753
4754
4755
4756
14020.79999997925 5181.6 -1219.2
14020.79999997925 5181.6 -2133.6
14020.79999997925 5181.6 -2743.2
14020.79999997925 5181.6 -2987.04
14020.79999997926 5486.4 -1219.2
14020.79999997926 5486.4 -2133.6
14020.79999997926 5486.4 -2743.2
14020.79999997926 5486.4 -2987.04
14020.79999997926 5791.200000000001 -1219.2
14020.79999997926 5791.200000000001 -2133.6
14020.79999997926 5791.200000000001 -2743.2
14020.79999997926 5791.200000000001 -2987.04
14020.79999997926 6095.999999999999 -1219.2
14020.79999997926 6095.999999999999 -2133.6
14020.79999997926 6095.999999999999 -2743.2
14020.79999997926 6095.999999999999 -2987.04
15239.99999997606 5181.6 -1219.2
15239.99999997606 5181.6 -2133.6
15239.99999997606 5181.6 -2743.2
15239.99999997606 5181.6 -2987.04
15239.99999997606 5486.400000000001 -1219.2
15239.99999997606 5486.400000000001 -2133.6
15239.99999997606 5486.400000000001 -2743.2
15239.99999997606 5486.400000000001 -2987.04
15239.99999997606 5791.200000000001 -1219.2
15239.99999997606 5791.200000000001 -2133.6
15239.99999997606 5791.200000000001 -2743.2
15239.99999997606 5791.200000000001 -2987.04
15239.99999997606 6096 -1219.2
15239.99999997606 6096 -2133.6
15239.99999997606 6096 -2743.2
15239.99999997606 6096 -2987.04
16459.19999997443 5181.6 -1219.2
16459.19999997443 5181.6 -2133.6
16459.19999997443 5181.6 -2743.2
16459.19999997443 5181.6 -2987.04
16459.19999997443 5486.4 -1219.2
16459.19999997443 5486.4 -2133.6
16459.19999997443 5486.4 -2743.2
16459.19999997443 5486.4 -2987.04
16459.19999997443 5791.200000000001 -1219.2
16459.19999997443 5791.200000000001 -2133.6
16459.19999997443 5791.200000000001 -2743.2
16459.19999997443 5791.200000000001 -2987.04
16459.19999997443 6096 -1219.2
16459.19999997443 6096 -2133.6
16459.19999997443 6096 -2743.2
16459.19999997443 6096 -2987.04
17678.39999998437 5181.6 -1219.2
17678.39999998437 5181.6 -2133.6
17678.39999998437 5181.6 -2743.2
17678.39999998437 5181.6 -2987.04
17678.39999998437 5486.400000000001 -1219.2
17678.39999998437 5486.400000000001 -2133.6
17678.39999998437 5486.400000000001 -2743.2
17678.39999998437 5486.400000000001 -2987.04
17678.39999998437 5791.200000000002 -1219.2
17678.39999998437 5791.200000000002 -2133.6
17678.39999998437 5791.200000000002 -2743.2
17678.39999998437 5791.200000000002 -2987.04
17678.39999998437 6096 -1219.2
17678.39999998437 6096 -2133.6
17678.39999998437 6096 -2743.2
17678.39999998437 6096 -2987.04
3 21 0 64
4757
4758
4759
4760
4761
4762
4763
4764
4765
4766
4767
4768
4769
4770
4771
4772
4773
4774
4775
4776
4777
4778
4779
4780
4781
4782
4783
4784
4785
4786
4787
4788
4789
4790
4791
4792
4793
4794
4795
4796
4797
4798
4799
4800
4801
4802
4803
4804
4805
4806
4807
4808
4809
4810
4811
4812
4813
4814
4815
4816
4817
4818
4819
4820
1219.199999998612 7010.399999989627 -1219.2
1219.199999998612 7010.399999989627 -2133.6
1219.199999998612 7010.399999989627 -2743.2
1219.199999998612 7010.399999989627 -2987.04
1219.199999998611 7619.999999988029 -1219.2
1219.199999998611 7619.999999988029 -2133.6
1219.199999998611 7619.999999988029 -2743.2
1219.199999998611 7619.999999988029 -2987.04
1219.199999998611 8229.599999987213 -1219.2
1219.199999998611 8229.599999987213 -2133.6
1219.199999998611 8229.599999987213 -2743.2
1219.199999998611 8229.599999987213 -2987.04
1219.199999998611 8839.199999992185 -1219.2
1219.199999998611 8839.199999992185 -2133.6
1219.199999998611 8839.199999992185 -2743.2
1219.199999998611 8839.199999992185 -2987.04
2438.39999999566 7010.399999989628 -1219.2
2438.39999999566 7010.399999989628 -2133.6
2438.39999999566 7010.399999989628 -2743.2
2438.39999999566 7010.399999989628 -2987.04
2438.399999995659 7619.999999988028 -1219.2
2438.399999995659 7619.999999988028 -2133.6
2438.399999995659 7619.999999988028 -2743.2
2438.399999995659 7619.999999988028 -2987.04
2438.399999995659 8229.599999987213 -1219.2
2438.399999995659 8229.599999987213 -2133.6
2438.399999995659 8229.599999987213 -2743.2
2438.399999995659 8229.599999987213 -2987.04
2438.399999995659 8839.199999992185 -1219.2
2438.399999995659 8839.199999992185 -2133.6
2438.399999995659 8839.199999992185 -2743.2
2438.399999995659 8839.199999992185 -2987.04
3657.599999994075 7010.39999998963 -1219.2
3657.599999994075 7010.39999998963 -2133.6
3657.599999994075 7010.39999998963 -2743.2
3657.599999994075 7010.39999998963 -2987.04
3657.599999994074 7619.999999988029 -1219.2
3657.599999994074 7619.999999988029 -2133.6
3657.599999994074 7619.999999988029 -2743.2
3657.599999994074 7619.999999988029 -2987.04
3657.599999994074 8229.599999987213 -1219.2
3657.599999994074 8229.599999987213 -2133.6
3657.599999994074 8229.599999987213 -2743.2
3657.599999994074 8229.599999987213 -2987.04
3657.599999994075 8839.199999992185 -1219.2
3657.599999994075 8839.199999992185 -2133.6
3657.599999994075 8839.199999992185 -2743.2
3657.599999994075 8839.199999992185 -2987.04
4876.799999997039 7010.399999989627 -1219.2
4876.799999997039 7010.399999989627 -2133.6
4876.799999997039 7010.399999989627 -2743.2
4876.799999997039 7010.399999989627 -2987.04
4876.799999997036 7619.999999988028 -1219.2
4876.799999997036 7619.999999988028 -2133.6
4876.799999997036 7619.999999988028 -2743.2
4876.799999997036 7619.999999988028 -2987.04
4876.799999997036 8229.599999987215 -1219.2
4876.799999997036 8229.599999987215 -2133.6
4876.799999997036 8229.599999987215 -2743.2
4876.799999997036 8229.599999987215 -2987.04
4876.799999997037 8839.199999992185 -1219.2
4876.799999997037 8839.199999992185 -2133.6
4876.799999997037 8839.199999992185 -2743.2
4876.799999997037 8839.199999992185 -2987.04
3 22 0 64
4821
4822
4823
4824
4825
4826
4827
4828
4829
4830
4831
4832
4833
4834
4835
4836
4837
4838
4839
4840
4841
4842
4843
4844
4845
4846
4847
4848
4849
4850
4851
4852
4853
4854
4855
4856
4857
4858
4859
4860
4861
4862
4863
4864
4865
4866
4867
4868
4869
4870
4871
4872
4873
4874
4875
4876
4877
4878
4879
4880
4881
4882
4883
4884
6705.599999990903 7010.399999989628 -1219.2
6705.599999990903 7010.399999989628 -2133.6
6705.599999990903 7010.399999989628 -2743.2
6705.599999990903 7010.399999989628 -2987.04
6705.599999990904 7619.999999988027 -1219.2
6705.599999990904 7619.999999988027 -2133.6
6705.599999990904 7619.999999988027 -2743.2
6705.599999990904 7619.999999988027 -2987.04
6705.599999990903 8229.599999987213 -1219.2
6705.599999990903 8229.599999987213 -2133.6
6705.599999990903 8229.599999987213 -2743.2
6705.599999990903 8229.599999987213 -2987.04
6705.599999990904 8839.199999992183 -1219.2
6705.599999990904 8839.199999992183 -2133.6
6705.599999990904 8839.199999992183 -2743.2
6705.599999990904 8839.199999992183 -2987.04
7315.199999981807 7010.399999989628 -1219.2
7315.199999981807 7010.399999989628 -2133.6
7315.199999981807 7010.399999989628 -2743.2
7315.199999981807 7010.399999989628 -2987.04
7315.199999981807 7619.999999988029 -1219.2
7315.199999981807 7619.999999988029 -2133.6
7315.199999981807 7619.999999988029 -2743.2
7315.199999981807 7619.999999988029 -2987.04
7315.199999981809 8229.599999987213 -1219.2
7315.199999981809 8229.599999987213 -2133.6
7315.199999981809 8229.599999987213 -2743.2
7315.199999981809 8229.599999987213 -2987.04
7315.199999981807 8839.199999992185 -1219.2
7315.199999981807 8839.199999992185 -2133.6
7315.199999981807 8839.199999992185 -2743.2
7315.199999981807 8839.199999992185 -2987.04
7924.799999981808 7010.399999989628 -1219.2
7924.799999981808 7010.399999989628 -2133.6
7924.799999981808 7010.399999989628 -2743.2
7924.799999981808 7010.399999989628 -2987.04
7924.799999981808 7619.999999988028 -1219.2
7924.799999981808 7619.999999988028 -2133.6
7924.799999981808 7619.999999988028 -2743.2
7924.799999981808 7619.999999988028 -2987.04
7924.799999981808 8229.599999987213 -1219.2
7924.799999981808 8229.599999987213 -2133.6
7924.799999981808 8229.599999987213 -2743.2
7924.799999981808 8229.599999987213 -2987.04
7924.799999981808 8839.199999992185 -1219.2
7924.799999981808 8839.199999992185 -2133.6
7924.799999981808 8839.199999992185 -2743.2
7924.799999981808 8839.199999992185 -2987.04
8534.399999990905 7010.399999989627 -1219.2
8534.399999990905 7010.399999989627 -2133.6
8534.399999990905 7010.399999989627 -2743.2
8534.399999990905 7010.399999989627 -2987.04
8534.399999990903 7619.999999988028 -1219.2
8534.399999990903 7619.999999988028 -2133.6
8534.399999990903 7619.999999988028 -2743.2
8534.399999990903 7619.999999988028 -2987.04
8534.399999990905 8229.599999987213 -1219.2
8534.399999990905 8229.599999987213 -2133.6
8534.399999990905 8229.599999987213 -2743.2
8534.399999990905 8229.599999987213 -2987.04
8534.399999990905 8839.199999992185 -1219.2
8534.399999990905 8839.199999992185 -2133.6
8534.399999990905 8839.199999992185 -2743.2
8534.399999990905 8839.199999992185 -2987.04
3 23 0 0
3 24 0 64
4885
4886
4887
4888
4889
4890
4891
4892
4893
4894
4895
4896
4897
4898
4899
4900
4901
4902
4903
4904
4905
4906
4907
4908
4909
4910
4911
4912
4913
4914
4915
4916
4917
4918
4919
4920
4921
4922
4923
4924
4925
4926
4927
4928
4929
4930
4931
4932
4933
4934
4935
4936
4937
4938
4939
4940
4941
4942
4943
4944
4945
4946
4947
4948
10363.2 7010.399999989627 -1219.2
10363.2 7010.399999989627 -2133.6
10363.2 7010.399999989627 -2743.2
10363.2 7010.399999989627 -2987.04
10363.2 7619.999999988029 -1219.2
10363.2 7619.999999988029 -2133.6
10363.2 7619.999999988029 -2743.2
10363.2 7619.999999988029 -2987.04
10363.2 8229.599999987209 -1219.2
10363.2 8229.599999987209 -2133.6
10363.2 8229.599999987209 -2743.2
10363.2 8229.599999987209 -2987.04
10363.2 8839.199999992185 -1219.2
10363.2 8839.199999992185 -2133.6
10363.2 8839.199999992185 -2743.2
10363.2 8839.199999992185 -2987.04
10972.8 7010.399999989628 -1219.2
10972.8 7010.399999989628 -2133.6
10972.8 7010.399999989628 -2743.2
10972.8 7010.399999989628 -2987.04
10972.8 7619.999999988029 -1219.2
10972.8 7619.999999988029 -2133.6
10972.8 7619.999999988029 -2743.2
10972.8 7619.999999988029 -2987.04
10972.8 8229.599999987211 -1219.2
10972.8 8229.599999987211 -2133.6
10972.8 8229.599999987211 -2743.2
10972.8 8229.599999987211 -2987.04
10972.8 8839.199999992185 -1219.2
10972.8 8839.199999992185 -2133.6
10972.8 8839.199999992185 -2743.2
10972.8 8839.199999992185 -2987.04
11582.4 7010.399999989625 -1219.2
11582.4 7010.399999989625 -2133.6
11582.4 7010.399999989625 -2743.2
11582.4 7010.399999989625 -2987.04
11582.40000000001 7619.99999998803 -1219.2
11582.40000000001 7619.99999998803 -2133.6
11582.40000000001 7619.99999998803 -2743.2
11582.40000000001 7619.99999998803 -2987.04
11582.4 8229.599999987213 -1219.2
11582.4 8229.599999987213 -2133.6
11582.4 8229.599999987213 -2743.2
11582.4 8229.599999987213 -2987.04
11582.4 8839.199999992185 -1219.2
11582.4 8839.199999992185 -2133.6
11582.4 8839.199999992185 -2743.2
11582.4 8839.199999992185 -2987.04
12192 7010.399999989624 -1219.2
12192 7010.399999989624 -2133.6
12192 7010.399999989624 -2743.2
12192 7010.399999989624 -2987.04
12192 7619.999999988029 -1219.2
12192 7619.999999988029 -2133.6
12192 7619.999999988029 -2743.2
12192 7619.999999988029 -2987.04
12192 8229.599999987213 -1219.2
12192 8229.599999987213 -2133.6
12192 8229.599999987213 -2743.2
12192 8229.599999987213 -2987.04
12192 8839.199999992185 -1219.2
12192 8839.199999992185 -2133.6
12192 8839.199999992185 -2743.2
12192 8839.199999992185 -2987.04
3 25 0 64
4949
4950
4951
4952
4953
4954
4955
4956
4957
4958
4959
4960
4961
4962
4963
4964
4965
4966
4967
4968
4969
4970
4971
4972
4973
4974
4975
4976
4977
4978
4979
4980
4981
4982
4983
4984
4985
4986
4987
4988
4989
4990
4991
4992
4993
4994
4995
4996
4997
4998
4999
5000
5001
5002
5003
5004
5005
5006
5007
5008
5009
5010
5011
5012
14020.79999997926 7010.399999989628 -1219.2
14020.79999997926 7010.399999989628 -2133.6
14020.79999997926 7010.399999989628 -2743.2
14020.79999997926 7010.399999989628 -2987.04
14020.79999997925 7619.999999988028 -1219.2
14020.79999997925 7619.999999988028 -2133.6
14020.79999997925 7619.999999988028 -2743.2
14020.79999997925 7619.999999988028 -2987.04
14020.79999997926 8229.599999987211 -1219.2
14020.79999997926 8229.599999987211 -2133.6
14020.79999997926 8229.599999987211 -2743.2
14020.79999997926 8229.599999987211 -2987.04
14020.79999997926 8839.199999992183 -1219.2
14020.79999997926 8839.199999992183 -2133.6
14020.79999997926 8839.199999992183 -2743.2
14020.79999997926 8839.199999992183 -2987.04
15239.99999997605 7010.399999989626 -1219.2
15239.99999997605 7010.399999989626 -2133.6
15239.99999997605 7010.399999989626 -2743.2
15239.99999997605 7010.399999989626 -2987.04
15239.99999997606 7619.999999988029 -1219.2
15239.99999997606 7619.999999988029 -2133.6
15239.99999997606 7619.999999988029 -2743.2
15239.99999997606 7619.999999988029 -2987.04
15239.99999997606 8229.599999987211 -1219.2
15239.99999997606 8229.599999987211 -2133.6
15239.99999997606 8229.599999987211 -2743.2
15239.99999997606 8229.599999987211 -2987.04
15239.99999997606 8839.199999992185 -1219.2
15239.99999997606 8839.199999992185 -2133.6
15239.99999997606 8839.199999992185 -2743.2
15239.99999997606 8839.199999992185 -2987.04
16459.19999997442 7010.399999989627 -1219.2
16459.19999997442 7010.399999989627 -2133.6
16459.19999997442 7010.399999989627 -2743.2
16459.19999997442 7010.399999989627 -2987.04
16459.19999997442 7619.999999988029 -1219.2
16459.19999997442 7619.999999988029 -2133.6
16459.19999997442 7619.999999988029 -2743.2
16459.19999997442 7619.999999988029 -2987.04
16459.19999997443 8229.599999987213 -1219.2
16459.19999997443 8229.599999987213 -2133.6
16459.19999997443 8229.599999987213 -2743.2
16459.19999997443 8229.599999987213 -2987.04
16459.19999997443 8839.199999992185 -1219.2
16459.19999997443 8839.199999992185 -2133.6
16459.19999997443 8839.199999992185 -2743.2
16459.19999997443 8839.199999992185 -2987.04
17678.39999998437 7010.399999989624 -1219.2
17678.39999998437 7010.399999989624 -2133.6
17678.39999998437 7010.399999989624 -2743.2
17678.39999998437 7010.399999989624 -2987.04
17678.39999998437 7619.999999988029 -1219.2
17678.39999998437 7619.999999988029 -2133.6
17678.39999998437 7619.999999988029 -2743.2
17678.39999998437 7619.999999988029 -2987.04
17678.39999998437 8229.599999987213 -1219.2
17678.39999998437 8229.599999987213 -2133.6
17678.39999998437 8229.599999987213 -2743.2
17678.39999998437 8229.599999987213 -2987.04
17678.39999998437 8839.199999992183 -1219.2
17678.39999998437 8839.199999992183 -2133.6
17678.39999998437 8839.199999992183 -2743.2
17678.39999998437 8839.199999992183 -2987.04
3 26 0 64
5013
5014
5015
5016
5017
5018
5019
5020
5021
5022
5023
5024
5025
5026
5027
5028
5029
5030
5031
5032
5033
5034
5035
5036
5037
5038
5039
5040
5041
5042
5043
5044
5045
5046
5047
5048
5049
5050
5051
5052
5053
5054
5055
5056
5057
5058
5059
5060
5061
5062
5063
5064
5065
5066
5067
5068
5069
5070
5071
5072
5073
5074
5075
5076
1219.199999998611 609.5999999993057 -3063.24
1219.199999998611 609.5999999993057 -3078.48
1219.199999998611 609.5999999993057 -3093.72
1219.199999998611 609.5999999993057 -3108.96
1219.199999998611 1219.199999997829 -3063.24
1219.199999998611 1219.199999997829 -3078.48
1219.199999998611 1219.199999997829 -3093.72
1219.199999998611 1219.199999997829 -3108.96
1219.199999998611 1828.799999997037 -3063.24
1219.199999998611 1828.799999997037 -3078.48
1219.199999998611 1828.799999997037 -3093.72
1219.199999998611 1828.799999997037 -3108.96
1219.199999998611 2438.399999998519 -3063.24
1219.199999998611 2438.399999998519 -3078.48
1219.199999998611 2438.399999998519 -3093.72
1219.199999998611 2438.399999998519 -3108.96
2438.399999995659 609.5999999993057 -3063.24
2438.399999995659 609.5999999993057 -3078.48
2438.399999995659 609.5999999993057 -3093.72
2438.399999995659 609.5999999993057 -3108.96
2438.399999995659 1219.199999997829 -3063.24
2438.399999995659 1219.199999997829 -3078.48
2438.399999995659 1219.199999997829 -3093.72
2438.399999995659 1219.199999997829 -3108.96
2438.399999995659 1828.799999997038 -3063.24
2438.399999995659 1828.799999997038 -3078.48
2438.399999995659 1828.799999997038 -3093.72
2438.399999995659 1828.799999997038 -3108.96
2438.399999995659 2438.399999998519 -3063.24
2438.399999995659 2438.399999998519 -3078.48
2438.399999995659 2438.399999998519 -3093.72
2438.399999995659 2438.399999998519 -3108.96
3657.599999994074 609.5999999993057 -3063.24
3657.599999994074 609.5999999993057 -3078.48
3657.599999994074 609.5999999993057 -3093.72
3657.599999994074 609.5999999993057 -3108.96
3657.599999994075 1219.199999997829 -3063.24
3657.599999994075 1219.199999997829 -3078.48
3657.599999994075 1219.199999997829 -3093.72
3657.599999994075 1219.199999997829 -3108.96
3657.599999994074 1828.799999997037 -3063.24
3657.599999994074 1828.799999997037 -3078.48
3657.599999994074 1828.799999997037 -3093.72
3657.599999994074 1828.799999997037 -3108.96
3657.599999994075 2438.399999998519 -3063.24
3657.599999994075 2438.399999998519 -3078.48
3657.599999994075 2438.399999998519 -3093.72
3657.599999994075 2438.399999998519 -3108.96
4876.799999997037 609.5999999993057 -3063.24
4876.799999997037 609.5999999993057 -3078.48
4876.799999997037 609.5999999993057 -3093.72
4876.799999997037 609.5999999993057 -3108.96
4876.799999997037 1219.199999997829 -3063.24
4876.799999997037 1219.199999997829 -3078.48
4876.799999997037 1219.199999997829 -3093.72
4876.799999997037 1219.199999997829 -3108.96
4876.799999997037 1828.799999997037 -3063.24
4876.799999997037 1828.799999997037 -3078.48
4876.799999997037 1828.799999997037 -3093.72
4876.799999997037 1828.799999997037 -3108.96
4876.799999997037 2438.399999998519 -3063.24
4876.799999997037 2438.399999998519 -3078.48
4876.799999997037 2438.399999998519 -3093.72
4876.799999997037 2438.399999998519 -3108.96
3 27 0 64
5077
5078
5079
5080
5081
5082
5083
5084
5085
5086
5087
5088
5089
5090
5091
5092
5093
5094
5095
5096
5097
5098
5099
5100
5101
5102
5103
5104
5105
5106
5107
5108
5109
5110
5111
5112
5113
5114
5115
5116
5117
5118
5119
5120
5121
5122
5123
5124
5125
5126
5127
5128
5129
5130
5131
5132
5133
5134
5135
5136
5137
5138
5139
5140
6705.599999990905 609.5999999993057 -3063.24
6705.599999990905 609.5999999993057 -3078.48
6705.599999990905 609.5999999993057 -3093.72
6705.599999990905 609.5999999993057 -3108.96
6705.599999990905 1219.199999997829 -3063.24
6705.599999990905 1219.199999997829 -3078.48
6705.599999990905 1219.199999997829 -3093.72
6705.599999990905 1219.199999997829 -3108.96
6705.599999990905 1828.799999997038 -3063.24
6705.599999990905 1828.799999997038 -3078.48
6705.599999990905 1828.799999997038 -3093.72
6705.599999990905 1828.799999997038 -3108.96
6705.599999990904 2438.399999998518 -3063.24
6705.599999990904 2438.399999998518 -3078.48
6705.599999990904 2438.399999998518 -3093.72
6705.599999990904 2438.399999998518 -3108.96
7315.199999981807 609.5999999993057 -3063.24
7315.199999981807 609.5999999993057 -3078.48
7315.199999981807 609.5999999993057 -3093.72
7315.199999981807 609.5999999993057 -3108.96
7315.199999981807 1219.19999999783 -3063.24
7315.199999981807 1219.19999999783 -3078.48
7315.199999981807 1219.19999999783 -3093.72
7315.199999981807 1219.19999999783 -3108.96
7315.199999981809 1828.799999997037 -3063.24
7315.199999981809 1828.799999997037 -3078.48
7315.199999981809 1828.799999997037 -3093.72
7315.199999981809 1828.799999997037 -3108.96
7315.199999981807 2438.399999998518 -3063.24
7315.199999981807 2438.399999998518 -3078.48
7315.199999981807 2438.399999998518 -3093.72
7315.199999981807 2438.399999998518 -3108.96
7924.799999981808 609.5999999993057 -3063.24
7924.799999981808 609.5999999993057 -3078.48
7924.799999981808 609.5999999993057 -3093.72
7924.799999981808 609.5999999993057 -3108.96
7924.799999981808 1219.199999997829 -3063.24
7924.799999981808 1219.199999997829 -3078.48
7924.799999981808 1219.199999997829 -3093.72
7924.799999981808 1219.199999997829 -3108.96
7924.799999981808 1828.799999997037 -3063.24
7924.799999981808 1828.799999997037 -3078.48
7924.799999981808 1828.799999997037 -3093.72
7924.799999981808 1828.799999997037 -3108.96
7924.799999981808 2438.399999998519 -3063.24
7924.799999981808 2438.399999998519 -3078.48
7924.799999981808 2438.399999998519 -3093.72
7924.799999981808 2438.399999998519 -3108.96
8534.399999990905 609.5999999993057 -3063.24
8534.399999990905 609.5999999993057 -3078.48
8534.399999990905 609.5999999993057 -3093.72
8534.399999990905 609.5999999993057 -3108.96
8534.399999990903 1219.199999997829 -3063.24
8534.399999990903 1219.199999997829 -3078.48
8534.399999990903 1219.199999997829 -3093.72
8534.399999990903 1219.199999997829 -3108.96
8534.399999990907 1828.799999997037 -3063.24
8534.399999990907 1828.799999997037 -3078.48
8534.399999990907 1828.799999997037 -3093.72
8534.399999990907 1828.799999997037 -3108.96
8534.399999990905 2438.399999998519 -3063.24
8534.399999990905 2438.399999998519 -3078.48
8534.399999990905 2438.399999998519 -3093.72
8534.399999990905 2438.399999998519 -3108.96
3 28 0 0
3 29 0 64
5141
5142
5143
5144
5145
5146
5147
5148
5149
5150
5151
5152
5153
5154
5155
5156
5157
5158
5159
5160
5161
5162
5163
5164
5165
5166
5167
5168
5169
5170
5171
5172
5173
5174
5175
5176
5177
5178
5179
5180
5181
5182
5183
5184
5185
5186
5187
5188
5189
5190
5191
5192
5193
5194
5195
5196
5197
5198
5199
5200
5201
5202
5203
5204
10363.2 609.5999999993057 -3063.24
10363.2 609.5999999993057 -3078.48
10363.2 609.5999999993057 -3093.72
10363.2 609.5999999993057 -3108.96
10363.2 1219.199999997829 -3063.24
10363.2 1219.199999997829 -3078.48
10363.2 1219.199999997829 -3093.72
10363.2 1219.199999997829 -3108.96
10363.2 1828.799999997037 -3063.24
10363.2 1828.799999997037 -3078.48
10363.2 1828.799999997037 -3093.72
10363.2 1828.799999997037 -3108.96
10363.2 2438.399999998517 -3063.24
10363.2 2438.399999998517 -3078.48
10363.2 2438.399999998517 -3093.72
10363.2 2438.399999998517 -3108.96
10972.8 609.5999999993057 -3063.24
10972.8 609.5999999993057 -3078.48
10972.8 609.5999999993057 -3093.72
10972.8 609.5999999993057 -3108.96
10972.8 1219.199999997829 -3063.24
10972.8 1219.199999997829 -3078.48
10972.8 1219.199999997829 -3093.72
10972.8 1219.199999997829 -3108.96
10972.8 1828.799999997037 -3063.24
10972.8 1828.799999997037 -3078.48
10972.8 1828.799999997037 -3093.72
10972.8 1828.799999997037 -3108.96
10972.8 2438.399999998518 -3063.24
10972.8 2438.399999998518 -3078.48
10972.8 2438.399999998518 -3093.72
10972.8 2438.399999998518 -3108.96
11582.4 609.5999999993057 -3063.24
11582.4 609.5999999993057 -3078.48
11582.4 609.5999999993057 -3093.72
11582.4 609.5999999993057 -3108.96
11582.4 1219.199999997829 -3063.24
11582.4 1219.199999997829 -3078.48
11582.4 1219.199999997829 -3093.72
11582.4 1219.199999997829 -3108.96
11582.4 1828.799999997038 -3063.24
11582.4 1828.799999997038 -3078.48
11582.4 1828.799999997038 -3093.72
11582.4 1828.799999997038 -3108.96
11582.4 2438.399999998518 -3063.24
11582.4 2438.399999998518 -3078.48
11582.4 2438.399999998518 -3093.72
11582.4 2438.399999998518 -3108.96
12192 609.5999999993057 -3063.24
12192 609.5999999993057 -3078.48
12192 609.5999999993057 -3093.72
12192 609.5999999993057 -3108.96
12192 1219.199999997829 -3063.24
12192 1219.199999997829 -3078.48
12192 1219.199999997829 -3093.72
12192 1219.199999997829 -3108.96
12192 1828.799999997037 -3063.24
12192 1828.799999997037 -3078.48
12192 1828.799999997037 -3093.72
12192 1828.799999997037 -3108.96
12192 2438.399999998519 -3063.24
12192 2438.399999998519 -3078.48
12192 2438.399999998519 -3093.72
12192 2438.399999998519 -3108.96
3 30 0 64
5205
5206
5207
5208
5209
5210
5211
5212
5213
5214
5215
5216
5217
5218
5219
5220
5221
5222
5223
5224
5225
5226
5227
5228
5229
5230
5231
5232
5233
5234
5235
5236
5237
5238
5239
5240
5241
5242
5243
5244
5245
5246
5247
5248
5249
5250
5251
5252
5253
5254
5255
5256
5257
5258
5259
5260
5261
5262
5263
5264
5265
5266
5267
5268
14020.79999997926 609.5999999993057 -3063.24
14020.79999997926 609.5999999993057 -3078.48
14020.79999997926 609.5999999993057 -3093.72
14020.79999997926 609.5999999993057 -3108.96
14020.79999997926 1219.199999997829 -3063.24
14020.79999997926 1219.199999997829 -3078.48
14020.79999997926 1219.199999997829 -3093.72
14020.79999997926 1219.199999997829 -3108.96
14020.79999997926 1828.799999997037 -3063.24
14020.79999997926 1828.799999997037 -3078.48
14020.79999997926 1828.799999997037 -3093.72
14020.79999997926 1828.799999997037 -3108.96
14020.79999997926 2438.399999998519 -3063.24
14020.79999997926 2438.399999998519 -3078.48
14020.79999997926 2438.399999998519 -3093.72
14020.79999997926 2438.399999998519 -3108.96
15239.99999997606 609.5999999993057 -3063.24
15239.99999997606 609.5999999993057 -3078.48
15239.99999997606 609.5999999993057 -3093.72
15239.99999997606 609.5999999993057 -3108.96
15239.99999997606 1219.199999997829 -3063.24
15239.99999997606 1219.199999997829 -3078.48
15239.99999997606 1219.199999997829 -3093.72
15239.99999997606 1219.199999997829 -3108.96
15239.99999997606 1828.799999997038 -3063.24
15239.99999997606 1828.799999997038 -3078.48
15239.99999997606 1828.799999997038 -3093.72
15239.99999997606 1828.799999997038 -3108.96
15239.99999997606 2438.399999998518 -3063.24
15239.99999997606 2438.399999998518 -3078.48
15239.99999997606 2438.399999998518 -3093.72
15239.99999997606 2438.399999998518 -3108.96
16459.19999997443 609.5999999993057 -3063.24
16459.19999997443 609.5999999993057 -3078.48
16459.19999997443 609.5999999993057 -3093.72
16459.19999997443 609.5999999993057 -3108.96
16459.19999997443 1219.199999997829 -3063.24
16459.19999997443 1219.199999997829 -3078.48
16459.19999997443 1219.199999997829 -3093.72
16459.19999997443 1219.199999997829 -3108.96
16459.19999997443 1828.799999997037 -3063.24
16459.19999997443 1828.799999997037 -3078.48
16459.19999997443 1828.799999997037 -3093.72
16459.19999997443 1828.799999997037 -3108.96
16459.19999997443 2438.399999998518 -3063.24
16459.19999997443 2438.399999998518 -3078.48
16459.19999997443 2438.399999998518 -3093.72
16459.19999997443 2438.399999998518 -3108.96
17678.39999998437 609.5999999993057 -3063.24
17678.39999998437 609.5999999993057 -3078.48
17678.39999998437 609.5999999993057 -3093.72
17678.39999998437 609.5999999993057 -3108.96
17678.39999998437 1219.19999999783 -3063.24
17678.39999998437 1219.19999999783 -3078.48
17678.39999998437 1219.19999999783 -3093.72
17678.39999998437 1219.19999999783 -3108.96
17678.39999998437 1828.799999997037 -3063.24
17678.39999998437 1828.799999997037 -3078.48
17678.39999998437 1828.799999997037 -3093.72
17678.39999998437 1828.799999997037 -3108.96
17678.39999998437 2438.399999998519 -3063.24
17678.39999998437 2438.399999998519 -3078.48
17678.39999998437 2438.399999998519 -3093.72
17678.39999998437 2438.399999998519 -3108.96
3 31 0 64
5269
5270
5271
5272
5273
5274
5275
5276
5277
5278
5279
5280
5281
5282
5283
5284
5285
5286
5287
5288
5289
5290
5291
5292
5293
5294
5295
5296
5297
5298
5299
5300
5301
5302
5303
5304
5305
5306
5307
5308
5309
5310
5311
5312
5313
5314
5315
5316
5317
5318
5319
5320
5321
5322
5323
5324
5325
5326
5327
5328
5329
5330
5331
5332
1219.199999998612 3352.799999995451 -3063.24
1219.199999998612 3352.799999995451 -3078.48
1219.199999998612 3352.799999995451 -3093.72
1219.199999998612 3352.799999995451 -3108.96
1219.199999998611 3657.599999990904 -3063.24
1219.199999998611 3657.599999990904 -3078.48
1219.199999998611 3657.599999990904 -3093.72
1219.199999998611 3657.599999990904 -3108.96
1219.199999998611 3962.399999990904 -3063.24
1219.199999998611 3962.399999990904 -3078.48
1219.199999998611 3962.399999990904 -3093.72
1219.199999998611 3962.399999990904 -3108.96
1219.199999998611 4267.199999995452 -3063.24
1219.199999998611 4267.199999995452 -3078.48
1219.199999998611 4267.199999995452 -3093.72
1219.199999998611 4267.199999995452 -3108.96
2438.39999999566 3352.799999995453 -3063.24
2438.39999999566 3352.799999995453 -3078.48
2438.39999999566 3352.799999995453 -3093.72
2438.39999999566 3352.799999995453 -3108.96
2438.399999995659 3657.599999990904 -3063.24
2438.399999995659 3657.599999990904 -3078.48
2438.399999995659 3657.599999990904 -3093.72
2438.399999995659 3657.599999990904 -3108.96
2438.399999995659 3962.399999990904 -3063.24
2438.399999995659 3962.399999990904 -3078.48
2438.399999995659 3962.399999990904 -3093.72
2438.399999995659 3962.399999990904 -3108.96
2438.399999995659 4267.199999995451 -3063.24
2438.399999995659 4267.199999995451 -3078.48
2438.399999995659 4267.199999995451 -3093.72
2438.399999995659 4267.199999995451 -3108.96
3657.599999994075 3352.799999995453 -3063.24
3657.599999994075 3352.799999995453 -3078.48
3657.599999994075 3352.799999995453 -3093.72
3657.599999994075 3352.799999995453 -3108.96
3657.599999994074 3657.599999990905 -3063.24
3657.599999994074 3657.599999990905 -3078.48
3657.599999994074 3657.599999990905 -3093.72
3657.599999994074 3657.599999990905 -3108.96
3657.599999994075 3962.399999990904 -3063.24
3657.599999994075 3962.399999990904 -3078.48
3657.599999994075 3962.399999990904 -3093.72
3657.599999994075 3962.399999990904 -3108.96
3657.599999994074 4267.199999995452 -3063.24
3657.599999994074 4267.199999995452 -3078.48
3657.599999994074 4267.199999995452 -3093.72
3657.599999994074 4267.199999995452 -3108.96
4876.799999997036 3352.799999995452 -3063.24
4876.799999997036 3352.799999995452 -3078.48
4876.799999997036 3352.799999995452 -3093.72
4876.799999997036 3352.799999995452 -3108.96
4876.799999997037 3657.599999990903 -3063.24
4876.799999997037 3657.599999990903 -3078.48
4876.799999997037 3657.599999990903 -3093.72
4876.799999997037 3657.599999990903 -3108.96
4876.799999997037 3962.399999990904 -3063.24
4876.799999997037 3962.399999990904 -3078.48
4876.799999997037 3962.399999990904 -3093.72
4876.799999997037 3962.399999990904 -3108.96
4876.799999997037 4267.199999995452 -3063.24
4876.799999997037 4267.199999995452 -3078.48
4876.799999997037 4267.199999995452 -3093.72
4876.799999997037 4267.199999995452 -3108.96
3 32 0 64
5333
5334
5335
5336
5337
5338
5339
5340
5341
5342
5343
5344
5345
5346
5347
5348
5349
5350
5351
5352
5353
5354
5355
5356
5357
5358
5359
5360
5361
5362
5363
5364
5365
5366
5367
5368
5369
5370
5371
5372
5373
5374
5375
5376
5377
5378
5379
5380
5381
5382
5383
5384
5385
5386
5387
5388
5389
5390
5391
5392
5393
5394
5395
5396
6705.599999990904 3352.799999995453 -3063.24
6705.599999990904 3352.799999995453 -3078.48
6705.599999990904 3352.799999995453 -3093.72
6705.599999990904 3352.799999995453 -3108.96
6705.599999990903 3657.599999990904 -3063.24
6705.599999990903 3657.599999990904 -3078.48
6705.599999990903 3657.599999990904 -3093.72
6705.599999990903 3657.599999990904 -3108.96
6705.599999990904 3962.399999990904 -3063.24
6705.599999990904 3962.399999990904 -3078.48
6705.599999990904 3962.399999990904 -3093.72
6705.599999990904 3962.399999990904 -3108.96
6705.599999990904 4267.199999995452 -3063.24
6705.599999990904 4267.199999995452 -3078.48
6705.599999990904 4267.199999995452 -3093.72
6705.599999990904 4267.199999995452 -3108.96
7315.199999981807 3352.799999995451 -3063.24
7315.199999981807 3352.799999995451 -3078.48
7315.199999981807 3352.799999995451 -3093.72
7315.199999981807 3352.799999995451 -3108.96
7315.199999981807 3657.599999990904 -3063.24
7315.199999981807 3657.599999990904 -3078.48
7315.199999981807 3657.599999990904 -3093.72
7315.199999981807 3657.599999990904 -3108.96
7315.199999981807 3962.399999990904 -3063.24
7315.199999981807 3962.399999990904 -3078.48
7315.199999981807 3962.399999990904 -3093.72
7315.199999981807 3962.399999990904 -3108.96
7315.199999981808 4267.199999995453 -3063.24
7315.199999981808 4267.199999995453 -3078.48
7315.199999981808 4267.199999995453 -3093.72
7315.199999981808 4267.199999995453 -3108.96
7924.799999981808 3352.799999995453 -3063.24
7924.799999981808 3352.799999995453 -3078.48
7924.799999981808 3352.799999995453 -3093.72
7924.799999981808 3352.799999995453 -3108.96
7924.799999981808 3657.599999990905 -3063.24
7924.799999981808 3657.599999990905 -3078.48
7924.799999981808 3657.599999990905 -3093.72
7924.799999981808 3657.599999990905 -3108.96
7924.799999981808 3962.399999990904 -3063.24
7924.799999981808 3962.399999990904 -3078.48
7924.799999981808 3962.399999990904 -3093.72
7924.799999981808 3962.399999990904 -3108.96
7924.799999981808 4267.199999995452 -3063.24
7924.799999981808 4267.199999995452 -3078.48
7924.799999981808 4267.199999995452 -3093.72
7924.799999981808 4267.199999995452 -3108.96
8534.399999990905 3352.799999995453 -3063.24
8534.399999990905 3352.799999995453 -3078.48
8534.399999990905 3352.799999995453 -3093.72
8534.399999990905 3352.799999995453 -3108.96
8534.399999990905 3657.599999990905 -3063.24
8534.399999990905 3657.599999990905 -3078.48
8534.399999990905 3657.599999990905 -3093.72
8534.399999990905 3657.599999990905 -3108.96
8534.399999990905 3962.399999990904 -3063.24
8534.399999990905 3962.399999990904 -3078.48
8534.399999990905 3962.399999990904 -3093.72
8534.399999990905 3962.399999990904 -3108.96
8534.399999990905 4267.199999995452 -3063.24
8534.399999990905 4267.199999995452 -3078.48
8534.399999990905 4267.199999995452 -3093.72
8534.399999990905 4267.199999995452 -3108.96
3 33 0 0
3 34 0 64
5397
5398
5399
5400
5401
5402
5403
5404
5405
5406
5407
5408
5409
5410
5411
5412
5413
5414
5415
5416
5417
5418
5419
5420
5421
5422
5423
5424
5425
5426
5427
5428
5429
5430
5431
5432
5433
5434
5435
5436
5437
5438
5439
5440
5441
5442
5443
5444
5445
5446
5447
5448
5449
5450
5451
5452
5453
5454
5455
5456
5457
5458
5459
5460
10363.2 3352.799999995453 -3063.24
10363.2 3352.799999995453 -3078.48
10363.2 3352.799999995453 -3093.72
10363.2 3352.799999995453 -3108.96
10363.2 3657.599999990904 -3063.24
10363.2 3657.599999990904 -3078.48
10363.2 3657.599999990904 -3093.72
10363.2 3657.599999990904 -3108.96
10363.2 3962.399999990904 -3063.24
10363.2 3962.399999990904 -3078.48
10363.2 3962.399999990904 -3093.72
10363.2 3962.399999990904 -3108.96
10363.2 4267.199999995452 -3063.24
10363.2 4267.199999995452 -3078.48
10363.2 4267.199999995452 -3093.72
10363.2 4267.199999995452 -3108.96
10972.8 3352.799999995453 -3063.24
10972.8 3352.799999995453 -3078.48
10972.8 3352.799999995453 -3093.72
10972.8 3352.799999995453 -3108.96
10972.80000000001 3657.599999990903 -3063.24
10972.80000000001 3657.599999990903 -3078.48
10972.80000000001 3657.599999990903 -3093.72
10972.80000000001 3657.599999990903 -3108.96
10972.8 3962.399999990904 -3063.24
10972.8 3962.399999990904 -3078.48
10972.8 3962.399999990904 -3093.72
10972.8 3962.399999990904 -3108.96
10972.8 4267.199999995451 -3063.24
10972.8 4267.199999995451 -3078.48
10972.8 4267.199999995451 -3093.72
10972.8 4267.199999995451 -3108.96
11582.40000000001 3352.799999995453 -3063.24
11582.40000000001 3352.799999995453 -3078.48
11582.40000000001 3352.799999995453 -3093.72
11582.40000000001 3352.799999995453 -3108.96
11582.4 3657.599999990904 -3063.24
11582.4 3657.599999990904 -3078.48
11582.4 3657.599999990904 -3093.72
11582.4 3657.599999990904 -3108.96
11582.4 3962.399999990904 -3063.24
11582.4 3962.399999990904 -3078.48
11582.4 3962.399999990904 -3093.72
11582.4 3962.399999990904 -3108.96
11582.4 4267.199999995452 -3063.24
11582.4 4267.199999995452 -3078.48
11582.4 4267.199999995452 -3093.72
11582.4 4267.199999995452 -3108.96
12192 3352.799999995453 -3063.24
12192 3352.799999995453 -3078.48
12192 3352.799999995453 -3093.72
12192 3352.799999995453 -3108.96
12192 3657.599999990904 -3063.24
12192 3657.599999990904 -3078.48
12192 3657.599999990904 -3093.72
12192 3657.599999990904 -3108.96
12192 3962.399999990904 -3063.24
12192 3962.399999990904 -3078.48
12192 3962.399999990904 -3093.72
12192 3962.399999990904 -3108.96
12192 4267.199999995452 -3063.24
12192 4267.199999995452 -3078.48
12192 4267.199999995452 -3093.72
12192 4267.199999995452 -3108.96
3 35 0 64
5461
5462
5463
5464
5465
5466
5467
5468
5469
5470
5471
5472
5473
5474
5475
5476
5477
5478
5479
5480
5481
5482
5483
5484
5485
5486
5487
5488
5489
5490
5491
5492
5493
5494
5495
5496
5497
5498
5499
5500
5501
5502
5503
5504
5505
5506
5507
5508
5509
5510
5511
5512
5513
5514
5515
5516
5517
5518
5519
5520
5521
5522
5523
5524
14020.79999997926 3352.799999995453 -3063.24
14020.79999997926 3352.799999995453 -3078.48
14020.79999997926 3352.799999995453 -3093.72
14020.79999997926 3352.799999995453 -3108.96
14020.79999997926 3657.599999990905 -3063.24
14020.79999997926 3657.599999990905 -3078.48
14020.79999997926 3657.599999990905 -3093.72
14020.79999997926 3657.599999990905 -3108.96
14020.79999997926 3962.399999990904 -3063.24
14020.79999997926 3962.399999990904 -3078.48
14020.79999997926 3962.399999990904 -3093.72
14020.79999997926 3962.399999990904 -3108.96
14020.79999997926 4267.199999995452 -3063.24
14020.79999997926 4267.199999995452 -3078.48
14020.79999997926 4267.199999995452 -3093.72
14020.79999997926 4267.199999995452 -3108.96
15239.99999997606 3352.799999995453 -3063.24
15239.99999997606 3352.799999995453 -3078.48
15239.99999997606 3352.799999995453 -3093.72
15239.99999997606 3352.799999995453 -3108.96
15239.99999997606 3657.599999990903 -3063.24
15239.99999997606 3657.599999990903 -3078.48
15239.99999997606 3657.599999990903 -3093.72
15239.99999997606 3657.599999990903 -3108.96
15239.99999997606 3962.399999990904 -3063.24
15239.99999997606 3962.399999990904 -3078.48
15239.99999997606 3962.399999990904 -3093.72
15239.99999997606 3962.399999990904 -3108.96
15239.99999997606 4267.199999995453 -3063.24
15239.99999997606 4267.199999995453 -3078.48
15239.99999997606 4267.199999995453 -3093.72
15239.99999997606 4267.199999995453 -3108.96
16459.19999997443 3352.799999995453 -3063.24
16459.19999997443 3352.799999995453 -3078.48
16459.19999997443 3352.799999995453 -3093.72
16459.19999997443 3352.799999995453 -3108.96
16459.19999997443 3657.599999990904 -3063.24
16459.19999997443 3657.599999990904 -3078.48
16459.19999997443 3657.599999990904 -3093.72
16459.19999997443 3657.599999990904 -3108.96
16459.19999997443 3962.399999990904 -3063.24
16459.19999997443 3962.399999990904 -3078.48
16459.19999997443 3962.399999990904 -3093.72
16459.19999997443 3962.399999990904 -3108.96
16459.19999997443 4267.199999995452 -3063.24
16459.19999997443 4267.199999995452 -3078.48
16459.19999997443 4267.199999995452 -3093.72
16459.19999997443 4267.199999995452 -3108.96
17678.39999998437 3352.799999995453 -3063.24
17678.39999998437 3352.799999995453 -3078.48
17678.39999998437 3352.799999995453 -3093.72
17678.39999998437 3352.799999995453 -3108.96
17678.39999998437 3657.599999990905 -3063.24
17678.39999998437 3657.599999990905 -3078.48
17678.39999998437 3657.599999990905 -3093.72
17678.39999998437 3657.599999990905 -3108.96
17678.39999998437 3962.399999990904 -3063.24
17678.39999998437 3962.399999990904 -3078.48
17678.39999998437 3962.399999990904 -3093.72
17678.39999998437 3962.399999990904 -3108.96
17678.39999998437 4267.199999995452 -3063.24
17678.39999998437 4267.199999995452 -3078.48
17678.39999998437 4267.199999995452 -3093.72
17678.39999998437 4267.199999995452 -3108.96
3 36 0 0
3 37 0 0
3 38 0 0
3 39 0 0
3 40 0 0
3 41 0 64
5525
5526
5527
5528
5529
5530
5531
5532
5533
5534
5535
5536
5537
5538
5539
5540
5541
5542
5543
5544
5545
5546
5547
5548
5549
5550
5551
5552
5553
5554
5555
5556
5557
5558
5559
5560
5561
5562
5563
5564
5565
5566
5567
5568
5569
5570
5571
5572
5573
5574
5575
5576
5577
5578
5579
5580
5581
5582
5583
5584
5585
5586
5587
5588
1219.199999998611 5181.6 -3063.24
1219.199999998611 5181.6 -3078.48
1219.199999998611 5181.6 -3093.72
1219.199999998611 5181.6 -3108.96
1219.199999998611 5486.400000000001 -3063.24
1219.199999998611 5486.400000000001 -3078.48
1219.199999998611 5486.400000000001 -3093.72
1219.199999998611 5486.400000000001 -3108.96
1219.199999998611 5791.200000000001 -3063.24
1219.199999998611 5791.200000000001 -3078.48
1219.199999998611 5791.200000000001 -3093.72
1219.199999998611 5791.200000000001 -3108.96
1219.199999998611 6096 -3063.24
1219.199999998611 6096 -3078.48
1219.199999998611 6096 -3093.72
1219.199999998611 6096 -3108.96
2438.399999995658 5181.6 -3063.24
2438.399999995658 5181.6 -3078.48
2438.399999995658 5181.6 -3093.72
2438.399999995658 5181.6 -3108.96
2438.399999995659 5486.400000000001 -3063.24
2438.399999995659 5486.400000000001 -3078.48
2438.399999995659 5486.400000000001 -3093.72
2438.399999995659 5486.400000000001 -3108.96
2438.399999995659 5791.200000000001 -3063.24
2438.399999995659 5791.200000000001 -3078.48
2438.399999995659 5791.200000000001 -3093.72
2438.399999995659 5791.200000000001 -3108.96
2438.399999995659 6096 -3063.24
2438.399999995659 6096 -3078.48
2438.399999995659 6096 -3093.72
2438.399999995659 6096 -3108.96
3657.599999994075 5181.6 -3063.24
3657.599999994075 5181.6 -3078.48
3657.599999994075 5181.6 -3093.72
3657.599999994075 5181.6 -3108.96
3657.599999994075 5486.4 -3063.24
3657.599999994075 5486.4 -3078.48
3657.599999994075 5486.4 -3093.72
3657.599999994075 5486.4 -3108.96
3657.599999994075 5791.200000000002 -3063.24
3657.599999994075 5791.200000000002 -3078.48
3657.599999994075 5791.200000000002 -3093.72
3657.599999994075 5791.200000000002 -3108.96
3657.599999994074 6096 -3063.24
3657.599999994074 6096 -3078.48
3657.599999994074 6096 -3093.72
3657.599999994074 6096 -3108.96
4876.799999997034 5181.6 -3063.24
4876.799999997034 5181.6 -3078.48
4876.799999997034 5181.6 -3093.72
4876.799999997034 5181.6 -3108.96
4876.799999997036 5486.400000000001 -3063.24
4876.799999997036 5486.400000000001 -3078.48
4876.799999997036 5486.400000000001 -3093.72
4876.799999997036 5486.400000000001 -3108.96
4876.799999997036 5791.200000000002 -3063.24
4876.799999997036 5791.200000000002 -3078.48
4876.799999997036 5791.200000000002 -3093.72
4876.799999997036 5791.200000000002 -3108.96
4876.799999997037 6096 -3063.24
4876.799999997037 6096 -3078.48
4876.799999997037 6096 -3093.72
4876.799999997037 6096 -3108.96
3 42 0 64
5589
5590
5591
5592
5593
5594
5595
5596
5597
5598
5599
5600
5601
5602
5603
5604
5605
5606
5607
5608
5609
5610
5611
5612
5613
5614
5615
5616
5617
5618
5619
5620
5621
5622
5623
5624
5625
5626
5627
5628
5629
5630
5631
5632
5633
5634
5635
5636
5637
5638
5639
5640
5641
5642
5643
5644
5645
5646
5647
5648
5649
5650
5651
5652
6705.599999990905 5181.600000000001 -3063.24
6705.599999990905 5181.600000000001 -3078.48
6705.599999990905 5181.600000000001 -3093.72
6705.599999990905 5181.600000000001 -3108.96
6705.599999990905 5486.400000000001 -3063.24
6705.599999990905 5486.400000000001 -3078.48
6705.599999990905 5486.400000000001 -3093.72
6705.599999990905 5486.400000000001 -3108.96
6705.599999990905 5791.200000000001 -3063.24
6705.599999990905 5791.200000000001 -3078.48
6705.599999990905 5791.200000000001 -3093.72
6705.599999990905 5791.200000000001 -3108.96
6705.599999990905 6096 -3063.24
6705.599999990905 6096 -3078.48
6705.599999990905 6096 -3093.72
6705.599999990905 6096 -3108.96
7315.199999981807 5181.6 -3063.24
7315.199999981807 5181.6 -3078.48
7315.199999981807 5181.6 -3093.72
7315.199999981807 5181.6 -3108.96
7315.199999981805 5486.400000000001 -3063.24
7315.199999981805 5486.400000000001 -3078.48
7315.199999981805 5486.400000000001 -3093.72
7315.199999981805 5486.400000000001 -3108.96
7315.199999981807 5791.200000000001 -3063.24
7315.199999981807 5791.200000000001 -3078.48
7315.199999981807 5791.200000000001 -3093.72
7315.199999981807 5791.200000000001 -3108.96
7315.199999981808 6096 -3063.24
7315.199999981808 6096 -3078.48
7315.199999981808 6096 -3093.72
7315.199999981808 6096 -3108.96
7924.799999981808 5181.600000000001 -3063.24
7924.799999981808 5181.600000000001 -3078.48
7924.799999981808 5181.600000000001 -3093.72
7924.799999981808 5181.600000000001 -3108.96
7924.799999981808 5486.4 -3063.24
7924.799999981808 5486.4 -3078.48
7924.799999981808 5486.4 -3093.72
7924.799999981808 5486.4 -3108.96
7924.799999981808 5791.200000000001 -3063.24
7924.799999981808 5791.200000000001 -3078.48
7924.799999981808 5791.200000000001 -3093.72
7924.799999981808 5791.200000000001 -3108.96
7924.799999981808 6096 -3063.24
7924.799999981808 6096 -3078.48
7924.799999981808 6096 -3093.72
7924.799999981808 6096 -3108.96
8534.399999990905 5181.6 -3063.24
8534.399999990905 5181.6 -3078.48
8534.399999990905 5181.6 -3093.72
8534.399999990905 5181.6 -3108.96
8534.399999990905 5486.400000000001 -3063.24
8534.399999990905 5486.400000000001 -3078.48
8534.399999990905 5486.400000000001 -3093.72
8534.399999990905 5486.400000000001 -3108.96
8534.399999990905 5791.200000000001 -3063.24
8534.399999990905 5791.200000000001 -3078.48
8534.399999990905 5791.200000000001 -3093.72
8534.399999990905 5791.200000000001 -3108.96
8534.399999990905 6096 -3063.24
8534.399999990905 6096 -3078.48
8534.399999990905 6096 -3093.72
8534.399999990905 6096 -3108.96
3 43 0 0
3 44 0 64
5653
5654
5655
5656
5657
5658
5659
5660
5661
5662
5663
5664
5665
5666
5667
5668
5669
5670
5671
5672
5673
5674
5675
5676
5677
5678
5679
5680
5681
5682
5683
5684
5685
5686
5687
5688
5689
5690
5691
5692
5693
5694
5695
5696
5697
5698
5699
5700
5701
5702
5703
5704
5705
5706
5707
5708
5709
5710
5711
5712
5713
5714
5715
5716
10363.2 5181.6 -3063.24
10363.2 5181.6 -3078.48
10363.2 5181.6 -3093.72
10363.2 5181.6 -3108.96
10363.2 5486.400000000001 -3063.24
10363.2 5486.400000000001 -3078.48
10363.2 5486.400000000001 -3093.72
10363.2 5486.400000000001 -3108.96
10363.2 5791.200000000001 -3063.24
10363.2 5791.200000000001 -3078.48
10363.2 5791.200000000001 -3093.72
10363.2 5791.200000000001 -3108.96
10363.2 6096 -3063.24
10363.2 6096 -3078.48
10363.2 6096 -3093.72
10363.2 6096 -3108.96
10972.8 5181.6 -3063.24
10972.8 5181.6 -3078.48
10972.8 5181.6 -3093.72
10972.8 5181.6 -3108.96
10972.8 5486.400000000001 -3063.24
10972.8 5486.400000000001 -3078.48
10972.8 5486.400000000001 -3093.72
10972.8 5486.400000000001 -3108.96
10972.8 5791.200000000001 -3063.24
10972.8 5791.200000000001 -3078.48
10972.8 5791.200000000001 -3093.72
10972.8 5791.200000000001 -3108.96
10972.8 6096 -3063.24
10972.8 6096 -3078.48
10972.8 6096 -3093.72
10972.8 6096 -3108.96
11582.4 5181.6 -3063.24
11582.4 5181.6 -3078.48
11582.4 5181.6 -3093.72
11582.4 5181.6 -3108.96
11582.4 5486.400000000001 -3063.24
11582.4 5486.400000000001 -3078.48
11582.4 5486.400000000001 -3093.72
11582.4 5486.400000000001 -3108.96
11582.4 5791.200000000001 -3063.24
11582.4 5791.200000000001 -3078.48
11582.4 5791.200000000001 -3093.72
11582.4 5791.200000000001 -3108.96
11582.4 6096 -3063.24
11582.4 6096 -3078.48
11582.4 6096 -3093.72
11582.4 6096 -3108.96
12192 5181.600000000001 -3063.24
12192 5181.600000000001 -3078.48
12192 5181.600000000001 -3093.72
12192 5181.600000000001 -3108.96
12192 5486.400000000001 -3063.24
12192 5486.400000000001 -3078.48
12192 5486.400000000001 -3093.72
12192 5486.400000000001 -3108.96
12192 5791.200000000002 -3063.24
12192 5791.200000000002 -3078.48
12192 5791.200000000002 -3093.72
12192 5791.200000000002 -3108.96
12192 6096 -3063.24
12192 6096 -3078.48
12192 6096 -3093.72
12192 6096 -3108.96
3 45 0 64
5717
5718
5719
5720
5721
5722
5723
5724
5725
5726
5727
5728
5729
5730
5731
5732
5733
5734
5735
5736
5737
5738
5739
5740
5741
5742
5743
5744
5745
5746
5747
5748
5749
5750
5751
5752
5753
5754
5755
5756
5757
5758
5759
5760
5761
5762
5763
5764
5765
5766
5767
5768
5769
5770
5771
5772
5773
5774
5775
5776
5777
5778
5779
5780
14020.79999997925 5181.6 -3063.24
14020.79999997925 5181.6 -3078.48
14020.79999997925 5181.6 -3093.72
14020.79999997925 5181.6 -3108.96
14020.79999997926 5486.4 -3063.24
14020.79999997926 5486.4 -3078.48
14020.79999997926 5486.4 -3093.72
14020.79999997926 5486.4 -3108.96
14020.79999997926 5791.200000000001 -3063.24
14020.79999997926 5791.200000000001 -3078.48
14020.79999997926 5791.200000000001 -3093.72
14020.79999997926 5791.200000000001 -3108.96
14020.79999997926 6095.999999999999 -3063.24
14020.79999997926 6095.999999999999 -3078.48
14020.79999997926 6095.999999999999 -3093.72
14020.79999997926 6095.999999999999 -3108.96
15239.99999997606 5181.6 -3063.24
15239.99999997606 5181.6 -3078.48
15239.99999997606 5181.6 -3093.72
15239.99999997606 5181.6 -3108.96
15239.99999997606 5486.400000000001 -3063.24
15239.99999997606 5486.400000000001 -3078.48
15239.99999997606 5486.400000000001 -3093.72
15239.99999997606 5486.400000000001 -3108.96
15239.99999997606 5791.200000000001 -3063.24
15239.99999997606 5791.200000000001 -3078.48
15239.99999997606 5791.200000000001 -3093.72
15239.99999997606 5791.200000000001 -3108.96
15239.99999997606 6096 -3063.24
15239.99999997606 6096 -3078.48
15239.99999997606 6096 -3093.72
15239.99999997606 6096 -3108.96
16459.19999997443 5181.6 -3063.24
16459.19999997443 5181.6 -3078.48
16459.19999997443 5181.6 -3093.72
16459.19999997443 5181.6 -3108.96
16459.19999997443 5486.4 -3063.24
16459.19999997443 5486.4 -3078.48
16459.19999997443 5486.4 -3093.72
16459.19999997443 5486.4 -3108.96
16459.19999997443 5791.200000000001 -3063.24
16459.19999997443 5791.200000000001 -3078.48
16459.19999997443 5791.200000000001 -3093.72
16459.19999997443 5791.200000000001 -3108.96
16459.19999997443 6096 -3063.24
16459.19999997443 6096 -3078.48
16459.19999997443 6096 -3093.72
16459.19999997443 6096 -3108.96
17678.39999998437 5181.6 -3063.24
17678.39999998437 5181.6 -3078.48
17678.39999998437 5181.6 -3093.72
17678.39999998437 5181.6 -3108.96
17678.39999998437 5486.400000000001 -3063.24
17678.39999998437 5486.400000000001 -3078.48
17678.39999998437 5486.400000000001 -3093.72
17678.39999998437 5486.400000000001 -3108.96
17678.39999998437 5791.200000000002 -3063.24
17678.39999998437 5791.200000000002 -3078.48
17678.39999998437 5791.200000000002 -3093.72
17678.39999998437 5791.200000000002 -3108.96
17678.39999998437 6096 -3063.24
17678.39999998437 6096 -3078.48
17678.39999998437 6096 -3093.72
17678.39999998437 6096 -3108.96
3 46 0 64
5781
5782
5783
5784
5785
5786
5787
5788
5789
5790
5791
5792
5793
5794
5795
5796
5797
5798
5799
5800
5801
5802
5803
5804
5805
5806
5807
5808
5809
5810
5811
5812
5813
5814
5815
5816
5817
5818
5819
5820
5821
5822
5823
5824
5825
5826
5827
5828
5829
5830
5831
5832
5833
5834
5835
5836
5837
5838
5839
5840
5841
5842
5843
5844
1219.199999998612 7010.399999989627 -3063.24
1219.199999998612 7010.399999989627 -3078.48
1219.199999998612 7010.399999989627 -3093.72
1219.199999998612 7010.399999989627 -3108.96
1219.199999998611 7619.999999988029 -3063.24
1219.199999998611 7619.999999988029 -3078.48
1219.199999998611 7619.999999988029 -3093.72
1219.199999998611 7619.999999988029 -3108.96
1219.199999998611 8229.599999987213 -3063.24
1219.199999998611 8229.599999987213 -3078.48
1219.199999998611 8229.599999987213 -3093.72
1219.199999998611 8229.599999987213 -3108.96
1219.199999998611 8839.199999992185 -3063.24
1219.199999998611 8839.199999992185 -3078.48
1219.199999998611 8839.199999992185 -3093.72
1219.199999998611 8839.199999992185 -3108.96
2438.39999999566 7010.399999989628 -3063.24
2438.39999999566 7010.399999989628 -3078.48
2438.39999999566 7010.399999989628 -3093.72
2438.39999999566 7010.399999989628 -3108.96
2438.399999995659 7619.999999988028 -3063.24
2438.399999995659 7619.999999988028 -3078.48
2438.399999995659 7619.999999988028 -3093.72
2438.399999995659 7619.999999988028 -3108.96
2438.399999995659 8229.599999987213 -3063.24
2438.399999995659 8229.599999987213 -3078.48
2438.399999995659 8229.599999987213 -3093.72
2438.399999995659 8229.599999987213 -3108.96
2438.399999995659 8839.199999992185 -3063.24
2438.399999995659 8839.199999992185 -3078.48
2438.399999995659 8839.199999992185 -3093.72
2438.399999995659 8839.199999992185 -3108.96
3657.599999994075 7010.39999998963 -3063.24
3657.599999994075 7010.39999998963 -3078.48
3657.599999994075 7010.39999998963 -3093.72
3657.599999994075 7010.39999998963 -3108.96
3657.599999994074 7619.999999988029 -3063.24
3657.599999994074 7619.999999988029 -3078.48
3657.599999994074 7619.999999988029 -3093.72
3657.599999994074 7619.999999988029 -3108.96
3657.599999994074 8229.599999987213 -3063.24
3657.599999994074 8229.599999987213 -3078.48
3657.599999994074 8229.599999987213 -3093.72
3657.599999994074 8229.599999987213 -3108.96
3657.599999994075 8839.199999992185 -3063.24
3657.599999994075 8839.199999992185 -3078.48
3657.599999994075 8839.199999992185 -3093.72
3657.599999994075 8839.199999992185 -3108.96
4876.799999997039 7010.399999989627 -3063.24
4876.799999997039 7010.399999989627 -3078.48
4876.799999997039 7010.399999989627 -3093.72
4876.799999997039 7010.399999989627 -3108.96
4876.799999997036 7619.999999988028 -3063.24
4876.799999997036 7619.999999988028 -3078.48
4876.799999997036 7619.999999988028 -3093.72
4876.799999997036 7619.999999988028 -3108.96
4876.799999997036 8229.599999987215 -3063.24
4876.799999997036 8229.599999987215 -3078.48
4876.799999997036 8229.599999987215 -3093.72
4876.799999997036 8229.599999987215 -3108.96
4876.799999997037 8839.199999992185 -3063.24
4876.799999997037 8839.199999992185 -3078.48
4876.799999997037 8839.199999992185 -3093.72
4876.799999997037 8839.199999992185 -3108.96
3 47 0 64
5845
5846
5847
5848
5849
5850
5851
5852
5853
5854
5855
5856
5857
5858
5859
5860
5861
5862
5863
5864
5865
5866
5867
5868
5869
5870
5871
5872
5873
5874
5875
5876
5877
5878
5879
5880
5881
5882
5883
5884
5885
5886
5887
5888
5889
5890
5891
5892
5893
5894
5895
5896
5897
5898
5899
5900
5901
5902
5903
5904
5905
5906
5907
5908
6705.599999990903 7010.399999989628 -3063.24
6705.599999990903 7010.399999989628 -3078.48
6705.599999990903 7010.399999989628 -3093.72
6705.599999990903 7010.399999989628 -3108.96
6705.599999990904 7619.999999988027 -3063.24
6705.599999990904 7619.999999988027 -3078.48
6705.599999990904 7619.999999988027 -3093.72
6705.599999990904 7619.999999988027 -3108.96
6705.599999990903 8229.599999987213 -3063.24
6705.599999990903 8229.599999987213 -3078.48
6705.599999990903 8229.599999987213 -3093.72
6705.599999990903 8229.599999987213 -3108.96
6705.599999990904 8839.199999992183 -3063.24
6705.599999990904 8839.199999992183 -3078.48
6705.599999990904 8839.199999992183 -3093.72
6705.599999990904 8839.199999992183 -3108.96
7315.199999981807 7010.399999989628 -3063.24
7315.199999981807 7010.399999989628 -3078.48
7315.199999981807 7010.399999989628 -3093.72
7315.199999981807 7010.399999989628 -3108.96
7315.199999981807 7619.999999988029 -3063.24
7315.199999981807 7619.999999988029 -3078.48
7315.199999981807 7619.999999988029 -3093.72
7315.199999981807 7619.999999988029 -3108.96
7315.199999981809 8229.599999987213 -3063.24
7315.199999981809 8229.599999987213 -3078.48
7315.199999981809 8229.599999987213 -3093.72
7315.199999981809 8229.599999987213 -3108.96
7315.199999981807 8839.199999992185 -3063.24
7315.199999981807 8839.199999992185 -3078.48
7315.199999981807 8839.199999992185 -3093.72
7315.199999981807 8839.199999992185 -3108.96
7924.799999981808 7010.399999989628 -3063.24
7924.799999981808 7010.399999989628 -3078.48
7924.799999981808 7010.399999989628 -3093.72
7924.799999981808 7010.399999989628 -3108.96
7924.799999981808 7619.999999988028 -3063.24
7924.799999981808 7619.999999988028 -3078.48
7924.799999981808 7619.999999988028 -3093.72
7924.799999981808 7619.999999988028 -3108.96
7924.799999981808 8229.599999987213 -3063.24
7924.799999981808 8229.599999987213 -3078.48
7924.799999981808 8229.599999987213 -3093.72
7924.799999981808 8229.599999987213 -3108.96
7924.799999981808 8839.199999992185 -3063.24
7924.799999981808 8839.199999992185 -3078.48
7924.799999981808 8839.199999992185 -3093.72
7924.799999981808 8839.199999992185 -3108.96
8534.399999990905 7010.399999989627 -3063.24
8534.399999990905 7010.399999989627 -3078.48
8534.399999990905 7010.399999989627 -3093.72
8534.399999990905 7010.399999989627 -3108.96
8534.399999990903 7619.999999988028 -3063.24
8534.399999990903 7619.999999988028 -3078.48
8534.399999990903 7619.999999988028 -3093.72
8534.399999990903 7619.999999988028 -3108.96
8534.399999990905 8229.599999987213 -3063.24
8534.399999990905 8229.599999987213 -3078.48
8534.399999990905 8229.599999987213 -3093.72
8534.399999990905 8229.599999987213 -3108.96
8534.399999990905 8839.199999992185 -3063.24
8534.399999990905 8839.199999992185 -3078.48
8534.399999990905 8839.199999992185 -3093.72
8534.399999990905 8839.199999992185 -3108.96
3 48 0 0
3 49 0 64
5909
5910
5911
5912
5913
5914
5915
5916
5917
5918
5919
5920
5921
5922
5923
5924
5925
5926
5927
5928
5929
5930
5931
5932
5933
5934
5935
5936
5937
5938
5939
5940
5941
5942
5943
5944
5945
5946
5947
5948
5949
5950
5951
5952
5953
5954
5955
5956
5957
5958
5959
5960
5961
5962
5963
5964
5965
5966
5967
5968
5969
5970
5971
5972
10363.2 7010.399999989627 -3063.24
10363.2 7010.399999989627 -3078.48
10363.2 7010.399999989627 -3093.72
10363.2 7010.399999989627 -3108.96
10363.2 7619.999999988029 -3063.24
10363.2 7619.999999988029 -3078.48
10363.2 7619.999999988029 -3093.72
10363.2 7619.999999988029 -3108.96
10363.2 8229.599999987209 -3063.24
10363.2 8229.599999987209 -3078.48
10363.2 8229.599999987209 -3093.72
10363.2 8229.599999987209 -3108.96
10363.2 8839.199999992185 -3063.24
10363.2 8839.199999992185 -3078.48
10363.2 8839.199999992185 -3093.72
10363.2 8839.199999992185 -3108.96
10972.8 7010.399999989628 -3063.24
10972.8 7010.399999989628 -3078.48
10972.8 7010.399999989628 -3093.72
10972.8 7010.399999989628 -3108.96
10972.8 7619.999999988029 -3063.24
10972.8 7619.999999988029 -3078.48
10972.8 7619.999999988029 -3093.72
10972.8 7619.999999988029 -3108.96
10972.8 8229.599999987211 -3063.24
10972.8 8229.599999987211 -3078.48
10972.8 8229.599999987211 -3093.72
10972.8 8229.599999987211 -3108.96
10972.8 8839.199999992185 -3063.24
10972.8 8839.199999992185 -3078.48
10972.8 8839.199999992185 -3093.72
10972.8 8839.199999992185 -3108.96
11582.4 7010.399999989625 -3063.24
11582.4 7010.399999989625 -3078.48
11582.4 7010.399999989625 -3093.72
11582.4 7010.399999989625 -3108.96
11582.40000000001 7619.99999998803 -3063.24
11582.40000000001 7619.99999998803 -3078.48
11582.40000000001 7619.99999998803 -3093.72
11582.40000000001 7619.99999998803 -3108.96
11582.4 8229.599999987213 -3063.24
11582.4 8229.599999987213 -3078.48
11582.4 8229.599999987213 -3093.72
11582.4 8229.599999987213 -3108.96
11582.4 8839.199999992185 -3063.24
11582.4 8839.199999992185 -3078.48
11582.4 8839.199999992185 -3093.72
11582.4 8839.199999992185 -3108.96
12192 7010.399999989624 -3063.24
12192 7010.399999989624 -3078.48
12192 7010.399999989624 -3093.72
12192 7010.399999989624 -3108.96
12192 7619.999999988029 -3063.24
12192 7619.999999988029 -3078.48
12192 7619.999999988029 -3093.72
12192 7619.999999988029 -3108.96
12192 8229.599999987213 -3063.24
12192 8229.599999987213 -3078.48
12192 8229.599999987213 -3093.72
12192 8229.599999987213 -3108.96
12192 8839.199999992185 -3063.24
12192 8839.199999992185 -3078.48
12192 8839.199999992185 -3093.72
12192 8839.199999992185 -3108.96
3 50 0 64
5973
5974
5975
5976
5977
5978
5979
5980
5981
5982
5983
5984
5985
5986
5987
5988
5989
5990
5991
5992
5993
5994
5995
5996
5997
5998
5999
6000
6001
6002
6003
6004
6005
6006
6007
6008
6009
6010
6011
6012
6013
6014
6015
6016
6017
6018
6019
6020
6021
6022
6023
6024
6025
6026
6027
6028
6029
6030
6031
6032
6033
6034
6035
6036
14020.79999997926 7010.399999989628 -3063.24
14020.79999997926 7010.399999989628 -3078.48
14020.79999997926 7010.399999989628 -3093.72
14020.79999997926 7010.399999989628 -3108.96
14020.79999997925 7619.999999988028 -3063.24
14020.79999997925 7619.999999988028 -3078.48
14020.79999997925 7619.999999988028 -3093.72
14020.79999997925 7619.999999988028 -3108.96
14020.79999997926 8229.599999987211 -3063.24
14020.79999997926 8229.599999987211 -3078.48
14020.79999997926 8229.599999987211 -3093.72
14020.79999997926 8229.599999987211 -3108.96
14020.79999997926 8839.199999992183 -3063.24
14020.79999997926 8839.199999992183 -3078.48
14020.79999997926 8839.199999992183 -3093.72
14020.79999997926 8839.199999992183 -3108.96
15239.99999997605 7010.399999989626 -3063.24
15239.99999997605 7010.399999989626 -3078.48
15239.99999997605 7010.399999989626 -3093.72
15239.99999997605 7010.399999989626 -3108.96
15239.99999997606 7619.999999988029 -3063.24
15239.99999997606 7619.999999988029 -3078.48
15239.99999997606 7619.999999988029 -3093.72
15239.99999997606 7619.999999988029 -3108.96
15239.99999997606 8229.599999987211 -3063.24
15239.99999997606 8229.599999987211 -3078.48
15239.99999997606 8229.599999987211 -3093.72
15239.99999997606 8229.599999987211 -3108.96
15239.99999997606 8839.199999992185 -3063.24
15239.99999997606 8839.199999992185 -3078.48
15239.99999997606 8839.199999992185 -3093.72
15239.99999997606 8839.199999992185 -3108.96
16459.19999997442 7010.399999989627 -3063.24
16459.19999997442 7010.399999989627 -3078.48
16459.19999997442 7010.399999989627 -3093.72
16459.19999997442 7010.399999989627 -3108.96
16459.19999997442 7619.999999988029 -3063.24
16459.19999997442 7619.999999988029 -3078.48
16459.19999997442 7619.999999988029 -3093.72
16459.19999997442 7619.999999988029 -3108.96
16459.19999997443 8229.599999987213 -3063.24
16459.19999997443 8229.599999987213 -3078.48
16459.19999997443 8229.599999987213 -3093.72
16459.19999997443 8229.599999987213 -3108.96
16459.19999997443 8839.199999992185 -3063.24
16459.19999997443 8839.199999992185 -3078.48
16459.19999997443 8839.199999992185 -3093.72
16459.19999997443 8839.199999992185 -3108.96
17678.39999998437 7010.399999989624 -3063.24
17678.39999998437 7010.399999989624 -3078.48
17678.39999998437 7010.399999989624 -3093.72
17678.39999998437 7010.399999989624 -3108.96
17678.39999998437 7619.999999988029 -3063.24
17678.39999998437 7619.999999988029 -3078.48
17678.39999998437 7619.999999988029 -3093.72
17678.39999998437 7619.999999988029 -3108.96
17678.39999998437 8229.599999987213 -3063.24
17678.39999998437 8229.599999987213 -3078.48
17678.39999998437 8229.599999987213 -3093.72
17678.39999998437 8229.599999987213 -3108.96
17678.39999998437 8839.199999992183 -3063.24
17678.39999998437 8839.199999992183 -3078.48
17678.39999998437 8839.199999992183 -3093.72
17678.39999998437 8839.199999992183 -3108.96
3 51 0 16
6037
6038
6039
6040
6041
6042
6043
6044
6045
6046
6047
6048
6049
6050
6051
6052
1219.199999998611 609.5999999993057 -3154.68
1219.199999998611 1219.199999997829 -3154.68
1219.199999998611 1828.799999997037 -3154.68
1219.199999998611 2438.399999998519 -3154.68
2438.399999995659 609.5999999993057 -3154.68
2438.399999995659 1219.199999997829 -3154.68
2438.399999995659 1828.799999997038 -3154.68
2438.399999995659 2438.399999998519 -3154.68
3657.599999994074 609.5999999993057 -3154.68
3657.599999994075 1219.199999997829 -3154.68
3657.599999994074 1828.799999997037 -3154.68
3657.599999994075 2438.399999998519 -3154.68
4876.799999997037 609.5999999993057 -3154.68
4876.799999997037 1219.199999997829 -3154.68
4876.799999997037 1828.799999997037 -3154.68
4876.799999997037 2438.399999998519 -3154.68
3 52 0 16
6053
6054
6055
6056
6057
6058
6059
6060
6061
6062
6063
6064
6065
6066
6067
6068
6705.599999990905 609.5999999993057 -3154.68
6705.599999990905 1219.199999997829 -3154.68
6705.599999990905 1828.799999997038 -3154.68
6705.599999990904 2438.399999998518 -3154.68
7315.199999981807 609.5999999993057 -3154.68
7315.199999981807 1219.19999999783 -3154.68
7315.199999981809 1828.799999997037 -3154.68
7315.199999981807 2438.399999998518 -3154.68
7924.799999981808 609.5999999993057 -3154.68
7924.799999981808 1219.199999997829 -3154.68
7924.799999981808 1828.799999997037 -3154.68
7924.799999981808 2438.399999998519 -3154.68
8534.399999990905 609.5999999993057 -3154.68
8534.399999990903 1219.199999997829 -3154.68
8534.399999990907 1828.799999997037 -3154.68
8534.399999990905 2438.399999998519 -3154.68
3 53 0 0
3 54 0 16
6069
6070
6071
6072
6073
6074
6075
6076
6077
6078
6079
6080
6081
6082
6083
6084
10363.2 609.5999999993057 -3154.68
10363.2 1219.199999997829 -3154.68
10363.2 1828.799999997037 -3154.68
10363.2 2438.399999998517 -3154.68
10972.8 609.5999999993057 -3154.68
10972.8 1219.199999997829 -3154.68
10972.8 1828.799999997037 -3154.68
10972.8 2438.399999998518 -3154.68
11582.4 609.5999999993057 -3154.68
11582.4 1219.199999997829 -3154.68
11582.4 1828.799999997038 -3154.68
11582.4 2438.399999998518 -3154.68
12192 609.5999999993057 -3154.68
12192 1219.199999997829 -3154.68
12192 1828.799999997037 -3154.68
12192 2438.399999998519 -3154.68
3 55 0 16
6085
6086
6087
6088
6089
6090
6091
6092
6093
6094
6095
6096
6097
6098
6099
6100
14020.79999997926 609.5999999993057 -3154.68
14020.79999997926 1219.199999997829 -3154.68
14020.79999997926 1828.799999997037 -3154.68
14020.79999997926 2438.399999998519 -3154.68
15239.99999997606 609.5999999993057 -3154.68
15239.99999997606 1219.199999997829 -3154.68
15239.99999997606 1828.799999997038 -3154.68
15239.99999997606 2438.399999998518 -3154.68
16459.19999997443 609.5999999993057 -3154.68
16459.19999997443 1219.199999997829 -3154.68
16459.19999997443 1828.799999997037 -3154.68
16459.19999997443 2438.399999998518 -3154.68
17678.39999998437 609.5999999993057 -3154.68
17678.39999998437 1219.19999999783 -3154.68
17678.39999998437 1828.799999997037 -3154.68
17678.39999998437 2438.399999998519 -3154.68
3 56 0 16
6101
6102
6103
6104
6105
6106
6107
6108
6109
6110
6111
6112
6113
6114
6115
6116
1219.199999998612 3352.799999995451 -3154.68
1219.199999998611 3657.599999990904 -3154.68
1219.199999998611 3962.399999990904 -3154.68
1219.199999998611 4267.199999995452 -3154.68
2438.39999999566 3352.799999995453 -3154.68
2438.399999995659 3657.599999990904 -3154.68
2438.399999995659 3962.399999990904 -3154.68
2438.399999995659 4267.199999995451 -3154.68
3657.599999994075 3352.799999995453 -3154.68
3657.599999994074 3657.599999990905 -3154.68
3657.599999994075 3962.399999990904 -3154.68
3657.599999994074 4267.199999995452 -3154.68
4876.799999997036 3352.799999995452 -3154.68
4876.799999997037 3657.599999990903 -3154.68
4876.799999997037 3962.399999990904 -3154.68
4876.799999997037 4267.199999995452 -3154.68
3 57 0 16
6117
6118
6119
6120
6121
6122
6123
6124
6125
6126
6127
6128
6129
6130
6131
6132
6705.599999990904 3352.799999995453 -3154.68
6705.599999990903 3657.599999990904 -3154.68
6705.599999990904 3962.399999990904 -3154.68
6705.599999990904 4267.199999995452 -3154.68
7315.199999981807 3352.799999995451 -3154.68
7315.199999981807 3657.599999990904 -3154.68
7315.199999981807 3962.399999990904 -3154.68
7315.199999981808 4267.199999995453 -3154.68
7924.799999981808 3352.799999995453 -3154.68
7924.799999981808 3657.599999990905 -3154.68
7924.799999981808 3962.399999990904 -3154.68
7924.799999981808 4267.199999995452 -3154.68
8534.399999990905 3352.799999995453 -3154.68
8534.399999990905 3657.599999990905 -3154.68
8534.399999990905 3962.399999990904 -3154.68
8534.399999990905 4267.199999995452 -3154.68
3 58 0 0
3 59 0 16
6133
6134
6135
6136
6137
6138
6139
6140
6141
6142
6143
6144
6145
6146
6147
6148
10363.2 3352.799999995453 -3154.68
10363.2 3657.599999990904 -3154.68
10363.2 3962.399999990904 -3154.68
10363.2 4267.199999995452 -3154.68
10972.8 3352.799999995453 -3154.68
10972.80000000001 3657.599999990903 -3154.68
10972.8 3962.399999990904 -3154.68
10972.8 4267.199999995451 -3154.68
11582.40000000001 3352.799999995453 -3154.68
11582.4 3657.599999990904 -3154.68
11582.4 3962.399999990904 -3154.68
11582.4 4267.199999995452 -3154.68
12192 3352.799999995453 -3154.68
12192 3657.599999990904 -3154.68
12192 3962.399999990904 -3154.68
12192 4267.199999995452 -3154.68
3 60 0 16
6149
6150
6151
6152
6153
6154
6155
6156
6157
6158
6159
6160
6161
6162
6163
6164
14020.79999997926 3352.799999995453 -3154.68
14020.79999997926 3657.599999990905 -3154.68
14020.79999997926 3962.399999990904 -3154.68
14020.79999997926 4267.199999995452 -3154.68
15239.99999997606 3352.799999995453 -3154.68
15239.99999997606 3657.599999990903 -3154.68
15239.99999997606 3962.399999990904 -3154.68
15239.99999997606 4267.199999995453 -3154.68
16459.19999997443 3352.799999995453 -3154.68
16459.19999997443 3657.599999990904 -3154.68
16459.19999997443 3962.399999990904 -3154.68
16459.19999997443 4267.199999995452 -3154.68
17678.39999998437 3352.799999995453 -3154.68
17678.39999998437 3657.599999990905 -3154.68
17678.39999998437 3962.399999990904 -3154.68
17678.39999998437 4267.199999995452 -3154.68
3 61 0 0
3 62 0 0
3 63 0 0
3 64 0 0
3 65 0 0
3 66 0 16
6165
6166
6167
6168
6169
6170
6171
6172
6173
6174
6175
6176
6177
6178
6179
6180
1219.199999998611 5181.6 -3154.68
1219.199999998611 5486.400000000001 -3154.68
1219.199999998611 5791.200000000001 -3154.68
1219.199999998611 6096 -3154.68
2438.399999995658 5181.6 -3154.68
2438.399999995659 5486.400000000001 -3154.68
2438.399999995659 5791.200000000001 -3154.68
2438.399999995659 6096 -3154.68
3657.599999994075 5181.6 -3154.68
3657.599999994075 5486.4 -3154.68
3657.599999994075 5791.200000000002 -3154.68
3657.599999994074 6096 -3154.68
4876.799999997034 5181.6 -3154.68
4876.799999997036 5486.400000000001 -3154.68
4876.799999997036 5791.200000000002 -3154.68
4876.799999997037 6096 -3154.68
3 67 0 16
6181
6182
6183
6184
6185
6186
6187
6188
6189
6190
6191
6192
6193
6194
6195
6196
6705.599999990905 5181.600000000001 -3154.68
6705.599999990905 5486.400000000001 -3154.68
6705.599999990905 5791.200000000001 -3154.68
6705.599999990905 6096 -3154.68
7315.199999981807 5181.6 -3154.68
7315.199999981805 5486.400000000001 -3154.68
7315.199999981807 5791.200000000001 -3154.68
7315.199999981808 6096 -3154.68
7924.799999981808 5181.600000000001 -3154.68
7924.799999981808 5486.4 -3154.68
7924.799999981808 5791.200000000001 -3154.68
7924.799999981808 6096 -3154.68
8534.399999990905 5181.6 -3154.68
8534.399999990905 5486.400000000001 -3154.68
8534.399999990905 5791.200000000001 -3154.68
8534.399999990905 6096 -3154.68
3 68 0 0
3 69 0 16
6197
6198
6199
6200
6201
6202
6203
6204
6205
6206
6207
6208
6209
6210
6211
6212
10363.2 5181.6 -3154.68
10363.2 5486.400000000001 -3154.68
10363.2 5791.200000000001 -3154.68
10363.2 6096 -3154.68
10972.8 5181.6 -3154.68
10972.8 5486.400000000001 -3154.68
10972.8 5791.200000000001 -3154.68
10972.8 6096 -3154.68
11582.4 5181.6 -3154.68
11582.4 5486.400000000001 -3154.68
11582.4 5791.200000000001 -3154.68
11582.4 6096 -3154.68
12192 5181.600000000001 -3154.68
12192 5486.400000000001 -3154.68
12192 5791.200000000002 -3154.68
12192 6096 -3154.68
3 70 0 16
6213
6214
6215
6216
6217
6218
6219
6220
6221
6222
6223
6224
6225
6226
6227
6228
14020.79999997925 5181.6 -3154.68
14020.79999997926 5486.4 -3154.68
14020.79999997926 5791.200000000001 -3154.68
14020.79999997926 6095.999999999999 -3154.68
15239.99999997606 5181.6 -3154.68
15239.99999997606 5486.400000000001 -3154.68
15239.99999997606 5791.200000000001 -3154.68
15239.99999997606 6096 -3154.68
16459.19999997443 5181.6 -3154.68
16459.19999997443 5486.4 -3154.68
16459.19999997443 5791.200000000001 -3154.68
16459.19999997443 6096 -3154.68
17678.39999998437 5181.6 -3154.68
17678.39999998437 5486.400000000001 -3154.68
17678.39999998437 5791.200000000002 -3154.68
17678.39999998437 6096 -3154.68
3 71 0 16
6229
6230
6231
6232
6233
6234
6235
6236
6237
6238
6239
6240
6241
6242
6243
6244
1219.199999998612 7010.399999989627 -3154.68
1219.199999998611 7619.999999988029 -3154.68
1219.199999998611 8229.599999987213 -3154.68
1219.199999998611 8839.199999992185 -3154.68
2438.39999999566 7010.399999989628 -3154.68
2438.399999995659 7619.999999988028 -3154.68
2438.399999995659 8229.599999987213 -3154.68
2438.399999995659 8839.199999992185 -3154.68
3657.599999994075 7010.39999998963 -3154.68
3657.599999994074 7619.999999988029 -3154.68
3657.599999994074 8229.599999987213 -3154.68
3657.599999994075 8839.199999992185 -3154.68
4876.799999997039 7010.399999989627 -3154.68
4876.799999997036 7619.999999988028 -3154.68
4876.799999997036 8229.599999987215 -3154.68
4876.799999997037 8839.199999992185 -3154.68
3 72 0 16
6245
6246
6247
6248
6249
6250
6251
6252
6253
6254
6255
6256
6257
6258
6259
6260
6705.599999990903 7010.399999989628 -3154.68
6705.599999990904 7619.999999988027 -3154.68
6705.599999990903 8229.599999987213 -3154.68
6705.599999990904 8839.199999992183 -3154.68
7315.199999981807 7010.399999989628 -3154.68
7315.199999981807 7619.999999988029 -3154.68
7315.199999981809 8229.599999987213 -3154.68
7315.199999981807 8839.199999992185 -3154.68
7924.799999981808 7010.399999989628 -3154.68
7924.799999981808 7619.999999988028 -3154.68
7924.799999981808 8229.599999987213 -3154.68
7924.799999981808 8839.199999992185 -3154.68
8534.399999990905 7010.399999989627 -3154.68
8534.399999990903 7619.999999988028 -3154.68
8534.399999990905 8229.599999987213 -3154.68
8534.399999990905 8839.199999992185 -3154.68
3 73 0 0
3 74 0 16
6261
6262
6263
6264
6265
6266
6267
6268
6269
6270
6271
6272
6273
6274
6275
6276
10363.2 7010.399999989627 -3154.68
10363.2 7619.999999988029 -3154.68
10363.2 8229.599999987209 -3154.68
10363.2 8839.199999992185 -3154.68
10972.8 7010.399999989628 -3154.68
10972.8 7619.999999988029 -3154.68
10972.8 8229.599999987211 -3154.68
10972.8 8839.199999992185 -3154.68
11582.4 7010.399999989625 -3154.68
11582.40000000001 7619.99999998803 -3154.68
11582.4 8229.599999987213 -3154.68
11582.4 8839.199999992185 -3154.68
12192 7010.399999989624 -3154.68
12192 7619.999999988029 -3154.68
12192 8229.599999987213 -3154.68
12192 8839.199999992185 -3154.68
3 75 0 16
6277
6278
6279
6280
6281
6282
6283
6284
6285
6286
6287
6288
6289
6290
6291
6292
14020.79999997926 7010.399999989628 -3154.68
14020.79999997925 7619.999999988028 -3154.68
14020.79999997926 8229.599999987211 -3154.68
14020.79999997926 8839.199999992183 -3154.68
15239.99999997605 7010.399999989626 -3154.68
15239.99999997606 7619.999999988029 -3154.68
15239.99999997606 8229.599999987211 -3154.68
15239.99999997606 8839.199999992185 -3154.68
16459.19999997442 7010.399999989627 -3154.68
16459.19999997442 7619.999999988029 -3154.68
16459.19999997443 8229.599999987213 -3154.68
16459.19999997443 8839.199999992185 -3154.68
17678.39999998437 7010.399999989624 -3154.68
17678.39999998437 7619.999999988029 -3154.68
17678.39999998437 8229.599999987213 -3154.68
17678.39999998437 8839.199999992183 -3154.68
$EndNodes
$Elements
75 5292 1 5292
3 1 5 125
1 1237 145 1 241 3989 1493 353 1541 
2 3989 1493 353 1541 3990 1494 354 1542 
3 3990 1494 354 1542 3991 1495 355 1543 
4 3991 1495 355 1543 3992 1496 356 1544 
5 3992 1496 356 1544 1557 337 37 352 
6 1238 1237 241 242 3993 3989 1541 1545 
7 3993 3989 1541 1545 3994 3990 1542 1546 
8 3994 3990 1542 1546 3995 3991 1543 1547 
9 3995 3991 1543 1547 3996 3992 1544 1548 
10 3996 3992 1544 1548 1558 1557 352 351 
11 1239 1238 242 243 3997 3993 1545 1549 
12 3997 3993 1545 1549 3998 3994 1546 1550 
13 3998 3994 1546 1550 3999 3995 1547 1551 
14 3999 3995 1547 1551 4000 3996 1548 1552 
15 4000 3996 1548 1552 1559 1558 351 350 
16 1240 1239 243 244 4001 3997 1549 1553 
17 4001 3997 1549 1553 4002 3998 1550 1554 
18 4002 3998 1550 1554 4003 3999 1551 1555 
19 4003 3999 1551 1555 4004 4000 1552 1556 
20 4004 4000 1552 1556 1560 1559 350 349 
21 161 1240 244 7 1525 4001 1553 365 
22 1525 4001 1553 365 1526 4002 1554 366 
23 1526 4002 1554 366 1527 4003 1555 367 
24 1527 4003 1555 367 1528 4004 1556 368 
25 1528 4004 1556 368 348 1560 349 40 
26 1241 146 145 1237 4005 1497 1493 3989 
27 4005 1497 1493 3989 4006 1498 1494 3990 
28 4006 1498 1494 3990 4007 1499 1495 3991 
29 4007 1499 1495 3991 4008 1500 1496 3992 
30 4008 1500 1496 3992 1561 338 337 1557 
31 1242 1241 1237 1238 4009 4005 3989 3993 
32 4009 4005 3989 3993 4010 4006 3990 3994 
33 4010 4006 3990 3994 4011 4007 3991 3995 
34 4011 4007 3991 3995 4012 4008 3992 3996 
35 4012 4008 3992 3996 1562 1561 1557 1558 
36 1243 1242 1238 1239 4013 4009 3993 3997 
37 4013 4009 3993 3997 4014 4010 3994 3998 
38 4014 4010 3994 3998 4015 4011 3995 3999 
39 4015 4011 3995 3999 4016 4012 3996 4000 
40 4016 4012 3996 4000 1563 1562 1558 1559 
41 1244 1243 1239 1240 4017 4013 3997 4001 
42 4017 4013 3997 4001 4018 4014 3998 4002 
43 4018 4014 3998 4002 4019 4015 3999 4003 
44 4019 4015 3999 4003 4020 4016 4000 4004 
45 4020 4016 4000 4004 1564 1563 1559 1560 
46 162 1244 1240 161 1529 4017 4001 1525 
47 1529 4017 4001 1525 1530 4018 4002 1526 
48 1530 4018 4002 1526 1531 4019 4003 1527 
49 1531 4019 4003 1527 1532 4020 4004 1528 
50 1532 4020 4004 1528 347 1564 1560 348 
51 1245 147 146 1241 4021 1501 1497 4005 
52 4021 1501 1497 4005 4022 1502 1498 4006 
53 4022 1502 1498 4006 4023 1503 1499 4007 
54 4023 1503 1499 4007 4024 1504 1500 4008 
55 4024 1504 1500 4008 1565 339 338 1561 
56 1246 1245 1241 1242 4025 4021 4005 4009 
57 4025 4021 4005 4009 4026 4022 4006 4010 
58 4026 4022 4006 4010 4027 4023 4007 4011 
59 4027 4023 4007 4011 4028 4024 4008 4012 
60 4028 4024 4008 4012 1566 1565 1561 1562 
61 1247 1246 1242 1243 4029 4025 4009 4013 
62 4029 4025 4009 4013 4030 4026 4010 4014 
63 4030 4026 4010 4014 4031 4027 4011 4015 
64 4031 4027 4011 4015 4032 4028 4012 4016 
65 4032 4028 4012 4016 1567 1566 1562 1563 
66 1248 1247 1243 1244 4033 4029 4013 4017 
67 4033 4029 4013 4017 4034 4030 4014 4018 
68 4034 4030 4014 4018 4035 4031 4015 4019 
69 4035 4031 4015 4019 4036 4032 4016 4020 
70 4036 4032 4016 4020 1568 1567 1563 1564 
71 163 1248 1244 162 1533 4033 4017 1529 
72 1533 4033 4017 1529 1534 4034 4018 1530 
73 1534 4034 4018 1530 1535 4035 4019 1531 
74 1535 4035 4019 1531 1536 4036 4020 1532 
75 1536 4036 4020 1532 346 1568 1564 347 
76 1249 148 147 1245 4037 1505 1501 4021 
77 4037 1505 1501 4021 4038 1506 1502 4022 
78 4038 1506 1502 4022 4039 1507 1503 4023 
79 4039 1507 1503 4023 4040 1508 1504 4024 
80 4040 1508 1504 4024 1569 340 339 1565 
81 1250 1249 1245 1246 4041 4037 4021 4025 
82 4041 4037 4021 4025 4042 4038 4022 4026 
83 4042 4038 4022 4026 4043 4039 4023 4027 
84 4043 4039 4023 4027 4044 4040 4024 4028 
85 4044 4040 4024 4028 1570 1569 1565 1566 
86 1251 1250 1246 1247 4045 4041 4025 4029 
87 4045 4041 4025 4029 4046 4042 4026 4030 
88 4046 4042 4026 4030 4047 4043 4027 4031 
89 4047 4043 4027 4031 4048 4044 4028 4032 
90 4048 4044 4028 4032 1571 1570 1566 1567 
91 1252 1251 1247 1248 4049 4045 4029 4033 
92 4049 4045 4029 4033 4050 4046 4030 4034 
93 4050 4046 4030 4034 4051 4047 4031 4035 
94 4051 4047 4031 4035 4052 4048 4032 4036 
95 4052 4048 4032 4036 1572 1571 1567 1568 
96 164 1252 1248 163 1537 4049 4033 1533 
97 1537 4049 4033 1533 1538 4050 4034 1534 
98 1538 4050 4034 1534 1539 4051 4035 1535 
99 1539 4051 4035 1535 1540 4052 4036 1536 
100 1540 4052 4036 1536 345 1572 1568 346 
101 245 2 148 1249 1509 357 1505 4037 
102 1509 357 1505 4037 1510 358 1506 4038 
103 1510 358 1506 4038 1511 359 1507 4039 
104 1511 359 1507 4039 1512 360 1508 4040 
105 1512 360 1508 4040 341 38 340 1569 
106 246 245 1249 1250 1513 1509 4037 4041 
107 1513 1509 4037 4041 1514 1510 4038 4042 
108 1514 1510 4038 4042 1515 1511 4039 4043 
109 1515 1511 4039 4043 1516 1512 4040 4044 
110 1516 1512 4040 4044 342 341 1569 1570 
111 247 246 1250 1251 1517 1513 4041 4045 
112 1517 1513 4041 4045 1518 1514 4042 4046 
113 1518 1514 4042 4046 1519 1515 4043 4047 
114 1519 1515 4043 4047 1520 1516 4044 4048 
115 1520 1516 4044 4048 343 342 1570 1571 
116 248 247 1251 1252 1521 1517 4045 4049 
117 1521 1517 4045 4049 1522 1518 4046 4050 
118 1522 1518 4046 4050 1523 1519 4047 4051 
119 1523 1519 4047 4051 1524 1520 4048 4052 
120 1524 1520 4048 4052 344 343 1571 1572 
121 8 248 1252 164 361 1521 4049 1537 
122 361 1521 4049 1537 362 1522 4050 1538 
123 362 1522 4050 1538 363 1523 4051 1539 
124 363 1523 4051 1539 364 1524 4052 1540 
125 364 1524 4052 1540 39 344 1572 345 
3 2 5 125
126 1253 149 2 245 4053 1573 357 1509 
127 4053 1573 357 1509 4054 1574 358 1510 
128 4054 1574 358 1510 4055 1575 359 1511 
129 4055 1575 359 1511 4056 1576 360 1512 
130 4056 1576 360 1512 1621 369 38 341 
131 1254 1253 245 246 4057 4053 1509 1513 
132 4057 4053 1509 1513 4058 4054 1510 1514 
133 4058 4054 1510 1514 4059 4055 1511 1515 
134 4059 4055 1511 1515 4060 4056 1512 1516 
135 4060 4056 1512 1516 1622 1621 341 342 
136 1255 1254 246 247 4061 4057 1513 1517 
137 4061 4057 1513 1517 4062 4058 1514 1518 
138 4062 4058 1514 1518 4063 4059 1515 1519 
139 4063 4059 1515 1519 4064 4060 1516 1520 
140 4064 4060 1516 1520 1623 1622 342 343 
141 1256 1255 247 248 4065 4061 1517 1521 
142 4065 4061 1517 1521 4066 4062 1518 1522 
143 4066 4062 1518 1522 4067 4063 1519 1523 
144 4067 4063 1519 1523 4068 4064 1520 1524 
145 4068 4064 1520 1524 1624 1623 343 344 
146 165 1256 248 8 1605 4065 1521 361 
147 1605 4065 1521 361 1606 4066 1522 362 
148 1606 4066 1522 362 1607 4067 1523 363 
149 1607 4067 1523 363 1608 4068 1524 364 
150 1608 4068 1524 364 380 1624 344 39 
151 1257 150 149 1253 4069 1577 1573 4053 
152 4069 1577 1573 4053 4070 1578 1574 4054 
153 4070 1578 1574 4054 4071 1579 1575 4055 
154 4071 1579 1575 4055 4072 1580 1576 4056 
155 4072 1580 1576 4056 1625 370 369 1621 
156 1258 1257 1253 1254 4073 4069 4053 4057 
157 4073 4069 4053 4057 4074 4070 4054 4058 
158 4074 4070 4054 4058 4075 4071 4055 4059 
159 4075 4071 4055 4059 4076 4072 4056 4060 
160 4076 4072 4056 4060 1626 1625 1621 1622 
161 1259 1258 1254 1255 4077 4073 4057 4061 
162 4077 4073 4057 4061 4078 4074 4058 4062 
163 4078 4074 4058 4062 4079 4075 4059 4063 
164 4079 4075 4059 4063 4080 4076 4060 4064 
165 4080 4076 4060 4064 1627 1626 1622 1623 
166 1260 1259 1255 1256 4081 4077 4061 4065 
167 4081 4077 4061 4065 4082 4078 4062 4066 
168 4082 4078 4062 4066 4083 4079 4063 4067 
169 4083 4079 4063 4067 4084 4080 4064 4068 
170 4084 4080 4064 4068 1628 1627 1623 1624 
171 166 1260 1256 165 1609 4081 4065 1605 
172 1609 4081 4065 1605 1610 4082 4066 1606 
173 1610 4082 4066 1606 1611 4083 4067 1607 
174 1611 4083 4067 1607 1612 4084 4068 1608 
175 1612 4084 4068 1608 379 1628 1624 380 
176 1261 151 150 1257 4085 1581 1577 4069 
177 4085 1581 1577 4069 4086 1582 1578 4070 
178 4086 1582 1578 4070 4087 1583 1579 4071 
179 4087 1583 1579 4071 4088 1584 1580 4072 
180 4088 1584 1580 4072 1629 371 370 1625 
181 1262 1261 1257 1258 4089 4085 4069 4073 
182 4089 4085 4069 4073 4090 4086 4070 4074 
183 4090 4086 4070 4074 4091 4087 4071 4075 
184 4091 4087 4071 4075 4092 4088 4072 4076 
185 4092 4088 4072 4076 1630 1629 1625 1626 
186 1263 1262 1258 1259 4093 4089 4073 4077 
187 4093 4089 4073 4077 4094 4090 4074 4078 
188 4094 4090 4074 4078 4095 4091 4075 4079 
189 4095 4091 4075 4079 4096 4092 4076 4080 
190 4096 4092 4076 4080 1631 1630 1626 1627 
191 1264 1263 1259 1260 4097 4093 4077 4081 
192 4097 4093 4077 4081 4098 4094 4078 4082 
193 4098 4094 4078 4082 4099 4095 4079 4083 
194 4099 4095 4079 4083 4100 4096 4080 4084 
195 4100 4096 4080 4084 1632 1631 1627 1628 
196 167 1264 1260 166 1613 4097 4081 1609 
197 1613 4097 4081 1609 1614 4098 4082 1610 
198 1614 4098 4082 1610 1615 4099 4083 1611 
199 1615 4099 4083 1611 1616 4100 4084 1612 
200 1616 4100 4084 1612 378 1632 1628 379 
201 1265 152 151 1261 4101 1585 1581 4085 
202 4101 1585 1581 4085 4102 1586 1582 4086 
203 4102 1586 1582 4086 4103 1587 1583 4087 
204 4103 1587 1583 4087 4104 1588 1584 4088 
205 4104 1588 1584 4088 1633 372 371 1629 
206 1266 1265 1261 1262 4105 4101 4085 4089 
207 4105 4101 4085 4089 4106 4102 4086 4090 
208 4106 4102 4086 4090 4107 4103 4087 4091 
209 4107 4103 4087 4091 4108 4104 4088 4092 
210 4108 4104 4088 4092 1634 1633 1629 1630 
211 1267 1266 1262 1263 4109 4105 4089 4093 
212 4109 4105 4089 4093 4110 4106 4090 4094 
213 4110 4106 4090 4094 4111 4107 4091 4095 
214 4111 4107 4091 4095 4112 4108 4092 4096 
215 4112 4108 4092 4096 1635 1634 1630 1631 
216 1268 1267 1263 1264 4113 4109 4093 4097 
217 4113 4109 4093 4097 4114 4110 4094 4098 
218 4114 4110 4094 4098 4115 4111 4095 4099 
219 4115 4111 4095 4099 4116 4112 4096 4100 
220 4116 4112 4096 4100 1636 1635 1631 1632 
221 168 1268 1264 167 1617 4113 4097 1613 
222 1617 4113 4097 1613 1618 4114 4098 1614 
223 1618 4114 4098 1614 1619 4115 4099 1615 
224 1619 4115 4099 1615 1620 4116 4100 1616 
225 1620 4116 4100 1616 377 1636 1632 378 
226 249 3 152 1265 1589 381 1585 4101 
227 1589 381 1585 4101 1590 382 1586 4102 
228 1590 382 1586 4102 1591 383 1587 4103 
229 1591 383 1587 4103 1592 384 1588 4104 
230 1592 384 1588 4104 373 41 372 1633 
231 250 249 1265 1266 1593 1589 4101 4105 
232 1593 1589 4101 4105 1594 1590 4102 4106 
233 1594 1590 4102 4106 1595 1591 4103 4107 
234 1595 1591 4103 4107 1596 1592 4104 4108 
235 1596 1592 4104 4108 374 373 1633 1634 
236 251 250 1266 1267 1597 1593 4105 4109 
237 1597 1593 4105 4109 1598 1594 4106 4110 
238 1598 1594 4106 4110 1599 1595 4107 4111 
239 1599 1595 4107 4111 1600 1596 4108 4112 
240 1600 1596 4108 4112 375 374 1634 1635 
241 252 251 1267 1268 1601 1597 4109 4113 
242 1601 1597 4109 4113 1602 1598 4110 4114 
243 1602 1598 4110 4114 1603 1599 4111 4115 
244 1603 1599 4111 4115 1604 1600 4112 4116 
245 1604 1600 4112 4116 376 375 1635 1636 
246 9 252 1268 168 385 1601 4113 1617 
247 385 1601 4113 1617 386 1602 4114 1618 
248 386 1602 4114 1618 387 1603 4115 1619 
249 387 1603 4115 1619 388 1604 4116 1620 
250 388 1604 4116 1620 42 376 1636 377 
3 3 5 25
251 253 4 3 249 1637 393 381 1589 
252 1637 393 381 1589 1638 394 382 1590 
253 1638 394 382 1590 1639 395 383 1591 
254 1639 395 383 1591 1640 396 384 1592 
255 1640 396 384 1592 389 43 41 373 
256 254 253 249 250 1641 1637 1589 1593 
257 1641 1637 1589 1593 1642 1638 1590 1594 
258 1642 1638 1590 1594 1643 1639 1591 1595 
259 1643 1639 1591 1595 1644 1640 1592 1596 
260 1644 1640 1592 1596 390 389 373 374 
261 255 254 250 251 1645 1641 1593 1597 
262 1645 1641 1593 1597 1646 1642 1594 1598 
263 1646 1642 1594 1598 1647 1643 1595 1599 
264 1647 1643 1595 1599 1648 1644 1596 1600 
265 1648 1644 1596 1600 391 390 374 375 
266 256 255 251 252 1649 1645 1597 1601 
267 1649 1645 1597 1601 1650 1646 1598 1602 
268 1650 1646 1598 1602 1651 1647 1599 1603 
269 1651 1647 1599 1603 1652 1648 1600 1604 
270 1652 1648 1600 1604 392 391 375 376 
271 10 256 252 9 397 1649 1601 385 
272 397 1649 1601 385 398 1650 1602 386 
273 398 1650 1602 386 399 1651 1603 387 
274 399 1651 1603 387 400 1652 1604 388 
275 400 1652 1604 388 44 392 376 42 
3 4 5 125
276 1269 153 4 253 4117 1653 393 1637 
277 4117 1653 393 1637 4118 1654 394 1638 
278 4118 1654 394 1638 4119 1655 395 1639 
279 4119 1655 395 1639 4120 1656 396 1640 
280 4120 1656 396 1640 1701 401 43 389 
281 1270 1269 253 254 4121 4117 1637 1641 
282 4121 4117 1637 1641 4122 4118 1638 1642 
283 4122 4118 1638 1642 4123 4119 1639 1643 
284 4123 4119 1639 1643 4124 4120 1640 1644 
285 4124 4120 1640 1644 1702 1701 389 390 
286 1271 1270 254 255 4125 4121 1641 1645 
287 4125 4121 1641 1645 4126 4122 1642 1646 
288 4126 4122 1642 1646 4127 4123 1643 1647 
289 4127 4123 1643 1647 4128 4124 1644 1648 
290 4128 4124 1644 1648 1703 1702 390 391 
291 1272 1271 255 256 4129 4125 1645 1649 
292 4129 4125 1645 1649 4130 4126 1646 1650 
293 4130 4126 1646 1650 4131 4127 1647 1651 
294 4131 4127 1647 1651 4132 4128 1648 1652 
295 4132 4128 1648 1652 1704 1703 391 392 
296 169 1272 256 10 1685 4129 1649 397 
297 1685 4129 1649 397 1686 4130 1650 398 
298 1686 4130 1650 398 1687 4131 1651 399 
299 1687 4131 1651 399 1688 4132 1652 400 
300 1688 4132 1652 400 412 1704 392 44 
301 1273 154 153 1269 4133 1657 1653 4117 
302 4133 1657 1653 4117 4134 1658 1654 4118 
303 4134 1658 1654 4118 4135 1659 1655 4119 
304 4135 1659 1655 4119 4136 1660 1656 4120 
305 4136 1660 1656 4120 1705 402 401 1701 
306 1274 1273 1269 1270 4137 4133 4117 4121 
307 4137 4133 4117 4121 4138 4134 4118 4122 
308 4138 4134 4118 4122 4139 4135 4119 4123 
309 4139 4135 4119 4123 4140 4136 4120 4124 
310 4140 4136 4120 4124 1706 1705 1701 1702 
311 1275 1274 1270 1271 4141 4137 4121 4125 
312 4141 4137 4121 4125 4142 4138 4122 4126 
313 4142 4138 4122 4126 4143 4139 4123 4127 
314 4143 4139 4123 4127 4144 4140 4124 4128 
315 4144 4140 4124 4128 1707 1706 1702 1703 
316 1276 1275 1271 1272 4145 4141 4125 4129 
317 4145 4141 4125 4129 4146 4142 4126 4130 
318 4146 4142 4126 4130 4147 4143 4127 4131 
319 4147 4143 4127 4131 4148 4144 4128 4132 
320 4148 4144 4128 4132 1708 1707 1703 1704 
321 170 1276 1272 169 1689 4145 4129 1685 
322 1689 4145 4129 1685 1690 4146 4130 1686 
323 1690 4146 4130 1686 1691 4147 4131 1687 
324 1691 4147 4131 1687 1692 4148 4132 1688 
325 1692 4148 4132 1688 411 1708 1704 412 
326 1277 155 154 1273 4149 1661 1657 4133 
327 4149 1661 1657 4133 4150 1662 1658 4134 
328 4150 1662 1658 4134 4151 1663 1659 4135 
329 4151 1663 1659 4135 4152 1664 1660 4136 
330 4152 1664 1660 4136 1709 403 402 1705 
331 1278 1277 1273 1274 4153 4149 4133 4137 
332 4153 4149 4133 4137 4154 4150 4134 4138 
333 4154 4150 4134 4138 4155 4151 4135 4139 
334 4155 4151 4135 4139 4156 4152 4136 4140 
335 4156 4152 4136 4140 1710 1709 1705 1706 
336 1279 1278 1274 1275 4157 4153 4137 4141 
337 4157 4153 4137 4141 4158 4154 4138 4142 
338 4158 4154 4138 4142 4159 4155 4139 4143 
339 4159 4155 4139 4143 4160 4156 4140 4144 
340 4160 4156 4140 4144 1711 1710 1706 1707 
341 1280 1279 1275 1276 4161 4157 4141 4145 
342 4161 4157 4141 4145 4162 4158 4142 4146 
343 4162 4158 4142 4146 4163 4159 4143 4147 
344 4163 4159 4143 4147 4164 4160 4144 4148 
345 4164 4160 4144 4148 1712 1711 1707 1708 
346 171 1280 1276 170 1693 4161 4145 1689 
347 1693 4161 4145 1689 1694 4162 4146 1690 
348 1694 4162 4146 1690 1695 4163 4147 1691 
349 1695 4163 4147 1691 1696 4164 4148 1692 
350 1696 4164 4148 1692 410 1712 1708 411 
351 1281 156 155 1277 4165 1665 1661 4149 
352 4165 1665 1661 4149 4166 1666 1662 4150 
353 4166 1666 1662 4150 4167 1667 1663 4151 
354 4167 1667 1663 4151 4168 1668 1664 4152 
355 4168 1668 1664 4152 1713 404 403 1709 
356 1282 1281 1277 1278 4169 4165 4149 4153 
357 4169 4165 4149 4153 4170 4166 4150 4154 
358 4170 4166 4150 4154 4171 4167 4151 4155 
359 4171 4167 4151 4155 4172 4168 4152 4156 
360 4172 4168 4152 4156 1714 1713 1709 1710 
361 1283 1282 1278 1279 4173 4169 4153 4157 
362 4173 4169 4153 4157 4174 4170 4154 4158 
363 4174 4170 4154 4158 4175 4171 4155 4159 
364 4175 4171 4155 4159 4176 4172 4156 4160 
365 4176 4172 4156 4160 1715 1714 1710 1711 
366 1284 1283 1279 1280 4177 4173 4157 4161 
367 4177 4173 4157 4161 4178 4174 4158 4162 
368 4178 4174 4158 4162 4179 4175 4159 4163 
369 4179 4175 4159 4163 4180 4176 4160 4164 
370 4180 4176 4160 4164 1716 1715 1711 1712 
371 172 1284 1280 171 1697 4177 4161 1693 
372 1697 4177 4161 1693 1698 4178 4162 1694 
373 1698 4178 4162 1694 1699 4179 4163 1695 
374 1699 4179 4163 1695 1700 4180 4164 1696 
375 1700 4180 4164 1696 409 1716 1712 410 
376 257 5 156 1281 1669 413 1665 4165 
377 1669 413 1665 4165 1670 414 1666 4166 
378 1670 414 1666 4166 1671 415 1667 4167 
379 1671 415 1667 4167 1672 416 1668 4168 
380 1672 416 1668 4168 405 45 404 1713 
381 258 257 1281 1282 1673 1669 4165 4169 
382 1673 1669 4165 4169 1674 1670 4166 4170 
383 1674 1670 4166 4170 1675 1671 4167 4171 
384 1675 1671 4167 4171 1676 1672 4168 4172 
385 1676 1672 4168 4172 406 405 1713 1714 
386 259 258 1282 1283 1677 1673 4169 4173 
387 1677 1673 4169 4173 1678 1674 4170 4174 
388 1678 1674 4170 4174 1679 1675 4171 4175 
389 1679 1675 4171 4175 1680 1676 4172 4176 
390 1680 1676 4172 4176 407 406 1714 1715 
391 260 259 1283 1284 1681 1677 4173 4177 
392 1681 1677 4173 4177 1682 1678 4174 4178 
393 1682 1678 4174 4178 1683 1679 4175 4179 
394 1683 1679 4175 4179 1684 1680 4176 4180 
395 1684 1680 4176 4180 408 407 1715 1716 
396 11 260 1284 172 417 1681 4177 1697 
397 417 1681 4177 1697 418 1682 4178 1698 
398 418 1682 4178 1698 419 1683 4179 1699 
399 419 1683 4179 1699 420 1684 4180 1700 
400 420 1684 4180 1700 46 408 1716 409 
3 5 5 125
401 1285 157 5 257 4181 1717 413 1669 
402 4181 1717 413 1669 4182 1718 414 1670 
403 4182 1718 414 1670 4183 1719 415 1671 
404 4183 1719 415 1671 4184 1720 416 1672 
405 4184 1720 416 1672 1765 421 45 405 
406 1286 1285 257 258 4185 4181 1669 1673 
407 4185 4181 1669 1673 4186 4182 1670 1674 
408 4186 4182 1670 1674 4187 4183 1671 1675 
409 4187 4183 1671 1675 4188 4184 1672 1676 
410 4188 4184 1672 1676 1766 1765 405 406 
411 1287 1286 258 259 4189 4185 1673 1677 
412 4189 4185 1673 1677 4190 4186 1674 1678 
413 4190 4186 1674 1678 4191 4187 1675 1679 
414 4191 4187 1675 1679 4192 4188 1676 1680 
415 4192 4188 1676 1680 1767 1766 406 407 
416 1288 1287 259 260 4193 4189 1677 1681 
417 4193 4189 1677 1681 4194 4190 1678 1682 
418 4194 4190 1678 1682 4195 4191 1679 1683 
419 4195 4191 1679 1683 4196 4192 1680 1684 
420 4196 4192 1680 1684 1768 1767 407 408 
421 173 1288 260 11 1749 4193 1681 417 
422 1749 4193 1681 417 1750 4194 1682 418 
423 1750 4194 1682 418 1751 4195 1683 419 
424 1751 4195 1683 419 1752 4196 1684 420 
425 1752 4196 1684 420 432 1768 408 46 
426 1289 158 157 1285 4197 1721 1717 4181 
427 4197 1721 1717 4181 4198 1722 1718 4182 
428 4198 1722 1718 4182 4199 1723 1719 4183 
429 4199 1723 1719 4183 4200 1724 1720 4184 
430 4200 1724 1720 4184 1769 422 421 1765 
431 1290 1289 1285 1286 4201 4197 4181 4185 
432 4201 4197 4181 4185 4202 4198 4182 4186 
433 4202 4198 4182 4186 4203 4199 4183 4187 
434 4203 4199 4183 4187 4204 4200 4184 4188 
435 4204 4200 4184 4188 1770 1769 1765 1766 
436 1291 1290 1286 1287 4205 4201 4185 4189 
437 4205 4201 4185 4189 4206 4202 4186 4190 
438 4206 4202 4186 4190 4207 4203 4187 4191 
439 4207 4203 4187 4191 4208 4204 4188 4192 
440 4208 4204 4188 4192 1771 1770 1766 1767 
441 1292 1291 1287 1288 4209 4205 4189 4193 
442 4209 4205 4189 4193 4210 4206 4190 4194 
443 4210 4206 4190 4194 4211 4207 4191 4195 
444 4211 4207 4191 4195 4212 4208 4192 4196 
445 4212 4208 4192 4196 1772 1771 1767 1768 
446 174 1292 1288 173 1753 4209 4193 1749 
447 1753 4209 4193 1749 1754 4210 4194 1750 
448 1754 4210 4194 1750 1755 4211 4195 1751 
449 1755 4211 4195 1751 1756 4212 4196 1752 
450 1756 4212 4196 1752 431 1772 1768 432 
451 1293 159 158 1289 4213 1725 1721 4197 
452 4213 1725 1721 4197 4214 1726 1722 4198 
453 4214 1726 1722 4198 4215 1727 1723 4199 
454 4215 1727 1723 4199 4216 1728 1724 4200 
455 4216 1728 1724 4200 1773 423 422 1769 
456 1294 1293 1289 1290 4217 4213 4197 4201 
457 4217 4213 4197 4201 4218 4214 4198 4202 
458 4218 4214 4198 4202 4219 4215 4199 4203 
459 4219 4215 4199 4203 4220 4216 4200 4204 
460 4220 4216 4200 4204 1774 1773 1769 1770 
461 1295 1294 1290 1291 4221 4217 4201 4205 
462 4221 4217 4201 4205 4222 4218 4202 4206 
463 4222 4218 4202 4206 4223 4219 4203 4207 
464 4223 4219 4203 4207 4224 4220 4204 4208 
465 4224 4220 4204 4208 1775 1774 1770 1771 
466 1296 1295 1291 1292 4225 4221 4205 4209 
467 4225 4221 4205 4209 4226 4222 4206 4210 
468 4226 4222 4206 4210 4227 4223 4207 4211 
469 4227 4223 4207 4211 4228 4224 4208 4212 
470 4228 4224 4208 4212 1776 1775 1771 1772 
471 175 1296 1292 174 1757 4225 4209 1753 
472 1757 4225 4209 1753 1758 4226 4210 1754 
473 1758 4226 4210 1754 1759 4227 4211 1755 
474 1759 4227 4211 1755 1760 4228 4212 1756 
475 1760 4228 4212 1756 430 1776 1772 431 
476 1297 160 159 1293 4229 1729 1725 4213 
477 4229 1729 1725 4213 4230 1730 1726 4214 
478 4230 1730 1726 4214 4231 1731 1727 4215 
479 4231 1731 1727 4215 4232 1732 1728 4216 
480 4232 1732 1728 4216 1777 424 423 1773 
481 1298 1297 1293 1294 4233 4229 4213 4217 
482 4233 4229 4213 4217 4234 4230 4214 4218 
483 4234 4230 4214 4218 4235 4231 4215 4219 
484 4235 4231 4215 4219 4236 4232 4216 4220 
485 4236 4232 4216 4220 1778 1777 1773 1774 
486 1299 1298 1294 1295 4237 4233 4217 4221 
487 4237 4233 4217 4221 4238 4234 4218 4222 
488 4238 4234 4218 4222 4239 4235 4219 4223 
489 4239 4235 4219 4223 4240 4236 4220 4224 
490 4240 4236 4220 4224 1779 1778 1774 1775 
491 1300 1299 1295 1296 4241 4237 4221 4225 
492 4241 4237 4221 4225 4242 4238 4222 4226 
493 4242 4238 4222 4226 4243 4239 4223 4227 
494 4243 4239 4223 4227 4244 4240 4224 4228 
495 4244 4240 4224 4228 1780 1779 1775 1776 
496 176 1300 1296 175 1761 4241 4225 1757 
497 1761 4241 4225 1757 1762 4242 4226 1758 
498 1762 4242 4226 1758 1763 4243 4227 1759 
499 1763 4243 4227 1759 1764 4244 4228 1760 
500 1764 4244 4228 1760 429 1780 1776 430 
501 261 6 160 1297 1733 433 1729 4229 
502 1733 433 1729 4229 1734 434 1730 4230 
503 1734 434 1730 4230 1735 435 1731 4231 
504 1735 435 1731 4231 1736 436 1732 4232 
505 1736 436 1732 4232 425 47 424 1777 
506 262 261 1297 1298 1737 1733 4229 4233 
507 1737 1733 4229 4233 1738 1734 4230 4234 
508 1738 1734 4230 4234 1739 1735 4231 4235 
509 1739 1735 4231 4235 1740 1736 4232 4236 
510 1740 1736 4232 4236 426 425 1777 1778 
511 263 262 1298 1299 1741 1737 4233 4237 
512 1741 1737 4233 4237 1742 1738 4234 4238 
513 1742 1738 4234 4238 1743 1739 4235 4239 
514 1743 1739 4235 4239 1744 1740 4236 4240 
515 1744 1740 4236 4240 427 426 1778 1779 
516 264 263 1299 1300 1745 1741 4237 4241 
517 1745 1741 4237 4241 1746 1742 4238 4242 
518 1746 1742 4238 4242 1747 1743 4239 4243 
519 1747 1743 4239 4243 1748 1744 4240 4244 
520 1748 1744 4240 4244 428 427 1779 1780 
521 12 264 1300 176 437 1745 4241 1761 
522 437 1745 4241 1761 438 1746 4242 1762 
523 438 1746 4242 1762 439 1747 4243 1763 
524 439 1747 4243 1763 440 1748 4244 1764 
525 440 1748 4244 1764 48 428 1780 429 
3 6 5 125
526 1301 161 7 265 4245 1525 365 1813 
527 4245 1525 365 1813 4246 1526 366 1814 
528 4246 1526 366 1814 4247 1527 367 1815 
529 4247 1527 367 1815 4248 1528 368 1816 
530 4248 1528 368 1816 1829 348 40 452 
531 1302 1301 265 266 4249 4245 1813 1817 
532 4249 4245 1813 1817 4250 4246 1814 1818 
533 4250 4246 1814 1818 4251 4247 1815 1819 
534 4251 4247 1815 1819 4252 4248 1816 1820 
535 4252 4248 1816 1820 1830 1829 452 451 
536 1303 1302 266 267 4253 4249 1817 1821 
537 4253 4249 1817 1821 4254 4250 1818 1822 
538 4254 4250 1818 1822 4255 4251 1819 1823 
539 4255 4251 1819 1823 4256 4252 1820 1824 
540 4256 4252 1820 1824 1831 1830 451 450 
541 1304 1303 267 268 4257 4253 1821 1825 
542 4257 4253 1821 1825 4258 4254 1822 1826 
543 4258 4254 1822 1826 4259 4255 1823 1827 
544 4259 4255 1823 1827 4260 4256 1824 1828 
545 4260 4256 1824 1828 1832 1831 450 449 
546 177 1304 268 13 1797 4257 1825 457 
547 1797 4257 1825 457 1798 4258 1826 458 
548 1798 4258 1826 458 1799 4259 1827 459 
549 1799 4259 1827 459 1800 4260 1828 460 
550 1800 4260 1828 460 448 1832 449 50 
551 1305 162 161 1301 4261 1529 1525 4245 
552 4261 1529 1525 4245 4262 1530 1526 4246 
553 4262 1530 1526 4246 4263 1531 1527 4247 
554 4263 1531 1527 4247 4264 1532 1528 4248 
555 4264 1532 1528 4248 1833 347 348 1829 
556 1306 1305 1301 1302 4265 4261 4245 4249 
557 4265 4261 4245 4249 4266 4262 4246 4250 
558 4266 4262 4246 4250 4267 4263 4247 4251 
559 4267 4263 4247 4251 4268 4264 4248 4252 
560 4268 4264 4248 4252 1834 1833 1829 1830 
561 1307 1306 1302 1303 4269 4265 4249 4253 
562 4269 4265 4249 4253 4270 4266 4250 4254 
563 4270 4266 4250 4254 4271 4267 4251 4255 
564 4271 4267 4251 4255 4272 4268 4252 4256 
565 4272 4268 4252 4256 1835 1834 1830 1831 
566 1308 1307 1303 1304 4273 4269 4253 4257 
567 4273 4269 4253 4257 4274 4270 4254 4258 
568 4274 4270 4254 4258 4275 4271 4255 4259 
569 4275 4271 4255 4259 4276 4272 4256 4260 
570 4276 4272 4256 4260 1836 1835 1831 1832 
571 178 1308 1304 177 1801 4273 4257 1797 
572 1801 4273 4257 1797 1802 4274 4258 1798 
573 1802 4274 4258 1798 1803 4275 4259 1799 
574 1803 4275 4259 1799 1804 4276 4260 1800 
575 1804 4276 4260 1800 447 1836 1832 448 
576 1309 163 162 1305 4277 1533 1529 4261 
577 4277 1533 1529 4261 4278 1534 1530 4262 
578 4278 1534 1530 4262 4279 1535 1531 4263 
579 4279 1535 1531 4263 4280 1536 1532 4264 
580 4280 1536 1532 4264 1837 346 347 1833 
581 1310 1309 1305 1306 4281 4277 4261 4265 
582 4281 4277 4261 4265 4282 4278 4262 4266 
583 4282 4278 4262 4266 4283 4279 4263 4267 
584 4283 4279 4263 4267 4284 4280 4264 4268 
585 4284 4280 4264 4268 1838 1837 1833 1834 
586 1311 1310 1306 1307 4285 4281 4265 4269 
587 4285 4281 4265 4269 4286 4282 4266 4270 
588 4286 4282 4266 4270 4287 4283 4267 4271 
589 4287 4283 4267 4271 4288 4284 4268 4272 
590 4288 4284 4268 4272 1839 1838 1834 1835 
591 1312 1311 1307 1308 4289 4285 4269 4273 
592 4289 4285 4269 4273 4290 4286 4270 4274 
593 4290 4286 4270 4274 4291 4287 4271 4275 
594 4291 4287 4271 4275 4292 4288 4272 4276 
595 4292 4288 4272 4276 1840 1839 1835 1836 
596 179 1312 1308 178 1805 4289 4273 1801 
597 1805 4289 4273 1801 1806 4290 4274 1802 
598 1806 4290 4274 1802 1807 4291 4275 1803 
599 1807 4291 4275 1803 1808 4292 4276 1804 
600 1808 4292 4276 1804 446 1840 1836 447 
601 1313 164 163 1309 4293 1537 1533 4277 
602 4293 1537 1533 4277 4294 1538 1534 4278 
603 4294 1538 1534 4278 4295 1539 1535 4279 
604 4295 1539 1535 4279 4296 1540 1536 4280 
605 4296 1540 1536 4280 1841 345 346 1837 
606 1314 1313 1309 1310 4297 4293 4277 4281 
607 4297 4293 4277 4281 4298 4294 4278 4282 
608 4298 4294 4278 4282 4299 4295 4279 4283 
609 4299 4295 4279 4283 4300 4296 4280 4284 
610 4300 4296 4280 4284 1842 1841 1837 1838 
611 1315 1314 1310 1311 4301 4297 4281 4285 
612 4301 4297 4281 4285 4302 4298 4282 4286 
613 4302 4298 4282 4286 4303 4299 4283 4287 
614 4303 4299 4283 4287 4304 4300 4284 4288 
615 4304 4300 4284 4288 1843 1842 1838 1839 
616 1316 1315 1311 1312 4305 4301 4285 4289 
617 4305 4301 4285 4289 4306 4302 4286 4290 
618 4306 4302 4286 4290 4307 4303 4287 4291 
619 4307 4303 4287 4291 4308 4304 4288 4292 
620 4308 4304 4288 4292 1844 1843 1839 1840 
621 180 1316 1312 179 1809 4305 4289 1805 
622 1809 4305 4289 1805 1810 4306 4290 1806 
623 1810 4306 4290 1806 1811 4307 4291 1807 
624 1811 4307 4291 1807 1812 4308 4292 1808 
625 1812 4308 4292 1808 445 1844 1840 446 
626 269 8 164 1313 1781 361 1537 4293 
627 1781 361 1537 4293 1782 362 1538 4294 
628 1782 362 1538 4294 1783 363 1539 4295 
629 1783 363 1539 4295 1784 364 1540 4296 
630 1784 364 1540 4296 441 39 345 1841 
631 270 269 1313 1314 1785 1781 4293 4297 
632 1785 1781 4293 4297 1786 1782 4294 4298 
633 1786 1782 4294 4298 1787 1783 4295 4299 
634 1787 1783 4295 4299 1788 1784 4296 4300 
635 1788 1784 4296 4300 442 441 1841 1842 
636 271 270 1314 1315 1789 1785 4297 4301 
637 1789 1785 4297 4301 1790 1786 4298 4302 
638 1790 1786 4298 4302 1791 1787 4299 4303 
639 1791 1787 4299 4303 1792 1788 4300 4304 
640 1792 1788 4300 4304 443 442 1842 1843 
641 272 271 1315 1316 1793 1789 4301 4305 
642 1793 1789 4301 4305 1794 1790 4302 4306 
643 1794 1790 4302 4306 1795 1791 4303 4307 
644 1795 1791 4303 4307 1796 1792 4304 4308 
645 1796 1792 4304 4308 444 443 1843 1844 
646 14 272 1316 180 453 1793 4305 1809 
647 453 1793 4305 1809 454 1794 4306 1810 
648 454 1794 4306 1810 455 1795 4307 1811 
649 455 1795 4307 1811 456 1796 4308 1812 
650 456 1796 4308 1812 49 444 1844 445 
3 7 5 125
651 1317 165 8 269 4309 1605 361 1781 
652 4309 1605 361 1781 4310 1606 362 1782 
653 4310 1606 362 1782 4311 1607 363 1783 
654 4311 1607 363 1783 4312 1608 364 1784 
655 4312 1608 364 1784 1877 380 39 441 
656 1318 1317 269 270 4313 4309 1781 1785 
657 4313 4309 1781 1785 4314 4310 1782 1786 
658 4314 4310 1782 1786 4315 4311 1783 1787 
659 4315 4311 1783 1787 4316 4312 1784 1788 
660 4316 4312 1784 1788 1878 1877 441 442 
661 1319 1318 270 271 4317 4313 1785 1789 
662 4317 4313 1785 1789 4318 4314 1786 1790 
663 4318 4314 1786 1790 4319 4315 1787 1791 
664 4319 4315 1787 1791 4320 4316 1788 1792 
665 4320 4316 1788 1792 1879 1878 442 443 
666 1320 1319 271 272 4321 4317 1789 1793 
667 4321 4317 1789 1793 4322 4318 1790 1794 
668 4322 4318 1790 1794 4323 4319 1791 1795 
669 4323 4319 1791 1795 4324 4320 1792 1796 
670 4324 4320 1792 1796 1880 1879 443 444 
671 181 1320 272 14 1861 4321 1793 453 
672 1861 4321 1793 453 1862 4322 1794 454 
673 1862 4322 1794 454 1863 4323 1795 455 
674 1863 4323 1795 455 1864 4324 1796 456 
675 1864 4324 1796 456 468 1880 444 49 
676 1321 166 165 1317 4325 1609 1605 4309 
677 4325 1609 1605 4309 4326 1610 1606 4310 
678 4326 1610 1606 4310 4327 1611 1607 4311 
679 4327 1611 1607 4311 4328 1612 1608 4312 
680 4328 1612 1608 4312 1881 379 380 1877 
681 1322 1321 1317 1318 4329 4325 4309 4313 
682 4329 4325 4309 4313 4330 4326 4310 4314 
683 4330 4326 4310 4314 4331 4327 4311 4315 
684 4331 4327 4311 4315 4332 4328 4312 4316 
685 4332 4328 4312 4316 1882 1881 1877 1878 
686 1323 1322 1318 1319 4333 4329 4313 4317 
687 4333 4329 4313 4317 4334 4330 4314 4318 
688 4334 4330 4314 4318 4335 4331 4315 4319 
689 4335 4331 4315 4319 4336 4332 4316 4320 
690 4336 4332 4316 4320 1883 1882 1878 1879 
691 1324 1323 1319 1320 4337 4333 4317 4321 
692 4337 4333 4317 4321 4338 4334 4318 4322 
693 4338 4334 4318 4322 4339 4335 4319 4323 
694 4339 4335 4319 4323 4340 4336 4320 4324 
695 4340 4336 4320 4324 1884 1883 1879 1880 
696 182 1324 1320 181 1865 4337 4321 1861 
697 1865 4337 4321 1861 1866 4338 4322 1862 
698 1866 4338 4322 1862 1867 4339 4323 1863 
699 1867 4339 4323 1863 1868 4340 4324 1864 
700 1868 4340 4324 1864 467 1884 1880 468 
701 1325 167 166 1321 4341 1613 1609 4325 
702 4341 1613 1609 4325 4342 1614 1610 4326 
703 4342 1614 1610 4326 4343 1615 1611 4327 
704 4343 1615 1611 4327 4344 1616 1612 4328 
705 4344 1616 1612 4328 1885 378 379 1881 
706 1326 1325 1321 1322 4345 4341 4325 4329 
707 4345 4341 4325 4329 4346 4342 4326 4330 
708 4346 4342 4326 4330 4347 4343 4327 4331 
709 4347 4343 4327 4331 4348 4344 4328 4332 
710 4348 4344 4328 4332 1886 1885 1881 1882 
711 1327 1326 1322 1323 4349 4345 4329 4333 
712 4349 4345 4329 4333 4350 4346 4330 4334 
713 4350 4346 4330 4334 4351 4347 4331 4335 
714 4351 4347 4331 4335 4352 4348 4332 4336 
715 4352 4348 4332 4336 1887 1886 1882 1883 
716 1328 1327 1323 1324 4353 4349 4333 4337 
717 4353 4349 4333 4337 4354 4350 4334 4338 
718 4354 4350 4334 4338 4355 4351 4335 4339 
719 4355 4351 4335 4339 4356 4352 4336 4340 
720 4356 4352 4336 4340 1888 1887 1883 1884 
721 183 1328 1324 182 1869 4353 4337 1865 
722 1869 4353 4337 1865 1870 4354 4338 1866 
723 1870 4354 4338 1866 1871 4355 4339 1867 
724 1871 4355 4339 1867 1872 4356 4340 1868 
725 1872 4356 4340 1868 466 1888 1884 467 
726 1329 168 167 1325 4357 1617 1613 4341 
727 4357 1617 1613 4341 4358 1618 1614 4342 
728 4358 1618 1614 4342 4359 1619 1615 4343 
729 4359 1619 1615 4343 4360 1620 1616 4344 
730 4360 1620 1616 4344 1889 377 378 1885 
731 1330 1329 1325 1326 4361 4357 4341 4345 
732 4361 4357 4341 4345 4362 4358 4342 4346 
733 4362 4358 4342 4346 4363 4359 4343 4347 
734 4363 4359 4343 4347 4364 4360 4344 4348 
735 4364 4360 4344 4348 1890 1889 1885 1886 
736 1331 1330 1326 1327 4365 4361 4345 4349 
737 4365 4361 4345 4349 4366 4362 4346 4350 
738 4366 4362 4346 4350 4367 4363 4347 4351 
739 4367 4363 4347 4351 4368 4364 4348 4352 
740 4368 4364 4348 4352 1891 1890 1886 1887 
741 1332 1331 1327 1328 4369 4365 4349 4353 
742 4369 4365 4349 4353 4370 4366 4350 4354 
743 4370 4366 4350 4354 4371 4367 4351 4355 
744 4371 4367 4351 4355 4372 4368 4352 4356 
745 4372 4368 4352 4356 1892 1891 1887 1888 
746 184 1332 1328 183 1873 4369 4353 1869 
747 1873 4369 4353 1869 1874 4370 4354 1870 
748 1874 4370 4354 1870 1875 4371 4355 1871 
749 1875 4371 4355 1871 1876 4372 4356 1872 
750 1876 4372 4356 1872 465 1892 1888 466 
751 273 9 168 1329 1845 385 1617 4357 
752 1845 385 1617 4357 1846 386 1618 4358 
753 1846 386 1618 4358 1847 387 1619 4359 
754 1847 387 1619 4359 1848 388 1620 4360 
755 1848 388 1620 4360 461 42 377 1889 
756 274 273 1329 1330 1849 1845 4357 4361 
757 1849 1845 4357 4361 1850 1846 4358 4362 
758 1850 1846 4358 4362 1851 1847 4359 4363 
759 1851 1847 4359 4363 1852 1848 4360 4364 
760 1852 1848 4360 4364 462 461 1889 1890 
761 275 274 1330 1331 1853 1849 4361 4365 
762 1853 1849 4361 4365 1854 1850 4362 4366 
763 1854 1850 4362 4366 1855 1851 4363 4367 
764 1855 1851 4363 4367 1856 1852 4364 4368 
765 1856 1852 4364 4368 463 462 1890 1891 
766 276 275 1331 1332 1857 1853 4365 4369 
767 1857 1853 4365 4369 1858 1854 4366 4370 
768 1858 1854 4366 4370 1859 1855 4367 4371 
769 1859 1855 4367 4371 1860 1856 4368 4372 
770 1860 1856 4368 4372 464 463 1891 1892 
771 15 276 1332 184 469 1857 4369 1873 
772 469 1857 4369 1873 470 1858 4370 1874 
773 470 1858 4370 1874 471 1859 4371 1875 
774 471 1859 4371 1875 472 1860 4372 1876 
775 472 1860 4372 1876 51 464 1892 465 
3 8 5 25
776 277 10 9 273 1893 397 385 1845 
777 1893 397 385 1845 1894 398 386 1846 
778 1894 398 386 1846 1895 399 387 1847 
779 1895 399 387 1847 1896 400 388 1848 
780 1896 400 388 1848 473 44 42 461 
781 278 277 273 274 1897 1893 1845 1849 
782 1897 1893 1845 1849 1898 1894 1846 1850 
783 1898 1894 1846 1850 1899 1895 1847 1851 
784 1899 1895 1847 1851 1900 1896 1848 1852 
785 1900 1896 1848 1852 474 473 461 462 
786 279 278 274 275 1901 1897 1849 1853 
787 1901 1897 1849 1853 1902 1898 1850 1854 
788 1902 1898 1850 1854 1903 1899 1851 1855 
789 1903 1899 1851 1855 1904 1900 1852 1856 
790 1904 1900 1852 1856 475 474 462 463 
791 280 279 275 276 1905 1901 1853 1857 
792 1905 1901 1853 1857 1906 1902 1854 1858 
793 1906 1902 1854 1858 1907 1903 1855 1859 
794 1907 1903 1855 1859 1908 1904 1856 1860 
795 1908 1904 1856 1860 476 475 463 464 
796 16 280 276 15 477 1905 1857 469 
797 477 1905 1857 469 478 1906 1858 470 
798 478 1906 1858 470 479 1907 1859 471 
799 479 1907 1859 471 480 1908 1860 472 
800 480 1908 1860 472 52 476 464 51 
3 9 5 125
801 1333 169 10 277 4373 1685 397 1893 
802 4373 1685 397 1893 4374 1686 398 1894 
803 4374 1686 398 1894 4375 1687 399 1895 
804 4375 1687 399 1895 4376 1688 400 1896 
805 4376 1688 400 1896 1941 412 44 473 
806 1334 1333 277 278 4377 4373 1893 1897 
807 4377 4373 1893 1897 4378 4374 1894 1898 
808 4378 4374 1894 1898 4379 4375 1895 1899 
809 4379 4375 1895 1899 4380 4376 1896 1900 
810 4380 4376 1896 1900 1942 1941 473 474 
811 1335 1334 278 279 4381 4377 1897 1901 
812 4381 4377 1897 1901 4382 4378 1898 1902 
813 4382 4378 1898 1902 4383 4379 1899 1903 
814 4383 4379 1899 1903 4384 4380 1900 1904 
815 4384 4380 1900 1904 1943 1942 474 475 
816 1336 1335 279 280 4385 4381 1901 1905 
817 4385 4381 1901 1905 4386 4382 1902 1906 
818 4386 4382 1902 1906 4387 4383 1903 1907 
819 4387 4383 1903 1907 4388 4384 1904 1908 
820 4388 4384 1904 1908 1944 1943 475 476 
821 185 1336 280 16 1925 4385 1905 477 
822 1925 4385 1905 477 1926 4386 1906 478 
823 1926 4386 1906 478 1927 4387 1907 479 
824 1927 4387 1907 479 1928 4388 1908 480 
825 1928 4388 1908 480 488 1944 476 52 
826 1337 170 169 1333 4389 1689 1685 4373 
827 4389 1689 1685 4373 4390 1690 1686 4374 
828 4390 1690 1686 4374 4391 1691 1687 4375 
829 4391 1691 1687 4375 4392 1692 1688 4376 
830 4392 1692 1688 4376 1945 411 412 1941 
831 1338 1337 1333 1334 4393 4389 4373 4377 
832 4393 4389 4373 4377 4394 4390 4374 4378 
833 4394 4390 4374 4378 4395 4391 4375 4379 
834 4395 4391 4375 4379 4396 4392 4376 4380 
835 4396 4392 4376 4380 1946 1945 1941 1942 
836 1339 1338 1334 1335 4397 4393 4377 4381 
837 4397 4393 4377 4381 4398 4394 4378 4382 
838 4398 4394 4378 4382 4399 4395 4379 4383 
839 4399 4395 4379 4383 4400 4396 4380 4384 
840 4400 4396 4380 4384 1947 1946 1942 1943 
841 1340 1339 1335 1336 4401 4397 4381 4385 
842 4401 4397 4381 4385 4402 4398 4382 4386 
843 4402 4398 4382 4386 4403 4399 4383 4387 
844 4403 4399 4383 4387 4404 4400 4384 4388 
845 4404 4400 4384 4388 1948 1947 1943 1944 
846 186 1340 1336 185 1929 4401 4385 1925 
847 1929 4401 4385 1925 1930 4402 4386 1926 
848 1930 4402 4386 1926 1931 4403 4387 1927 
849 1931 4403 4387 1927 1932 4404 4388 1928 
850 1932 4404 4388 1928 487 1948 1944 488 
851 1341 171 170 1337 4405 1693 1689 4389 
852 4405 1693 1689 4389 4406 1694 1690 4390 
853 4406 1694 1690 4390 4407 1695 1691 4391 
854 4407 1695 1691 4391 4408 1696 1692 4392 
855 4408 1696 1692 4392 1949 410 411 1945 
856 1342 1341 1337 1338 4409 4405 4389 4393 
857 4409 4405 4389 4393 4410 4406 4390 4394 
858 4410 4406 4390 4394 4411 4407 4391 4395 
859 4411 4407 4391 4395 4412 4408 4392 4396 
860 4412 4408 4392 4396 1950 1949 1945 1946 
861 1343 1342 1338 1339 4413 4409 4393 4397 
862 4413 4409 4393 4397 4414 4410 4394 4398 
863 4414 4410 4394 4398 4415 4411 4395 4399 
864 4415 4411 4395 4399 4416 4412 4396 4400 
865 4416 4412 4396 4400 1951 1950 1946 1947 
866 1344 1343 1339 1340 4417 4413 4397 4401 
867 4417 4413 4397 4401 4418 4414 4398 4402 
868 4418 4414 4398 4402 4419 4415 4399 4403 
869 4419 4415 4399 4403 4420 4416 4400 4404 
870 4420 4416 4400 4404 1952 1951 1947 1948 
871 187 1344 1340 186 1933 4417 4401 1929 
872 1933 4417 4401 1929 1934 4418 4402 1930 
873 1934 4418 4402 1930 1935 4419 4403 1931 
874 1935 4419 4403 1931 1936 4420 4404 1932 
875 1936 4420 4404 1932 486 1952 1948 487 
876 1345 172 171 1341 4421 1697 1693 4405 
877 4421 1697 1693 4405 4422 1698 1694 4406 
878 4422 1698 1694 4406 4423 1699 1695 4407 
879 4423 1699 1695 4407 4424 1700 1696 4408 
880 4424 1700 1696 4408 1953 409 410 1949 
881 1346 1345 1341 1342 4425 4421 4405 4409 
882 4425 4421 4405 4409 4426 4422 4406 4410 
883 4426 4422 4406 4410 4427 4423 4407 4411 
884 4427 4423 4407 4411 4428 4424 4408 4412 
885 4428 4424 4408 4412 1954 1953 1949 1950 
886 1347 1346 1342 1343 4429 4425 4409 4413 
887 4429 4425 4409 4413 4430 4426 4410 4414 
888 4430 4426 4410 4414 4431 4427 4411 4415 
889 4431 4427 4411 4415 4432 4428 4412 4416 
890 4432 4428 4412 4416 1955 1954 1950 1951 
891 1348 1347 1343 1344 4433 4429 4413 4417 
892 4433 4429 4413 4417 4434 4430 4414 4418 
893 4434 4430 4414 4418 4435 4431 4415 4419 
894 4435 4431 4415 4419 4436 4432 4416 4420 
895 4436 4432 4416 4420 1956 1955 1951 1952 
896 188 1348 1344 187 1937 4433 4417 1933 
897 1937 4433 4417 1933 1938 4434 4418 1934 
898 1938 4434 4418 1934 1939 4435 4419 1935 
899 1939 4435 4419 1935 1940 4436 4420 1936 
900 1940 4436 4420 1936 485 1956 1952 486 
901 281 11 172 1345 1909 417 1697 4421 
902 1909 417 1697 4421 1910 418 1698 4422 
903 1910 418 1698 4422 1911 419 1699 4423 
904 1911 419 1699 4423 1912 420 1700 4424 
905 1912 420 1700 4424 481 46 409 1953 
906 282 281 1345 1346 1913 1909 4421 4425 
907 1913 1909 4421 4425 1914 1910 4422 4426 
908 1914 1910 4422 4426 1915 1911 4423 4427 
909 1915 1911 4423 4427 1916 1912 4424 4428 
910 1916 1912 4424 4428 482 481 1953 1954 
911 283 282 1346 1347 1917 1913 4425 4429 
912 1917 1913 4425 4429 1918 1914 4426 4430 
913 1918 1914 4426 4430 1919 1915 4427 4431 
914 1919 1915 4427 4431 1920 1916 4428 4432 
915 1920 1916 4428 4432 483 482 1954 1955 
916 284 283 1347 1348 1921 1917 4429 4433 
917 1921 1917 4429 4433 1922 1918 4430 4434 
918 1922 1918 4430 4434 1923 1919 4431 4435 
919 1923 1919 4431 4435 1924 1920 4432 4436 
920 1924 1920 4432 4436 484 483 1955 1956 
921 17 284 1348 188 489 1921 4433 1937 
922 489 1921 4433 1937 490 1922 4434 1938 
923 490 1922 4434 1938 491 1923 4435 1939 
924 491 1923 4435 1939 492 1924 4436 1940 
925 492 1924 4436 1940 53 484 1956 485 
3 10 5 125
926 1349 173 11 281 4437 1749 417 1909 
927 4437 1749 417 1909 4438 1750 418 1910 
928 4438 1750 418 1910 4439 1751 419 1911 
929 4439 1751 419 1911 4440 1752 420 1912 
930 4440 1752 420 1912 1989 432 46 481 
931 1350 1349 281 282 4441 4437 1909 1913 
932 4441 4437 1909 1913 4442 4438 1910 1914 
933 4442 4438 1910 1914 4443 4439 1911 1915 
934 4443 4439 1911 1915 4444 4440 1912 1916 
935 4444 4440 1912 1916 1990 1989 481 482 
936 1351 1350 282 283 4445 4441 1913 1917 
937 4445 4441 1913 1917 4446 4442 1914 1918 
938 4446 4442 1914 1918 4447 4443 1915 1919 
939 4447 4443 1915 1919 4448 4444 1916 1920 
940 4448 4444 1916 1920 1991 1990 482 483 
941 1352 1351 283 284 4449 4445 1917 1921 
942 4449 4445 1917 1921 4450 4446 1918 1922 
943 4450 4446 1918 1922 4451 4447 1919 1923 
944 4451 4447 1919 1923 4452 4448 1920 1924 
945 4452 4448 1920 1924 1992 1991 483 484 
946 189 1352 284 17 1973 4449 1921 489 
947 1973 4449 1921 489 1974 4450 1922 490 
948 1974 4450 1922 490 1975 4451 1923 491 
949 1975 4451 1923 491 1976 4452 1924 492 
950 1976 4452 1924 492 500 1992 484 53 
951 1353 174 173 1349 4453 1753 1749 4437 
952 4453 1753 1749 4437 4454 1754 1750 4438 
953 4454 1754 1750 4438 4455 1755 1751 4439 
954 4455 1755 1751 4439 4456 1756 1752 4440 
955 4456 1756 1752 4440 1993 431 432 1989 
956 1354 1353 1349 1350 4457 4453 4437 4441 
957 4457 4453 4437 4441 4458 4454 4438 4442 
958 4458 4454 4438 4442 4459 4455 4439 4443 
959 4459 4455 4439 4443 4460 4456 4440 4444 
960 4460 4456 4440 4444 1994 1993 1989 1990 
961 1355 1354 1350 1351 4461 4457 4441 4445 
962 4461 4457 4441 4445 4462 4458 4442 4446 
963 4462 4458 4442 4446 4463 4459 4443 4447 
964 4463 4459 4443 4447 4464 4460 4444 4448 
965 4464 4460 4444 4448 1995 1994 1990 1991 
966 1356 1355 1351 1352 4465 4461 4445 4449 
967 4465 4461 4445 4449 4466 4462 4446 4450 
968 4466 4462 4446 4450 4467 4463 4447 4451 
969 4467 4463 4447 4451 4468 4464 4448 4452 
970 4468 4464 4448 4452 1996 1995 1991 1992 
971 190 1356 1352 189 1977 4465 4449 1973 
972 1977 4465 4449 1973 1978 4466 4450 1974 
973 1978 4466 4450 1974 1979 4467 4451 1975 
974 1979 4467 4451 1975 1980 4468 4452 1976 
975 1980 4468 4452 1976 499 1996 1992 500 
976 1357 175 174 1353 4469 1757 1753 4453 
977 4469 1757 1753 4453 4470 1758 1754 4454 
978 4470 1758 1754 4454 4471 1759 1755 4455 
979 4471 1759 1755 4455 4472 1760 1756 4456 
980 4472 1760 1756 4456 1997 430 431 1993 
981 1358 1357 1353 1354 4473 4469 4453 4457 
982 4473 4469 4453 4457 4474 4470 4454 4458 
983 4474 4470 4454 4458 4475 4471 4455 4459 
984 4475 4471 4455 4459 4476 4472 4456 4460 
985 4476 4472 4456 4460 1998 1997 1993 1994 
986 1359 1358 1354 1355 4477 4473 4457 4461 
987 4477 4473 4457 4461 4478 4474 4458 4462 
988 4478 4474 4458 4462 4479 4475 4459 4463 
989 4479 4475 4459 4463 4480 4476 4460 4464 
990 4480 4476 4460 4464 1999 1998 1994 1995 
991 1360 1359 1355 1356 4481 4477 4461 4465 
992 4481 4477 4461 4465 4482 4478 4462 4466 
993 4482 4478 4462 4466 4483 4479 4463 4467 
994 4483 4479 4463 4467 4484 4480 4464 4468 
995 4484 4480 4464 4468 2000 1999 1995 1996 
996 191 1360 1356 190 1981 4481 4465 1977 
997 1981 4481 4465 1977 1982 4482 4466 1978 
998 1982 4482 4466 1978 1983 4483 4467 1979 
999 1983 4483 4467 1979 1984 4484 4468 1980 
1000 1984 4484 4468 1980 498 2000 1996 499 
1001 1361 176 175 1357 4485 1761 1757 4469 
1002 4485 1761 1757 4469 4486 1762 1758 4470 
1003 4486 1762 1758 4470 4487 1763 1759 4471 
1004 4487 1763 1759 4471 4488 1764 1760 4472 
1005 4488 1764 1760 4472 2001 429 430 1997 
1006 1362 1361 1357 1358 4489 4485 4469 4473 
1007 4489 4485 4469 4473 4490 4486 4470 4474 
1008 4490 4486 4470 4474 4491 4487 4471 4475 
1009 4491 4487 4471 4475 4492 4488 4472 4476 
1010 4492 4488 4472 4476 2002 2001 1997 1998 
1011 1363 1362 1358 1359 4493 4489 4473 4477 
1012 4493 4489 4473 4477 4494 4490 4474 4478 
1013 4494 4490 4474 4478 4495 4491 4475 4479 
1014 4495 4491 4475 4479 4496 4492 4476 4480 
1015 4496 4492 4476 4480 2003 2002 1998 1999 
1016 1364 1363 1359 1360 4497 4493 4477 4481 
1017 4497 4493 4477 4481 4498 4494 4478 4482 
1018 4498 4494 4478 4482 4499 4495 4479 4483 
1019 4499 4495 4479 4483 4500 4496 4480 4484 
1020 4500 4496 4480 4484 2004 2003 1999 2000 
1021 192 1364 1360 191 1985 4497 4481 1981 
1022 1985 4497 4481 1981 1986 4498 4482 1982 
1023 1986 4498 4482 1982 1987 4499 4483 1983 
1024 1987 4499 4483 1983 1988 4500 4484 1984 
1025 1988 4500 4484 1984 497 2004 2000 498 
1026 285 12 176 1361 1957 437 1761 4485 
1027 1957 437 1761 4485 1958 438 1762 4486 
1028 1958 438 1762 4486 1959 439 1763 4487 
1029 1959 439 1763 4487 1960 440 1764 4488 
1030 1960 440 1764 4488 493 48 429 2001 
1031 286 285 1361 1362 1961 1957 4485 4489 
1032 1961 1957 4485 4489 1962 1958 4486 4490 
1033 1962 1958 4486 4490 1963 1959 4487 4491 
1034 1963 1959 4487 4491 1964 1960 4488 4492 
1035 1964 1960 4488 4492 494 493 2001 2002 
1036 287 286 1362 1363 1965 1961 4489 4493 
1037 1965 1961 4489 4493 1966 1962 4490 4494 
1038 1966 1962 4490 4494 1967 1963 4491 4495 
1039 1967 1963 4491 4495 1968 1964 4492 4496 
1040 1968 1964 4492 4496 495 494 2002 2003 
1041 288 287 1363 1364 1969 1965 4493 4497 
1042 1969 1965 4493 4497 1970 1966 4494 4498 
1043 1970 1966 4494 4498 1971 1967 4495 4499 
1044 1971 1967 4495 4499 1972 1968 4496 4500 
1045 1972 1968 4496 4500 496 495 2003 2004 
1046 18 288 1364 192 501 1969 4497 1985 
1047 501 1969 4497 1985 502 1970 4498 1986 
1048 502 1970 4498 1986 503 1971 4499 1987 
1049 503 1971 4499 1987 504 1972 4500 1988 
1050 504 1972 4500 1988 54 496 2004 497 
3 11 5 25
1051 193 177 13 19 2005 1797 457 513 
1052 2005 1797 457 513 2006 1798 458 514 
1053 2006 1798 458 514 2007 1799 459 515 
1054 2007 1799 459 515 2008 1800 460 516 
1055 2008 1800 460 516 508 448 50 56 
1056 194 178 177 193 2009 1801 1797 2005 
1057 2009 1801 1797 2005 2010 1802 1798 2006 
1058 2010 1802 1798 2006 2011 1803 1799 2007 
1059 2011 1803 1799 2007 2012 1804 1800 2008 
1060 2012 1804 1800 2008 507 447 448 508 
1061 195 179 178 194 2013 1805 1801 2009 
1062 2013 1805 1801 2009 2014 1806 1802 2010 
1063 2014 1806 1802 2010 2015 1807 1803 2011 
1064 2015 1807 1803 2011 2016 1808 1804 2012 
1065 2016 1808 1804 2012 506 446 447 507 
1066 196 180 179 195 2017 1809 1805 2013 
1067 2017 1809 1805 2013 2018 1810 1806 2014 
1068 2018 1810 1806 2014 2019 1811 1807 2015 
1069 2019 1811 1807 2015 2020 1812 1808 2016 
1070 2020 1812 1808 2016 505 445 446 506 
1071 20 14 180 196 509 453 1809 2017 
1072 509 453 1809 2017 510 454 1810 2018 
1073 510 454 1810 2018 511 455 1811 2019 
1074 511 455 1811 2019 512 456 1812 2020 
1075 512 456 1812 2020 55 49 445 505 
3 12 5 25
1076 197 181 14 20 2021 1861 453 509 
1077 2021 1861 453 509 2022 1862 454 510 
1078 2022 1862 454 510 2023 1863 455 511 
1079 2023 1863 455 511 2024 1864 456 512 
1080 2024 1864 456 512 520 468 49 55 
1081 198 182 181 197 2025 1865 1861 2021 
1082 2025 1865 1861 2021 2026 1866 1862 2022 
1083 2026 1866 1862 2022 2027 1867 1863 2023 
1084 2027 1867 1863 2023 2028 1868 1864 2024 
1085 2028 1868 1864 2024 519 467 468 520 
1086 199 183 182 198 2029 1869 1865 2025 
1087 2029 1869 1865 2025 2030 1870 1866 2026 
1088 2030 1870 1866 2026 2031 1871 1867 2027 
1089 2031 1871 1867 2027 2032 1872 1868 2028 
1090 2032 1872 1868 2028 518 466 467 519 
1091 200 184 183 199 2033 1873 1869 2029 
1092 2033 1873 1869 2029 2034 1874 1870 2030 
1093 2034 1874 1870 2030 2035 1875 1871 2031 
1094 2035 1875 1871 2031 2036 1876 1872 2032 
1095 2036 1876 1872 2032 517 465 466 518 
1096 21 15 184 200 521 469 1873 2033 
1097 521 469 1873 2033 522 470 1874 2034 
1098 522 470 1874 2034 523 471 1875 2035 
1099 523 471 1875 2035 524 472 1876 2036 
1100 524 472 1876 2036 57 51 465 517 
3 13 5 5
1101 22 16 15 21 525 477 469 521 
1102 525 477 469 521 526 478 470 522 
1103 526 478 470 522 527 479 471 523 
1104 527 479 471 523 528 480 472 524 
1105 528 480 472 524 58 52 51 57 
3 14 5 25
1106 201 185 16 22 2037 1925 477 525 
1107 2037 1925 477 525 2038 1926 478 526 
1108 2038 1926 478 526 2039 1927 479 527 
1109 2039 1927 479 527 2040 1928 480 528 
1110 2040 1928 480 528 532 488 52 58 
1111 202 186 185 201 2041 1929 1925 2037 
1112 2041 1929 1925 2037 2042 1930 1926 2038 
1113 2042 1930 1926 2038 2043 1931 1927 2039 
1114 2043 1931 1927 2039 2044 1932 1928 2040 
1115 2044 1932 1928 2040 531 487 488 532 
1116 203 187 186 202 2045 1933 1929 2041 
1117 2045 1933 1929 2041 2046 1934 1930 2042 
1118 2046 1934 1930 2042 2047 1935 1931 2043 
1119 2047 1935 1931 2043 2048 1936 1932 2044 
1120 2048 1936 1932 2044 530 486 487 531 
1121 204 188 187 203 2049 1937 1933 2045 
1122 2049 1937 1933 2045 2050 1938 1934 2046 
1123 2050 1938 1934 2046 2051 1939 1935 2047 
1124 2051 1939 1935 2047 2052 1940 1936 2048 
1125 2052 1940 1936 2048 529 485 486 530 
1126 23 17 188 204 533 489 1937 2049 
1127 533 489 1937 2049 534 490 1938 2050 
1128 534 490 1938 2050 535 491 1939 2051 
1129 535 491 1939 2051 536 492 1940 2052 
1130 536 492 1940 2052 59 53 485 529 
3 15 5 25
1131 205 189 17 23 2053 1973 489 533 
1132 2053 1973 489 533 2054 1974 490 534 
1133 2054 1974 490 534 2055 1975 491 535 
1134 2055 1975 491 535 2056 1976 492 536 
1135 2056 1976 492 536 540 500 53 59 
1136 206 190 189 205 2057 1977 1973 2053 
1137 2057 1977 1973 2053 2058 1978 1974 2054 
1138 2058 1978 1974 2054 2059 1979 1975 2055 
1139 2059 1979 1975 2055 2060 1980 1976 2056 
1140 2060 1980 1976 2056 539 499 500 540 
1141 207 191 190 206 2061 1981 1977 2057 
1142 2061 1981 1977 2057 2062 1982 1978 2058 
1143 2062 1982 1978 2058 2063 1983 1979 2059 
1144 2063 1983 1979 2059 2064 1984 1980 2060 
1145 2064 1984 1980 2060 538 498 499 539 
1146 208 192 191 207 2065 1985 1981 2061 
1147 2065 1985 1981 2061 2066 1986 1982 2062 
1148 2066 1986 1982 2062 2067 1987 1983 2063 
1149 2067 1987 1983 2063 2068 1988 1984 2064 
1150 2068 1988 1984 2064 537 497 498 538 
1151 24 18 192 208 541 501 1985 2065 
1152 541 501 1985 2065 542 502 1986 2066 
1153 542 502 1986 2066 543 503 1987 2067 
1154 543 503 1987 2067 544 504 1988 2068 
1155 544 504 1988 2068 60 54 497 537 
3 16 5 125
1156 1365 193 19 289 4501 2005 513 2101 
1157 4501 2005 513 2101 4502 2006 514 2102 
1158 4502 2006 514 2102 4503 2007 515 2103 
1159 4503 2007 515 2103 4504 2008 516 2104 
1160 4504 2008 516 2104 2117 508 56 556 
1161 1366 1365 289 290 4505 4501 2101 2105 
1162 4505 4501 2101 2105 4506 4502 2102 2106 
1163 4506 4502 2102 2106 4507 4503 2103 2107 
1164 4507 4503 2103 2107 4508 4504 2104 2108 
1165 4508 4504 2104 2108 2118 2117 556 555 
1166 1367 1366 290 291 4509 4505 2105 2109 
1167 4509 4505 2105 2109 4510 4506 2106 2110 
1168 4510 4506 2106 2110 4511 4507 2107 2111 
1169 4511 4507 2107 2111 4512 4508 2108 2112 
1170 4512 4508 2108 2112 2119 2118 555 554 
1171 1368 1367 291 292 4513 4509 2109 2113 
1172 4513 4509 2109 2113 4514 4510 2110 2114 
1173 4514 4510 2110 2114 4515 4511 2111 2115 
1174 4515 4511 2111 2115 4516 4512 2112 2116 
1175 4516 4512 2112 2116 2120 2119 554 553 
1176 209 1368 292 25 2085 4513 2113 561 
1177 2085 4513 2113 561 2086 4514 2114 562 
1178 2086 4514 2114 562 2087 4515 2115 563 
1179 2087 4515 2115 563 2088 4516 2116 564 
1180 2088 4516 2116 564 552 2120 553 62 
1181 1369 194 193 1365 4517 2009 2005 4501 
1182 4517 2009 2005 4501 4518 2010 2006 4502 
1183 4518 2010 2006 4502 4519 2011 2007 4503 
1184 4519 2011 2007 4503 4520 2012 2008 4504 
1185 4520 2012 2008 4504 2121 507 508 2117 
1186 1370 1369 1365 1366 4521 4517 4501 4505 
1187 4521 4517 4501 4505 4522 4518 4502 4506 
1188 4522 4518 4502 4506 4523 4519 4503 4507 
1189 4523 4519 4503 4507 4524 4520 4504 4508 
1190 4524 4520 4504 4508 2122 2121 2117 2118 
1191 1371 1370 1366 1367 4525 4521 4505 4509 
1192 4525 4521 4505 4509 4526 4522 4506 4510 
1193 4526 4522 4506 4510 4527 4523 4507 4511 
1194 4527 4523 4507 4511 4528 4524 4508 4512 
1195 4528 4524 4508 4512 2123 2122 2118 2119 
1196 1372 1371 1367 1368 4529 4525 4509 4513 
1197 4529 4525 4509 4513 4530 4526 4510 4514 
1198 4530 4526 4510 4514 4531 4527 4511 4515 
1199 4531 4527 4511 4515 4532 4528 4512 4516 
1200 4532 4528 4512 4516 2124 2123 2119 2120 
1201 210 1372 1368 209 2089 4529 4513 2085 
1202 2089 4529 4513 2085 2090 4530 4514 2086 
1203 2090 4530 4514 2086 2091 4531 4515 2087 
1204 2091 4531 4515 2087 2092 4532 4516 2088 
1205 2092 4532 4516 2088 551 2124 2120 552 
1206 1373 195 194 1369 4533 2013 2009 4517 
1207 4533 2013 2009 4517 4534 2014 2010 4518 
1208 4534 2014 2010 4518 4535 2015 2011 4519 
1209 4535 2015 2011 4519 4536 2016 2012 4520 
1210 4536 2016 2012 4520 2125 506 507 2121 
1211 1374 1373 1369 1370 4537 4533 4517 4521 
1212 4537 4533 4517 4521 4538 4534 4518 4522 
1213 4538 4534 4518 4522 4539 4535 4519 4523 
1214 4539 4535 4519 4523 4540 4536 4520 4524 
1215 4540 4536 4520 4524 2126 2125 2121 2122 
1216 1375 1374 1370 1371 4541 4537 4521 4525 
1217 4541 4537 4521 4525 4542 4538 4522 4526 
1218 4542 4538 4522 4526 4543 4539 4523 4527 
1219 4543 4539 4523 4527 4544 4540 4524 4528 
1220 4544 4540 4524 4528 2127 2126 2122 2123 
1221 1376 1375 1371 1372 4545 4541 4525 4529 
1222 4545 4541 4525 4529 4546 4542 4526 4530 
1223 4546 4542 4526 4530 4547 4543 4527 4531 
1224 4547 4543 4527 4531 4548 4544 4528 4532 
1225 4548 4544 4528 4532 2128 2127 2123 2124 
1226 211 1376 1372 210 2093 4545 4529 2089 
1227 2093 4545 4529 2089 2094 4546 4530 2090 
1228 2094 4546 4530 2090 2095 4547 4531 2091 
1229 2095 4547 4531 2091 2096 4548 4532 2092 
1230 2096 4548 4532 2092 550 2128 2124 551 
1231 1377 196 195 1373 4549 2017 2013 4533 
1232 4549 2017 2013 4533 4550 2018 2014 4534 
1233 4550 2018 2014 4534 4551 2019 2015 4535 
1234 4551 2019 2015 4535 4552 2020 2016 4536 
1235 4552 2020 2016 4536 2129 505 506 2125 
1236 1378 1377 1373 1374 4553 4549 4533 4537 
1237 4553 4549 4533 4537 4554 4550 4534 4538 
1238 4554 4550 4534 4538 4555 4551 4535 4539 
1239 4555 4551 4535 4539 4556 4552 4536 4540 
1240 4556 4552 4536 4540 2130 2129 2125 2126 
1241 1379 1378 1374 1375 4557 4553 4537 4541 
1242 4557 4553 4537 4541 4558 4554 4538 4542 
1243 4558 4554 4538 4542 4559 4555 4539 4543 
1244 4559 4555 4539 4543 4560 4556 4540 4544 
1245 4560 4556 4540 4544 2131 2130 2126 2127 
1246 1380 1379 1375 1376 4561 4557 4541 4545 
1247 4561 4557 4541 4545 4562 4558 4542 4546 
1248 4562 4558 4542 4546 4563 4559 4543 4547 
1249 4563 4559 4543 4547 4564 4560 4544 4548 
1250 4564 4560 4544 4548 2132 2131 2127 2128 
1251 212 1380 1376 211 2097 4561 4545 2093 
1252 2097 4561 4545 2093 2098 4562 4546 2094 
1253 2098 4562 4546 2094 2099 4563 4547 2095 
1254 2099 4563 4547 2095 2100 4564 4548 2096 
1255 2100 4564 4548 2096 549 2132 2128 550 
1256 293 20 196 1377 2069 509 2017 4549 
1257 2069 509 2017 4549 2070 510 2018 4550 
1258 2070 510 2018 4550 2071 511 2019 4551 
1259 2071 511 2019 4551 2072 512 2020 4552 
1260 2072 512 2020 4552 545 55 505 2129 
1261 294 293 1377 1378 2073 2069 4549 4553 
1262 2073 2069 4549 4553 2074 2070 4550 4554 
1263 2074 2070 4550 4554 2075 2071 4551 4555 
1264 2075 2071 4551 4555 2076 2072 4552 4556 
1265 2076 2072 4552 4556 546 545 2129 2130 
1266 295 294 1378 1379 2077 2073 4553 4557 
1267 2077 2073 4553 4557 2078 2074 4554 4558 
1268 2078 2074 4554 4558 2079 2075 4555 4559 
1269 2079 2075 4555 4559 2080 2076 4556 4560 
1270 2080 2076 4556 4560 547 546 2130 2131 
1271 296 295 1379 1380 2081 2077 4557 4561 
1272 2081 2077 4557 4561 2082 2078 4558 4562 
1273 2082 2078 4558 4562 2083 2079 4559 4563 
1274 2083 2079 4559 4563 2084 2080 4560 4564 
1275 2084 2080 4560 4564 548 547 2131 2132 
1276 26 296 1380 212 557 2081 4561 2097 
1277 557 2081 4561 2097 558 2082 4562 2098 
1278 558 2082 4562 2098 559 2083 4563 2099 
1279 559 2083 4563 2099 560 2084 4564 2100 
1280 560 2084 4564 2100 61 548 2132 549 
3 17 5 125
1281 1381 197 20 293 4565 2021 509 2069 
1282 4565 2021 509 2069 4566 2022 510 2070 
1283 4566 2022 510 2070 4567 2023 511 2071 
1284 4567 2023 511 2071 4568 2024 512 2072 
1285 4568 2024 512 2072 2165 520 55 545 
1286 1382 1381 293 294 4569 4565 2069 2073 
1287 4569 4565 2069 2073 4570 4566 2070 2074 
1288 4570 4566 2070 2074 4571 4567 2071 2075 
1289 4571 4567 2071 2075 4572 4568 2072 2076 
1290 4572 4568 2072 2076 2166 2165 545 546 
1291 1383 1382 294 295 4573 4569 2073 2077 
1292 4573 4569 2073 2077 4574 4570 2074 2078 
1293 4574 4570 2074 2078 4575 4571 2075 2079 
1294 4575 4571 2075 2079 4576 4572 2076 2080 
1295 4576 4572 2076 2080 2167 2166 546 547 
1296 1384 1383 295 296 4577 4573 2077 2081 
1297 4577 4573 2077 2081 4578 4574 2078 2082 
1298 4578 4574 2078 2082 4579 4575 2079 2083 
1299 4579 4575 2079 2083 4580 4576 2080 2084 
1300 4580 4576 2080 2084 2168 2167 547 548 
1301 213 1384 296 26 2149 4577 2081 557 
1302 2149 4577 2081 557 2150 4578 2082 558 
1303 2150 4578 2082 558 2151 4579 2083 559 
1304 2151 4579 2083 559 2152 4580 2084 560 
1305 2152 4580 2084 560 572 2168 548 61 
1306 1385 198 197 1381 4581 2025 2021 4565 
1307 4581 2025 2021 4565 4582 2026 2022 4566 
1308 4582 2026 2022 4566 4583 2027 2023 4567 
1309 4583 2027 2023 4567 4584 2028 2024 4568 
1310 4584 2028 2024 4568 2169 519 520 2165 
1311 1386 1385 1381 1382 4585 4581 4565 4569 
1312 4585 4581 4565 4569 4586 4582 4566 4570 
1313 4586 4582 4566 4570 4587 4583 4567 4571 
1314 4587 4583 4567 4571 4588 4584 4568 4572 
1315 4588 4584 4568 4572 2170 2169 2165 2166 
1316 1387 1386 1382 1383 4589 4585 4569 4573 
1317 4589 4585 4569 4573 4590 4586 4570 4574 
1318 4590 4586 4570 4574 4591 4587 4571 4575 
1319 4591 4587 4571 4575 4592 4588 4572 4576 
1320 4592 4588 4572 4576 2171 2170 2166 2167 
1321 1388 1387 1383 1384 4593 4589 4573 4577 
1322 4593 4589 4573 4577 4594 4590 4574 4578 
1323 4594 4590 4574 4578 4595 4591 4575 4579 
1324 4595 4591 4575 4579 4596 4592 4576 4580 
1325 4596 4592 4576 4580 2172 2171 2167 2168 
1326 214 1388 1384 213 2153 4593 4577 2149 
1327 2153 4593 4577 2149 2154 4594 4578 2150 
1328 2154 4594 4578 2150 2155 4595 4579 2151 
1329 2155 4595 4579 2151 2156 4596 4580 2152 
1330 2156 4596 4580 2152 571 2172 2168 572 
1331 1389 199 198 1385 4597 2029 2025 4581 
1332 4597 2029 2025 4581 4598 2030 2026 4582 
1333 4598 2030 2026 4582 4599 2031 2027 4583 
1334 4599 2031 2027 4583 4600 2032 2028 4584 
1335 4600 2032 2028 4584 2173 518 519 2169 
1336 1390 1389 1385 1386 4601 4597 4581 4585 
1337 4601 4597 4581 4585 4602 4598 4582 4586 
1338 4602 4598 4582 4586 4603 4599 4583 4587 
1339 4603 4599 4583 4587 4604 4600 4584 4588 
1340 4604 4600 4584 4588 2174 2173 2169 2170 
1341 1391 1390 1386 1387 4605 4601 4585 4589 
1342 4605 4601 4585 4589 4606 4602 4586 4590 
1343 4606 4602 4586 4590 4607 4603 4587 4591 
1344 4607 4603 4587 4591 4608 4604 4588 4592 
1345 4608 4604 4588 4592 2175 2174 2170 2171 
1346 1392 1391 1387 1388 4609 4605 4589 4593 
1347 4609 4605 4589 4593 4610 4606 4590 4594 
1348 4610 4606 4590 4594 4611 4607 4591 4595 
1349 4611 4607 4591 4595 4612 4608 4592 4596 
1350 4612 4608 4592 4596 2176 2175 2171 2172 
1351 215 1392 1388 214 2157 4609 4593 2153 
1352 2157 4609 4593 2153 2158 4610 4594 2154 
1353 2158 4610 4594 2154 2159 4611 4595 2155 
1354 2159 4611 4595 2155 2160 4612 4596 2156 
1355 2160 4612 4596 2156 570 2176 2172 571 
1356 1393 200 199 1389 4613 2033 2029 4597 
1357 4613 2033 2029 4597 4614 2034 2030 4598 
1358 4614 2034 2030 4598 4615 2035 2031 4599 
1359 4615 2035 2031 4599 4616 2036 2032 4600 
1360 4616 2036 2032 4600 2177 517 518 2173 
1361 1394 1393 1389 1390 4617 4613 4597 4601 
1362 4617 4613 4597 4601 4618 4614 4598 4602 
1363 4618 4614 4598 4602 4619 4615 4599 4603 
1364 4619 4615 4599 4603 4620 4616 4600 4604 
1365 4620 4616 4600 4604 2178 2177 2173 2174 
1366 1395 1394 1390 1391 4621 4617 4601 4605 
1367 4621 4617 4601 4605 4622 4618 4602 4606 
1368 4622 4618 4602 4606 4623 4619 4603 4607 
1369 4623 4619 4603 4607 4624 4620 4604 4608 
1370 4624 4620 4604 4608 2179 2178 2174 2175 
1371 1396 1395 1391 1392 4625 4621 4605 4609 
1372 4625 4621 4605 4609 4626 4622 4606 4610 
1373 4626 4622 4606 4610 4627 4623 4607 4611 
1374 4627 4623 4607 4611 4628 4624 4608 4612 
1375 4628 4624 4608 4612 2180 2179 2175 2176 
1376 216 1396 1392 215 2161 4625 4609 2157 
1377 2161 4625 4609 2157 2162 4626 4610 2158 
1378 2162 4626 4610 2158 2163 4627 4611 2159 
1379 2163 4627 4611 2159 2164 4628 4612 2160 
1380 2164 4628 4612 2160 569 2180 2176 570 
1381 297 21 200 1393 2133 521 2033 4613 
1382 2133 521 2033 4613 2134 522 2034 4614 
1383 2134 522 2034 4614 2135 523 2035 4615 
1384 2135 523 2035 4615 2136 524 2036 4616 
1385 2136 524 2036 4616 565 57 517 2177 
1386 298 297 1393 1394 2137 2133 4613 4617 
1387 2137 2133 4613 4617 2138 2134 4614 4618 
1388 2138 2134 4614 4618 2139 2135 4615 4619 
1389 2139 2135 4615 4619 2140 2136 4616 4620 
1390 2140 2136 4616 4620 566 565 2177 2178 
1391 299 298 1394 1395 2141 2137 4617 4621 
1392 2141 2137 4617 4621 2142 2138 4618 4622 
1393 2142 2138 4618 4622 2143 2139 4619 4623 
1394 2143 2139 4619 4623 2144 2140 4620 4624 
1395 2144 2140 4620 4624 567 566 2178 2179 
1396 300 299 1395 1396 2145 2141 4621 4625 
1397 2145 2141 4621 4625 2146 2142 4622 4626 
1398 2146 2142 4622 4626 2147 2143 4623 4627 
1399 2147 2143 4623 4627 2148 2144 4624 4628 
1400 2148 2144 4624 4628 568 567 2179 2180 
1401 27 300 1396 216 573 2145 4625 2161 
1402 573 2145 4625 2161 574 2146 4626 2162 
1403 574 2146 4626 2162 575 2147 4627 2163 
1404 575 2147 4627 2163 576 2148 4628 2164 
1405 576 2148 4628 2164 63 568 2180 569 
3 18 5 25
1406 301 22 21 297 2181 525 521 2133 
1407 2181 525 521 2133 2182 526 522 2134 
1408 2182 526 522 2134 2183 527 523 2135 
1409 2183 527 523 2135 2184 528 524 2136 
1410 2184 528 524 2136 577 58 57 565 
1411 302 301 297 298 2185 2181 2133 2137 
1412 2185 2181 2133 2137 2186 2182 2134 2138 
1413 2186 2182 2134 2138 2187 2183 2135 2139 
1414 2187 2183 2135 2139 2188 2184 2136 2140 
1415 2188 2184 2136 2140 578 577 565 566 
1416 303 302 298 299 2189 2185 2137 2141 
1417 2189 2185 2137 2141 2190 2186 2138 2142 
1418 2190 2186 2138 2142 2191 2187 2139 2143 
1419 2191 2187 2139 2143 2192 2188 2140 2144 
1420 2192 2188 2140 2144 579 578 566 567 
1421 304 303 299 300 2193 2189 2141 2145 
1422 2193 2189 2141 2145 2194 2190 2142 2146 
1423 2194 2190 2142 2146 2195 2191 2143 2147 
1424 2195 2191 2143 2147 2196 2192 2144 2148 
1425 2196 2192 2144 2148 580 579 567 568 
1426 28 304 300 27 581 2193 2145 573 
1427 581 2193 2145 573 582 2194 2146 574 
1428 582 2194 2146 574 583 2195 2147 575 
1429 583 2195 2147 575 584 2196 2148 576 
1430 584 2196 2148 576 64 580 568 63 
3 19 5 125
1431 1397 201 22 301 4629 2037 525 2181 
1432 4629 2037 525 2181 4630 2038 526 2182 
1433 4630 2038 526 2182 4631 2039 527 2183 
1434 4631 2039 527 2183 4632 2040 528 2184 
1435 4632 2040 528 2184 2229 532 58 577 
1436 1398 1397 301 302 4633 4629 2181 2185 
1437 4633 4629 2181 2185 4634 4630 2182 2186 
1438 4634 4630 2182 2186 4635 4631 2183 2187 
1439 4635 4631 2183 2187 4636 4632 2184 2188 
1440 4636 4632 2184 2188 2230 2229 577 578 
1441 1399 1398 302 303 4637 4633 2185 2189 
1442 4637 4633 2185 2189 4638 4634 2186 2190 
1443 4638 4634 2186 2190 4639 4635 2187 2191 
1444 4639 4635 2187 2191 4640 4636 2188 2192 
1445 4640 4636 2188 2192 2231 2230 578 579 
1446 1400 1399 303 304 4641 4637 2189 2193 
1447 4641 4637 2189 2193 4642 4638 2190 2194 
1448 4642 4638 2190 2194 4643 4639 2191 2195 
1449 4643 4639 2191 2195 4644 4640 2192 2196 
1450 4644 4640 2192 2196 2232 2231 579 580 
1451 217 1400 304 28 2213 4641 2193 581 
1452 2213 4641 2193 581 2214 4642 2194 582 
1453 2214 4642 2194 582 2215 4643 2195 583 
1454 2215 4643 2195 583 2216 4644 2196 584 
1455 2216 4644 2196 584 592 2232 580 64 
1456 1401 202 201 1397 4645 2041 2037 4629 
1457 4645 2041 2037 4629 4646 2042 2038 4630 
1458 4646 2042 2038 4630 4647 2043 2039 4631 
1459 4647 2043 2039 4631 4648 2044 2040 4632 
1460 4648 2044 2040 4632 2233 531 532 2229 
1461 1402 1401 1397 1398 4649 4645 4629 4633 
1462 4649 4645 4629 4633 4650 4646 4630 4634 
1463 4650 4646 4630 4634 4651 4647 4631 4635 
1464 4651 4647 4631 4635 4652 4648 4632 4636 
1465 4652 4648 4632 4636 2234 2233 2229 2230 
1466 1403 1402 1398 1399 4653 4649 4633 4637 
1467 4653 4649 4633 4637 4654 4650 4634 4638 
1468 4654 4650 4634 4638 4655 4651 4635 4639 
1469 4655 4651 4635 4639 4656 4652 4636 4640 
1470 4656 4652 4636 4640 2235 2234 2230 2231 
1471 1404 1403 1399 1400 4657 4653 4637 4641 
1472 4657 4653 4637 4641 4658 4654 4638 4642 
1473 4658 4654 4638 4642 4659 4655 4639 4643 
1474 4659 4655 4639 4643 4660 4656 4640 4644 
1475 4660 4656 4640 4644 2236 2235 2231 2232 
1476 218 1404 1400 217 2217 4657 4641 2213 
1477 2217 4657 4641 2213 2218 4658 4642 2214 
1478 2218 4658 4642 2214 2219 4659 4643 2215 
1479 2219 4659 4643 2215 2220 4660 4644 2216 
1480 2220 4660 4644 2216 591 2236 2232 592 
1481 1405 203 202 1401 4661 2045 2041 4645 
1482 4661 2045 2041 4645 4662 2046 2042 4646 
1483 4662 2046 2042 4646 4663 2047 2043 4647 
1484 4663 2047 2043 4647 4664 2048 2044 4648 
1485 4664 2048 2044 4648 2237 530 531 2233 
1486 1406 1405 1401 1402 4665 4661 4645 4649 
1487 4665 4661 4645 4649 4666 4662 4646 4650 
1488 4666 4662 4646 4650 4667 4663 4647 4651 
1489 4667 4663 4647 4651 4668 4664 4648 4652 
1490 4668 4664 4648 4652 2238 2237 2233 2234 
1491 1407 1406 1402 1403 4669 4665 4649 4653 
1492 4669 4665 4649 4653 4670 4666 4650 4654 
1493 4670 4666 4650 4654 4671 4667 4651 4655 
1494 4671 4667 4651 4655 4672 4668 4652 4656 
1495 4672 4668 4652 4656 2239 2238 2234 2235 
1496 1408 1407 1403 1404 4673 4669 4653 4657 
1497 4673 4669 4653 4657 4674 4670 4654 4658 
1498 4674 4670 4654 4658 4675 4671 4655 4659 
1499 4675 4671 4655 4659 4676 4672 4656 4660 
1500 4676 4672 4656 4660 2240 2239 2235 2236 
1501 219 1408 1404 218 2221 4673 4657 2217 
1502 2221 4673 4657 2217 2222 4674 4658 2218 
1503 2222 4674 4658 2218 2223 4675 4659 2219 
1504 2223 4675 4659 2219 2224 4676 4660 2220 
1505 2224 4676 4660 2220 590 2240 2236 591 
1506 1409 204 203 1405 4677 2049 2045 4661 
1507 4677 2049 2045 4661 4678 2050 2046 4662 
1508 4678 2050 2046 4662 4679 2051 2047 4663 
1509 4679 2051 2047 4663 4680 2052 2048 4664 
1510 4680 2052 2048 4664 2241 529 530 2237 
1511 1410 1409 1405 1406 4681 4677 4661 4665 
1512 4681 4677 4661 4665 4682 4678 4662 4666 
1513 4682 4678 4662 4666 4683 4679 4663 4667 
1514 4683 4679 4663 4667 4684 4680 4664 4668 
1515 4684 4680 4664 4668 2242 2241 2237 2238 
1516 1411 1410 1406 1407 4685 4681 4665 4669 
1517 4685 4681 4665 4669 4686 4682 4666 4670 
1518 4686 4682 4666 4670 4687 4683 4667 4671 
1519 4687 4683 4667 4671 4688 4684 4668 4672 
1520 4688 4684 4668 4672 2243 2242 2238 2239 
1521 1412 1411 1407 1408 4689 4685 4669 4673 
1522 4689 4685 4669 4673 4690 4686 4670 4674 
1523 4690 4686 4670 4674 4691 4687 4671 4675 
1524 4691 4687 4671 4675 4692 4688 4672 4676 
1525 4692 4688 4672 4676 2244 2243 2239 2240 
1526 220 1412 1408 219 2225 4689 4673 2221 
1527 2225 4689 4673 2221 2226 4690 4674 2222 
1528 2226 4690 4674 2222 2227 4691 4675 2223 
1529 2227 4691 4675 2223 2228 4692 4676 2224 
1530 2228 4692 4676 2224 589 2244 2240 590 
1531 305 23 204 1409 2197 533 2049 4677 
1532 2197 533 2049 4677 2198 534 2050 4678 
1533 2198 534 2050 4678 2199 535 2051 4679 
1534 2199 535 2051 4679 2200 536 2052 4680 
1535 2200 536 2052 4680 585 59 529 2241 
1536 306 305 1409 1410 2201 2197 4677 4681 
1537 2201 2197 4677 4681 2202 2198 4678 4682 
1538 2202 2198 4678 4682 2203 2199 4679 4683 
1539 2203 2199 4679 4683 2204 2200 4680 4684 
1540 2204 2200 4680 4684 586 585 2241 2242 
1541 307 306 1410 1411 2205 2201 4681 4685 
1542 2205 2201 4681 4685 2206 2202 4682 4686 
1543 2206 2202 4682 4686 2207 2203 4683 4687 
1544 2207 2203 4683 4687 2208 2204 4684 4688 
1545 2208 2204 4684 4688 587 586 2242 2243 
1546 308 307 1411 1412 2209 2205 4685 4689 
1547 2209 2205 4685 4689 2210 2206 4686 4690 
1548 2210 2206 4686 4690 2211 2207 4687 4691 
1549 2211 2207 4687 4691 2212 2208 4688 4692 
1550 2212 2208 4688 4692 588 587 2243 2244 
1551 29 308 1412 220 593 2209 4689 2225 
1552 593 2209 4689 2225 594 2210 4690 2226 
1553 594 2210 4690 2226 595 2211 4691 2227 
1554 595 2211 4691 2227 596 2212 4692 2228 
1555 596 2212 4692 2228 65 588 2244 589 
3 20 5 125
1556 1413 205 23 305 4693 2053 533 2197 
1557 4693 2053 533 2197 4694 2054 534 2198 
1558 4694 2054 534 2198 4695 2055 535 2199 
1559 4695 2055 535 2199 4696 2056 536 2200 
1560 4696 2056 536 2200 2277 540 59 585 
1561 1414 1413 305 306 4697 4693 2197 2201 
1562 4697 4693 2197 2201 4698 4694 2198 2202 
1563 4698 4694 2198 2202 4699 4695 2199 2203 
1564 4699 4695 2199 2203 4700 4696 2200 2204 
1565 4700 4696 2200 2204 2278 2277 585 586 
1566 1415 1414 306 307 4701 4697 2201 2205 
1567 4701 4697 2201 2205 4702 4698 2202 2206 
1568 4702 4698 2202 2206 4703 4699 2203 2207 
1569 4703 4699 2203 2207 4704 4700 2204 2208 
1570 4704 4700 2204 2208 2279 2278 586 587 
1571 1416 1415 307 308 4705 4701 2205 2209 
1572 4705 4701 2205 2209 4706 4702 2206 2210 
1573 4706 4702 2206 2210 4707 4703 2207 2211 
1574 4707 4703 2207 2211 4708 4704 2208 2212 
1575 4708 4704 2208 2212 2280 2279 587 588 
1576 221 1416 308 29 2261 4705 2209 593 
1577 2261 4705 2209 593 2262 4706 2210 594 
1578 2262 4706 2210 594 2263 4707 2211 595 
1579 2263 4707 2211 595 2264 4708 2212 596 
1580 2264 4708 2212 596 604 2280 588 65 
1581 1417 206 205 1413 4709 2057 2053 4693 
1582 4709 2057 2053 4693 4710 2058 2054 4694 
1583 4710 2058 2054 4694 4711 2059 2055 4695 
1584 4711 2059 2055 4695 4712 2060 2056 4696 
1585 4712 2060 2056 4696 2281 539 540 2277 
1586 1418 1417 1413 1414 4713 4709 4693 4697 
1587 4713 4709 4693 4697 4714 4710 4694 4698 
1588 4714 4710 4694 4698 4715 4711 4695 4699 
1589 4715 4711 4695 4699 4716 4712 4696 4700 
1590 4716 4712 4696 4700 2282 2281 2277 2278 
1591 1419 1418 1414 1415 4717 4713 4697 4701 
1592 4717 4713 4697 4701 4718 4714 4698 4702 
1593 4718 4714 4698 4702 4719 4715 4699 4703 
1594 4719 4715 4699 4703 4720 4716 4700 4704 
1595 4720 4716 4700 4704 2283 2282 2278 2279 
1596 1420 1419 1415 1416 4721 4717 4701 4705 
1597 4721 4717 4701 4705 4722 4718 4702 4706 
1598 4722 4718 4702 4706 4723 4719 4703 4707 
1599 4723 4719 4703 4707 4724 4720 4704 4708 
1600 4724 4720 4704 4708 2284 2283 2279 2280 
1601 222 1420 1416 221 2265 4721 4705 2261 
1602 2265 4721 4705 2261 2266 4722 4706 2262 
1603 2266 4722 4706 2262 2267 4723 4707 2263 
1604 2267 4723 4707 2263 2268 4724 4708 2264 
1605 2268 4724 4708 2264 603 2284 2280 604 
1606 1421 207 206 1417 4725 2061 2057 4709 
1607 4725 2061 2057 4709 4726 2062 2058 4710 
1608 4726 2062 2058 4710 4727 2063 2059 4711 
1609 4727 2063 2059 4711 4728 2064 2060 4712 
1610 4728 2064 2060 4712 2285 538 539 2281 
1611 1422 1421 1417 1418 4729 4725 4709 4713 
1612 4729 4725 4709 4713 4730 4726 4710 4714 
1613 4730 4726 4710 4714 4731 4727 4711 4715 
1614 4731 4727 4711 4715 4732 4728 4712 4716 
1615 4732 4728 4712 4716 2286 2285 2281 2282 
1616 1423 1422 1418 1419 4733 4729 4713 4717 
1617 4733 4729 4713 4717 4734 4730 4714 4718 
1618 4734 4730 4714 4718 4735 4731 4715 4719 
1619 4735 4731 4715 4719 4736 4732 4716 4720 
1620 4736 4732 4716 4720 2287 2286 2282 2283 
1621 1424 1423 1419 1420 4737 4733 4717 4721 
1622 4737 4733 4717 4721 4738 4734 4718 4722 
1623 4738 4734 4718 4722 4739 4735 4719 4723 
1624 4739 4735 4719 4723 4740 4736 4720 4724 
1625 4740 4736 4720 4724 2288 2287 2283 2284 
1626 223 1424 1420 222 2269 4737 4721 2265 
1627 2269 4737 4721 2265 2270 4738 4722 2266 
1628 2270 4738 4722 2266 2271 4739 4723 2267 
1629 2271 4739 4723 2267 2272 4740 4724 2268 
1630 2272 4740 4724 2268 602 2288 2284 603 
1631 1425 208 207 1421 4741 2065 2061 4725 
1632 4741 2065 2061 4725 4742 2066 2062 4726 
1633 4742 2066 2062 4726 4743 2067 2063 4727 
1634 4743 2067 2063 4727 4744 2068 2064 4728 
1635 4744 2068 2064 4728 2289 537 538 2285 
1636 1426 1425 1421 1422 4745 4741 4725 4729 
1637 4745 4741 4725 4729 4746 4742 4726 4730 
1638 4746 4742 4726 4730 4747 4743 4727 4731 
1639 4747 4743 4727 4731 4748 4744 4728 4732 
1640 4748 4744 4728 4732 2290 2289 2285 2286 
1641 1427 1426 1422 1423 4749 4745 4729 4733 
1642 4749 4745 4729 4733 4750 4746 4730 4734 
1643 4750 4746 4730 4734 4751 4747 4731 4735 
1644 4751 4747 4731 4735 4752 4748 4732 4736 
1645 4752 4748 4732 4736 2291 2290 2286 2287 
1646 1428 1427 1423 1424 4753 4749 4733 4737 
1647 4753 4749 4733 4737 4754 4750 4734 4738 
1648 4754 4750 4734 4738 4755 4751 4735 4739 
1649 4755 4751 4735 4739 4756 4752 4736 4740 
1650 4756 4752 4736 4740 2292 2291 2287 2288 
1651 224 1428 1424 223 2273 4753 4737 2269 
1652 2273 4753 4737 2269 2274 4754 4738 2270 
1653 2274 4754 4738 2270 2275 4755 4739 2271 
1654 2275 4755 4739 2271 2276 4756 4740 2272 
1655 2276 4756 4740 2272 601 2292 2288 602 
1656 309 24 208 1425 2245 541 2065 4741 
1657 2245 541 2065 4741 2246 542 2066 4742 
1658 2246 542 2066 4742 2247 543 2067 4743 
1659 2247 543 2067 4743 2248 544 2068 4744 
1660 2248 544 2068 4744 597 60 537 2289 
1661 310 309 1425 1426 2249 2245 4741 4745 
1662 2249 2245 4741 4745 2250 2246 4742 4746 
1663 2250 2246 4742 4746 2251 2247 4743 4747 
1664 2251 2247 4743 4747 2252 2248 4744 4748 
1665 2252 2248 4744 4748 598 597 2289 2290 
1666 311 310 1426 1427 2253 2249 4745 4749 
1667 2253 2249 4745 4749 2254 2250 4746 4750 
1668 2254 2250 4746 4750 2255 2251 4747 4751 
1669 2255 2251 4747 4751 2256 2252 4748 4752 
1670 2256 2252 4748 4752 599 598 2290 2291 
1671 312 311 1427 1428 2257 2253 4749 4753 
1672 2257 2253 4749 4753 2258 2254 4750 4754 
1673 2258 2254 4750 4754 2259 2255 4751 4755 
1674 2259 2255 4751 4755 2260 2256 4752 4756 
1675 2260 2256 4752 4756 600 599 2291 2292 
1676 30 312 1428 224 605 2257 4753 2273 
1677 605 2257 4753 2273 606 2258 4754 2274 
1678 606 2258 4754 2274 607 2259 4755 2275 
1679 607 2259 4755 2275 608 2260 4756 2276 
1680 608 2260 4756 2276 66 600 2292 601 
3 21 5 125
1681 1429 209 25 313 4757 2085 561 2325 
1682 4757 2085 561 2325 4758 2086 562 2326 
1683 4758 2086 562 2326 4759 2087 563 2327 
1684 4759 2087 563 2327 4760 2088 564 2328 
1685 4760 2088 564 2328 2341 552 62 620 
1686 1430 1429 313 314 4761 4757 2325 2329 
1687 4761 4757 2325 2329 4762 4758 2326 2330 
1688 4762 4758 2326 2330 4763 4759 2327 2331 
1689 4763 4759 2327 2331 4764 4760 2328 2332 
1690 4764 4760 2328 2332 2342 2341 620 619 
1691 1431 1430 314 315 4765 4761 2329 2333 
1692 4765 4761 2329 2333 4766 4762 2330 2334 
1693 4766 4762 2330 2334 4767 4763 2331 2335 
1694 4767 4763 2331 2335 4768 4764 2332 2336 
1695 4768 4764 2332 2336 2343 2342 619 618 
1696 1432 1431 315 316 4769 4765 2333 2337 
1697 4769 4765 2333 2337 4770 4766 2334 2338 
1698 4770 4766 2334 2338 4771 4767 2335 2339 
1699 4771 4767 2335 2339 4772 4768 2336 2340 
1700 4772 4768 2336 2340 2344 2343 618 617 
1701 225 1432 316 31 2309 4769 2337 625 
1702 2309 4769 2337 625 2310 4770 2338 626 
1703 2310 4770 2338 626 2311 4771 2339 627 
1704 2311 4771 2339 627 2312 4772 2340 628 
1705 2312 4772 2340 628 616 2344 617 68 
1706 1433 210 209 1429 4773 2089 2085 4757 
1707 4773 2089 2085 4757 4774 2090 2086 4758 
1708 4774 2090 2086 4758 4775 2091 2087 4759 
1709 4775 2091 2087 4759 4776 2092 2088 4760 
1710 4776 2092 2088 4760 2345 551 552 2341 
1711 1434 1433 1429 1430 4777 4773 4757 4761 
1712 4777 4773 4757 4761 4778 4774 4758 4762 
1713 4778 4774 4758 4762 4779 4775 4759 4763 
1714 4779 4775 4759 4763 4780 4776 4760 4764 
1715 4780 4776 4760 4764 2346 2345 2341 2342 
1716 1435 1434 1430 1431 4781 4777 4761 4765 
1717 4781 4777 4761 4765 4782 4778 4762 4766 
1718 4782 4778 4762 4766 4783 4779 4763 4767 
1719 4783 4779 4763 4767 4784 4780 4764 4768 
1720 4784 4780 4764 4768 2347 2346 2342 2343 
1721 1436 1435 1431 1432 4785 4781 4765 4769 
1722 4785 4781 4765 4769 4786 4782 4766 4770 
1723 4786 4782 4766 4770 4787 4783 4767 4771 
1724 4787 4783 4767 4771 4788 4784 4768 4772 
1725 4788 4784 4768 4772 2348 2347 2343 2344 
1726 226 1436 1432 225 2313 4785 4769 2309 
1727 2313 4785 4769 2309 2314 4786 4770 2310 
1728 2314 4786 4770 2310 2315 4787 4771 2311 
1729 2315 4787 4771 2311 2316 4788 4772 2312 
1730 2316 4788 4772 2312 615 2348 2344 616 
1731 1437 211 210 1433 4789 2093 2089 4773 
1732 4789 2093 2089 4773 4790 2094 2090 4774 
1733 4790 2094 2090 4774 4791 2095 2091 4775 
1734 4791 2095 2091 4775 4792 2096 2092 4776 
1735 4792 2096 2092 4776 2349 550 551 2345 
1736 1438 1437 1433 1434 4793 4789 4773 4777 
1737 4793 4789 4773 4777 4794 4790 4774 4778 
1738 4794 4790 4774 4778 4795 4791 4775 4779 
1739 4795 4791 4775 4779 4796 4792 4776 4780 
1740 4796 4792 4776 4780 2350 2349 2345 2346 
1741 1439 1438 1434 1435 4797 4793 4777 4781 
1742 4797 4793 4777 4781 4798 4794 4778 4782 
1743 4798 4794 4778 4782 4799 4795 4779 4783 
1744 4799 4795 4779 4783 4800 4796 4780 4784 
1745 4800 4796 4780 4784 2351 2350 2346 2347 
1746 1440 1439 1435 1436 4801 4797 4781 4785 
1747 4801 4797 4781 4785 4802 4798 4782 4786 
1748 4802 4798 4782 4786 4803 4799 4783 4787 
1749 4803 4799 4783 4787 4804 4800 4784 4788 
1750 4804 4800 4784 4788 2352 2351 2347 2348 
1751 227 1440 1436 226 2317 4801 4785 2313 
1752 2317 4801 4785 2313 2318 4802 4786 2314 
1753 2318 4802 4786 2314 2319 4803 4787 2315 
1754 2319 4803 4787 2315 2320 4804 4788 2316 
1755 2320 4804 4788 2316 614 2352 2348 615 
1756 1441 212 211 1437 4805 2097 2093 4789 
1757 4805 2097 2093 4789 4806 2098 2094 4790 
1758 4806 2098 2094 4790 4807 2099 2095 4791 
1759 4807 2099 2095 4791 4808 2100 2096 4792 
1760 4808 2100 2096 4792 2353 549 550 2349 
1761 1442 1441 1437 1438 4809 4805 4789 4793 
1762 4809 4805 4789 4793 4810 4806 4790 4794 
1763 4810 4806 4790 4794 4811 4807 4791 4795 
1764 4811 4807 4791 4795 4812 4808 4792 4796 
1765 4812 4808 4792 4796 2354 2353 2349 2350 
1766 1443 1442 1438 1439 4813 4809 4793 4797 
1767 4813 4809 4793 4797 4814 4810 4794 4798 
1768 4814 4810 4794 4798 4815 4811 4795 4799 
1769 4815 4811 4795 4799 4816 4812 4796 4800 
1770 4816 4812 4796 4800 2355 2354 2350 2351 
1771 1444 1443 1439 1440 4817 4813 4797 4801 
1772 4817 4813 4797 4801 4818 4814 4798 4802 
1773 4818 4814 4798 4802 4819 4815 4799 4803 
1774 4819 4815 4799 4803 4820 4816 4800 4804 
1775 4820 4816 4800 4804 2356 2355 2351 2352 
1776 228 1444 1440 227 2321 4817 4801 2317 
1777 2321 4817 4801 2317 2322 4818 4802 2318 
1778 2322 4818 4802 2318 2323 4819 4803 2319 
1779 2323 4819 4803 2319 2324 4820 4804 2320 
1780 2324 4820 4804 2320 613 2356 2352 614 
1781 317 26 212 1441 2293 557 2097 4805 
1782 2293 557 2097 4805 2294 558 2098 4806 
1783 2294 558 2098 4806 2295 559 2099 4807 
1784 2295 559 2099 4807 2296 560 2100 4808 
1785 2296 560 2100 4808 609 61 549 2353 
1786 318 317 1441 1442 2297 2293 4805 4809 
1787 2297 2293 4805 4809 2298 2294 4806 4810 
1788 2298 2294 4806 4810 2299 2295 4807 4811 
1789 2299 2295 4807 4811 2300 2296 4808 4812 
1790 2300 2296 4808 4812 610 609 2353 2354 
1791 319 318 1442 1443 2301 2297 4809 4813 
1792 2301 2297 4809 4813 2302 2298 4810 4814 
1793 2302 2298 4810 4814 2303 2299 4811 4815 
1794 2303 2299 4811 4815 2304 2300 4812 4816 
1795 2304 2300 4812 4816 611 610 2354 2355 
1796 320 319 1443 1444 2305 2301 4813 4817 
1797 2305 2301 4813 4817 2306 2302 4814 4818 
1798 2306 2302 4814 4818 2307 2303 4815 4819 
1799 2307 2303 4815 4819 2308 2304 4816 4820 
1800 2308 2304 4816 4820 612 611 2355 2356 
1801 32 320 1444 228 621 2305 4817 2321 
1802 621 2305 4817 2321 622 2306 4818 2322 
1803 622 2306 4818 2322 623 2307 4819 2323 
1804 623 2307 4819 2323 624 2308 4820 2324 
1805 624 2308 4820 2324 67 612 2356 613 
3 22 5 125
1806 1445 213 26 317 4821 2149 557 2293 
1807 4821 2149 557 2293 4822 2150 558 2294 
1808 4822 2150 558 2294 4823 2151 559 2295 
1809 4823 2151 559 2295 4824 2152 560 2296 
1810 4824 2152 560 2296 2389 572 61 609 
1811 1446 1445 317 318 4825 4821 2293 2297 
1812 4825 4821 2293 2297 4826 4822 2294 2298 
1813 4826 4822 2294 2298 4827 4823 2295 2299 
1814 4827 4823 2295 2299 4828 4824 2296 2300 
1815 4828 4824 2296 2300 2390 2389 609 610 
1816 1447 1446 318 319 4829 4825 2297 2301 
1817 4829 4825 2297 2301 4830 4826 2298 2302 
1818 4830 4826 2298 2302 4831 4827 2299 2303 
1819 4831 4827 2299 2303 4832 4828 2300 2304 
1820 4832 4828 2300 2304 2391 2390 610 611 
1821 1448 1447 319 320 4833 4829 2301 2305 
1822 4833 4829 2301 2305 4834 4830 2302 2306 
1823 4834 4830 2302 2306 4835 4831 2303 2307 
1824 4835 4831 2303 2307 4836 4832 2304 2308 
1825 4836 4832 2304 2308 2392 2391 611 612 
1826 229 1448 320 32 2373 4833 2305 621 
1827 2373 4833 2305 621 2374 4834 2306 622 
1828 2374 4834 2306 622 2375 4835 2307 623 
1829 2375 4835 2307 623 2376 4836 2308 624 
1830 2376 4836 2308 624 636 2392 612 67 
1831 1449 214 213 1445 4837 2153 2149 4821 
1832 4837 2153 2149 4821 4838 2154 2150 4822 
1833 4838 2154 2150 4822 4839 2155 2151 4823 
1834 4839 2155 2151 4823 4840 2156 2152 4824 
1835 4840 2156 2152 4824 2393 571 572 2389 
1836 1450 1449 1445 1446 4841 4837 4821 4825 
1837 4841 4837 4821 4825 4842 4838 4822 4826 
1838 4842 4838 4822 4826 4843 4839 4823 4827 
1839 4843 4839 4823 4827 4844 4840 4824 4828 
1840 4844 4840 4824 4828 2394 2393 2389 2390 
1841 1451 1450 1446 1447 4845 4841 4825 4829 
1842 4845 4841 4825 4829 4846 4842 4826 4830 
1843 4846 4842 4826 4830 4847 4843 4827 4831 
1844 4847 4843 4827 4831 4848 4844 4828 4832 
1845 4848 4844 4828 4832 2395 2394 2390 2391 
1846 1452 1451 1447 1448 4849 4845 4829 4833 
1847 4849 4845 4829 4833 4850 4846 4830 4834 
1848 4850 4846 4830 4834 4851 4847 4831 4835 
1849 4851 4847 4831 4835 4852 4848 4832 4836 
1850 4852 4848 4832 4836 2396 2395 2391 2392 
1851 230 1452 1448 229 2377 4849 4833 2373 
1852 2377 4849 4833 2373 2378 4850 4834 2374 
1853 2378 4850 4834 2374 2379 4851 4835 2375 
1854 2379 4851 4835 2375 2380 4852 4836 2376 
1855 2380 4852 4836 2376 635 2396 2392 636 
1856 1453 215 214 1449 4853 2157 2153 4837 
1857 4853 2157 2153 4837 4854 2158 2154 4838 
1858 4854 2158 2154 4838 4855 2159 2155 4839 
1859 4855 2159 2155 4839 4856 2160 2156 4840 
1860 4856 2160 2156 4840 2397 570 571 2393 
1861 1454 1453 1449 1450 4857 4853 4837 4841 
1862 4857 4853 4837 4841 4858 4854 4838 4842 
1863 4858 4854 4838 4842 4859 4855 4839 4843 
1864 4859 4855 4839 4843 4860 4856 4840 4844 
1865 4860 4856 4840 4844 2398 2397 2393 2394 
1866 1455 1454 1450 1451 4861 4857 4841 4845 
1867 4861 4857 4841 4845 4862 4858 4842 4846 
1868 4862 4858 4842 4846 4863 4859 4843 4847 
1869 4863 4859 4843 4847 4864 4860 4844 4848 
1870 4864 4860 4844 4848 2399 2398 2394 2395 
1871 1456 1455 1451 1452 4865 4861 4845 4849 
1872 4865 4861 4845 4849 4866 4862 4846 4850 
1873 4866 4862 4846 4850 4867 4863 4847 4851 
1874 4867 4863 4847 4851 4868 4864 4848 4852 
1875 4868 4864 4848 4852 2400 2399 2395 2396 
1876 231 1456 1452 230 2381 4865 4849 2377 
1877 2381 4865 4849 2377 2382 4866 4850 2378 
1878 2382 4866 4850 2378 2383 4867 4851 2379 
1879 2383 4867 4851 2379 2384 4868 4852 2380 
1880 2384 4868 4852 2380 634 2400 2396 635 
1881 1457 216 215 1453 4869 2161 2157 4853 
1882 4869 2161 2157 4853 4870 2162 2158 4854 
1883 4870 2162 2158 4854 4871 2163 2159 4855 
1884 4871 2163 2159 4855 4872 2164 2160 4856 
1885 4872 2164 2160 4856 2401 569 570 2397 
1886 1458 1457 1453 1454 4873 4869 4853 4857 
1887 4873 4869 4853 4857 4874 4870 4854 4858 
1888 4874 4870 4854 4858 4875 4871 4855 4859 
1889 4875 4871 4855 4859 4876 4872 4856 4860 
1890 4876 4872 4856 4860 2402 2401 2397 2398 
1891 1459 1458 1454 1455 4877 4873 4857 4861 
1892 4877 4873 4857 4861 4878 4874 4858 4862 
1893 4878 4874 4858 4862 4879 4875 4859 4863 
1894 4879 4875 4859 4863 4880 4876 4860 4864 
1895 4880 4876 4860 4864 2403 2402 2398 2399 
1896 1460 1459 1455 1456 4881 4877 4861 4865 
1897 4881 4877 4861 4865 4882 4878 4862 4866 
1898 4882 4878 4862 4866 4883 4879 4863 4867 
1899 4883 4879 4863 4867 4884 4880 4864 4868 
1900 4884 4880 4864 4868 2404 2403 2399 2400 
1901 232 1460 1456 231 2385 4881 4865 2381 
1902 2385 4881 4865 2381 2386 4882 4866 2382 
1903 2386 4882 4866 2382 2387 4883 4867 2383 
1904 2387 4883 4867 2383 2388 4884 4868 2384 
1905 2388 4884 4868 2384 633 2404 2400 634 
1906 321 27 216 1457 2357 573 2161 4869 
1907 2357 573 2161 4869 2358 574 2162 4870 
1908 2358 574 2162 4870 2359 575 2163 4871 
1909 2359 575 2163 4871 2360 576 2164 4872 
1910 2360 576 2164 4872 629 63 569 2401 
1911 322 321 1457 1458 2361 2357 4869 4873 
1912 2361 2357 4869 4873 2362 2358 4870 4874 
1913 2362 2358 4870 4874 2363 2359 4871 4875 
1914 2363 2359 4871 4875 2364 2360 4872 4876 
1915 2364 2360 4872 4876 630 629 2401 2402 
1916 323 322 1458 1459 2365 2361 4873 4877 
1917 2365 2361 4873 4877 2366 2362 4874 4878 
1918 2366 2362 4874 4878 2367 2363 4875 4879 
1919 2367 2363 4875 4879 2368 2364 4876 4880 
1920 2368 2364 4876 4880 631 630 2402 2403 
1921 324 323 1459 1460 2369 2365 4877 4881 
1922 2369 2365 4877 4881 2370 2366 4878 4882 
1923 2370 2366 4878 4882 2371 2367 4879 4883 
1924 2371 2367 4879 4883 2372 2368 4880 4884 
1925 2372 2368 4880 4884 632 631 2403 2404 
1926 33 324 1460 232 637 2369 4881 2385 
1927 637 2369 4881 2385 638 2370 4882 2386 
1928 638 2370 4882 2386 639 2371 4883 2387 
1929 639 2371 4883 2387 640 2372 4884 2388 
1930 640 2372 4884 2388 69 632 2404 633 
3 23 5 25
1931 325 28 27 321 2405 581 573 2357 
1932 2405 581 573 2357 2406 582 574 2358 
1933 2406 582 574 2358 2407 583 575 2359 
1934 2407 583 575 2359 2408 584 576 2360 
1935 2408 584 576 2360 641 64 63 629 
1936 326 325 321 322 2409 2405 2357 2361 
1937 2409 2405 2357 2361 2410 2406 2358 2362 
1938 2410 2406 2358 2362 2411 2407 2359 2363 
1939 2411 2407 2359 2363 2412 2408 2360 2364 
1940 2412 2408 2360 2364 642 641 629 630 
1941 327 326 322 323 2413 2409 2361 2365 
1942 2413 2409 2361 2365 2414 2410 2362 2366 
1943 2414 2410 2362 2366 2415 2411 2363 2367 
1944 2415 2411 2363 2367 2416 2412 2364 2368 
1945 2416 2412 2364 2368 643 642 630 631 
1946 328 327 323 324 2417 2413 2365 2369 
1947 2417 2413 2365 2369 2418 2414 2366 2370 
1948 2418 2414 2366 2370 2419 2415 2367 2371 
1949 2419 2415 2367 2371 2420 2416 2368 2372 
1950 2420 2416 2368 2372 644 643 631 632 
1951 34 328 324 33 645 2417 2369 637 
1952 645 2417 2369 637 646 2418 2370 638 
1953 646 2418 2370 638 647 2419 2371 639 
1954 647 2419 2371 639 648 2420 2372 640 
1955 648 2420 2372 640 70 644 632 69 
3 24 5 125
1956 1461 217 28 325 4885 2213 581 2405 
1957 4885 2213 581 2405 4886 2214 582 2406 
1958 4886 2214 582 2406 4887 2215 583 2407 
1959 4887 2215 583 2407 4888 2216 584 2408 
1960 4888 2216 584 2408 2453 592 64 641 
1961 1462 1461 325 326 4889 4885 2405 2409 
1962 4889 4885 2405 2409 4890 4886 2406 2410 
1963 4890 4886 2406 2410 4891 4887 2407 2411 
1964 4891 4887 2407 2411 4892 4888 2408 2412 
1965 4892 4888 2408 2412 2454 2453 641 642 
1966 1463 1462 326 327 4893 4889 2409 2413 
1967 4893 4889 2409 2413 4894 4890 2410 2414 
1968 4894 4890 2410 2414 4895 4891 2411 2415 
1969 4895 4891 2411 2415 4896 4892 2412 2416 
1970 4896 4892 2412 2416 2455 2454 642 643 
1971 1464 1463 327 328 4897 4893 2413 2417 
1972 4897 4893 2413 2417 4898 4894 2414 2418 
1973 4898 4894 2414 2418 4899 4895 2415 2419 
1974 4899 4895 2415 2419 4900 4896 2416 2420 
1975 4900 4896 2416 2420 2456 2455 643 644 
1976 233 1464 328 34 2437 4897 2417 645 
1977 2437 4897 2417 645 2438 4898 2418 646 
1978 2438 4898 2418 646 2439 4899 2419 647 
1979 2439 4899 2419 647 2440 4900 2420 648 
1980 2440 4900 2420 648 656 2456 644 70 
1981 1465 218 217 1461 4901 2217 2213 4885 
1982 4901 2217 2213 4885 4902 2218 2214 4886 
1983 4902 2218 2214 4886 4903 2219 2215 4887 
1984 4903 2219 2215 4887 4904 2220 2216 4888 
1985 4904 2220 2216 4888 2457 591 592 2453 
1986 1466 1465 1461 1462 4905 4901 4885 4889 
1987 4905 4901 4885 4889 4906 4902 4886 4890 
1988 4906 4902 4886 4890 4907 4903 4887 4891 
1989 4907 4903 4887 4891 4908 4904 4888 4892 
1990 4908 4904 4888 4892 2458 2457 2453 2454 
1991 1467 1466 1462 1463 4909 4905 4889 4893 
1992 4909 4905 4889 4893 4910 4906 4890 4894 
1993 4910 4906 4890 4894 4911 4907 4891 4895 
1994 4911 4907 4891 4895 4912 4908 4892 4896 
1995 4912 4908 4892 4896 2459 2458 2454 2455 
1996 1468 1467 1463 1464 4913 4909 4893 4897 
1997 4913 4909 4893 4897 4914 4910 4894 4898 
1998 4914 4910 4894 4898 4915 4911 4895 4899 
1999 4915 4911 4895 4899 4916 4912 4896 4900 
2000 4916 4912 4896 4900 2460 2459 2455 2456 
2001 234 1468 1464 233 2441 4913 4897 2437 
2002 2441 4913 4897 2437 2442 4914 4898 2438 
2003 2442 4914 4898 2438 2443 4915 4899 2439 
2004 2443 4915 4899 2439 2444 4916 4900 2440 
2005 2444 4916 4900 2440 655 2460 2456 656 
2006 1469 219 218 1465 4917 2221 2217 4901 
2007 4917 2221 2217 4901 4918 2222 2218 4902 
2008 4918 2222 2218 4902 4919 2223 2219 4903 
2009 4919 2223 2219 4903 4920 2224 2220 4904 
2010 4920 2224 2220 4904 2461 590 591 2457 
2011 1470 1469 1465 1466 4921 4917 4901 4905 
2012 4921 4917 4901 4905 4922 4918 4902 4906 
2013 4922 4918 4902 4906 4923 4919 4903 4907 
2014 4923 4919 4903 4907 4924 4920 4904 4908 
2015 4924 4920 4904 4908 2462 2461 2457 2458 
2016 1471 1470 1466 1467 4925 4921 4905 4909 
2017 4925 4921 4905 4909 4926 4922 4906 4910 
2018 4926 4922 4906 4910 4927 4923 4907 4911 
2019 4927 4923 4907 4911 4928 4924 4908 4912 
2020 4928 4924 4908 4912 2463 2462 2458 2459 
2021 1472 1471 1467 1468 4929 4925 4909 4913 
2022 4929 4925 4909 4913 4930 4926 4910 4914 
2023 4930 4926 4910 4914 4931 4927 4911 4915 
2024 4931 4927 4911 4915 4932 4928 4912 4916 
2025 4932 4928 4912 4916 2464 2463 2459 2460 
2026 235 1472 1468 234 2445 4929 4913 2441 
2027 2445 4929 4913 2441 2446 4930 4914 2442 
2028 2446 4930 4914 2442 2447 4931 4915 2443 
2029 2447 4931 4915 2443 2448 4932 4916 2444 
2030 2448 4932 4916 2444 654 2464 2460 655 
2031 1473 220 219 1469 4933 2225 2221 4917 
2032 4933 2225 2221 4917 4934 2226 2222 4918 
2033 4934 2226 2222 4918 4935 2227 2223 4919 
2034 4935 2227 2223 4919 4936 2228 2224 4920 
2035 4936 2228 2224 4920 2465 589 590 2461 
2036 1474 1473 1469 1470 4937 4933 4917 4921 
2037 4937 4933 4917 4921 4938 4934 4918 4922 
2038 4938 4934 4918 4922 4939 4935 4919 4923 
2039 4939 4935 4919 4923 4940 4936 4920 4924 
2040 4940 4936 4920 4924 2466 2465 2461 2462 
2041 1475 1474 1470 1471 4941 4937 4921 4925 
2042 4941 4937 4921 4925 4942 4938 4922 4926 
2043 4942 4938 4922 4926 4943 4939 4923 4927 
2044 4943 4939 4923 4927 4944 4940 4924 4928 
2045 4944 4940 4924 4928 2467 2466 2462 2463 
2046 1476 1475 1471 1472 4945 4941 4925 4929 
2047 4945 4941 4925 4929 4946 4942 4926 4930 
2048 4946 4942 4926 4930 4947 4943 4927 4931 
2049 4947 4943 4927 4931 4948 4944 4928 4932 
2050 4948 4944 4928 4932 2468 2467 2463 2464 
2051 236 1476 1472 235 2449 4945 4929 2445 
2052 2449 4945 4929 2445 2450 4946 4930 2446 
2053 2450 4946 4930 2446 2451 4947 4931 2447 
2054 2451 4947 4931 2447 2452 4948 4932 2448 
2055 2452 4948 4932 2448 653 2468 2464 654 
2056 329 29 220 1473 2421 593 2225 4933 
2057 2421 593 2225 4933 2422 594 2226 4934 
2058 2422 594 2226 4934 2423 595 2227 4935 
2059 2423 595 2227 4935 2424 596 2228 4936 
2060 2424 596 2228 4936 649 65 589 2465 
2061 330 329 1473 1474 2425 2421 4933 4937 
2062 2425 2421 4933 4937 2426 2422 4934 4938 
2063 2426 2422 4934 4938 2427 2423 4935 4939 
2064 2427 2423 4935 4939 2428 2424 4936 4940 
2065 2428 2424 4936 4940 650 649 2465 2466 
2066 331 330 1474 1475 2429 2425 4937 4941 
2067 2429 2425 4937 4941 2430 2426 4938 4942 
2068 2430 2426 4938 4942 2431 2427 4939 4943 
2069 2431 2427 4939 4943 2432 2428 4940 4944 
2070 2432 2428 4940 4944 651 650 2466 2467 
2071 332 331 1475 1476 2433 2429 4941 4945 
2072 2433 2429 4941 4945 2434 2430 4942 4946 
2073 2434 2430 4942 4946 2435 2431 4943 4947 
2074 2435 2431 4943 4947 2436 2432 4944 4948 
2075 2436 2432 4944 4948 652 651 2467 2468 
2076 35 332 1476 236 657 2433 4945 2449 
2077 657 2433 4945 2449 658 2434 4946 2450 
2078 658 2434 4946 2450 659 2435 4947 2451 
2079 659 2435 4947 2451 660 2436 4948 2452 
2080 660 2436 4948 2452 71 652 2468 653 
3 25 5 125
2081 1477 221 29 329 4949 2261 593 2421 
2082 4949 2261 593 2421 4950 2262 594 2422 
2083 4950 2262 594 2422 4951 2263 595 2423 
2084 4951 2263 595 2423 4952 2264 596 2424 
2085 4952 2264 596 2424 2501 604 65 649 
2086 1478 1477 329 330 4953 4949 2421 2425 
2087 4953 4949 2421 2425 4954 4950 2422 2426 
2088 4954 4950 2422 2426 4955 4951 2423 2427 
2089 4955 4951 2423 2427 4956 4952 2424 2428 
2090 4956 4952 2424 2428 2502 2501 649 650 
2091 1479 1478 330 331 4957 4953 2425 2429 
2092 4957 4953 2425 2429 4958 4954 2426 2430 
2093 4958 4954 2426 2430 4959 4955 2427 2431 
2094 4959 4955 2427 2431 4960 4956 2428 2432 
2095 4960 4956 2428 2432 2503 2502 650 651 
2096 1480 1479 331 332 4961 4957 2429 2433 
2097 4961 4957 2429 2433 4962 4958 2430 2434 
2098 4962 4958 2430 2434 4963 4959 2431 2435 
2099 4963 4959 2431 2435 4964 4960 2432 2436 
2100 4964 4960 2432 2436 2504 2503 651 652 
2101 237 1480 332 35 2485 4961 2433 657 
2102 2485 4961 2433 657 2486 4962 2434 658 
2103 2486 4962 2434 658 2487 4963 2435 659 
2104 2487 4963 2435 659 2488 4964 2436 660 
2105 2488 4964 2436 660 668 2504 652 71 
2106 1481 222 221 1477 4965 2265 2261 4949 
2107 4965 2265 2261 4949 4966 2266 2262 4950 
2108 4966 2266 2262 4950 4967 2267 2263 4951 
2109 4967 2267 2263 4951 4968 2268 2264 4952 
2110 4968 2268 2264 4952 2505 603 604 2501 
2111 1482 1481 1477 1478 4969 4965 4949 4953 
2112 4969 4965 4949 4953 4970 4966 4950 4954 
2113 4970 4966 4950 4954 4971 4967 4951 4955 
2114 4971 4967 4951 4955 4972 4968 4952 4956 
2115 4972 4968 4952 4956 2506 2505 2501 2502 
2116 1483 1482 1478 1479 4973 4969 4953 4957 
2117 4973 4969 4953 4957 4974 4970 4954 4958 
2118 4974 4970 4954 4958 4975 4971 4955 4959 
2119 4975 4971 4955 4959 4976 4972 4956 4960 
2120 4976 4972 4956 4960 2507 2506 2502 2503 
2121 1484 1483 1479 1480 4977 4973 4957 4961 
2122 4977 4973 4957 4961 4978 4974 4958 4962 
2123 4978 4974 4958 4962 4979 4975 4959 4963 
2124 4979 4975 4959 4963 4980 4976 4960 4964 
2125 4980 4976 4960 4964 2508 2507 2503 2504 
2126 238 1484 1480 237 2489 4977 4961 2485 
2127 2489 4977 4961 2485 2490 4978 4962 2486 
2128 2490 4978 4962 2486 2491 4979 4963 2487 
2129 2491 4979 4963 2487 2492 4980 4964 2488 
2130 2492 4980 4964 2488 667 2508 2504 668 
2131 1485 223 222 1481 4981 2269 2265 4965 
2132 4981 2269 2265 4965 4982 2270 2266 4966 
2133 4982 2270 2266 4966 4983 2271 2267 4967 
2134 4983 2271 2267 4967 4984 2272 2268 4968 
2135 4984 2272 2268 4968 2509 602 603 2505 
2136 1486 1485 1481 1482 4985 4981 4965 4969 
2137 4985 4981 4965 4969 4986 4982 4966 4970 
2138 4986 4982 4966 4970 4987 4983 4967 4971 
2139 4987 4983 4967 4971 4988 4984 4968 4972 
2140 4988 4984 4968 4972 2510 2509 2505 2506 
2141 1487 1486 1482 1483 4989 4985 4969 4973 
2142 4989 4985 4969 4973 4990 4986 4970 4974 
2143 4990 4986 4970 4974 4991 4987 4971 4975 
2144 4991 4987 4971 4975 4992 4988 4972 4976 
2145 4992 4988 4972 4976 2511 2510 2506 2507 
2146 1488 1487 1483 1484 4993 4989 4973 4977 
2147 4993 4989 4973 4977 4994 4990 4974 4978 
2148 4994 4990 4974 4978 4995 4991 4975 4979 
2149 4995 4991 4975 4979 4996 4992 4976 4980 
2150 4996 4992 4976 4980 2512 2511 2507 2508 
2151 239 1488 1484 238 2493 4993 4977 2489 
2152 2493 4993 4977 2489 2494 4994 4978 2490 
2153 2494 4994 4978 2490 2495 4995 4979 2491 
2154 2495 4995 4979 2491 2496 4996 4980 2492 
2155 2496 4996 4980 2492 666 2512 2508 667 
2156 1489 224 223 1485 4997 2273 2269 4981 
2157 4997 2273 2269 4981 4998 2274 2270 4982 
2158 4998 2274 2270 4982 4999 2275 2271 4983 
2159 4999 2275 2271 4983 5000 2276 2272 4984 
2160 5000 2276 2272 4984 2513 601 602 2509 
2161 1490 1489 1485 1486 5001 4997 4981 4985 
2162 5001 4997 4981 4985 5002 4998 4982 4986 
2163 5002 4998 4982 4986 5003 4999 4983 4987 
2164 5003 4999 4983 4987 5004 5000 4984 4988 
2165 5004 5000 4984 4988 2514 2513 2509 2510 
2166 1491 1490 1486 1487 5005 5001 4985 4989 
2167 5005 5001 4985 4989 5006 5002 4986 4990 
2168 5006 5002 4986 4990 5007 5003 4987 4991 
2169 5007 5003 4987 4991 5008 5004 4988 4992 
2170 5008 5004 4988 4992 2515 2514 2510 2511 
2171 1492 1491 1487 1488 5009 5005 4989 4993 
2172 5009 5005 4989 4993 5010 5006 4990 4994 
2173 5010 5006 4990 4994 5011 5007 4991 4995 
2174 5011 5007 4991 4995 5012 5008 4992 4996 
2175 5012 5008 4992 4996 2516 2515 2511 2512 
2176 240 1492 1488 239 2497 5009 4993 2493 
2177 2497 5009 4993 2493 2498 5010 4994 2494 
2178 2498 5010 4994 2494 2499 5011 4995 2495 
2179 2499 5011 4995 2495 2500 5012 4996 2496 
2180 2500 5012 4996 2496 665 2516 2512 666 
2181 333 30 224 1489 2469 605 2273 4997 
2182 2469 605 2273 4997 2470 606 2274 4998 
2183 2470 606 2274 4998 2471 607 2275 4999 
2184 2471 607 2275 4999 2472 608 2276 5000 
2185 2472 608 2276 5000 661 66 601 2513 
2186 334 333 1489 1490 2473 2469 4997 5001 
2187 2473 2469 4997 5001 2474 2470 4998 5002 
2188 2474 2470 4998 5002 2475 2471 4999 5003 
2189 2475 2471 4999 5003 2476 2472 5000 5004 
2190 2476 2472 5000 5004 662 661 2513 2514 
2191 335 334 1490 1491 2477 2473 5001 5005 
2192 2477 2473 5001 5005 2478 2474 5002 5006 
2193 2478 2474 5002 5006 2479 2475 5003 5007 
2194 2479 2475 5003 5007 2480 2476 5004 5008 
2195 2480 2476 5004 5008 663 662 2514 2515 
2196 336 335 1491 1492 2481 2477 5005 5009 
2197 2481 2477 5005 5009 2482 2478 5006 5010 
2198 2482 2478 5006 5010 2483 2479 5007 5011 
2199 2483 2479 5007 5011 2484 2480 5008 5012 
2200 2484 2480 5008 5012 664 663 2515 2516 
2201 36 336 1492 240 669 2481 5009 2497 
2202 669 2481 5009 2497 670 2482 5010 2498 
2203 670 2482 5010 2498 671 2483 5011 2499 
2204 671 2483 5011 2499 672 2484 5012 2500 
2205 672 2484 5012 2500 72 664 2516 665 
3 26 5 125
2206 1557 337 37 352 5013 2517 689 2577 
2207 5013 2517 689 2577 5014 2518 690 2578 
2208 5014 2518 690 2578 5015 2519 691 2579 
2209 5015 2519 691 2579 5016 2520 692 2580 
2210 5016 2520 692 2580 2581 673 73 688 
2211 1558 1557 352 351 5017 5013 2577 2573 
2212 5017 5013 2577 2573 5018 5014 2578 2574 
2213 5018 5014 2578 2574 5019 5015 2579 2575 
2214 5019 5015 2579 2575 5020 5016 2580 2576 
2215 5020 5016 2580 2576 2582 2581 688 687 
2216 1559 1558 351 350 5021 5017 2573 2569 
2217 5021 5017 2573 2569 5022 5018 2574 2570 
2218 5022 5018 2574 2570 5023 5019 2575 2571 
2219 5023 5019 2575 2571 5024 5020 2576 2572 
2220 5024 5020 2576 2572 2583 2582 687 686 
2221 1560 1559 350 349 5025 5021 2569 2565 
2222 5025 5021 2569 2565 5026 5022 2570 2566 
2223 5026 5022 2570 2566 5027 5023 2571 2567 
2224 5027 5023 2571 2567 5028 5024 2572 2568 
2225 5028 5024 2572 2568 2584 2583 686 685 
2226 348 1560 349 40 2561 5025 2565 701 
2227 2561 5025 2565 701 2562 5026 2566 702 
2228 2562 5026 2566 702 2563 5027 2567 703 
2229 2563 5027 2567 703 2564 5028 2568 704 
2230 2564 5028 2568 704 684 2584 685 76 
2231 1561 338 337 1557 5029 2521 2517 5013 
2232 5029 2521 2517 5013 5030 2522 2518 5014 
2233 5030 2522 2518 5014 5031 2523 2519 5015 
2234 5031 2523 2519 5015 5032 2524 2520 5016 
2235 5032 2524 2520 5016 2585 674 673 2581 
2236 1562 1561 1557 1558 5033 5029 5013 5017 
2237 5033 5029 5013 5017 5034 5030 5014 5018 
2238 5034 5030 5014 5018 5035 5031 5015 5019 
2239 5035 5031 5015 5019 5036 5032 5016 5020 
2240 5036 5032 5016 5020 2586 2585 2581 2582 
2241 1563 1562 1558 1559 5037 5033 5017 5021 
2242 5037 5033 5017 5021 5038 5034 5018 5022 
2243 5038 5034 5018 5022 5039 5035 5019 5023 
2244 5039 5035 5019 5023 5040 5036 5020 5024 
2245 5040 5036 5020 5024 2587 2586 2582 2583 
2246 1564 1563 1559 1560 5041 5037 5021 5025 
2247 5041 5037 5021 5025 5042 5038 5022 5026 
2248 5042 5038 5022 5026 5043 5039 5023 5027 
2249 5043 5039 5023 5027 5044 5040 5024 5028 
2250 5044 5040 5024 5028 2588 2587 2583 2584 
2251 347 1564 1560 348 2557 5041 5025 2561 
2252 2557 5041 5025 2561 2558 5042 5026 2562 
2253 2558 5042 5026 2562 2559 5043 5027 2563 
2254 2559 5043 5027 2563 2560 5044 5028 2564 
2255 2560 5044 5028 2564 683 2588 2584 684 
2256 1565 339 338 1561 5045 2525 2521 5029 
2257 5045 2525 2521 5029 5046 2526 2522 5030 
2258 5046 2526 2522 5030 5047 2527 2523 5031 
2259 5047 2527 2523 5031 5048 2528 2524 5032 
2260 5048 2528 2524 5032 2589 675 674 2585 
2261 1566 1565 1561 1562 5049 5045 5029 5033 
2262 5049 5045 5029 5033 5050 5046 5030 5034 
2263 5050 5046 5030 5034 5051 5047 5031 5035 
2264 5051 5047 5031 5035 5052 5048 5032 5036 
2265 5052 5048 5032 5036 2590 2589 2585 2586 
2266 1567 1566 1562 1563 5053 5049 5033 5037 
2267 5053 5049 5033 5037 5054 5050 5034 5038 
2268 5054 5050 5034 5038 5055 5051 5035 5039 
2269 5055 5051 5035 5039 5056 5052 5036 5040 
2270 5056 5052 5036 5040 2591 2590 2586 2587 
2271 1568 1567 1563 1564 5057 5053 5037 5041 
2272 5057 5053 5037 5041 5058 5054 5038 5042 
2273 5058 5054 5038 5042 5059 5055 5039 5043 
2274 5059 5055 5039 5043 5060 5056 5040 5044 
2275 5060 5056 5040 5044 2592 2591 2587 2588 
2276 346 1568 1564 347 2553 5057 5041 2557 
2277 2553 5057 5041 2557 2554 5058 5042 2558 
2278 2554 5058 5042 2558 2555 5059 5043 2559 
2279 2555 5059 5043 2559 2556 5060 5044 2560 
2280 2556 5060 5044 2560 682 2592 2588 683 
2281 1569 340 339 1565 5061 2529 2525 5045 
2282 5061 2529 2525 5045 5062 2530 2526 5046 
2283 5062 2530 2526 5046 5063 2531 2527 5047 
2284 5063 2531 2527 5047 5064 2532 2528 5048 
2285 5064 2532 2528 5048 2593 676 675 2589 
2286 1570 1569 1565 1566 5065 5061 5045 5049 
2287 5065 5061 5045 5049 5066 5062 5046 5050 
2288 5066 5062 5046 5050 5067 5063 5047 5051 
2289 5067 5063 5047 5051 5068 5064 5048 5052 
2290 5068 5064 5048 5052 2594 2593 2589 2590 
2291 1571 1570 1566 1567 5069 5065 5049 5053 
2292 5069 5065 5049 5053 5070 5066 5050 5054 
2293 5070 5066 5050 5054 5071 5067 5051 5055 
2294 5071 5067 5051 5055 5072 5068 5052 5056 
2295 5072 5068 5052 5056 2595 2594 2590 2591 
2296 1572 1571 1567 1568 5073 5069 5053 5057 
2297 5073 5069 5053 5057 5074 5070 5054 5058 
2298 5074 5070 5054 5058 5075 5071 5055 5059 
2299 5075 5071 5055 5059 5076 5072 5056 5060 
2300 5076 5072 5056 5060 2596 2595 2591 2592 
2301 345 1572 1568 346 2549 5073 5057 2553 
2302 2549 5073 5057 2553 2550 5074 5058 2554 
2303 2550 5074 5058 2554 2551 5075 5059 2555 
2304 2551 5075 5059 2555 2552 5076 5060 2556 
2305 2552 5076 5060 2556 681 2596 2592 682 
2306 341 38 340 1569 2533 693 2529 5061 
2307 2533 693 2529 5061 2534 694 2530 5062 
2308 2534 694 2530 5062 2535 695 2531 5063 
2309 2535 695 2531 5063 2536 696 2532 5064 
2310 2536 696 2532 5064 677 74 676 2593 
2311 342 341 1569 1570 2537 2533 5061 5065 
2312 2537 2533 5061 5065 2538 2534 5062 5066 
2313 2538 2534 5062 5066 2539 2535 5063 5067 
2314 2539 2535 5063 5067 2540 2536 5064 5068 
2315 2540 2536 5064 5068 678 677 2593 2594 
2316 343 342 1570 1571 2541 2537 5065 5069 
2317 2541 2537 5065 5069 2542 2538 5066 5070 
2318 2542 2538 5066 5070 2543 2539 5067 5071 
2319 2543 2539 5067 5071 2544 2540 5068 5072 
2320 2544 2540 5068 5072 679 678 2594 2595 
2321 344 343 1571 1572 2545 2541 5069 5073 
2322 2545 2541 5069 5073 2546 2542 5070 5074 
2323 2546 2542 5070 5074 2547 2543 5071 5075 
2324 2547 2543 5071 5075 2548 2544 5072 5076 
2325 2548 2544 5072 5076 680 679 2595 2596 
2326 39 344 1572 345 697 2545 5073 2549 
2327 697 2545 5073 2549 698 2546 5074 2550 
2328 698 2546 5074 2550 699 2547 5075 2551 
2329 699 2547 5075 2551 700 2548 5076 2552 
2330 700 2548 5076 2552 75 680 2596 681 
3 27 5 125
2331 1621 369 38 341 5077 2597 693 2533 
2332 5077 2597 693 2533 5078 2598 694 2534 
2333 5078 2598 694 2534 5079 2599 695 2535 
2334 5079 2599 695 2535 5080 2600 696 2536 
2335 5080 2600 696 2536 2645 705 74 677 
2336 1622 1621 341 342 5081 5077 2533 2537 
2337 5081 5077 2533 2537 5082 5078 2534 2538 
2338 5082 5078 2534 2538 5083 5079 2535 2539 
2339 5083 5079 2535 2539 5084 5080 2536 2540 
2340 5084 5080 2536 2540 2646 2645 677 678 
2341 1623 1622 342 343 5085 5081 2537 2541 
2342 5085 5081 2537 2541 5086 5082 2538 2542 
2343 5086 5082 2538 2542 5087 5083 2539 2543 
2344 5087 5083 2539 2543 5088 5084 2540 2544 
2345 5088 5084 2540 2544 2647 2646 678 679 
2346 1624 1623 343 344 5089 5085 2541 2545 
2347 5089 5085 2541 2545 5090 5086 2542 2546 
2348 5090 5086 2542 2546 5091 5087 2543 2547 
2349 5091 5087 2543 2547 5092 5088 2544 2548 
2350 5092 5088 2544 2548 2648 2647 679 680 
2351 380 1624 344 39 2641 5089 2545 697 
2352 2641 5089 2545 697 2642 5090 2546 698 
2353 2642 5090 2546 698 2643 5091 2547 699 
2354 2643 5091 2547 699 2644 5092 2548 700 
2355 2644 5092 2548 700 716 2648 680 75 
2356 1625 370 369 1621 5093 2601 2597 5077 
2357 5093 2601 2597 5077 5094 2602 2598 5078 
2358 5094 2602 2598 5078 5095 2603 2599 5079 
2359 5095 2603 2599 5079 5096 2604 2600 5080 
2360 5096 2604 2600 5080 2649 706 705 2645 
2361 1626 1625 1621 1622 5097 5093 5077 5081 
2362 5097 5093 5077 5081 5098 5094 5078 5082 
2363 5098 5094 5078 5082 5099 5095 5079 5083 
2364 5099 5095 5079 5083 5100 5096 5080 5084 
2365 5100 5096 5080 5084 2650 2649 2645 2646 
2366 1627 1626 1622 1623 5101 5097 5081 5085 
2367 5101 5097 5081 5085 5102 5098 5082 5086 
2368 5102 5098 5082 5086 5103 5099 5083 5087 
2369 5103 5099 5083 5087 5104 5100 5084 5088 
2370 5104 5100 5084 5088 2651 2650 2646 2647 
2371 1628 1627 1623 1624 5105 5101 5085 5089 
2372 5105 5101 5085 5089 5106 5102 5086 5090 
2373 5106 5102 5086 5090 5107 5103 5087 5091 
2374 5107 5103 5087 5091 5108 5104 5088 5092 
2375 5108 5104 5088 5092 2652 2651 2647 2648 
2376 379 1628 1624 380 2637 5105 5089 2641 
2377 2637 5105 5089 2641 2638 5106 5090 2642 
2378 2638 5106 5090 2642 2639 5107 5091 2643 
2379 2639 5107 5091 2643 2640 5108 5092 2644 
2380 2640 5108 5092 2644 715 2652 2648 716 
2381 1629 371 370 1625 5109 2605 2601 5093 
2382 5109 2605 2601 5093 5110 2606 2602 5094 
2383 5110 2606 2602 5094 5111 2607 2603 5095 
2384 5111 2607 2603 5095 5112 2608 2604 5096 
2385 5112 2608 2604 5096 2653 707 706 2649 
2386 1630 1629 1625 1626 5113 5109 5093 5097 
2387 5113 5109 5093 5097 5114 5110 5094 5098 
2388 5114 5110 5094 5098 5115 5111 5095 5099 
2389 5115 5111 5095 5099 5116 5112 5096 5100 
2390 5116 5112 5096 5100 2654 2653 2649 2650 
2391 1631 1630 1626 1627 5117 5113 5097 5101 
2392 5117 5113 5097 5101 5118 5114 5098 5102 
2393 5118 5114 5098 5102 5119 5115 5099 5103 
2394 5119 5115 5099 5103 5120 5116 5100 5104 
2395 5120 5116 5100 5104 2655 2654 2650 2651 
2396 1632 1631 1627 1628 5121 5117 5101 5105 
2397 5121 5117 5101 5105 5122 5118 5102 5106 
2398 5122 5118 5102 5106 5123 5119 5103 5107 
2399 5123 5119 5103 5107 5124 5120 5104 5108 
2400 5124 5120 5104 5108 2656 2655 2651 2652 
2401 378 1632 1628 379 2633 5121 5105 2637 
2402 2633 5121 5105 2637 2634 5122 5106 2638 
2403 2634 5122 5106 2638 2635 5123 5107 2639 
2404 2635 5123 5107 2639 2636 5124 5108 2640 
2405 2636 5124 5108 2640 714 2656 2652 715 
2406 1633 372 371 1629 5125 2609 2605 5109 
2407 5125 2609 2605 5109 5126 2610 2606 5110 
2408 5126 2610 2606 5110 5127 2611 2607 5111 
2409 5127 2611 2607 5111 5128 2612 2608 5112 
2410 5128 2612 2608 5112 2657 708 707 2653 
2411 1634 1633 1629 1630 5129 5125 5109 5113 
2412 5129 5125 5109 5113 5130 5126 5110 5114 
2413 5130 5126 5110 5114 5131 5127 5111 5115 
2414 5131 5127 5111 5115 5132 5128 5112 5116 
2415 5132 5128 5112 5116 2658 2657 2653 2654 
2416 1635 1634 1630 1631 5133 5129 5113 5117 
2417 5133 5129 5113 5117 5134 5130 5114 5118 
2418 5134 5130 5114 5118 5135 5131 5115 5119 
2419 5135 5131 5115 5119 5136 5132 5116 5120 
2420 5136 5132 5116 5120 2659 2658 2654 2655 
2421 1636 1635 1631 1632 5137 5133 5117 5121 
2422 5137 5133 5117 5121 5138 5134 5118 5122 
2423 5138 5134 5118 5122 5139 5135 5119 5123 
2424 5139 5135 5119 5123 5140 5136 5120 5124 
2425 5140 5136 5120 5124 2660 2659 2655 2656 
2426 377 1636 1632 378 2629 5137 5121 2633 
2427 2629 5137 5121 2633 2630 5138 5122 2634 
2428 2630 5138 5122 2634 2631 5139 5123 2635 
2429 2631 5139 5123 2635 2632 5140 5124 2636 
2430 2632 5140 5124 2636 713 2660 2656 714 
2431 373 41 372 1633 2613 717 2609 5125 
2432 2613 717 2609 5125 2614 718 2610 5126 
2433 2614 718 2610 5126 2615 719 2611 5127 
2434 2615 719 2611 5127 2616 720 2612 5128 
2435 2616 720 2612 5128 709 77 708 2657 
2436 374 373 1633 1634 2617 2613 5125 5129 
2437 2617 2613 5125 5129 2618 2614 5126 5130 
2438 2618 2614 5126 5130 2619 2615 5127 5131 
2439 2619 2615 5127 5131 2620 2616 5128 5132 
2440 2620 2616 5128 5132 710 709 2657 2658 
2441 375 374 1634 1635 2621 2617 5129 5133 
2442 2621 2617 5129 5133 2622 2618 5130 5134 
2443 2622 2618 5130 5134 2623 2619 5131 5135 
2444 2623 2619 5131 5135 2624 2620 5132 5136 
2445 2624 2620 5132 5136 711 710 2658 2659 
2446 376 375 1635 1636 2625 2621 5133 5137 
2447 2625 2621 5133 5137 2626 2622 5134 5138 
2448 2626 2622 5134 5138 2627 2623 5135 5139 
2449 2627 2623 5135 5139 2628 2624 5136 5140 
2450 2628 2624 5136 5140 712 711 2659 2660 
2451 42 376 1636 377 721 2625 5137 2629 
2452 721 2625 5137 2629 722 2626 5138 2630 
2453 722 2626 5138 2630 723 2627 5139 2631 
2454 723 2627 5139 2631 724 2628 5140 2632 
2455 724 2628 5140 2632 78 712 2660 713 
3 28 5 25
2456 389 43 41 373 2661 729 717 2613 
2457 2661 729 717 2613 2662 730 718 2614 
2458 2662 730 718 2614 2663 731 719 2615 
2459 2663 731 719 2615 2664 732 720 2616 
2460 2664 732 720 2616 725 79 77 709 
2461 390 389 373 374 2665 2661 2613 2617 
2462 2665 2661 2613 2617 2666 2662 2614 2618 
2463 2666 2662 2614 2618 2667 2663 2615 2619 
2464 2667 2663 2615 2619 2668 2664 2616 2620 
2465 2668 2664 2616 2620 726 725 709 710 
2466 391 390 374 375 2669 2665 2617 2621 
2467 2669 2665 2617 2621 2670 2666 2618 2622 
2468 2670 2666 2618 2622 2671 2667 2619 2623 
2469 2671 2667 2619 2623 2672 2668 2620 2624 
2470 2672 2668 2620 2624 727 726 710 711 
2471 392 391 375 376 2673 2669 2621 2625 
2472 2673 2669 2621 2625 2674 2670 2622 2626 
2473 2674 2670 2622 2626 2675 2671 2623 2627 
2474 2675 2671 2623 2627 2676 2672 2624 2628 
2475 2676 2672 2624 2628 728 727 711 712 
2476 44 392 376 42 733 2673 2625 721 
2477 733 2673 2625 721 734 2674 2626 722 
2478 734 2674 2626 722 735 2675 2627 723 
2479 735 2675 2627 723 736 2676 2628 724 
2480 736 2676 2628 724 80 728 712 78 
3 29 5 125
2481 1701 401 43 389 5141 2677 729 2661 
2482 5141 2677 729 2661 5142 2678 730 2662 
2483 5142 2678 730 2662 5143 2679 731 2663 
2484 5143 2679 731 2663 5144 2680 732 2664 
2485 5144 2680 732 2664 2725 737 79 725 
2486 1702 1701 389 390 5145 5141 2661 2665 
2487 5145 5141 2661 2665 5146 5142 2662 2666 
2488 5146 5142 2662 2666 5147 5143 2663 2667 
2489 5147 5143 2663 2667 5148 5144 2664 2668 
2490 5148 5144 2664 2668 2726 2725 725 726 
2491 1703 1702 390 391 5149 5145 2665 2669 
2492 5149 5145 2665 2669 5150 5146 2666 2670 
2493 5150 5146 2666 2670 5151 5147 2667 2671 
2494 5151 5147 2667 2671 5152 5148 2668 2672 
2495 5152 5148 2668 2672 2727 2726 726 727 
2496 1704 1703 391 392 5153 5149 2669 2673 
2497 5153 5149 2669 2673 5154 5150 2670 2674 
2498 5154 5150 2670 2674 5155 5151 2671 2675 
2499 5155 5151 2671 2675 5156 5152 2672 2676 
2500 5156 5152 2672 2676 2728 2727 727 728 
2501 412 1704 392 44 2721 5153 2673 733 
2502 2721 5153 2673 733 2722 5154 2674 734 
2503 2722 5154 2674 734 2723 5155 2675 735 
2504 2723 5155 2675 735 2724 5156 2676 736 
2505 2724 5156 2676 736 748 2728 728 80 
2506 1705 402 401 1701 5157 2681 2677 5141 
2507 5157 2681 2677 5141 5158 2682 2678 5142 
2508 5158 2682 2678 5142 5159 2683 2679 5143 
2509 5159 2683 2679 5143 5160 2684 2680 5144 
2510 5160 2684 2680 5144 2729 738 737 2725 
2511 1706 1705 1701 1702 5161 5157 5141 5145 
2512 5161 5157 5141 5145 5162 5158 5142 5146 
2513 5162 5158 5142 5146 5163 5159 5143 5147 
2514 5163 5159 5143 5147 5164 5160 5144 5148 
2515 5164 5160 5144 5148 2730 2729 2725 2726 
2516 1707 1706 1702 1703 5165 5161 5145 5149 
2517 5165 5161 5145 5149 5166 5162 5146 5150 
2518 5166 5162 5146 5150 5167 5163 5147 5151 
2519 5167 5163 5147 5151 5168 5164 5148 5152 
2520 5168 5164 5148 5152 2731 2730 2726 2727 
2521 1708 1707 1703 1704 5169 5165 5149 5153 
2522 5169 5165 5149 5153 5170 5166 5150 5154 
2523 5170 5166 5150 5154 5171 5167 5151 5155 
2524 5171 5167 5151 5155 5172 5168 5152 5156 
2525 5172 5168 5152 5156 2732 2731 2727 2728 
2526 411 1708 1704 412 2717 5169 5153 2721 
2527 2717 5169 5153 2721 2718 5170 5154 2722 
2528 2718 5170 5154 2722 2719 5171 5155 2723 
2529 2719 5171 5155 2723 2720 5172 5156 2724 
2530 2720 5172 5156 2724 747 2732 2728 748 
2531 1709 403 402 1705 5173 2685 2681 5157 
2532 5173 2685 2681 5157 5174 2686 2682 5158 
2533 5174 2686 2682 5158 5175 2687 2683 5159 
2534 5175 2687 2683 5159 5176 2688 2684 5160 
2535 5176 2688 2684 5160 2733 739 738 2729 
2536 1710 1709 1705 1706 5177 5173 5157 5161 
2537 5177 5173 5157 5161 5178 5174 5158 5162 
2538 5178 5174 5158 5162 5179 5175 5159 5163 
2539 5179 5175 5159 5163 5180 5176 5160 5164 
2540 5180 5176 5160 5164 2734 2733 2729 2730 
2541 1711 1710 1706 1707 5181 5177 5161 5165 
2542 5181 5177 5161 5165 5182 5178 5162 5166 
2543 5182 5178 5162 5166 5183 5179 5163 5167 
2544 5183 5179 5163 5167 5184 5180 5164 5168 
2545 5184 5180 5164 5168 2735 2734 2730 2731 
2546 1712 1711 1707 1708 5185 5181 5165 5169 
2547 5185 5181 5165 5169 5186 5182 5166 5170 
2548 5186 5182 5166 5170 5187 5183 5167 5171 
2549 5187 5183 5167 5171 5188 5184 5168 5172 
2550 5188 5184 5168 5172 2736 2735 2731 2732 
2551 410 1712 1708 411 2713 5185 5169 2717 
2552 2713 5185 5169 2717 2714 5186 5170 2718 
2553 2714 5186 5170 2718 2715 5187 5171 2719 
2554 2715 5187 5171 2719 2716 5188 5172 2720 
2555 2716 5188 5172 2720 746 2736 2732 747 
2556 1713 404 403 1709 5189 2689 2685 5173 
2557 5189 2689 2685 5173 5190 2690 2686 5174 
2558 5190 2690 2686 5174 5191 2691 2687 5175 
2559 5191 2691 2687 5175 5192 2692 2688 5176 
2560 5192 2692 2688 5176 2737 740 739 2733 
2561 1714 1713 1709 1710 5193 5189 5173 5177 
2562 5193 5189 5173 5177 5194 5190 5174 5178 
2563 5194 5190 5174 5178 5195 5191 5175 5179 
2564 5195 5191 5175 5179 5196 5192 5176 5180 
2565 5196 5192 5176 5180 2738 2737 2733 2734 
2566 1715 1714 1710 1711 5197 5193 5177 5181 
2567 5197 5193 5177 5181 5198 5194 5178 5182 
2568 5198 5194 5178 5182 5199 5195 5179 5183 
2569 5199 5195 5179 5183 5200 5196 5180 5184 
2570 5200 5196 5180 5184 2739 2738 2734 2735 
2571 1716 1715 1711 1712 5201 5197 5181 5185 
2572 5201 5197 5181 5185 5202 5198 5182 5186 
2573 5202 5198 5182 5186 5203 5199 5183 5187 
2574 5203 5199 5183 5187 5204 5200 5184 5188 
2575 5204 5200 5184 5188 2740 2739 2735 2736 
2576 409 1716 1712 410 2709 5201 5185 2713 
2577 2709 5201 5185 2713 2710 5202 5186 2714 
2578 2710 5202 5186 2714 2711 5203 5187 2715 
2579 2711 5203 5187 2715 2712 5204 5188 2716 
2580 2712 5204 5188 2716 745 2740 2736 746 
2581 405 45 404 1713 2693 749 2689 5189 
2582 2693 749 2689 5189 2694 750 2690 5190 
2583 2694 750 2690 5190 2695 751 2691 5191 
2584 2695 751 2691 5191 2696 752 2692 5192 
2585 2696 752 2692 5192 741 81 740 2737 
2586 406 405 1713 1714 2697 2693 5189 5193 
2587 2697 2693 5189 5193 2698 2694 5190 5194 
2588 2698 2694 5190 5194 2699 2695 5191 5195 
2589 2699 2695 5191 5195 2700 2696 5192 5196 
2590 2700 2696 5192 5196 742 741 2737 2738 
2591 407 406 1714 1715 2701 2697 5193 5197 
2592 2701 2697 5193 5197 2702 2698 5194 5198 
2593 2702 2698 5194 5198 2703 2699 5195 5199 
2594 2703 2699 5195 5199 2704 2700 5196 5200 
2595 2704 2700 5196 5200 743 742 2738 2739 
2596 408 407 1715 1716 2705 2701 5197 5201 
2597 2705 2701 5197 5201 2706 2702 5198 5202 
2598 2706 2702 5198 5202 2707 2703 5199 5203 
2599 2707 2703 5199 5203 2708 2704 5200 5204 
2600 2708 2704 5200 5204 744 743 2739 2740 
2601 46 408 1716 409 753 2705 5201 2709 
2602 753 2705 5201 2709 754 2706 5202 2710 
2603 754 2706 5202 2710 755 2707 5203 2711 
2604 755 2707 5203 2711 756 2708 5204 2712 
2605 756 2708 5204 2712 82 744 2740 745 
3 30 5 125
2606 1765 421 45 405 5205 2741 749 2693 
2607 5205 2741 749 2693 5206 2742 750 2694 
2608 5206 2742 750 2694 5207 2743 751 2695 
2609 5207 2743 751 2695 5208 2744 752 2696 
2610 5208 2744 752 2696 2789 757 81 741 
2611 1766 1765 405 406 5209 5205 2693 2697 
2612 5209 5205 2693 2697 5210 5206 2694 2698 
2613 5210 5206 2694 2698 5211 5207 2695 2699 
2614 5211 5207 2695 2699 5212 5208 2696 2700 
2615 5212 5208 2696 2700 2790 2789 741 742 
2616 1767 1766 406 407 5213 5209 2697 2701 
2617 5213 5209 2697 2701 5214 5210 2698 2702 
2618 5214 5210 2698 2702 5215 5211 2699 2703 
2619 5215 5211 2699 2703 5216 5212 2700 2704 
2620 5216 5212 2700 2704 2791 2790 742 743 
2621 1768 1767 407 408 5217 5213 2701 2705 
2622 5217 5213 2701 2705 5218 5214 2702 2706 
2623 5218 5214 2702 2706 5219 5215 2703 2707 
2624 5219 5215 2703 2707 5220 5216 2704 2708 
2625 5220 5216 2704 2708 2792 2791 743 744 
2626 432 1768 408 46 2785 5217 2705 753 
2627 2785 5217 2705 753 2786 5218 2706 754 
2628 2786 5218 2706 754 2787 5219 2707 755 
2629 2787 5219 2707 755 2788 5220 2708 756 
2630 2788 5220 2708 756 768 2792 744 82 
2631 1769 422 421 1765 5221 2745 2741 5205 
2632 5221 2745 2741 5205 5222 2746 2742 5206 
2633 5222 2746 2742 5206 5223 2747 2743 5207 
2634 5223 2747 2743 5207 5224 2748 2744 5208 
2635 5224 2748 2744 5208 2793 758 757 2789 
2636 1770 1769 1765 1766 5225 5221 5205 5209 
2637 5225 5221 5205 5209 5226 5222 5206 5210 
2638 5226 5222 5206 5210 5227 5223 5207 5211 
2639 5227 5223 5207 5211 5228 5224 5208 5212 
2640 5228 5224 5208 5212 2794 2793 2789 2790 
2641 1771 1770 1766 1767 5229 5225 5209 5213 
2642 5229 5225 5209 5213 5230 5226 5210 5214 
2643 5230 5226 5210 5214 5231 5227 5211 5215 
2644 5231 5227 5211 5215 5232 5228 5212 5216 
2645 5232 5228 5212 5216 2795 2794 2790 2791 
2646 1772 1771 1767 1768 5233 5229 5213 5217 
2647 5233 5229 5213 5217 5234 5230 5214 5218 
2648 5234 5230 5214 5218 5235 5231 5215 5219 
2649 5235 5231 5215 5219 5236 5232 5216 5220 
2650 5236 5232 5216 5220 2796 2795 2791 2792 
2651 431 1772 1768 432 2781 5233 5217 2785 
2652 2781 5233 5217 2785 2782 5234 5218 2786 
2653 2782 5234 5218 2786 2783 5235 5219 2787 
2654 2783 5235 5219 2787 2784 5236 5220 2788 
2655 2784 5236 5220 2788 767 2796 2792 768 
2656 1773 423 422 1769 5237 2749 2745 5221 
2657 5237 2749 2745 5221 5238 2750 2746 5222 
2658 5238 2750 2746 5222 5239 2751 2747 5223 
2659 5239 2751 2747 5223 5240 2752 2748 5224 
2660 5240 2752 2748 5224 2797 759 758 2793 
2661 1774 1773 1769 1770 5241 5237 5221 5225 
2662 5241 5237 5221 5225 5242 5238 5222 5226 
2663 5242 5238 5222 5226 5243 5239 5223 5227 
2664 5243 5239 5223 5227 5244 5240 5224 5228 
2665 5244 5240 5224 5228 2798 2797 2793 2794 
2666 1775 1774 1770 1771 5245 5241 5225 5229 
2667 5245 5241 5225 5229 5246 5242 5226 5230 
2668 5246 5242 5226 5230 5247 5243 5227 5231 
2669 5247 5243 5227 5231 5248 5244 5228 5232 
2670 5248 5244 5228 5232 2799 2798 2794 2795 
2671 1776 1775 1771 1772 5249 5245 5229 5233 
2672 5249 5245 5229 5233 5250 5246 5230 5234 
2673 5250 5246 5230 5234 5251 5247 5231 5235 
2674 5251 5247 5231 5235 5252 5248 5232 5236 
2675 5252 5248 5232 5236 2800 2799 2795 2796 
2676 430 1776 1772 431 2777 5249 5233 2781 
2677 2777 5249 5233 2781 2778 5250 5234 2782 
2678 2778 5250 5234 2782 2779 5251 5235 2783 
2679 2779 5251 5235 2783 2780 5252 5236 2784 
2680 2780 5252 5236 2784 766 2800 2796 767 
2681 1777 424 423 1773 5253 2753 2749 5237 
2682 5253 2753 2749 5237 5254 2754 2750 5238 
2683 5254 2754 2750 5238 5255 2755 2751 5239 
2684 5255 2755 2751 5239 5256 2756 2752 5240 
2685 5256 2756 2752 5240 2801 760 759 2797 
2686 1778 1777 1773 1774 5257 5253 5237 5241 
2687 5257 5253 5237 5241 5258 5254 5238 5242 
2688 5258 5254 5238 5242 5259 5255 5239 5243 
2689 5259 5255 5239 5243 5260 5256 5240 5244 
2690 5260 5256 5240 5244 2802 2801 2797 2798 
2691 1779 1778 1774 1775 5261 5257 5241 5245 
2692 5261 5257 5241 5245 5262 5258 5242 5246 
2693 5262 5258 5242 5246 5263 5259 5243 5247 
2694 5263 5259 5243 5247 5264 5260 5244 5248 
2695 5264 5260 5244 5248 2803 2802 2798 2799 
2696 1780 1779 1775 1776 5265 5261 5245 5249 
2697 5265 5261 5245 5249 5266 5262 5246 5250 
2698 5266 5262 5246 5250 5267 5263 5247 5251 
2699 5267 5263 5247 5251 5268 5264 5248 5252 
2700 5268 5264 5248 5252 2804 2803 2799 2800 
2701 429 1780 1776 430 2773 5265 5249 2777 
2702 2773 5265 5249 2777 2774 5266 5250 2778 
2703 2774 5266 5250 2778 2775 5267 5251 2779 
2704 2775 5267 5251 2779 2776 5268 5252 2780 
2705 2776 5268 5252 2780 765 2804 2800 766 
2706 425 47 424 1777 2757 769 2753 5253 
2707 2757 769 2753 5253 2758 770 2754 5254 
2708 2758 770 2754 5254 2759 771 2755 5255 
2709 2759 771 2755 5255 2760 772 2756 5256 
2710 2760 772 2756 5256 761 83 760 2801 
2711 426 425 1777 1778 2761 2757 5253 5257 
2712 2761 2757 5253 5257 2762 2758 5254 5258 
2713 2762 2758 5254 5258 2763 2759 5255 5259 
2714 2763 2759 5255 5259 2764 2760 5256 5260 
2715 2764 2760 5256 5260 762 761 2801 2802 
2716 427 426 1778 1779 2765 2761 5257 5261 
2717 2765 2761 5257 5261 2766 2762 5258 5262 
2718 2766 2762 5258 5262 2767 2763 5259 5263 
2719 2767 2763 5259 5263 2768 2764 5260 5264 
2720 2768 2764 5260 5264 763 762 2802 2803 
2721 428 427 1779 1780 2769 2765 5261 5265 
2722 2769 2765 5261 5265 2770 2766 5262 5266 
2723 2770 2766 5262 5266 2771 2767 5263 5267 
2724 2771 2767 5263 5267 2772 2768 5264 5268 
2725 2772 2768 5264 5268 764 763 2803 2804 
2726 48 428 1780 429 773 2769 5265 2773 
2727 773 2769 5265 2773 774 2770 5266 2774 
2728 774 2770 5266 2774 775 2771 5267 2775 
2729 775 2771 5267 2775 776 2772 5268 2776 
2730 776 2772 5268 2776 84 764 2804 765 
3 31 5 125
2731 1829 348 40 452 5269 2561 701 2849 
2732 5269 2561 701 2849 5270 2562 702 2850 
2733 5270 2562 702 2850 5271 2563 703 2851 
2734 5271 2563 703 2851 5272 2564 704 2852 
2735 5272 2564 704 2852 2853 684 76 788 
2736 1830 1829 452 451 5273 5269 2849 2845 
2737 5273 5269 2849 2845 5274 5270 2850 2846 
2738 5274 5270 2850 2846 5275 5271 2851 2847 
2739 5275 5271 2851 2847 5276 5272 2852 2848 
2740 5276 5272 2852 2848 2854 2853 788 787 
2741 1831 1830 451 450 5277 5273 2845 2841 
2742 5277 5273 2845 2841 5278 5274 2846 2842 
2743 5278 5274 2846 2842 5279 5275 2847 2843 
2744 5279 5275 2847 2843 5280 5276 2848 2844 
2745 5280 5276 2848 2844 2855 2854 787 786 
2746 1832 1831 450 449 5281 5277 2841 2837 
2747 5281 5277 2841 2837 5282 5278 2842 2838 
2748 5282 5278 2842 2838 5283 5279 2843 2839 
2749 5283 5279 2843 2839 5284 5280 2844 2840 
2750 5284 5280 2844 2840 2856 2855 786 785 
2751 448 1832 449 50 2833 5281 2837 793 
2752 2833 5281 2837 793 2834 5282 2838 794 
2753 2834 5282 2838 794 2835 5283 2839 795 
2754 2835 5283 2839 795 2836 5284 2840 796 
2755 2836 5284 2840 796 784 2856 785 86 
2756 1833 347 348 1829 5285 2557 2561 5269 
2757 5285 2557 2561 5269 5286 2558 2562 5270 
2758 5286 2558 2562 5270 5287 2559 2563 5271 
2759 5287 2559 2563 5271 5288 2560 2564 5272 
2760 5288 2560 2564 5272 2857 683 684 2853 
2761 1834 1833 1829 1830 5289 5285 5269 5273 
2762 5289 5285 5269 5273 5290 5286 5270 5274 
2763 5290 5286 5270 5274 5291 5287 5271 5275 
2764 5291 5287 5271 5275 5292 5288 5272 5276 
2765 5292 5288 5272 5276 2858 2857 2853 2854 
2766 1835 1834 1830 1831 5293 5289 5273 5277 
2767 5293 5289 5273 5277 5294 5290 5274 5278 
2768 5294 5290 5274 5278 5295 5291 5275 5279 
2769 5295 5291 5275 5279 5296 5292 5276 5280 
2770 5296 5292 5276 5280 2859 2858 2854 2855 
2771 1836 1835 1831 1832 5297 5293 5277 5281 
2772 5297 5293 5277 5281 5298 5294 5278 5282 
2773 5298 5294 5278 5282 5299 5295 5279 5283 
2774 5299 5295 5279 5283 5300 5296 5280 5284 
2775 5300 5296 5280 5284 2860 2859 2855 2856 
2776 447 1836 1832 448 2829 5297 5281 2833 
2777 2829 5297 5281 2833 2830 5298 5282 2834 
2778 2830 5298 5282 2834 2831 5299 5283 2835 
2779 2831 5299 5283 2835 2832 5300 5284 2836 
2780 2832 5300 5284 2836 783 2860 2856 784 
2781 1837 346 347 1833 5301 2553 2557 5285 
2782 5301 2553 2557 5285 5302 2554 2558 5286 
2783 5302 2554 2558 5286 5303 2555 2559 5287 
2784 5303 2555 2559 5287 5304 2556 2560 5288 
2785 5304 2556 2560 5288 2861 682 683 2857 
2786 1838 1837 1833 1834 5305 5301 5285 5289 
2787 5305 5301 5285 5289 5306 5302 5286 5290 
2788 5306 5302 5286 5290 5307 5303 5287 5291 
2789 5307 5303 5287 5291 5308 5304 5288 5292 
2790 5308 5304 5288 5292 2862 2861 2857 2858 
2791 1839 1838 1834 1835 5309 5305 5289 5293 
2792 5309 5305 5289 5293 5310 5306 5290 5294 
2793 5310 5306 5290 5294 5311 5307 5291 5295 
2794 5311 5307 5291 5295 5312 5308 5292 5296 
2795 5312 5308 5292 5296 2863 2862 2858 2859 
2796 1840 1839 1835 1836 5313 5309 5293 5297 
2797 5313 5309 5293 5297 5314 5310 5294 5298 
2798 5314 5310 5294 5298 5315 5311 5295 5299 
2799 5315 5311 5295 5299 5316 5312 5296 5300 
2800 5316 5312 5296 5300 2864 2863 2859 2860 
2801 446 1840 1836 447 2825 5313 5297 2829 
2802 2825 5313 5297 2829 2826 5314 5298 2830 
2803 2826 5314 5298 2830 2827 5315 5299 2831 
2804 2827 5315 5299 2831 2828 5316 5300 2832 
2805 2828 5316 5300 2832 782 2864 2860 783 
2806 1841 345 346 1837 5317 2549 2553 5301 
2807 5317 2549 2553 5301 5318 2550 2554 5302 
2808 5318 2550 2554 5302 5319 2551 2555 5303 
2809 5319 2551 2555 5303 5320 2552 2556 5304 
2810 5320 2552 2556 5304 2865 681 682 2861 
2811 1842 1841 1837 1838 5321 5317 5301 5305 
2812 5321 5317 5301 5305 5322 5318 5302 5306 
2813 5322 5318 5302 5306 5323 5319 5303 5307 
2814 5323 5319 5303 5307 5324 5320 5304 5308 
2815 5324 5320 5304 5308 2866 2865 2861 2862 
2816 1843 1842 1838 1839 5325 5321 5305 5309 
2817 5325 5321 5305 5309 5326 5322 5306 5310 
2818 5326 5322 5306 5310 5327 5323 5307 5311 
2819 5327 5323 5307 5311 5328 5324 5308 5312 
2820 5328 5324 5308 5312 2867 2866 2862 2863 
2821 1844 1843 1839 1840 5329 5325 5309 5313 
2822 5329 5325 5309 5313 5330 5326 5310 5314 
2823 5330 5326 5310 5314 5331 5327 5311 5315 
2824 5331 5327 5311 5315 5332 5328 5312 5316 
2825 5332 5328 5312 5316 2868 2867 2863 2864 
2826 445 1844 1840 446 2821 5329 5313 2825 
2827 2821 5329 5313 2825 2822 5330 5314 2826 
2828 2822 5330 5314 2826 2823 5331 5315 2827 
2829 2823 5331 5315 2827 2824 5332 5316 2828 
2830 2824 5332 5316 2828 781 2868 2864 782 
2831 441 39 345 1841 2805 697 2549 5317 
2832 2805 697 2549 5317 2806 698 2550 5318 
2833 2806 698 2550 5318 2807 699 2551 5319 
2834 2807 699 2551 5319 2808 700 2552 5320 
2835 2808 700 2552 5320 777 75 681 2865 
2836 442 441 1841 1842 2809 2805 5317 5321 
2837 2809 2805 5317 5321 2810 2806 5318 5322 
2838 2810 2806 5318 5322 2811 2807 5319 5323 
2839 2811 2807 5319 5323 2812 2808 5320 5324 
2840 2812 2808 5320 5324 778 777 2865 2866 
2841 443 442 1842 1843 2813 2809 5321 5325 
2842 2813 2809 5321 5325 2814 2810 5322 5326 
2843 2814 2810 5322 5326 2815 2811 5323 5327 
2844 2815 2811 5323 5327 2816 2812 5324 5328 
2845 2816 2812 5324 5328 779 778 2866 2867 
2846 444 443 1843 1844 2817 2813 5325 5329 
2847 2817 2813 5325 5329 2818 2814 5326 5330 
2848 2818 2814 5326 5330 2819 2815 5327 5331 
2849 2819 2815 5327 5331 2820 2816 5328 5332 
2850 2820 2816 5328 5332 780 779 2867 2868 
2851 49 444 1844 445 789 2817 5329 2821 
2852 789 2817 5329 2821 790 2818 5330 2822 
2853 790 2818 5330 2822 791 2819 5331 2823 
2854 791 2819 5331 2823 792 2820 5332 2824 
2855 792 2820 5332 2824 85 780 2868 781 
3 32 5 125
2856 1877 380 39 441 5333 2641 697 2805 
2857 5333 2641 697 2805 5334 2642 698 2806 
2858 5334 2642 698 2806 5335 2643 699 2807 
2859 5335 2643 699 2807 5336 2644 700 2808 
2860 5336 2644 700 2808 2901 716 75 777 
2861 1878 1877 441 442 5337 5333 2805 2809 
2862 5337 5333 2805 2809 5338 5334 2806 2810 
2863 5338 5334 2806 2810 5339 5335 2807 2811 
2864 5339 5335 2807 2811 5340 5336 2808 2812 
2865 5340 5336 2808 2812 2902 2901 777 778 
2866 1879 1878 442 443 5341 5337 2809 2813 
2867 5341 5337 2809 2813 5342 5338 2810 2814 
2868 5342 5338 2810 2814 5343 5339 2811 2815 
2869 5343 5339 2811 2815 5344 5340 2812 2816 
2870 5344 5340 2812 2816 2903 2902 778 779 
2871 1880 1879 443 444 5345 5341 2813 2817 
2872 5345 5341 2813 2817 5346 5342 2814 2818 
2873 5346 5342 2814 2818 5347 5343 2815 2819 
2874 5347 5343 2815 2819 5348 5344 2816 2820 
2875 5348 5344 2816 2820 2904 2903 779 780 
2876 468 1880 444 49 2897 5345 2817 789 
2877 2897 5345 2817 789 2898 5346 2818 790 
2878 2898 5346 2818 790 2899 5347 2819 791 
2879 2899 5347 2819 791 2900 5348 2820 792 
2880 2900 5348 2820 792 804 2904 780 85 
2881 1881 379 380 1877 5349 2637 2641 5333 
2882 5349 2637 2641 5333 5350 2638 2642 5334 
2883 5350 2638 2642 5334 5351 2639 2643 5335 
2884 5351 2639 2643 5335 5352 2640 2644 5336 
2885 5352 2640 2644 5336 2905 715 716 2901 
2886 1882 1881 1877 1878 5353 5349 5333 5337 
2887 5353 5349 5333 5337 5354 5350 5334 5338 
2888 5354 5350 5334 5338 5355 5351 5335 5339 
2889 5355 5351 5335 5339 5356 5352 5336 5340 
2890 5356 5352 5336 5340 2906 2905 2901 2902 
2891 1883 1882 1878 1879 5357 5353 5337 5341 
2892 5357 5353 5337 5341 5358 5354 5338 5342 
2893 5358 5354 5338 5342 5359 5355 5339 5343 
2894 5359 5355 5339 5343 5360 5356 5340 5344 
2895 5360 5356 5340 5344 2907 2906 2902 2903 
2896 1884 1883 1879 1880 5361 5357 5341 5345 
2897 5361 5357 5341 5345 5362 5358 5342 5346 
2898 5362 5358 5342 5346 5363 5359 5343 5347 
2899 5363 5359 5343 5347 5364 5360 5344 5348 
2900 5364 5360 5344 5348 2908 2907 2903 2904 
2901 467 1884 1880 468 2893 5361 5345 2897 
2902 2893 5361 5345 2897 2894 5362 5346 2898 
2903 2894 5362 5346 2898 2895 5363 5347 2899 
2904 2895 5363 5347 2899 2896 5364 5348 2900 
2905 2896 5364 5348 2900 803 2908 2904 804 
2906 1885 378 379 1881 5365 2633 2637 5349 
2907 5365 2633 2637 5349 5366 2634 2638 5350 
2908 5366 2634 2638 5350 5367 2635 2639 5351 
2909 5367 2635 2639 5351 5368 2636 2640 5352 
2910 5368 2636 2640 5352 2909 714 715 2905 
2911 1886 1885 1881 1882 5369 5365 5349 5353 
2912 5369 5365 5349 5353 5370 5366 5350 5354 
2913 5370 5366 5350 5354 5371 5367 5351 5355 
2914 5371 5367 5351 5355 5372 5368 5352 5356 
2915 5372 5368 5352 5356 2910 2909 2905 2906 
2916 1887 1886 1882 1883 5373 5369 5353 5357 
2917 5373 5369 5353 5357 5374 5370 5354 5358 
2918 5374 5370 5354 5358 5375 5371 5355 5359 
2919 5375 5371 5355 5359 5376 5372 5356 5360 
2920 5376 5372 5356 5360 2911 2910 2906 2907 
2921 1888 1887 1883 1884 5377 5373 5357 5361 
2922 5377 5373 5357 5361 5378 5374 5358 5362 
2923 5378 5374 5358 5362 5379 5375 5359 5363 
2924 5379 5375 5359 5363 5380 5376 5360 5364 
2925 5380 5376 5360 5364 2912 2911 2907 2908 
2926 466 1888 1884 467 2889 5377 5361 2893 
2927 2889 5377 5361 2893 2890 5378 5362 2894 
2928 2890 5378 5362 2894 2891 5379 5363 2895 
2929 2891 5379 5363 2895 2892 5380 5364 2896 
2930 2892 5380 5364 2896 802 2912 2908 803 
2931 1889 377 378 1885 5381 2629 2633 5365 
2932 5381 2629 2633 5365 5382 2630 2634 5366 
2933 5382 2630 2634 5366 5383 2631 2635 5367 
2934 5383 2631 2635 5367 5384 2632 2636 5368 
2935 5384 2632 2636 5368 2913 713 714 2909 
2936 1890 1889 1885 1886 5385 5381 5365 5369 
2937 5385 5381 5365 5369 5386 5382 5366 5370 
2938 5386 5382 5366 5370 5387 5383 5367 5371 
2939 5387 5383 5367 5371 5388 5384 5368 5372 
2940 5388 5384 5368 5372 2914 2913 2909 2910 
2941 1891 1890 1886 1887 5389 5385 5369 5373 
2942 5389 5385 5369 5373 5390 5386 5370 5374 
2943 5390 5386 5370 5374 5391 5387 5371 5375 
2944 5391 5387 5371 5375 5392 5388 5372 5376 
2945 5392 5388 5372 5376 2915 2914 2910 2911 
2946 1892 1891 1887 1888 5393 5389 5373 5377 
2947 5393 5389 5373 5377 5394 5390 5374 5378 
2948 5394 5390 5374 5378 5395 5391 5375 5379 
2949 5395 5391 5375 5379 5396 5392 5376 5380 
2950 5396 5392 5376 5380 2916 2915 2911 2912 
2951 465 1892 1888 466 2885 5393 5377 2889 
2952 2885 5393 5377 2889 2886 5394 5378 2890 
2953 2886 5394 5378 2890 2887 5395 5379 2891 
2954 2887 5395 5379 2891 2888 5396 5380 2892 
2955 2888 5396 5380 2892 801 2916 2912 802 
2956 461 42 377 1889 2869 721 2629 5381 
2957 2869 721 2629 5381 2870 722 2630 5382 
2958 2870 722 2630 5382 2871 723 2631 5383 
2959 2871 723 2631 5383 2872 724 2632 5384 
2960 2872 724 2632 5384 797 78 713 2913 
2961 462 461 1889 1890 2873 2869 5381 5385 
2962 2873 2869 5381 5385 2874 2870 5382 5386 
2963 2874 2870 5382 5386 2875 2871 5383 5387 
2964 2875 2871 5383 5387 2876 2872 5384 5388 
2965 2876 2872 5384 5388 798 797 2913 2914 
2966 463 462 1890 1891 2877 2873 5385 5389 
2967 2877 2873 5385 5389 2878 2874 5386 5390 
2968 2878 2874 5386 5390 2879 2875 5387 5391 
2969 2879 2875 5387 5391 2880 2876 5388 5392 
2970 2880 2876 5388 5392 799 798 2914 2915 
2971 464 463 1891 1892 2881 2877 5389 5393 
2972 2881 2877 5389 5393 2882 2878 5390 5394 
2973 2882 2878 5390 5394 2883 2879 5391 5395 
2974 2883 2879 5391 5395 2884 2880 5392 5396 
2975 2884 2880 5392 5396 800 799 2915 2916 
2976 51 464 1892 465 805 2881 5393 2885 
2977 805 2881 5393 2885 806 2882 5394 2886 
2978 806 2882 5394 2886 807 2883 5395 2887 
2979 807 2883 5395 2887 808 2884 5396 2888 
2980 808 2884 5396 2888 87 800 2916 801 
3 33 5 25
2981 473 44 42 461 2917 733 721 2869 
2982 2917 733 721 2869 2918 734 722 2870 
2983 2918 734 722 2870 2919 735 723 2871 
2984 2919 735 723 2871 2920 736 724 2872 
2985 2920 736 724 2872 809 80 78 797 
2986 474 473 461 462 2921 2917 2869 2873 
2987 2921 2917 2869 2873 2922 2918 2870 2874 
2988 2922 2918 2870 2874 2923 2919 2871 2875 
2989 2923 2919 2871 2875 2924 2920 2872 2876 
2990 2924 2920 2872 2876 810 809 797 798 
2991 475 474 462 463 2925 2921 2873 2877 
2992 2925 2921 2873 2877 2926 2922 2874 2878 
2993 2926 2922 2874 2878 2927 2923 2875 2879 
2994 2927 2923 2875 2879 2928 2924 2876 2880 
2995 2928 2924 2876 2880 811 810 798 799 
2996 476 475 463 464 2929 2925 2877 2881 
2997 2929 2925 2877 2881 2930 2926 2878 2882 
2998 2930 2926 2878 2882 2931 2927 2879 2883 
2999 2931 2927 2879 2883 2932 2928 2880 2884 
3000 2932 2928 2880 2884 812 811 799 800 
3001 52 476 464 51 813 2929 2881 805 
3002 813 2929 2881 805 814 2930 2882 806 
3003 814 2930 2882 806 815 2931 2883 807 
3004 815 2931 2883 807 816 2932 2884 808 
3005 816 2932 2884 808 88 812 800 87 
3 34 5 125
3006 1941 412 44 473 5397 2721 733 2917 
3007 5397 2721 733 2917 5398 2722 734 2918 
3008 5398 2722 734 2918 5399 2723 735 2919 
3009 5399 2723 735 2919 5400 2724 736 2920 
3010 5400 2724 736 2920 2965 748 80 809 
3011 1942 1941 473 474 5401 5397 2917 2921 
3012 5401 5397 2917 2921 5402 5398 2918 2922 
3013 5402 5398 2918 2922 5403 5399 2919 2923 
3014 5403 5399 2919 2923 5404 5400 2920 2924 
3015 5404 5400 2920 2924 2966 2965 809 810 
3016 1943 1942 474 475 5405 5401 2921 2925 
3017 5405 5401 2921 2925 5406 5402 2922 2926 
3018 5406 5402 2922 2926 5407 5403 2923 2927 
3019 5407 5403 2923 2927 5408 5404 2924 2928 
3020 5408 5404 2924 2928 2967 2966 810 811 
3021 1944 1943 475 476 5409 5405 2925 2929 
3022 5409 5405 2925 2929 5410 5406 2926 2930 
3023 5410 5406 2926 2930 5411 5407 2927 2931 
3024 5411 5407 2927 2931 5412 5408 2928 2932 
3025 5412 5408 2928 2932 2968 2967 811 812 
3026 488 1944 476 52 2961 5409 2929 813 
3027 2961 5409 2929 813 2962 5410 2930 814 
3028 2962 5410 2930 814 2963 5411 2931 815 
3029 2963 5411 2931 815 2964 5412 2932 816 
3030 2964 5412 2932 816 824 2968 812 88 
3031 1945 411 412 1941 5413 2717 2721 5397 
3032 5413 2717 2721 5397 5414 2718 2722 5398 
3033 5414 2718 2722 5398 5415 2719 2723 5399 
3034 5415 2719 2723 5399 5416 2720 2724 5400 
3035 5416 2720 2724 5400 2969 747 748 2965 
3036 1946 1945 1941 1942 5417 5413 5397 5401 
3037 5417 5413 5397 5401 5418 5414 5398 5402 
3038 5418 5414 5398 5402 5419 5415 5399 5403 
3039 5419 5415 5399 5403 5420 5416 5400 5404 
3040 5420 5416 5400 5404 2970 2969 2965 2966 
3041 1947 1946 1942 1943 5421 5417 5401 5405 
3042 5421 5417 5401 5405 5422 5418 5402 5406 
3043 5422 5418 5402 5406 5423 5419 5403 5407 
3044 5423 5419 5403 5407 5424 5420 5404 5408 
3045 5424 5420 5404 5408 2971 2970 2966 2967 
3046 1948 1947 1943 1944 5425 5421 5405 5409 
3047 5425 5421 5405 5409 5426 5422 5406 5410 
3048 5426 5422 5406 5410 5427 5423 5407 5411 
3049 5427 5423 5407 5411 5428 5424 5408 5412 
3050 5428 5424 5408 5412 2972 2971 2967 2968 
3051 487 1948 1944 488 2957 5425 5409 2961 
3052 2957 5425 5409 2961 2958 5426 5410 2962 
3053 2958 5426 5410 2962 2959 5427 5411 2963 
3054 2959 5427 5411 2963 2960 5428 5412 2964 
3055 2960 5428 5412 2964 823 2972 2968 824 
3056 1949 410 411 1945 5429 2713 2717 5413 
3057 5429 2713 2717 5413 5430 2714 2718 5414 
3058 5430 2714 2718 5414 5431 2715 2719 5415 
3059 5431 2715 2719 5415 5432 2716 2720 5416 
3060 5432 2716 2720 5416 2973 746 747 2969 
3061 1950 1949 1945 1946 5433 5429 5413 5417 
3062 5433 5429 5413 5417 5434 5430 5414 5418 
3063 5434 5430 5414 5418 5435 5431 5415 5419 
3064 5435 5431 5415 5419 5436 5432 5416 5420 
3065 5436 5432 5416 5420 2974 2973 2969 2970 
3066 1951 1950 1946 1947 5437 5433 5417 5421 
3067 5437 5433 5417 5421 5438 5434 5418 5422 
3068 5438 5434 5418 5422 5439 5435 5419 5423 
3069 5439 5435 5419 5423 5440 5436 5420 5424 
3070 5440 5436 5420 5424 2975 2974 2970 2971 
3071 1952 1951 1947 1948 5441 5437 5421 5425 
3072 5441 5437 5421 5425 5442 5438 5422 5426 
3073 5442 5438 5422 5426 5443 5439 5423 5427 
3074 5443 5439 5423 5427 5444 5440 5424 5428 
3075 5444 5440 5424 5428 2976 2975 2971 2972 
3076 486 1952 1948 487 2953 5441 5425 2957 
3077 2953 5441 5425 2957 2954 5442 5426 2958 
3078 2954 5442 5426 2958 2955 5443 5427 2959 
3079 2955 5443 5427 2959 2956 5444 5428 2960 
3080 2956 5444 5428 2960 822 2976 2972 823 
3081 1953 409 410 1949 5445 2709 2713 5429 
3082 5445 2709 2713 5429 5446 2710 2714 5430 
3083 5446 2710 2714 5430 5447 2711 2715 5431 
3084 5447 2711 2715 5431 5448 2712 2716 5432 
3085 5448 2712 2716 5432 2977 745 746 2973 
3086 1954 1953 1949 1950 5449 5445 5429 5433 
3087 5449 5445 5429 5433 5450 5446 5430 5434 
3088 5450 5446 5430 5434 5451 5447 5431 5435 
3089 5451 5447 5431 5435 5452 5448 5432 5436 
3090 5452 5448 5432 5436 2978 2977 2973 2974 
3091 1955 1954 1950 1951 5453 5449 5433 5437 
3092 5453 5449 5433 5437 5454 5450 5434 5438 
3093 5454 5450 5434 5438 5455 5451 5435 5439 
3094 5455 5451 5435 5439 5456 5452 5436 5440 
3095 5456 5452 5436 5440 2979 2978 2974 2975 
3096 1956 1955 1951 1952 5457 5453 5437 5441 
3097 5457 5453 5437 5441 5458 5454 5438 5442 
3098 5458 5454 5438 5442 5459 5455 5439 5443 
3099 5459 5455 5439 5443 5460 5456 5440 5444 
3100 5460 5456 5440 5444 2980 2979 2975 2976 
3101 485 1956 1952 486 2949 5457 5441 2953 
3102 2949 5457 5441 2953 2950 5458 5442 2954 
3103 2950 5458 5442 2954 2951 5459 5443 2955 
3104 2951 5459 5443 2955 2952 5460 5444 2956 
3105 2952 5460 5444 2956 821 2980 2976 822 
3106 481 46 409 1953 2933 753 2709 5445 
3107 2933 753 2709 5445 2934 754 2710 5446 
3108 2934 754 2710 5446 2935 755 2711 5447 
3109 2935 755 2711 5447 2936 756 2712 5448 
3110 2936 756 2712 5448 817 82 745 2977 
3111 482 481 1953 1954 2937 2933 5445 5449 
3112 2937 2933 5445 5449 2938 2934 5446 5450 
3113 2938 2934 5446 5450 2939 2935 5447 5451 
3114 2939 2935 5447 5451 2940 2936 5448 5452 
3115 2940 2936 5448 5452 818 817 2977 2978 
3116 483 482 1954 1955 2941 2937 5449 5453 
3117 2941 2937 5449 5453 2942 2938 5450 5454 
3118 2942 2938 5450 5454 2943 2939 5451 5455 
3119 2943 2939 5451 5455 2944 2940 5452 5456 
3120 2944 2940 5452 5456 819 818 2978 2979 
3121 484 483 1955 1956 2945 2941 5453 5457 
3122 2945 2941 5453 5457 2946 2942 5454 5458 
3123 2946 2942 5454 5458 2947 2943 5455 5459 
3124 2947 2943 5455 5459 2948 2944 5456 5460 
3125 2948 2944 5456 5460 820 819 2979 2980 
3126 53 484 1956 485 825 2945 5457 2949 
3127 825 2945 5457 2949 826 2946 5458 2950 
3128 826 2946 5458 2950 827 2947 5459 2951 
3129 827 2947 5459 2951 828 2948 5460 2952 
3130 828 2948 5460 2952 89 820 2980 821 
3 35 5 125
3131 1989 432 46 481 5461 2785 753 2933 
3132 5461 2785 753 2933 5462 2786 754 2934 
3133 5462 2786 754 2934 5463 2787 755 2935 
3134 5463 2787 755 2935 5464 2788 756 2936 
3135 5464 2788 756 2936 3013 768 82 817 
3136 1990 1989 481 482 5465 5461 2933 2937 
3137 5465 5461 2933 2937 5466 5462 2934 2938 
3138 5466 5462 2934 2938 5467 5463 2935 2939 
3139 5467 5463 2935 2939 5468 5464 2936 2940 
3140 5468 5464 2936 2940 3014 3013 817 818 
3141 1991 1990 482 483 5469 5465 2937 2941 
3142 5469 5465 2937 2941 5470 5466 2938 2942 
3143 5470 5466 2938 2942 5471 5467 2939 2943 
3144 5471 5467 2939 2943 5472 5468 2940 2944 
3145 5472 5468 2940 2944 3015 3014 818 819 
3146 1992 1991 483 484 5473 5469 2941 2945 
3147 5473 5469 2941 2945 5474 5470 2942 2946 
3148 5474 5470 2942 2946 5475 5471 2943 2947 
3149 5475 5471 2943 2947 5476 5472 2944 2948 
3150 5476 5472 2944 2948 3016 3015 819 820 
3151 500 1992 484 53 3009 5473 2945 825 
3152 3009 5473 2945 825 3010 5474 2946 826 
3153 3010 5474 2946 826 3011 5475 2947 827 
3154 3011 5475 2947 827 3012 5476 2948 828 
3155 3012 5476 2948 828 836 3016 820 89 
3156 1993 431 432 1989 5477 2781 2785 5461 
3157 5477 2781 2785 5461 5478 2782 2786 5462 
3158 5478 2782 2786 5462 5479 2783 2787 5463 
3159 5479 2783 2787 5463 5480 2784 2788 5464 
3160 5480 2784 2788 5464 3017 767 768 3013 
3161 1994 1993 1989 1990 5481 5477 5461 5465 
3162 5481 5477 5461 5465 5482 5478 5462 5466 
3163 5482 5478 5462 5466 5483 5479 5463 5467 
3164 5483 5479 5463 5467 5484 5480 5464 5468 
3165 5484 5480 5464 5468 3018 3017 3013 3014 
3166 1995 1994 1990 1991 5485 5481 5465 5469 
3167 5485 5481 5465 5469 5486 5482 5466 5470 
3168 5486 5482 5466 5470 5487 5483 5467 5471 
3169 5487 5483 5467 5471 5488 5484 5468 5472 
3170 5488 5484 5468 5472 3019 3018 3014 3015 
3171 1996 1995 1991 1992 5489 5485 5469 5473 
3172 5489 5485 5469 5473 5490 5486 5470 5474 
3173 5490 5486 5470 5474 5491 5487 5471 5475 
3174 5491 5487 5471 5475 5492 5488 5472 5476 
3175 5492 5488 5472 5476 3020 3019 3015 3016 
3176 499 1996 1992 500 3005 5489 5473 3009 
3177 3005 5489 5473 3009 3006 5490 5474 3010 
3178 3006 5490 5474 3010 3007 5491 5475 3011 
3179 3007 5491 5475 3011 3008 5492 5476 3012 
3180 3008 5492 5476 3012 835 3020 3016 836 
3181 1997 430 431 1993 5493 2777 2781 5477 
3182 5493 2777 2781 5477 5494 2778 2782 5478 
3183 5494 2778 2782 5478 5495 2779 2783 5479 
3184 5495 2779 2783 5479 5496 2780 2784 5480 
3185 5496 2780 2784 5480 3021 766 767 3017 
3186 1998 1997 1993 1994 5497 5493 5477 5481 
3187 5497 5493 5477 5481 5498 5494 5478 5482 
3188 5498 5494 5478 5482 5499 5495 5479 5483 
3189 5499 5495 5479 5483 5500 5496 5480 5484 
3190 5500 5496 5480 5484 3022 3021 3017 3018 
3191 1999 1998 1994 1995 5501 5497 5481 5485 
3192 5501 5497 5481 5485 5502 5498 5482 5486 
3193 5502 5498 5482 5486 5503 5499 5483 5487 
3194 5503 5499 5483 5487 5504 5500 5484 5488 
3195 5504 5500 5484 5488 3023 3022 3018 3019 
3196 2000 1999 1995 1996 5505 5501 5485 5489 
3197 5505 5501 5485 5489 5506 5502 5486 5490 
3198 5506 5502 5486 5490 5507 5503 5487 5491 
3199 5507 5503 5487 5491 5508 5504 5488 5492 
3200 5508 5504 5488 5492 3024 3023 3019 3020 
3201 498 2000 1996 499 3001 5505 5489 3005 
3202 3001 5505 5489 3005 3002 5506 5490 3006 
3203 3002 5506 5490 3006 3003 5507 5491 3007 
3204 3003 5507 5491 3007 3004 5508 5492 3008 
3205 3004 5508 5492 3008 834 3024 3020 835 
3206 2001 429 430 1997 5509 2773 2777 5493 
3207 5509 2773 2777 5493 5510 2774 2778 5494 
3208 5510 2774 2778 5494 5511 2775 2779 5495 
3209 5511 2775 2779 5495 5512 2776 2780 5496 
3210 5512 2776 2780 5496 3025 765 766 3021 
3211 2002 2001 1997 1998 5513 5509 5493 5497 
3212 5513 5509 5493 5497 5514 5510 5494 5498 
3213 5514 5510 5494 5498 5515 5511 5495 5499 
3214 5515 5511 5495 5499 5516 5512 5496 5500 
3215 5516 5512 5496 5500 3026 3025 3021 3022 
3216 2003 2002 1998 1999 5517 5513 5497 5501 
3217 5517 5513 5497 5501 5518 5514 5498 5502 
3218 5518 5514 5498 5502 5519 5515 5499 5503 
3219 5519 5515 5499 5503 5520 5516 5500 5504 
3220 5520 5516 5500 5504 3027 3026 3022 3023 
3221 2004 2003 1999 2000 5521 5517 5501 5505 
3222 5521 5517 5501 5505 5522 5518 5502 5506 
3223 5522 5518 5502 5506 5523 5519 5503 5507 
3224 5523 5519 5503 5507 5524 5520 5504 5508 
3225 5524 5520 5504 5508 3028 3027 3023 3024 
3226 497 2004 2000 498 2997 5521 5505 3001 
3227 2997 5521 5505 3001 2998 5522 5506 3002 
3228 2998 5522 5506 3002 2999 5523 5507 3003 
3229 2999 5523 5507 3003 3000 5524 5508 3004 
3230 3000 5524 5508 3004 833 3028 3024 834 
3231 493 48 429 2001 2981 773 2773 5509 
3232 2981 773 2773 5509 2982 774 2774 5510 
3233 2982 774 2774 5510 2983 775 2775 5511 
3234 2983 775 2775 5511 2984 776 2776 5512 
3235 2984 776 2776 5512 829 84 765 3025 
3236 494 493 2001 2002 2985 2981 5509 5513 
3237 2985 2981 5509 5513 2986 2982 5510 5514 
3238 2986 2982 5510 5514 2987 2983 5511 5515 
3239 2987 2983 5511 5515 2988 2984 5512 5516 
3240 2988 2984 5512 5516 830 829 3025 3026 
3241 495 494 2002 2003 2989 2985 5513 5517 
3242 2989 2985 5513 5517 2990 2986 5514 5518 
3243 2990 2986 5514 5518 2991 2987 5515 5519 
3244 2991 2987 5515 5519 2992 2988 5516 5520 
3245 2992 2988 5516 5520 831 830 3026 3027 
3246 496 495 2003 2004 2993 2989 5517 5521 
3247 2993 2989 5517 5521 2994 2990 5518 5522 
3248 2994 2990 5518 5522 2995 2991 5519 5523 
3249 2995 2991 5519 5523 2996 2992 5520 5524 
3250 2996 2992 5520 5524 832 831 3027 3028 
3251 54 496 2004 497 837 2993 5521 2997 
3252 837 2993 5521 2997 838 2994 5522 2998 
3253 838 2994 5522 2998 839 2995 5523 2999 
3254 839 2995 5523 2999 840 2996 5524 3000 
3255 840 2996 5524 3000 90 832 3028 833 
3 36 5 25
3256 508 448 50 56 3041 2833 793 849 
3257 3041 2833 793 849 3042 2834 794 850 
3258 3042 2834 794 850 3043 2835 795 851 
3259 3043 2835 795 851 3044 2836 796 852 
3260 3044 2836 796 852 844 784 86 92 
3261 507 447 448 508 3037 2829 2833 3041 
3262 3037 2829 2833 3041 3038 2830 2834 3042 
3263 3038 2830 2834 3042 3039 2831 2835 3043 
3264 3039 2831 2835 3043 3040 2832 2836 3044 
3265 3040 2832 2836 3044 843 783 784 844 
3266 506 446 447 507 3033 2825 2829 3037 
3267 3033 2825 2829 3037 3034 2826 2830 3038 
3268 3034 2826 2830 3038 3035 2827 2831 3039 
3269 3035 2827 2831 3039 3036 2828 2832 3040 
3270 3036 2828 2832 3040 842 782 783 843 
3271 505 445 446 506 3029 2821 2825 3033 
3272 3029 2821 2825 3033 3030 2822 2826 3034 
3273 3030 2822 2826 3034 3031 2823 2827 3035 
3274 3031 2823 2827 3035 3032 2824 2828 3036 
3275 3032 2824 2828 3036 841 781 782 842 
3276 55 49 445 505 845 789 2821 3029 
3277 845 789 2821 3029 846 790 2822 3030 
3278 846 790 2822 3030 847 791 2823 3031 
3279 847 791 2823 3031 848 792 2824 3032 
3280 848 792 2824 3032 91 85 781 841 
3 37 5 25
3281 520 468 49 55 3057 2897 789 845 
3282 3057 2897 789 845 3058 2898 790 846 
3283 3058 2898 790 846 3059 2899 791 847 
3284 3059 2899 791 847 3060 2900 792 848 
3285 3060 2900 792 848 856 804 85 91 
3286 519 467 468 520 3053 2893 2897 3057 
3287 3053 2893 2897 3057 3054 2894 2898 3058 
3288 3054 2894 2898 3058 3055 2895 2899 3059 
3289 3055 2895 2899 3059 3056 2896 2900 3060 
3290 3056 2896 2900 3060 855 803 804 856 
3291 518 466 467 519 3049 2889 2893 3053 
3292 3049 2889 2893 3053 3050 2890 2894 3054 
3293 3050 2890 2894 3054 3051 2891 2895 3055 
3294 3051 2891 2895 3055 3052 2892 2896 3056 
3295 3052 2892 2896 3056 854 802 803 855 
3296 517 465 466 518 3045 2885 2889 3049 
3297 3045 2885 2889 3049 3046 2886 2890 3050 
3298 3046 2886 2890 3050 3047 2887 2891 3051 
3299 3047 2887 2891 3051 3048 2888 2892 3052 
3300 3048 2888 2892 3052 853 801 802 854 
3301 57 51 465 517 857 805 2885 3045 
3302 857 805 2885 3045 858 806 2886 3046 
3303 858 806 2886 3046 859 807 2887 3047 
3304 859 807 2887 3047 860 808 2888 3048 
3305 860 808 2888 3048 93 87 801 853 
3 38 5 5
3306 58 52 51 57 861 813 805 857 
3307 861 813 805 857 862 814 806 858 
3308 862 814 806 858 863 815 807 859 
3309 863 815 807 859 864 816 808 860 
3310 864 816 808 860 94 88 87 93 
3 39 5 25
3311 532 488 52 58 3073 2961 813 861 
3312 3073 2961 813 861 3074 2962 814 862 
3313 3074 2962 814 862 3075 2963 815 863 
3314 3075 2963 815 863 3076 2964 816 864 
3315 3076 2964 816 864 868 824 88 94 
3316 531 487 488 532 3069 2957 2961 3073 
3317 3069 2957 2961 3073 3070 2958 2962 3074 
3318 3070 2958 2962 3074 3071 2959 2963 3075 
3319 3071 2959 2963 3075 3072 2960 2964 3076 
3320 3072 2960 2964 3076 867 823 824 868 
3321 530 486 487 531 3065 2953 2957 3069 
3322 3065 2953 2957 3069 3066 2954 2958 3070 
3323 3066 2954 2958 3070 3067 2955 2959 3071 
3324 3067 2955 2959 3071 3068 2956 2960 3072 
3325 3068 2956 2960 3072 866 822 823 867 
3326 529 485 486 530 3061 2949 2953 3065 
3327 3061 2949 2953 3065 3062 2950 2954 3066 
3328 3062 2950 2954 3066 3063 2951 2955 3067 
3329 3063 2951 2955 3067 3064 2952 2956 3068 
3330 3064 2952 2956 3068 865 821 822 866 
3331 59 53 485 529 869 825 2949 3061 
3332 869 825 2949 3061 870 826 2950 3062 
3333 870 826 2950 3062 871 827 2951 3063 
3334 871 827 2951 3063 872 828 2952 3064 
3335 872 828 2952 3064 95 89 821 865 
3 40 5 25
3336 540 500 53 59 3089 3009 825 869 
3337 3089 3009 825 869 3090 3010 826 870 
3338 3090 3010 826 870 3091 3011 827 871 
3339 3091 3011 827 871 3092 3012 828 872 
3340 3092 3012 828 872 876 836 89 95 
3341 539 499 500 540 3085 3005 3009 3089 
3342 3085 3005 3009 3089 3086 3006 3010 3090 
3343 3086 3006 3010 3090 3087 3007 3011 3091 
3344 3087 3007 3011 3091 3088 3008 3012 3092 
3345 3088 3008 3012 3092 875 835 836 876 
3346 538 498 499 539 3081 3001 3005 3085 
3347 3081 3001 3005 3085 3082 3002 3006 3086 
3348 3082 3002 3006 3086 3083 3003 3007 3087 
3349 3083 3003 3007 3087 3084 3004 3008 3088 
3350 3084 3004 3008 3088 874 834 835 875 
3351 537 497 498 538 3077 2997 3001 3081 
3352 3077 2997 3001 3081 3078 2998 3002 3082 
3353 3078 2998 3002 3082 3079 2999 3003 3083 
3354 3079 2999 3003 3083 3080 3000 3004 3084 
3355 3080 3000 3004 3084 873 833 834 874 
3356 60 54 497 537 877 837 2997 3077 
3357 877 837 2997 3077 878 838 2998 3078 
3358 878 838 2998 3078 879 839 2999 3079 
3359 879 839 2999 3079 880 840 3000 3080 
3360 880 840 3000 3080 96 90 833 873 
3 41 5 125
3361 2117 508 56 556 5525 3041 849 3137 
3362 5525 3041 849 3137 5526 3042 850 3138 
3363 5526 3042 850 3138 5527 3043 851 3139 
3364 5527 3043 851 3139 5528 3044 852 3140 
3365 5528 3044 852 3140 3141 844 92 892 
3366 2118 2117 556 555 5529 5525 3137 3133 
3367 5529 5525 3137 3133 5530 5526 3138 3134 
3368 5530 5526 3138 3134 5531 5527 3139 3135 
3369 5531 5527 3139 3135 5532 5528 3140 3136 
3370 5532 5528 3140 3136 3142 3141 892 891 
3371 2119 2118 555 554 5533 5529 3133 3129 
3372 5533 5529 3133 3129 5534 5530 3134 3130 
3373 5534 5530 3134 3130 5535 5531 3135 3131 
3374 5535 5531 3135 3131 5536 5532 3136 3132 
3375 5536 5532 3136 3132 3143 3142 891 890 
3376 2120 2119 554 553 5537 5533 3129 3125 
3377 5537 5533 3129 3125 5538 5534 3130 3126 
3378 5538 5534 3130 3126 5539 5535 3131 3127 
3379 5539 5535 3131 3127 5540 5536 3132 3128 
3380 5540 5536 3132 3128 3144 3143 890 889 
3381 552 2120 553 62 3121 5537 3125 897 
3382 3121 5537 3125 897 3122 5538 3126 898 
3383 3122 5538 3126 898 3123 5539 3127 899 
3384 3123 5539 3127 899 3124 5540 3128 900 
3385 3124 5540 3128 900 888 3144 889 98 
3386 2121 507 508 2117 5541 3037 3041 5525 
3387 5541 3037 3041 5525 5542 3038 3042 5526 
3388 5542 3038 3042 5526 5543 3039 3043 5527 
3389 5543 3039 3043 5527 5544 3040 3044 5528 
3390 5544 3040 3044 5528 3145 843 844 3141 
3391 2122 2121 2117 2118 5545 5541 5525 5529 
3392 5545 5541 5525 5529 5546 5542 5526 5530 
3393 5546 5542 5526 5530 5547 5543 5527 5531 
3394 5547 5543 5527 5531 5548 5544 5528 5532 
3395 5548 5544 5528 5532 3146 3145 3141 3142 
3396 2123 2122 2118 2119 5549 5545 5529 5533 
3397 5549 5545 5529 5533 5550 5546 5530 5534 
3398 5550 5546 5530 5534 5551 5547 5531 5535 
3399 5551 5547 5531 5535 5552 5548 5532 5536 
3400 5552 5548 5532 5536 3147 3146 3142 3143 
3401 2124 2123 2119 2120 5553 5549 5533 5537 
3402 5553 5549 5533 5537 5554 5550 5534 5538 
3403 5554 5550 5534 5538 5555 5551 5535 5539 
3404 5555 5551 5535 5539 5556 5552 5536 5540 
3405 5556 5552 5536 5540 3148 3147 3143 3144 
3406 551 2124 2120 552 3117 5553 5537 3121 
3407 3117 5553 5537 3121 3118 5554 5538 3122 
3408 3118 5554 5538 3122 3119 5555 5539 3123 
3409 3119 5555 5539 3123 3120 5556 5540 3124 
3410 3120 5556 5540 3124 887 3148 3144 888 
3411 2125 506 507 2121 5557 3033 3037 5541 
3412 5557 3033 3037 5541 5558 3034 3038 5542 
3413 5558 3034 3038 5542 5559 3035 3039 5543 
3414 5559 3035 3039 5543 5560 3036 3040 5544 
3415 5560 3036 3040 5544 3149 842 843 3145 
3416 2126 2125 2121 2122 5561 5557 5541 5545 
3417 5561 5557 5541 5545 5562 5558 5542 5546 
3418 5562 5558 5542 5546 5563 5559 5543 5547 
3419 5563 5559 5543 5547 5564 5560 5544 5548 
3420 5564 5560 5544 5548 3150 3149 3145 3146 
3421 2127 2126 2122 2123 5565 5561 5545 5549 
3422 5565 5561 5545 5549 5566 5562 5546 5550 
3423 5566 5562 5546 5550 5567 5563 5547 5551 
3424 5567 5563 5547 5551 5568 5564 5548 5552 
3425 5568 5564 5548 5552 3151 3150 3146 3147 
3426 2128 2127 2123 2124 5569 5565 5549 5553 
3427 5569 5565 5549 5553 5570 5566 5550 5554 
3428 5570 5566 5550 5554 5571 5567 5551 5555 
3429 5571 5567 5551 5555 5572 5568 5552 5556 
3430 5572 5568 5552 5556 3152 3151 3147 3148 
3431 550 2128 2124 551 3113 5569 5553 3117 
3432 3113 5569 5553 3117 3114 5570 5554 3118 
3433 3114 5570 5554 3118 3115 5571 5555 3119 
3434 3115 5571 5555 3119 3116 5572 5556 3120 
3435 3116 5572 5556 3120 886 3152 3148 887 
3436 2129 505 506 2125 5573 3029 3033 5557 
3437 5573 3029 3033 5557 5574 3030 3034 5558 
3438 5574 3030 3034 5558 5575 3031 3035 5559 
3439 5575 3031 3035 5559 5576 3032 3036 5560 
3440 5576 3032 3036 5560 3153 841 842 3149 
3441 2130 2129 2125 2126 5577 5573 5557 5561 
3442 5577 5573 5557 5561 5578 5574 5558 5562 
3443 5578 5574 5558 5562 5579 5575 5559 5563 
3444 5579 5575 5559 5563 5580 5576 5560 5564 
3445 5580 5576 5560 5564 3154 3153 3149 3150 
3446 2131 2130 2126 2127 5581 5577 5561 5565 
3447 5581 5577 5561 5565 5582 5578 5562 5566 
3448 5582 5578 5562 5566 5583 5579 5563 5567 
3449 5583 5579 5563 5567 5584 5580 5564 5568 
3450 5584 5580 5564 5568 3155 3154 3150 3151 
3451 2132 2131 2127 2128 5585 5581 5565 5569 
3452 5585 5581 5565 5569 5586 5582 5566 5570 
3453 5586 5582 5566 5570 5587 5583 5567 5571 
3454 5587 5583 5567 5571 5588 5584 5568 5572 
3455 5588 5584 5568 5572 3156 3155 3151 3152 
3456 549 2132 2128 550 3109 5585 5569 3113 
3457 3109 5585 5569 3113 3110 5586 5570 3114 
3458 3110 5586 5570 3114 3111 5587 5571 3115 
3459 3111 5587 5571 3115 3112 5588 5572 3116 
3460 3112 5588 5572 3116 885 3156 3152 886 
3461 545 55 505 2129 3093 845 3029 5573 
3462 3093 845 3029 5573 3094 846 3030 5574 
3463 3094 846 3030 5574 3095 847 3031 5575 
3464 3095 847 3031 5575 3096 848 3032 5576 
3465 3096 848 3032 5576 881 91 841 3153 
3466 546 545 2129 2130 3097 3093 5573 5577 
3467 3097 3093 5573 5577 3098 3094 5574 5578 
3468 3098 3094 5574 5578 3099 3095 5575 5579 
3469 3099 3095 5575 5579 3100 3096 5576 5580 
3470 3100 3096 5576 5580 882 881 3153 3154 
3471 547 546 2130 2131 3101 3097 5577 5581 
3472 3101 3097 5577 5581 3102 3098 5578 5582 
3473 3102 3098 5578 5582 3103 3099 5579 5583 
3474 3103 3099 5579 5583 3104 3100 5580 5584 
3475 3104 3100 5580 5584 883 882 3154 3155 
3476 548 547 2131 2132 3105 3101 5581 5585 
3477 3105 3101 5581 5585 3106 3102 5582 5586 
3478 3106 3102 5582 5586 3107 3103 5583 5587 
3479 3107 3103 5583 5587 3108 3104 5584 5588 
3480 3108 3104 5584 5588 884 883 3155 3156 
3481 61 548 2132 549 893 3105 5585 3109 
3482 893 3105 5585 3109 894 3106 5586 3110 
3483 894 3106 5586 3110 895 3107 5587 3111 
3484 895 3107 5587 3111 896 3108 5588 3112 
3485 896 3108 5588 3112 97 884 3156 885 
3 42 5 125
3486 2165 520 55 545 5589 3057 845 3093 
3487 5589 3057 845 3093 5590 3058 846 3094 
3488 5590 3058 846 3094 5591 3059 847 3095 
3489 5591 3059 847 3095 5592 3060 848 3096 
3490 5592 3060 848 3096 3189 856 91 881 
3491 2166 2165 545 546 5593 5589 3093 3097 
3492 5593 5589 3093 3097 5594 5590 3094 3098 
3493 5594 5590 3094 3098 5595 5591 3095 3099 
3494 5595 5591 3095 3099 5596 5592 3096 3100 
3495 5596 5592 3096 3100 3190 3189 881 882 
3496 2167 2166 546 547 5597 5593 3097 3101 
3497 5597 5593 3097 3101 5598 5594 3098 3102 
3498 5598 5594 3098 3102 5599 5595 3099 3103 
3499 5599 5595 3099 3103 5600 5596 3100 3104 
3500 5600 5596 3100 3104 3191 3190 882 883 
3501 2168 2167 547 548 5601 5597 3101 3105 
3502 5601 5597 3101 3105 5602 5598 3102 3106 
3503 5602 5598 3102 3106 5603 5599 3103 3107 
3504 5603 5599 3103 3107 5604 5600 3104 3108 
3505 5604 5600 3104 3108 3192 3191 883 884 
3506 572 2168 548 61 3185 5601 3105 893 
3507 3185 5601 3105 893 3186 5602 3106 894 
3508 3186 5602 3106 894 3187 5603 3107 895 
3509 3187 5603 3107 895 3188 5604 3108 896 
3510 3188 5604 3108 896 908 3192 884 97 
3511 2169 519 520 2165 5605 3053 3057 5589 
3512 5605 3053 3057 5589 5606 3054 3058 5590 
3513 5606 3054 3058 5590 5607 3055 3059 5591 
3514 5607 3055 3059 5591 5608 3056 3060 5592 
3515 5608 3056 3060 5592 3193 855 856 3189 
3516 2170 2169 2165 2166 5609 5605 5589 5593 
3517 5609 5605 5589 5593 5610 5606 5590 5594 
3518 5610 5606 5590 5594 5611 5607 5591 5595 
3519 5611 5607 5591 5595 5612 5608 5592 5596 
3520 5612 5608 5592 5596 3194 3193 3189 3190 
3521 2171 2170 2166 2167 5613 5609 5593 5597 
3522 5613 5609 5593 5597 5614 5610 5594 5598 
3523 5614 5610 5594 5598 5615 5611 5595 5599 
3524 5615 5611 5595 5599 5616 5612 5596 5600 
3525 5616 5612 5596 5600 3195 3194 3190 3191 
3526 2172 2171 2167 2168 5617 5613 5597 5601 
3527 5617 5613 5597 5601 5618 5614 5598 5602 
3528 5618 5614 5598 5602 5619 5615 5599 5603 
3529 5619 5615 5599 5603 5620 5616 5600 5604 
3530 5620 5616 5600 5604 3196 3195 3191 3192 
3531 571 2172 2168 572 3181 5617 5601 3185 
3532 3181 5617 5601 3185 3182 5618 5602 3186 
3533 3182 5618 5602 3186 3183 5619 5603 3187 
3534 3183 5619 5603 3187 3184 5620 5604 3188 
3535 3184 5620 5604 3188 907 3196 3192 908 
3536 2173 518 519 2169 5621 3049 3053 5605 
3537 5621 3049 3053 5605 5622 3050 3054 5606 
3538 5622 3050 3054 5606 5623 3051 3055 5607 
3539 5623 3051 3055 5607 5624 3052 3056 5608 
3540 5624 3052 3056 5608 3197 854 855 3193 
3541 2174 2173 2169 2170 5625 5621 5605 5609 
3542 5625 5621 5605 5609 5626 5622 5606 5610 
3543 5626 5622 5606 5610 5627 5623 5607 5611 
3544 5627 5623 5607 5611 5628 5624 5608 5612 
3545 5628 5624 5608 5612 3198 3197 3193 3194 
3546 2175 2174 2170 2171 5629 5625 5609 5613 
3547 5629 5625 5609 5613 5630 5626 5610 5614 
3548 5630 5626 5610 5614 5631 5627 5611 5615 
3549 5631 5627 5611 5615 5632 5628 5612 5616 
3550 5632 5628 5612 5616 3199 3198 3194 3195 
3551 2176 2175 2171 2172 5633 5629 5613 5617 
3552 5633 5629 5613 5617 5634 5630 5614 5618 
3553 5634 5630 5614 5618 5635 5631 5615 5619 
3554 5635 5631 5615 5619 5636 5632 5616 5620 
3555 5636 5632 5616 5620 3200 3199 3195 3196 
3556 570 2176 2172 571 3177 5633 5617 3181 
3557 3177 5633 5617 3181 3178 5634 5618 3182 
3558 3178 5634 5618 3182 3179 5635 5619 3183 
3559 3179 5635 5619 3183 3180 5636 5620 3184 
3560 3180 5636 5620 3184 906 3200 3196 907 
3561 2177 517 518 2173 5637 3045 3049 5621 
3562 5637 3045 3049 5621 5638 3046 3050 5622 
3563 5638 3046 3050 5622 5639 3047 3051 5623 
3564 5639 3047 3051 5623 5640 3048 3052 5624 
3565 5640 3048 3052 5624 3201 853 854 3197 
3566 2178 2177 2173 2174 5641 5637 5621 5625 
3567 5641 5637 5621 5625 5642 5638 5622 5626 
3568 5642 5638 5622 5626 5643 5639 5623 5627 
3569 5643 5639 5623 5627 5644 5640 5624 5628 
3570 5644 5640 5624 5628 3202 3201 3197 3198 
3571 2179 2178 2174 2175 5645 5641 5625 5629 
3572 5645 5641 5625 5629 5646 5642 5626 5630 
3573 5646 5642 5626 5630 5647 5643 5627 5631 
3574 5647 5643 5627 5631 5648 5644 5628 5632 
3575 5648 5644 5628 5632 3203 3202 3198 3199 
3576 2180 2179 2175 2176 5649 5645 5629 5633 
3577 5649 5645 5629 5633 5650 5646 5630 5634 
3578 5650 5646 5630 5634 5651 5647 5631 5635 
3579 5651 5647 5631 5635 5652 5648 5632 5636 
3580 5652 5648 5632 5636 3204 3203 3199 3200 
3581 569 2180 2176 570 3173 5649 5633 3177 
3582 3173 5649 5633 3177 3174 5650 5634 3178 
3583 3174 5650 5634 3178 3175 5651 5635 3179 
3584 3175 5651 5635 3179 3176 5652 5636 3180 
3585 3176 5652 5636 3180 905 3204 3200 906 
3586 565 57 517 2177 3157 857 3045 5637 
3587 3157 857 3045 5637 3158 858 3046 5638 
3588 3158 858 3046 5638 3159 859 3047 5639 
3589 3159 859 3047 5639 3160 860 3048 5640 
3590 3160 860 3048 5640 901 93 853 3201 
3591 566 565 2177 2178 3161 3157 5637 5641 
3592 3161 3157 5637 5641 3162 3158 5638 5642 
3593 3162 3158 5638 5642 3163 3159 5639 5643 
3594 3163 3159 5639 5643 3164 3160 5640 5644 
3595 3164 3160 5640 5644 902 901 3201 3202 
3596 567 566 2178 2179 3165 3161 5641 5645 
3597 3165 3161 5641 5645 3166 3162 5642 5646 
3598 3166 3162 5642 5646 3167 3163 5643 5647 
3599 3167 3163 5643 5647 3168 3164 5644 5648 
3600 3168 3164 5644 5648 903 902 3202 3203 
3601 568 567 2179 2180 3169 3165 5645 5649 
3602 3169 3165 5645 5649 3170 3166 5646 5650 
3603 3170 3166 5646 5650 3171 3167 5647 5651 
3604 3171 3167 5647 5651 3172 3168 5648 5652 
3605 3172 3168 5648 5652 904 903 3203 3204 
3606 63 568 2180 569 909 3169 5649 3173 
3607 909 3169 5649 3173 910 3170 5650 3174 
3608 910 3170 5650 3174 911 3171 5651 3175 
3609 911 3171 5651 3175 912 3172 5652 3176 
3610 912 3172 5652 3176 99 904 3204 905 
3 43 5 25
3611 577 58 57 565 3205 861 857 3157 
3612 3205 861 857 3157 3206 862 858 3158 
3613 3206 862 858 3158 3207 863 859 3159 
3614 3207 863 859 3159 3208 864 860 3160 
3615 3208 864 860 3160 913 94 93 901 
3616 578 577 565 566 3209 3205 3157 3161 
3617 3209 3205 3157 3161 3210 3206 3158 3162 
3618 3210 3206 3158 3162 3211 3207 3159 3163 
3619 3211 3207 3159 3163 3212 3208 3160 3164 
3620 3212 3208 3160 3164 914 913 901 902 
3621 579 578 566 567 3213 3209 3161 3165 
3622 3213 3209 3161 3165 3214 3210 3162 3166 
3623 3214 3210 3162 3166 3215 3211 3163 3167 
3624 3215 3211 3163 3167 3216 3212 3164 3168 
3625 3216 3212 3164 3168 915 914 902 903 
3626 580 579 567 568 3217 3213 3165 3169 
3627 3217 3213 3165 3169 3218 3214 3166 3170 
3628 3218 3214 3166 3170 3219 3215 3167 3171 
3629 3219 3215 3167 3171 3220 3216 3168 3172 
3630 3220 3216 3168 3172 916 915 903 904 
3631 64 580 568 63 917 3217 3169 909 
3632 917 3217 3169 909 918 3218 3170 910 
3633 918 3218 3170 910 919 3219 3171 911 
3634 919 3219 3171 911 920 3220 3172 912 
3635 920 3220 3172 912 100 916 904 99 
3 44 5 125
3636 2229 532 58 577 5653 3073 861 3205 
3637 5653 3073 861 3205 5654 3074 862 3206 
3638 5654 3074 862 3206 5655 3075 863 3207 
3639 5655 3075 863 3207 5656 3076 864 3208 
3640 5656 3076 864 3208 3253 868 94 913 
3641 2230 2229 577 578 5657 5653 3205 3209 
3642 5657 5653 3205 3209 5658 5654 3206 3210 
3643 5658 5654 3206 3210 5659 5655 3207 3211 
3644 5659 5655 3207 3211 5660 5656 3208 3212 
3645 5660 5656 3208 3212 3254 3253 913 914 
3646 2231 2230 578 579 5661 5657 3209 3213 
3647 5661 5657 3209 3213 5662 5658 3210 3214 
3648 5662 5658 3210 3214 5663 5659 3211 3215 
3649 5663 5659 3211 3215 5664 5660 3212 3216 
3650 5664 5660 3212 3216 3255 3254 914 915 
3651 2232 2231 579 580 5665 5661 3213 3217 
3652 5665 5661 3213 3217 5666 5662 3214 3218 
3653 5666 5662 3214 3218 5667 5663 3215 3219 
3654 5667 5663 3215 3219 5668 5664 3216 3220 
3655 5668 5664 3216 3220 3256 3255 915 916 
3656 592 2232 580 64 3249 5665 3217 917 
3657 3249 5665 3217 917 3250 5666 3218 918 
3658 3250 5666 3218 918 3251 5667 3219 919 
3659 3251 5667 3219 919 3252 5668 3220 920 
3660 3252 5668 3220 920 928 3256 916 100 
3661 2233 531 532 2229 5669 3069 3073 5653 
3662 5669 3069 3073 5653 5670 3070 3074 5654 
3663 5670 3070 3074 5654 5671 3071 3075 5655 
3664 5671 3071 3075 5655 5672 3072 3076 5656 
3665 5672 3072 3076 5656 3257 867 868 3253 
3666 2234 2233 2229 2230 5673 5669 5653 5657 
3667 5673 5669 5653 5657 5674 5670 5654 5658 
3668 5674 5670 5654 5658 5675 5671 5655 5659 
3669 5675 5671 5655 5659 5676 5672 5656 5660 
3670 5676 5672 5656 5660 3258 3257 3253 3254 
3671 2235 2234 2230 2231 5677 5673 5657 5661 
3672 5677 5673 5657 5661 5678 5674 5658 5662 
3673 5678 5674 5658 5662 5679 5675 5659 5663 
3674 5679 5675 5659 5663 5680 5676 5660 5664 
3675 5680 5676 5660 5664 3259 3258 3254 3255 
3676 2236 2235 2231 2232 5681 5677 5661 5665 
3677 5681 5677 5661 5665 5682 5678 5662 5666 
3678 5682 5678 5662 5666 5683 5679 5663 5667 
3679 5683 5679 5663 5667 5684 5680 5664 5668 
3680 5684 5680 5664 5668 3260 3259 3255 3256 
3681 591 2236 2232 592 3245 5681 5665 3249 
3682 3245 5681 5665 3249 3246 5682 5666 3250 
3683 3246 5682 5666 3250 3247 5683 5667 3251 
3684 3247 5683 5667 3251 3248 5684 5668 3252 
3685 3248 5684 5668 3252 927 3260 3256 928 
3686 2237 530 531 2233 5685 3065 3069 5669 
3687 5685 3065 3069 5669 5686 3066 3070 5670 
3688 5686 3066 3070 5670 5687 3067 3071 5671 
3689 5687 3067 3071 5671 5688 3068 3072 5672 
3690 5688 3068 3072 5672 3261 866 867 3257 
3691 2238 2237 2233 2234 5689 5685 5669 5673 
3692 5689 5685 5669 5673 5690 5686 5670 5674 
3693 5690 5686 5670 5674 5691 5687 5671 5675 
3694 5691 5687 5671 5675 5692 5688 5672 5676 
3695 5692 5688 5672 5676 3262 3261 3257 3258 
3696 2239 2238 2234 2235 5693 5689 5673 5677 
3697 5693 5689 5673 5677 5694 5690 5674 5678 
3698 5694 5690 5674 5678 5695 5691 5675 5679 
3699 5695 5691 5675 5679 5696 5692 5676 5680 
3700 5696 5692 5676 5680 3263 3262 3258 3259 
3701 2240 2239 2235 2236 5697 5693 5677 5681 
3702 5697 5693 5677 5681 5698 5694 5678 5682 
3703 5698 5694 5678 5682 5699 5695 5679 5683 
3704 5699 5695 5679 5683 5700 5696 5680 5684 
3705 5700 5696 5680 5684 3264 3263 3259 3260 
3706 590 2240 2236 591 3241 5697 5681 3245 
3707 3241 5697 5681 3245 3242 5698 5682 3246 
3708 3242 5698 5682 3246 3243 5699 5683 3247 
3709 3243 5699 5683 3247 3244 5700 5684 3248 
3710 3244 5700 5684 3248 926 3264 3260 927 
3711 2241 529 530 2237 5701 3061 3065 5685 
3712 5701 3061 3065 5685 5702 3062 3066 5686 
3713 5702 3062 3066 5686 5703 3063 3067 5687 
3714 5703 3063 3067 5687 5704 3064 3068 5688 
3715 5704 3064 3068 5688 3265 865 866 3261 
3716 2242 2241 2237 2238 5705 5701 5685 5689 
3717 5705 5701 5685 5689 5706 5702 5686 5690 
3718 5706 5702 5686 5690 5707 5703 5687 5691 
3719 5707 5703 5687 5691 5708 5704 5688 5692 
3720 5708 5704 5688 5692 3266 3265 3261 3262 
3721 2243 2242 2238 2239 5709 5705 5689 5693 
3722 5709 5705 5689 5693 5710 5706 5690 5694 
3723 5710 5706 5690 5694 5711 5707 5691 5695 
3724 5711 5707 5691 5695 5712 5708 5692 5696 
3725 5712 5708 5692 5696 3267 3266 3262 3263 
3726 2244 2243 2239 2240 5713 5709 5693 5697 
3727 5713 5709 5693 5697 5714 5710 5694 5698 
3728 5714 5710 5694 5698 5715 5711 5695 5699 
3729 5715 5711 5695 5699 5716 5712 5696 5700 
3730 5716 5712 5696 5700 3268 3267 3263 3264 
3731 589 2244 2240 590 3237 5713 5697 3241 
3732 3237 5713 5697 3241 3238 5714 5698 3242 
3733 3238 5714 5698 3242 3239 5715 5699 3243 
3734 3239 5715 5699 3243 3240 5716 5700 3244 
3735 3240 5716 5700 3244 925 3268 3264 926 
3736 585 59 529 2241 3221 869 3061 5701 
3737 3221 869 3061 5701 3222 870 3062 5702 
3738 3222 870 3062 5702 3223 871 3063 5703 
3739 3223 871 3063 5703 3224 872 3064 5704 
3740 3224 872 3064 5704 921 95 865 3265 
3741 586 585 2241 2242 3225 3221 5701 5705 
3742 3225 3221 5701 5705 3226 3222 5702 5706 
3743 3226 3222 5702 5706 3227 3223 5703 5707 
3744 3227 3223 5703 5707 3228 3224 5704 5708 
3745 3228 3224 5704 5708 922 921 3265 3266 
3746 587 586 2242 2243 3229 3225 5705 5709 
3747 3229 3225 5705 5709 3230 3226 5706 5710 
3748 3230 3226 5706 5710 3231 3227 5707 5711 
3749 3231 3227 5707 5711 3232 3228 5708 5712 
3750 3232 3228 5708 5712 923 922 3266 3267 
3751 588 587 2243 2244 3233 3229 5709 5713 
3752 3233 3229 5709 5713 3234 3230 5710 5714 
3753 3234 3230 5710 5714 3235 3231 5711 5715 
3754 3235 3231 5711 5715 3236 3232 5712 5716 
3755 3236 3232 5712 5716 924 923 3267 3268 
3756 65 588 2244 589 929 3233 5713 3237 
3757 929 3233 5713 3237 930 3234 5714 3238 
3758 930 3234 5714 3238 931 3235 5715 3239 
3759 931 3235 5715 3239 932 3236 5716 3240 
3760 932 3236 5716 3240 101 924 3268 925 
3 45 5 125
3761 2277 540 59 585 5717 3089 869 3221 
3762 5717 3089 869 3221 5718 3090 870 3222 
3763 5718 3090 870 3222 5719 3091 871 3223 
3764 5719 3091 871 3223 5720 3092 872 3224 
3765 5720 3092 872 3224 3301 876 95 921 
3766 2278 2277 585 586 5721 5717 3221 3225 
3767 5721 5717 3221 3225 5722 5718 3222 3226 
3768 5722 5718 3222 3226 5723 5719 3223 3227 
3769 5723 5719 3223 3227 5724 5720 3224 3228 
3770 5724 5720 3224 3228 3302 3301 921 922 
3771 2279 2278 586 587 5725 5721 3225 3229 
3772 5725 5721 3225 3229 5726 5722 3226 3230 
3773 5726 5722 3226 3230 5727 5723 3227 3231 
3774 5727 5723 3227 3231 5728 5724 3228 3232 
3775 5728 5724 3228 3232 3303 3302 922 923 
3776 2280 2279 587 588 5729 5725 3229 3233 
3777 5729 5725 3229 3233 5730 5726 3230 3234 
3778 5730 5726 3230 3234 5731 5727 3231 3235 
3779 5731 5727 3231 3235 5732 5728 3232 3236 
3780 5732 5728 3232 3236 3304 3303 923 924 
3781 604 2280 588 65 3297 5729 3233 929 
3782 3297 5729 3233 929 3298 5730 3234 930 
3783 3298 5730 3234 930 3299 5731 3235 931 
3784 3299 5731 3235 931 3300 5732 3236 932 
3785 3300 5732 3236 932 940 3304 924 101 
3786 2281 539 540 2277 5733 3085 3089 5717 
3787 5733 3085 3089 5717 5734 3086 3090 5718 
3788 5734 3086 3090 5718 5735 3087 3091 5719 
3789 5735 3087 3091 5719 5736 3088 3092 5720 
3790 5736 3088 3092 5720 3305 875 876 3301 
3791 2282 2281 2277 2278 5737 5733 5717 5721 
3792 5737 5733 5717 5721 5738 5734 5718 5722 
3793 5738 5734 5718 5722 5739 5735 5719 5723 
3794 5739 5735 5719 5723 5740 5736 5720 5724 
3795 5740 5736 5720 5724 3306 3305 3301 3302 
3796 2283 2282 2278 2279 5741 5737 5721 5725 
3797 5741 5737 5721 5725 5742 5738 5722 5726 
3798 5742 5738 5722 5726 5743 5739 5723 5727 
3799 5743 5739 5723 5727 5744 5740 5724 5728 
3800 5744 5740 5724 5728 3307 3306 3302 3303 
3801 2284 2283 2279 2280 5745 5741 5725 5729 
3802 5745 5741 5725 5729 5746 5742 5726 5730 
3803 5746 5742 5726 5730 5747 5743 5727 5731 
3804 5747 5743 5727 5731 5748 5744 5728 5732 
3805 5748 5744 5728 5732 3308 3307 3303 3304 
3806 603 2284 2280 604 3293 5745 5729 3297 
3807 3293 5745 5729 3297 3294 5746 5730 3298 
3808 3294 5746 5730 3298 3295 5747 5731 3299 
3809 3295 5747 5731 3299 3296 5748 5732 3300 
3810 3296 5748 5732 3300 939 3308 3304 940 
3811 2285 538 539 2281 5749 3081 3085 5733 
3812 5749 3081 3085 5733 5750 3082 3086 5734 
3813 5750 3082 3086 5734 5751 3083 3087 5735 
3814 5751 3083 3087 5735 5752 3084 3088 5736 
3815 5752 3084 3088 5736 3309 874 875 3305 
3816 2286 2285 2281 2282 5753 5749 5733 5737 
3817 5753 5749 5733 5737 5754 5750 5734 5738 
3818 5754 5750 5734 5738 5755 5751 5735 5739 
3819 5755 5751 5735 5739 5756 5752 5736 5740 
3820 5756 5752 5736 5740 3310 3309 3305 3306 
3821 2287 2286 2282 2283 5757 5753 5737 5741 
3822 5757 5753 5737 5741 5758 5754 5738 5742 
3823 5758 5754 5738 5742 5759 5755 5739 5743 
3824 5759 5755 5739 5743 5760 5756 5740 5744 
3825 5760 5756 5740 5744 3311 3310 3306 3307 
3826 2288 2287 2283 2284 5761 5757 5741 5745 
3827 5761 5757 5741 5745 5762 5758 5742 5746 
3828 5762 5758 5742 5746 5763 5759 5743 5747 
3829 5763 5759 5743 5747 5764 5760 5744 5748 
3830 5764 5760 5744 5748 3312 3311 3307 3308 
3831 602 2288 2284 603 3289 5761 5745 3293 
3832 3289 5761 5745 3293 3290 5762 5746 3294 
3833 3290 5762 5746 3294 3291 5763 5747 3295 
3834 3291 5763 5747 3295 3292 5764 5748 3296 
3835 3292 5764 5748 3296 938 3312 3308 939 
3836 2289 537 538 2285 5765 3077 3081 5749 
3837 5765 3077 3081 5749 5766 3078 3082 5750 
3838 5766 3078 3082 5750 5767 3079 3083 5751 
3839 5767 3079 3083 5751 5768 3080 3084 5752 
3840 5768 3080 3084 5752 3313 873 874 3309 
3841 2290 2289 2285 2286 5769 5765 5749 5753 
3842 5769 5765 5749 5753 5770 5766 5750 5754 
3843 5770 5766 5750 5754 5771 5767 5751 5755 
3844 5771 5767 5751 5755 5772 5768 5752 5756 
3845 5772 5768 5752 5756 3314 3313 3309 3310 
3846 2291 2290 2286 2287 5773 5769 5753 5757 
3847 5773 5769 5753 5757 5774 5770 5754 5758 
3848 5774 5770 5754 5758 5775 5771 5755 5759 
3849 5775 5771 5755 5759 5776 5772 5756 5760 
3850 5776 5772 5756 5760 3315 3314 3310 3311 
3851 2292 2291 2287 2288 5777 5773 5757 5761 
3852 5777 5773 5757 5761 5778 5774 5758 5762 
3853 5778 5774 5758 5762 5779 5775 5759 5763 
3854 5779 5775 5759 5763 5780 5776 5760 5764 
3855 5780 5776 5760 5764 3316 3315 3311 3312 
3856 601 2292 2288 602 3285 5777 5761 3289 
3857 3285 5777 5761 3289 3286 5778 5762 3290 
3858 3286 5778 5762 3290 3287 5779 5763 3291 
3859 3287 5779 5763 3291 3288 5780 5764 3292 
3860 3288 5780 5764 3292 937 3316 3312 938 
3861 597 60 537 2289 3269 877 3077 5765 
3862 3269 877 3077 5765 3270 878 3078 5766 
3863 3270 878 3078 5766 3271 879 3079 5767 
3864 3271 879 3079 5767 3272 880 3080 5768 
3865 3272 880 3080 5768 933 96 873 3313 
3866 598 597 2289 2290 3273 3269 5765 5769 
3867 3273 3269 5765 5769 3274 3270 5766 5770 
3868 3274 3270 5766 5770 3275 3271 5767 5771 
3869 3275 3271 5767 5771 3276 3272 5768 5772 
3870 3276 3272 5768 5772 934 933 3313 3314 
3871 599 598 2290 2291 3277 3273 5769 5773 
3872 3277 3273 5769 5773 3278 3274 5770 5774 
3873 3278 3274 5770 5774 3279 3275 5771 5775 
3874 3279 3275 5771 5775 3280 3276 5772 5776 
3875 3280 3276 5772 5776 935 934 3314 3315 
3876 600 599 2291 2292 3281 3277 5773 5777 
3877 3281 3277 5773 5777 3282 3278 5774 5778 
3878 3282 3278 5774 5778 3283 3279 5775 5779 
3879 3283 3279 5775 5779 3284 3280 5776 5780 
3880 3284 3280 5776 5780 936 935 3315 3316 
3881 66 600 2292 601 941 3281 5777 3285 
3882 941 3281 5777 3285 942 3282 5778 3286 
3883 942 3282 5778 3286 943 3283 5779 3287 
3884 943 3283 5779 3287 944 3284 5780 3288 
3885 944 3284 5780 3288 102 936 3316 937 
3 46 5 125
3886 2341 552 62 620 5781 3121 897 3361 
3887 5781 3121 897 3361 5782 3122 898 3362 
3888 5782 3122 898 3362 5783 3123 899 3363 
3889 5783 3123 899 3363 5784 3124 900 3364 
3890 5784 3124 900 3364 3365 888 98 956 
3891 2342 2341 620 619 5785 5781 3361 3357 
3892 5785 5781 3361 3357 5786 5782 3362 3358 
3893 5786 5782 3362 3358 5787 5783 3363 3359 
3894 5787 5783 3363 3359 5788 5784 3364 3360 
3895 5788 5784 3364 3360 3366 3365 956 955 
3896 2343 2342 619 618 5789 5785 3357 3353 
3897 5789 5785 3357 3353 5790 5786 3358 3354 
3898 5790 5786 3358 3354 5791 5787 3359 3355 
3899 5791 5787 3359 3355 5792 5788 3360 3356 
3900 5792 5788 3360 3356 3367 3366 955 954 
3901 2344 2343 618 617 5793 5789 3353 3349 
3902 5793 5789 3353 3349 5794 5790 3354 3350 
3903 5794 5790 3354 3350 5795 5791 3355 3351 
3904 5795 5791 3355 3351 5796 5792 3356 3352 
3905 5796 5792 3356 3352 3368 3367 954 953 
3906 616 2344 617 68 3345 5793 3349 961 
3907 3345 5793 3349 961 3346 5794 3350 962 
3908 3346 5794 3350 962 3347 5795 3351 963 
3909 3347 5795 3351 963 3348 5796 3352 964 
3910 3348 5796 3352 964 952 3368 953 104 
3911 2345 551 552 2341 5797 3117 3121 5781 
3912 5797 3117 3121 5781 5798 3118 3122 5782 
3913 5798 3118 3122 5782 5799 3119 3123 5783 
3914 5799 3119 3123 5783 5800 3120 3124 5784 
3915 5800 3120 3124 5784 3369 887 888 3365 
3916 2346 2345 2341 2342 5801 5797 5781 5785 
3917 5801 5797 5781 5785 5802 5798 5782 5786 
3918 5802 5798 5782 5786 5803 5799 5783 5787 
3919 5803 5799 5783 5787 5804 5800 5784 5788 
3920 5804 5800 5784 5788 3370 3369 3365 3366 
3921 2347 2346 2342 2343 5805 5801 5785 5789 
3922 5805 5801 5785 5789 5806 5802 5786 5790 
3923 5806 5802 5786 5790 5807 5803 5787 5791 
3924 5807 5803 5787 5791 5808 5804 5788 5792 
3925 5808 5804 5788 5792 3371 3370 3366 3367 
3926 2348 2347 2343 2344 5809 5805 5789 5793 
3927 5809 5805 5789 5793 5810 5806 5790 5794 
3928 5810 5806 5790 5794 5811 5807 5791 5795 
3929 5811 5807 5791 5795 5812 5808 5792 5796 
3930 5812 5808 5792 5796 3372 3371 3367 3368 
3931 615 2348 2344 616 3341 5809 5793 3345 
3932 3341 5809 5793 3345 3342 5810 5794 3346 
3933 3342 5810 5794 3346 3343 5811 5795 3347 
3934 3343 5811 5795 3347 3344 5812 5796 3348 
3935 3344 5812 5796 3348 951 3372 3368 952 
3936 2349 550 551 2345 5813 3113 3117 5797 
3937 5813 3113 3117 5797 5814 3114 3118 5798 
3938 5814 3114 3118 5798 5815 3115 3119 5799 
3939 5815 3115 3119 5799 5816 3116 3120 5800 
3940 5816 3116 3120 5800 3373 886 887 3369 
3941 2350 2349 2345 2346 5817 5813 5797 5801 
3942 5817 5813 5797 5801 5818 5814 5798 5802 
3943 5818 5814 5798 5802 5819 5815 5799 5803 
3944 5819 5815 5799 5803 5820 5816 5800 5804 
3945 5820 5816 5800 5804 3374 3373 3369 3370 
3946 2351 2350 2346 2347 5821 5817 5801 5805 
3947 5821 5817 5801 5805 5822 5818 5802 5806 
3948 5822 5818 5802 5806 5823 5819 5803 5807 
3949 5823 5819 5803 5807 5824 5820 5804 5808 
3950 5824 5820 5804 5808 3375 3374 3370 3371 
3951 2352 2351 2347 2348 5825 5821 5805 5809 
3952 5825 5821 5805 5809 5826 5822 5806 5810 
3953 5826 5822 5806 5810 5827 5823 5807 5811 
3954 5827 5823 5807 5811 5828 5824 5808 5812 
3955 5828 5824 5808 5812 3376 3375 3371 3372 
3956 614 2352 2348 615 3337 5825 5809 3341 
3957 3337 5825 5809 3341 3338 5826 5810 3342 
3958 3338 5826 5810 3342 3339 5827 5811 3343 
3959 3339 5827 5811 3343 3340 5828 5812 3344 
3960 3340 5828 5812 3344 950 3376 3372 951 
3961 2353 549 550 2349 5829 3109 3113 5813 
3962 5829 3109 3113 5813 5830 3110 3114 5814 
3963 5830 3110 3114 5814 5831 3111 3115 5815 
3964 5831 3111 3115 5815 5832 3112 3116 5816 
3965 5832 3112 3116 5816 3377 885 886 3373 
3966 2354 2353 2349 2350 5833 5829 5813 5817 
3967 5833 5829 5813 5817 5834 5830 5814 5818 
3968 5834 5830 5814 5818 5835 5831 5815 5819 
3969 5835 5831 5815 5819 5836 5832 5816 5820 
3970 5836 5832 5816 5820 3378 3377 3373 3374 
3971 2355 2354 2350 2351 5837 5833 5817 5821 
3972 5837 5833 5817 5821 5838 5834 5818 5822 
3973 5838 5834 5818 5822 5839 5835 5819 5823 
3974 5839 5835 5819 5823 5840 5836 5820 5824 
3975 5840 5836 5820 5824 3379 3378 3374 3375 
3976 2356 2355 2351 2352 5841 5837 5821 5825 
3977 5841 5837 5821 5825 5842 5838 5822 5826 
3978 5842 5838 5822 5826 5843 5839 5823 5827 
3979 5843 5839 5823 5827 5844 5840 5824 5828 
3980 5844 5840 5824 5828 3380 3379 3375 3376 
3981 613 2356 2352 614 3333 5841 5825 3337 
3982 3333 5841 5825 3337 3334 5842 5826 3338 
3983 3334 5842 5826 3338 3335 5843 5827 3339 
3984 3335 5843 5827 3339 3336 5844 5828 3340 
3985 3336 5844 5828 3340 949 3380 3376 950 
3986 609 61 549 2353 3317 893 3109 5829 
3987 3317 893 3109 5829 3318 894 3110 5830 
3988 3318 894 3110 5830 3319 895 3111 5831 
3989 3319 895 3111 5831 3320 896 3112 5832 
3990 3320 896 3112 5832 945 97 885 3377 
3991 610 609 2353 2354 3321 3317 5829 5833 
3992 3321 3317 5829 5833 3322 3318 5830 5834 
3993 3322 3318 5830 5834 3323 3319 5831 5835 
3994 3323 3319 5831 5835 3324 3320 5832 5836 
3995 3324 3320 5832 5836 946 945 3377 3378 
3996 611 610 2354 2355 3325 3321 5833 5837 
3997 3325 3321 5833 5837 3326 3322 5834 5838 
3998 3326 3322 5834 5838 3327 3323 5835 5839 
3999 3327 3323 5835 5839 3328 3324 5836 5840 
4000 3328 3324 5836 5840 947 946 3378 3379 
4001 612 611 2355 2356 3329 3325 5837 5841 
4002 3329 3325 5837 5841 3330 3326 5838 5842 
4003 3330 3326 5838 5842 3331 3327 5839 5843 
4004 3331 3327 5839 5843 3332 3328 5840 5844 
4005 3332 3328 5840 5844 948 947 3379 3380 
4006 67 612 2356 613 957 3329 5841 3333 
4007 957 3329 5841 3333 958 3330 5842 3334 
4008 958 3330 5842 3334 959 3331 5843 3335 
4009 959 3331 5843 3335 960 3332 5844 3336 
4010 960 3332 5844 3336 103 948 3380 949 
3 47 5 125
4011 2389 572 61 609 5845 3185 893 3317 
4012 5845 3185 893 3317 5846 3186 894 3318 
4013 5846 3186 894 3318 5847 3187 895 3319 
4014 5847 3187 895 3319 5848 3188 896 3320 
4015 5848 3188 896 3320 3413 908 97 945 
4016 2390 2389 609 610 5849 5845 3317 3321 
4017 5849 5845 3317 3321 5850 5846 3318 3322 
4018 5850 5846 3318 3322 5851 5847 3319 3323 
4019 5851 5847 3319 3323 5852 5848 3320 3324 
4020 5852 5848 3320 3324 3414 3413 945 946 
4021 2391 2390 610 611 5853 5849 3321 3325 
4022 5853 5849 3321 3325 5854 5850 3322 3326 
4023 5854 5850 3322 3326 5855 5851 3323 3327 
4024 5855 5851 3323 3327 5856 5852 3324 3328 
4025 5856 5852 3324 3328 3415 3414 946 947 
4026 2392 2391 611 612 5857 5853 3325 3329 
4027 5857 5853 3325 3329 5858 5854 3326 3330 
4028 5858 5854 3326 3330 5859 5855 3327 3331 
4029 5859 5855 3327 3331 5860 5856 3328 3332 
4030 5860 5856 3328 3332 3416 3415 947 948 
4031 636 2392 612 67 3409 5857 3329 957 
4032 3409 5857 3329 957 3410 5858 3330 958 
4033 3410 5858 3330 958 3411 5859 3331 959 
4034 3411 5859 3331 959 3412 5860 3332 960 
4035 3412 5860 3332 960 972 3416 948 103 
4036 2393 571 572 2389 5861 3181 3185 5845 
4037 5861 3181 3185 5845 5862 3182 3186 5846 
4038 5862 3182 3186 5846 5863 3183 3187 5847 
4039 5863 3183 3187 5847 5864 3184 3188 5848 
4040 5864 3184 3188 5848 3417 907 908 3413 
4041 2394 2393 2389 2390 5865 5861 5845 5849 
4042 5865 5861 5845 5849 5866 5862 5846 5850 
4043 5866 5862 5846 5850 5867 5863 5847 5851 
4044 5867 5863 5847 5851 5868 5864 5848 5852 
4045 5868 5864 5848 5852 3418 3417 3413 3414 
4046 2395 2394 2390 2391 5869 5865 5849 5853 
4047 5869 5865 5849 5853 5870 5866 5850 5854 
4048 5870 5866 5850 5854 5871 5867 5851 5855 
4049 5871 5867 5851 5855 5872 5868 5852 5856 
4050 5872 5868 5852 5856 3419 3418 3414 3415 
4051 2396 2395 2391 2392 5873 5869 5853 5857 
4052 5873 5869 5853 5857 5874 5870 5854 5858 
4053 5874 5870 5854 5858 5875 5871 5855 5859 
4054 5875 5871 5855 5859 5876 5872 5856 5860 
4055 5876 5872 5856 5860 3420 3419 3415 3416 
4056 635 2396 2392 636 3405 5873 5857 3409 
4057 3405 5873 5857 3409 3406 5874 5858 3410 
4058 3406 5874 5858 3410 3407 5875 5859 3411 
4059 3407 5875 5859 3411 3408 5876 5860 3412 
4060 3408 5876 5860 3412 971 3420 3416 972 
4061 2397 570 571 2393 5877 3177 3181 5861 
4062 5877 3177 3181 5861 5878 3178 3182 5862 
4063 5878 3178 3182 5862 5879 3179 3183 5863 
4064 5879 3179 3183 5863 5880 3180 3184 5864 
4065 5880 3180 3184 5864 3421 906 907 3417 
4066 2398 2397 2393 2394 5881 5877 5861 5865 
4067 5881 5877 5861 5865 5882 5878 5862 5866 
4068 5882 5878 5862 5866 5883 5879 5863 5867 
4069 5883 5879 5863 5867 5884 5880 5864 5868 
4070 5884 5880 5864 5868 3422 3421 3417 3418 
4071 2399 2398 2394 2395 5885 5881 5865 5869 
4072 5885 5881 5865 5869 5886 5882 5866 5870 
4073 5886 5882 5866 5870 5887 5883 5867 5871 
4074 5887 5883 5867 5871 5888 5884 5868 5872 
4075 5888 5884 5868 5872 3423 3422 3418 3419 
4076 2400 2399 2395 2396 5889 5885 5869 5873 
4077 5889 5885 5869 5873 5890 5886 5870 5874 
4078 5890 5886 5870 5874 5891 5887 5871 5875 
4079 5891 5887 5871 5875 5892 5888 5872 5876 
4080 5892 5888 5872 5876 3424 3423 3419 3420 
4081 634 2400 2396 635 3401 5889 5873 3405 
4082 3401 5889 5873 3405 3402 5890 5874 3406 
4083 3402 5890 5874 3406 3403 5891 5875 3407 
4084 3403 5891 5875 3407 3404 5892 5876 3408 
4085 3404 5892 5876 3408 970 3424 3420 971 
4086 2401 569 570 2397 5893 3173 3177 5877 
4087 5893 3173 3177 5877 5894 3174 3178 5878 
4088 5894 3174 3178 5878 5895 3175 3179 5879 
4089 5895 3175 3179 5879 5896 3176 3180 5880 
4090 5896 3176 3180 5880 3425 905 906 3421 
4091 2402 2401 2397 2398 5897 5893 5877 5881 
4092 5897 5893 5877 5881 5898 5894 5878 5882 
4093 5898 5894 5878 5882 5899 5895 5879 5883 
4094 5899 5895 5879 5883 5900 5896 5880 5884 
4095 5900 5896 5880 5884 3426 3425 3421 3422 
4096 2403 2402 2398 2399 5901 5897 5881 5885 
4097 5901 5897 5881 5885 5902 5898 5882 5886 
4098 5902 5898 5882 5886 5903 5899 5883 5887 
4099 5903 5899 5883 5887 5904 5900 5884 5888 
4100 5904 5900 5884 5888 3427 3426 3422 3423 
4101 2404 2403 2399 2400 5905 5901 5885 5889 
4102 5905 5901 5885 5889 5906 5902 5886 5890 
4103 5906 5902 5886 5890 5907 5903 5887 5891 
4104 5907 5903 5887 5891 5908 5904 5888 5892 
4105 5908 5904 5888 5892 3428 3427 3423 3424 
4106 633 2404 2400 634 3397 5905 5889 3401 
4107 3397 5905 5889 3401 3398 5906 5890 3402 
4108 3398 5906 5890 3402 3399 5907 5891 3403 
4109 3399 5907 5891 3403 3400 5908 5892 3404 
4110 3400 5908 5892 3404 969 3428 3424 970 
4111 629 63 569 2401 3381 909 3173 5893 
4112 3381 909 3173 5893 3382 910 3174 5894 
4113 3382 910 3174 5894 3383 911 3175 5895 
4114 3383 911 3175 5895 3384 912 3176 5896 
4115 3384 912 3176 5896 965 99 905 3425 
4116 630 629 2401 2402 3385 3381 5893 5897 
4117 3385 3381 5893 5897 3386 3382 5894 5898 
4118 3386 3382 5894 5898 3387 3383 5895 5899 
4119 3387 3383 5895 5899 3388 3384 5896 5900 
4120 3388 3384 5896 5900 966 965 3425 3426 
4121 631 630 2402 2403 3389 3385 5897 5901 
4122 3389 3385 5897 5901 3390 3386 5898 5902 
4123 3390 3386 5898 5902 3391 3387 5899 5903 
4124 3391 3387 5899 5903 3392 3388 5900 5904 
4125 3392 3388 5900 5904 967 966 3426 3427 
4126 632 631 2403 2404 3393 3389 5901 5905 
4127 3393 3389 5901 5905 3394 3390 5902 5906 
4128 3394 3390 5902 5906 3395 3391 5903 5907 
4129 3395 3391 5903 5907 3396 3392 5904 5908 
4130 3396 3392 5904 5908 968 967 3427 3428 
4131 69 632 2404 633 973 3393 5905 3397 
4132 973 3393 5905 3397 974 3394 5906 3398 
4133 974 3394 5906 3398 975 3395 5907 3399 
4134 975 3395 5907 3399 976 3396 5908 3400 
4135 976 3396 5908 3400 105 968 3428 969 
3 48 5 25
4136 641 64 63 629 3429 917 909 3381 
4137 3429 917 909 3381 3430 918 910 3382 
4138 3430 918 910 3382 3431 919 911 3383 
4139 3431 919 911 3383 3432 920 912 3384 
4140 3432 920 912 3384 977 100 99 965 
4141 642 641 629 630 3433 3429 3381 3385 
4142 3433 3429 3381 3385 3434 3430 3382 3386 
4143 3434 3430 3382 3386 3435 3431 3383 3387 
4144 3435 3431 3383 3387 3436 3432 3384 3388 
4145 3436 3432 3384 3388 978 977 965 966 
4146 643 642 630 631 3437 3433 3385 3389 
4147 3437 3433 3385 3389 3438 3434 3386 3390 
4148 3438 3434 3386 3390 3439 3435 3387 3391 
4149 3439 3435 3387 3391 3440 3436 3388 3392 
4150 3440 3436 3388 3392 979 978 966 967 
4151 644 643 631 632 3441 3437 3389 3393 
4152 3441 3437 3389 3393 3442 3438 3390 3394 
4153 3442 3438 3390 3394 3443 3439 3391 3395 
4154 3443 3439 3391 3395 3444 3440 3392 3396 
4155 3444 3440 3392 3396 980 979 967 968 
4156 70 644 632 69 981 3441 3393 973 
4157 981 3441 3393 973 982 3442 3394 974 
4158 982 3442 3394 974 983 3443 3395 975 
4159 983 3443 3395 975 984 3444 3396 976 
4160 984 3444 3396 976 106 980 968 105 
3 49 5 125
4161 2453 592 64 641 5909 3249 917 3429 
4162 5909 3249 917 3429 5910 3250 918 3430 
4163 5910 3250 918 3430 5911 3251 919 3431 
4164 5911 3251 919 3431 5912 3252 920 3432 
4165 5912 3252 920 3432 3477 928 100 977 
4166 2454 2453 641 642 5913 5909 3429 3433 
4167 5913 5909 3429 3433 5914 5910 3430 3434 
4168 5914 5910 3430 3434 5915 5911 3431 3435 
4169 5915 5911 3431 3435 5916 5912 3432 3436 
4170 5916 5912 3432 3436 3478 3477 977 978 
4171 2455 2454 642 643 5917 5913 3433 3437 
4172 5917 5913 3433 3437 5918 5914 3434 3438 
4173 5918 5914 3434 3438 5919 5915 3435 3439 
4174 5919 5915 3435 3439 5920 5916 3436 3440 
4175 5920 5916 3436 3440 3479 3478 978 979 
4176 2456 2455 643 644 5921 5917 3437 3441 
4177 5921 5917 3437 3441 5922 5918 3438 3442 
4178 5922 5918 3438 3442 5923 5919 3439 3443 
4179 5923 5919 3439 3443 5924 5920 3440 3444 
4180 5924 5920 3440 3444 3480 3479 979 980 
4181 656 2456 644 70 3473 5921 3441 981 
4182 3473 5921 3441 981 3474 5922 3442 982 
4183 3474 5922 3442 982 3475 5923 3443 983 
4184 3475 5923 3443 983 3476 5924 3444 984 
4185 3476 5924 3444 984 992 3480 980 106 
4186 2457 591 592 2453 5925 3245 3249 5909 
4187 5925 3245 3249 5909 5926 3246 3250 5910 
4188 5926 3246 3250 5910 5927 3247 3251 5911 
4189 5927 3247 3251 5911 5928 3248 3252 5912 
4190 5928 3248 3252 5912 3481 927 928 3477 
4191 2458 2457 2453 2454 5929 5925 5909 5913 
4192 5929 5925 5909 5913 5930 5926 5910 5914 
4193 5930 5926 5910 5914 5931 5927 5911 5915 
4194 5931 5927 5911 5915 5932 5928 5912 5916 
4195 5932 5928 5912 5916 3482 3481 3477 3478 
4196 2459 2458 2454 2455 5933 5929 5913 5917 
4197 5933 5929 5913 5917 5934 5930 5914 5918 
4198 5934 5930 5914 5918 5935 5931 5915 5919 
4199 5935 5931 5915 5919 5936 5932 5916 5920 
4200 5936 5932 5916 5920 3483 3482 3478 3479 
4201 2460 2459 2455 2456 5937 5933 5917 5921 
4202 5937 5933 5917 5921 5938 5934 5918 5922 
4203 5938 5934 5918 5922 5939 5935 5919 5923 
4204 5939 5935 5919 5923 5940 5936 5920 5924 
4205 5940 5936 5920 5924 3484 3483 3479 3480 
4206 655 2460 2456 656 3469 5937 5921 3473 
4207 3469 5937 5921 3473 3470 5938 5922 3474 
4208 3470 5938 5922 3474 3471 5939 5923 3475 
4209 3471 5939 5923 3475 3472 5940 5924 3476 
4210 3472 5940 5924 3476 991 3484 3480 992 
4211 2461 590 591 2457 5941 3241 3245 5925 
4212 5941 3241 3245 5925 5942 3242 3246 5926 
4213 5942 3242 3246 5926 5943 3243 3247 5927 
4214 5943 3243 3247 5927 5944 3244 3248 5928 
4215 5944 3244 3248 5928 3485 926 927 3481 
4216 2462 2461 2457 2458 5945 5941 5925 5929 
4217 5945 5941 5925 5929 5946 5942 5926 5930 
4218 5946 5942 5926 5930 5947 5943 5927 5931 
4219 5947 5943 5927 5931 5948 5944 5928 5932 
4220 5948 5944 5928 5932 3486 3485 3481 3482 
4221 2463 2462 2458 2459 5949 5945 5929 5933 
4222 5949 5945 5929 5933 5950 5946 5930 5934 
4223 5950 5946 5930 5934 5951 5947 5931 5935 
4224 5951 5947 5931 5935 5952 5948 5932 5936 
4225 5952 5948 5932 5936 3487 3486 3482 3483 
4226 2464 2463 2459 2460 5953 5949 5933 5937 
4227 5953 5949 5933 5937 5954 5950 5934 5938 
4228 5954 5950 5934 5938 5955 5951 5935 5939 
4229 5955 5951 5935 5939 5956 5952 5936 5940 
4230 5956 5952 5936 5940 3488 3487 3483 3484 
4231 654 2464 2460 655 3465 5953 5937 3469 
4232 3465 5953 5937 3469 3466 5954 5938 3470 
4233 3466 5954 5938 3470 3467 5955 5939 3471 
4234 3467 5955 5939 3471 3468 5956 5940 3472 
4235 3468 5956 5940 3472 990 3488 3484 991 
4236 2465 589 590 2461 5957 3237 3241 5941 
4237 5957 3237 3241 5941 5958 3238 3242 5942 
4238 5958 3238 3242 5942 5959 3239 3243 5943 
4239 5959 3239 3243 5943 5960 3240 3244 5944 
4240 5960 3240 3244 5944 3489 925 926 3485 
4241 2466 2465 2461 2462 5961 5957 5941 5945 
4242 5961 5957 5941 5945 5962 5958 5942 5946 
4243 5962 5958 5942 5946 5963 5959 5943 5947 
4244 5963 5959 5943 5947 5964 5960 5944 5948 
4245 5964 5960 5944 5948 3490 3489 3485 3486 
4246 2467 2466 2462 2463 5965 5961 5945 5949 
4247 5965 5961 5945 5949 5966 5962 5946 5950 
4248 5966 5962 5946 5950 5967 5963 5947 5951 
4249 5967 5963 5947 5951 5968 5964 5948 5952 
4250 5968 5964 5948 5952 3491 3490 3486 3487 
4251 2468 2467 2463 2464 5969 5965 5949 5953 
4252 5969 5965 5949 5953 5970 5966 5950 5954 
4253 5970 5966 5950 5954 5971 5967 5951 5955 
4254 5971 5967 5951 5955 5972 5968 5952 5956 
4255 5972 5968 5952 5956 3492 3491 3487 3488 
4256 653 2468 2464 654 3461 5969 5953 3465 
4257 3461 5969 5953 3465 3462 5970 5954 3466 
4258 3462 5970 5954 3466 3463 5971 5955 3467 
4259 3463 5971 5955 3467 3464 5972 5956 3468 
4260 3464 5972 5956 3468 989 3492 3488 990 
4261 649 65 589 2465 3445 929 3237 5957 
4262 3445 929 3237 5957 3446 930 3238 5958 
4263 3446 930 3238 5958 3447 931 3239 5959 
4264 3447 931 3239 5959 3448 932 3240 5960 
4265 3448 932 3240 5960 985 101 925 3489 
4266 650 649 2465 2466 3449 3445 5957 5961 
4267 3449 3445 5957 5961 3450 3446 5958 5962 
4268 3450 3446 5958 5962 3451 3447 5959 5963 
4269 3451 3447 5959 5963 3452 3448 5960 5964 
4270 3452 3448 5960 5964 986 985 3489 3490 
4271 651 650 2466 2467 3453 3449 5961 5965 
4272 3453 3449 5961 5965 3454 3450 5962 5966 
4273 3454 3450 5962 5966 3455 3451 5963 5967 
4274 3455 3451 5963 5967 3456 3452 5964 5968 
4275 3456 3452 5964 5968 987 986 3490 3491 
4276 652 651 2467 2468 3457 3453 5965 5969 
4277 3457 3453 5965 5969 3458 3454 5966 5970 
4278 3458 3454 5966 5970 3459 3455 5967 5971 
4279 3459 3455 5967 5971 3460 3456 5968 5972 
4280 3460 3456 5968 5972 988 987 3491 3492 
4281 71 652 2468 653 993 3457 5969 3461 
4282 993 3457 5969 3461 994 3458 5970 3462 
4283 994 3458 5970 3462 995 3459 5971 3463 
4284 995 3459 5971 3463 996 3460 5972 3464 
4285 996 3460 5972 3464 107 988 3492 989 
3 50 5 125
4286 2501 604 65 649 5973 3297 929 3445 
4287 5973 3297 929 3445 5974 3298 930 3446 
4288 5974 3298 930 3446 5975 3299 931 3447 
4289 5975 3299 931 3447 5976 3300 932 3448 
4290 5976 3300 932 3448 3525 940 101 985 
4291 2502 2501 649 650 5977 5973 3445 3449 
4292 5977 5973 3445 3449 5978 5974 3446 3450 
4293 5978 5974 3446 3450 5979 5975 3447 3451 
4294 5979 5975 3447 3451 5980 5976 3448 3452 
4295 5980 5976 3448 3452 3526 3525 985 986 
4296 2503 2502 650 651 5981 5977 3449 3453 
4297 5981 5977 3449 3453 5982 5978 3450 3454 
4298 5982 5978 3450 3454 5983 5979 3451 3455 
4299 5983 5979 3451 3455 5984 5980 3452 3456 
4300 5984 5980 3452 3456 3527 3526 986 987 
4301 2504 2503 651 652 5985 5981 3453 3457 
4302 5985 5981 3453 3457 5986 5982 3454 3458 
4303 5986 5982 3454 3458 5987 5983 3455 3459 
4304 5987 5983 3455 3459 5988 5984 3456 3460 
4305 5988 5984 3456 3460 3528 3527 987 988 
4306 668 2504 652 71 3521 5985 3457 993 
4307 3521 5985 3457 993 3522 5986 3458 994 
4308 3522 5986 3458 994 3523 5987 3459 995 
4309 3523 5987 3459 995 3524 5988 3460 996 
4310 3524 5988 3460 996 1004 3528 988 107 
4311 2505 603 604 2501 5989 3293 3297 5973 
4312 5989 3293 3297 5973 5990 3294 3298 5974 
4313 5990 3294 3298 5974 5991 3295 3299 5975 
4314 5991 3295 3299 5975 5992 3296 3300 5976 
4315 5992 3296 3300 5976 3529 939 940 3525 
4316 2506 2505 2501 2502 5993 5989 5973 5977 
4317 5993 5989 5973 5977 5994 5990 5974 5978 
4318 5994 5990 5974 5978 5995 5991 5975 5979 
4319 5995 5991 5975 5979 5996 5992 5976 5980 
4320 5996 5992 5976 5980 3530 3529 3525 3526 
4321 2507 2506 2502 2503 5997 5993 5977 5981 
4322 5997 5993 5977 5981 5998 5994 5978 5982 
4323 5998 5994 5978 5982 5999 5995 5979 5983 
4324 5999 5995 5979 5983 6000 5996 5980 5984 
4325 6000 5996 5980 5984 3531 3530 3526 3527 
4326 2508 2507 2503 2504 6001 5997 5981 5985 
4327 6001 5997 5981 5985 6002 5998 5982 5986 
4328 6002 5998 5982 5986 6003 5999 5983 5987 
4329 6003 5999 5983 5987 6004 6000 5984 5988 
4330 6004 6000 5984 5988 3532 3531 3527 3528 
4331 667 2508 2504 668 3517 6001 5985 3521 
4332 3517 6001 5985 3521 3518 6002 5986 3522 
4333 3518 6002 5986 3522 3519 6003 5987 3523 
4334 3519 6003 5987 3523 3520 6004 5988 3524 
4335 3520 6004 5988 3524 1003 3532 3528 1004 
4336 2509 602 603 2505 6005 3289 3293 5989 
4337 6005 3289 3293 5989 6006 3290 3294 5990 
4338 6006 3290 3294 5990 6007 3291 3295 5991 
4339 6007 3291 3295 5991 6008 3292 3296 5992 
4340 6008 3292 3296 5992 3533 938 939 3529 
4341 2510 2509 2505 2506 6009 6005 5989 5993 
4342 6009 6005 5989 5993 6010 6006 5990 5994 
4343 6010 6006 5990 5994 6011 6007 5991 5995 
4344 6011 6007 5991 5995 6012 6008 5992 5996 
4345 6012 6008 5992 5996 3534 3533 3529 3530 
4346 2511 2510 2506 2507 6013 6009 5993 5997 
4347 6013 6009 5993 5997 6014 6010 5994 5998 
4348 6014 6010 5994 5998 6015 6011 5995 5999 
4349 6015 6011 5995 5999 6016 6012 5996 6000 
4350 6016 6012 5996 6000 3535 3534 3530 3531 
4351 2512 2511 2507 2508 6017 6013 5997 6001 
4352 6017 6013 5997 6001 6018 6014 5998 6002 
4353 6018 6014 5998 6002 6019 6015 5999 6003 
4354 6019 6015 5999 6003 6020 6016 6000 6004 
4355 6020 6016 6000 6004 3536 3535 3531 3532 
4356 666 2512 2508 667 3513 6017 6001 3517 
4357 3513 6017 6001 3517 3514 6018 6002 3518 
4358 3514 6018 6002 3518 3515 6019 6003 3519 
4359 3515 6019 6003 3519 3516 6020 6004 3520 
4360 3516 6020 6004 3520 1002 3536 3532 1003 
4361 2513 601 602 2509 6021 3285 3289 6005 
4362 6021 3285 3289 6005 6022 3286 3290 6006 
4363 6022 3286 3290 6006 6023 3287 3291 6007 
4364 6023 3287 3291 6007 6024 3288 3292 6008 
4365 6024 3288 3292 6008 3537 937 938 3533 
4366 2514 2513 2509 2510 6025 6021 6005 6009 
4367 6025 6021 6005 6009 6026 6022 6006 6010 
4368 6026 6022 6006 6010 6027 6023 6007 6011 
4369 6027 6023 6007 6011 6028 6024 6008 6012 
4370 6028 6024 6008 6012 3538 3537 3533 3534 
4371 2515 2514 2510 2511 6029 6025 6009 6013 
4372 6029 6025 6009 6013 6030 6026 6010 6014 
4373 6030 6026 6010 6014 6031 6027 6011 6015 
4374 6031 6027 6011 6015 6032 6028 6012 6016 
4375 6032 6028 6012 6016 3539 3538 3534 3535 
4376 2516 2515 2511 2512 6033 6029 6013 6017 
4377 6033 6029 6013 6017 6034 6030 6014 6018 
4378 6034 6030 6014 6018 6035 6031 6015 6019 
4379 6035 6031 6015 6019 6036 6032 6016 6020 
4380 6036 6032 6016 6020 3540 3539 3535 3536 
4381 665 2516 2512 666 3509 6033 6017 3513 
4382 3509 6033 6017 3513 3510 6034 6018 3514 
4383 3510 6034 6018 3514 3511 6035 6019 3515 
4384 3511 6035 6019 3515 3512 6036 6020 3516 
4385 3512 6036 6020 3516 1001 3540 3536 1002 
4386 661 66 601 2513 3493 941 3285 6021 
4387 3493 941 3285 6021 3494 942 3286 6022 
4388 3494 942 3286 6022 3495 943 3287 6023 
4389 3495 943 3287 6023 3496 944 3288 6024 
4390 3496 944 3288 6024 997 102 937 3537 
4391 662 661 2513 2514 3497 3493 6021 6025 
4392 3497 3493 6021 6025 3498 3494 6022 6026 
4393 3498 3494 6022 6026 3499 3495 6023 6027 
4394 3499 3495 6023 6027 3500 3496 6024 6028 
4395 3500 3496 6024 6028 998 997 3537 3538 
4396 663 662 2514 2515 3501 3497 6025 6029 
4397 3501 3497 6025 6029 3502 3498 6026 6030 
4398 3502 3498 6026 6030 3503 3499 6027 6031 
4399 3503 3499 6027 6031 3504 3500 6028 6032 
4400 3504 3500 6028 6032 999 998 3538 3539 
4401 664 663 2515 2516 3505 3501 6029 6033 
4402 3505 3501 6029 6033 3506 3502 6030 6034 
4403 3506 3502 6030 6034 3507 3503 6031 6035 
4404 3507 3503 6031 6035 3508 3504 6032 6036 
4405 3508 3504 6032 6036 1000 999 3539 3540 
4406 72 664 2516 665 1005 3505 6033 3509 
4407 1005 3505 6033 3509 1006 3506 6034 3510 
4408 1006 3506 6034 3510 1007 3507 6035 3511 
4409 1007 3507 6035 3511 1008 3508 6036 3512 
4410 1008 3508 6036 3512 108 1000 3540 1001 
3 51 5 50
4411 2581 673 73 688 6037 3541 1025 3556 
4412 6037 3541 1025 3556 3557 1009 109 1024 
4413 2582 2581 688 687 6038 6037 3556 3555 
4414 6038 6037 3556 3555 3558 3557 1024 1023 
4415 2583 2582 687 686 6039 6038 3555 3554 
4416 6039 6038 3555 3554 3559 3558 1023 1022 
4417 2584 2583 686 685 6040 6039 3554 3553 
4418 6040 6039 3554 3553 3560 3559 1022 1021 
4419 684 2584 685 76 3552 6040 3553 1028 
4420 3552 6040 3553 1028 1020 3560 1021 112 
4421 2585 674 673 2581 6041 3542 3541 6037 
4422 6041 3542 3541 6037 3561 1010 1009 3557 
4423 2586 2585 2581 2582 6042 6041 6037 6038 
4424 6042 6041 6037 6038 3562 3561 3557 3558 
4425 2587 2586 2582 2583 6043 6042 6038 6039 
4426 6043 6042 6038 6039 3563 3562 3558 3559 
4427 2588 2587 2583 2584 6044 6043 6039 6040 
4428 6044 6043 6039 6040 3564 3563 3559 3560 
4429 683 2588 2584 684 3551 6044 6040 3552 
4430 3551 6044 6040 3552 1019 3564 3560 1020 
4431 2589 675 674 2585 6045 3543 3542 6041 
4432 6045 3543 3542 6041 3565 1011 1010 3561 
4433 2590 2589 2585 2586 6046 6045 6041 6042 
4434 6046 6045 6041 6042 3566 3565 3561 3562 
4435 2591 2590 2586 2587 6047 6046 6042 6043 
4436 6047 6046 6042 6043 3567 3566 3562 3563 
4437 2592 2591 2587 2588 6048 6047 6043 6044 
4438 6048 6047 6043 6044 3568 3567 3563 3564 
4439 682 2592 2588 683 3550 6048 6044 3551 
4440 3550 6048 6044 3551 1018 3568 3564 1019 
4441 2593 676 675 2589 6049 3544 3543 6045 
4442 6049 3544 3543 6045 3569 1012 1011 3565 
4443 2594 2593 2589 2590 6050 6049 6045 6046 
4444 6050 6049 6045 6046 3570 3569 3565 3566 
4445 2595 2594 2590 2591 6051 6050 6046 6047 
4446 6051 6050 6046 6047 3571 3570 3566 3567 
4447 2596 2595 2591 2592 6052 6051 6047 6048 
4448 6052 6051 6047 6048 3572 3571 3567 3568 
4449 681 2596 2592 682 3549 6052 6048 3550 
4450 3549 6052 6048 3550 1017 3572 3568 1018 
4451 677 74 676 2593 3545 1026 3544 6049 
4452 3545 1026 3544 6049 1013 110 1012 3569 
4453 678 677 2593 2594 3546 3545 6049 6050 
4454 3546 3545 6049 6050 1014 1013 3569 3570 
4455 679 678 2594 2595 3547 3546 6050 6051 
4456 3547 3546 6050 6051 1015 1014 3570 3571 
4457 680 679 2595 2596 3548 3547 6051 6052 
4458 3548 3547 6051 6052 1016 1015 3571 3572 
4459 75 680 2596 681 1027 3548 6052 3549 
4460 1027 3548 6052 3549 111 1016 3572 1017 
3 52 5 50
4461 2645 705 74 677 6053 3573 1026 3545 
4462 6053 3573 1026 3545 3585 1029 110 1013 
4463 2646 2645 677 678 6054 6053 3545 3546 
4464 6054 6053 3545 3546 3586 3585 1013 1014 
4465 2647 2646 678 679 6055 6054 3546 3547 
4466 6055 6054 3546 3547 3587 3586 1014 1015 
4467 2648 2647 679 680 6056 6055 3547 3548 
4468 6056 6055 3547 3548 3588 3587 1015 1016 
4469 716 2648 680 75 3584 6056 3548 1027 
4470 3584 6056 3548 1027 1040 3588 1016 111 
4471 2649 706 705 2645 6057 3574 3573 6053 
4472 6057 3574 3573 6053 3589 1030 1029 3585 
4473 2650 2649 2645 2646 6058 6057 6053 6054 
4474 6058 6057 6053 6054 3590 3589 3585 3586 
4475 2651 2650 2646 2647 6059 6058 6054 6055 
4476 6059 6058 6054 6055 3591 3590 3586 3587 
4477 2652 2651 2647 2648 6060 6059 6055 6056 
4478 6060 6059 6055 6056 3592 3591 3587 3588 
4479 715 2652 2648 716 3583 6060 6056 3584 
4480 3583 6060 6056 3584 1039 3592 3588 1040 
4481 2653 707 706 2649 6061 3575 3574 6057 
4482 6061 3575 3574 6057 3593 1031 1030 3589 
4483 2654 2653 2649 2650 6062 6061 6057 6058 
4484 6062 6061 6057 6058 3594 3593 3589 3590 
4485 2655 2654 2650 2651 6063 6062 6058 6059 
4486 6063 6062 6058 6059 3595 3594 3590 3591 
4487 2656 2655 2651 2652 6064 6063 6059 6060 
4488 6064 6063 6059 6060 3596 3595 3591 3592 
4489 714 2656 2652 715 3582 6064 6060 3583 
4490 3582 6064 6060 3583 1038 3596 3592 1039 
4491 2657 708 707 2653 6065 3576 3575 6061 
4492 6065 3576 3575 6061 3597 1032 1031 3593 
4493 2658 2657 2653 2654 6066 6065 6061 6062 
4494 6066 6065 6061 6062 3598 3597 3593 3594 
4495 2659 2658 2654 2655 6067 6066 6062 6063 
4496 6067 6066 6062 6063 3599 3598 3594 3595 
4497 2660 2659 2655 2656 6068 6067 6063 6064 
4498 6068 6067 6063 6064 3600 3599 3595 3596 
4499 713 2660 2656 714 3581 6068 6064 3582 
4500 3581 6068 6064 3582 1037 3600 3596 1038 
4501 709 77 708 2657 3577 1041 3576 6065 
4502 3577 1041 3576 6065 1033 113 1032 3597 
4503 710 709 2657 2658 3578 3577 6065 6066 
4504 3578 3577 6065 6066 1034 1033 3597 3598 
4505 711 710 2658 2659 3579 3578 6066 6067 
4506 3579 3578 6066 6067 1035 1034 3598 3599 
4507 712 711 2659 2660 3580 3579 6067 6068 
4508 3580 3579 6067 6068 1036 1035 3599 3600 
4509 78 712 2660 713 1042 3580 6068 3581 
4510 1042 3580 6068 3581 114 1036 3600 1037 
3 53 5 10
4511 725 79 77 709 3601 1047 1041 3577 
4512 3601 1047 1041 3577 1043 115 113 1033 
4513 726 725 709 710 3602 3601 3577 3578 
4514 3602 3601 3577 3578 1044 1043 1033 1034 
4515 727 726 710 711 3603 3602 3578 3579 
4516 3603 3602 3578 3579 1045 1044 1034 1035 
4517 728 727 711 712 3604 3603 3579 3580 
4518 3604 3603 3579 3580 1046 1045 1035 1036 
4519 80 728 712 78 1048 3604 3580 1042 
4520 1048 3604 3580 1042 116 1046 1036 114 
3 54 5 50
4521 2725 737 79 725 6069 3605 1047 3601 
4522 6069 3605 1047 3601 3617 1049 115 1043 
4523 2726 2725 725 726 6070 6069 3601 3602 
4524 6070 6069 3601 3602 3618 3617 1043 1044 
4525 2727 2726 726 727 6071 6070 3602 3603 
4526 6071 6070 3602 3603 3619 3618 1044 1045 
4527 2728 2727 727 728 6072 6071 3603 3604 
4528 6072 6071 3603 3604 3620 3619 1045 1046 
4529 748 2728 728 80 3616 6072 3604 1048 
4530 3616 6072 3604 1048 1060 3620 1046 116 
4531 2729 738 737 2725 6073 3606 3605 6069 
4532 6073 3606 3605 6069 3621 1050 1049 3617 
4533 2730 2729 2725 2726 6074 6073 6069 6070 
4534 6074 6073 6069 6070 3622 3621 3617 3618 
4535 2731 2730 2726 2727 6075 6074 6070 6071 
4536 6075 6074 6070 6071 3623 3622 3618 3619 
4537 2732 2731 2727 2728 6076 6075 6071 6072 
4538 6076 6075 6071 6072 3624 3623 3619 3620 
4539 747 2732 2728 748 3615 6076 6072 3616 
4540 3615 6076 6072 3616 1059 3624 3620 1060 
4541 2733 739 738 2729 6077 3607 3606 6073 
4542 6077 3607 3606 6073 3625 1051 1050 3621 
4543 2734 2733 2729 2730 6078 6077 6073 6074 
4544 6078 6077 6073 6074 3626 3625 3621 3622 
4545 2735 2734 2730 2731 6079 6078 6074 6075 
4546 6079 6078 6074 6075 3627 3626 3622 3623 
4547 2736 2735 2731 2732 6080 6079 6075 6076 
4548 6080 6079 6075 6076 3628 3627 3623 3624 
4549 746 2736 2732 747 3614 6080 6076 3615 
4550 3614 6080 6076 3615 1058 3628 3624 1059 
4551 2737 740 739 2733 6081 3608 3607 6077 
4552 6081 3608 3607 6077 3629 1052 1051 3625 
4553 2738 2737 2733 2734 6082 6081 6077 6078 
4554 6082 6081 6077 6078 3630 3629 3625 3626 
4555 2739 2738 2734 2735 6083 6082 6078 6079 
4556 6083 6082 6078 6079 3631 3630 3626 3627 
4557 2740 2739 2735 2736 6084 6083 6079 6080 
4558 6084 6083 6079 6080 3632 3631 3627 3628 
4559 745 2740 2736 746 3613 6084 6080 3614 
4560 3613 6084 6080 3614 1057 3632 3628 1058 
4561 741 81 740 2737 3609 1061 3608 6081 
4562 3609 1061 3608 6081 1053 117 1052 3629 
4563 742 741 2737 2738 3610 3609 6081 6082 
4564 3610 3609 6081 6082 1054 1053 3629 3630 
4565 743 742 2738 2739 3611 3610 6082 6083 
4566 3611 3610 6082 6083 1055 1054 3630 3631 
4567 744 743 2739 2740 3612 3611 6083 6084 
4568 3612 3611 6083 6084 1056 1055 3631 3632 
4569 82 744 2740 745 1062 3612 6084 3613 
4570 1062 3612 6084 3613 118 1056 3632 1057 
3 55 5 50
4571 2789 757 81 741 6085 3633 1061 3609 
4572 6085 3633 1061 3609 3645 1063 117 1053 
4573 2790 2789 741 742 6086 6085 3609 3610 
4574 6086 6085 3609 3610 3646 3645 1053 1054 
4575 2791 2790 742 743 6087 6086 3610 3611 
4576 6087 6086 3610 3611 3647 3646 1054 1055 
4577 2792 2791 743 744 6088 6087 3611 3612 
4578 6088 6087 3611 3612 3648 3647 1055 1056 
4579 768 2792 744 82 3644 6088 3612 1062 
4580 3644 6088 3612 1062 1074 3648 1056 118 
4581 2793 758 757 2789 6089 3634 3633 6085 
4582 6089 3634 3633 6085 3649 1064 1063 3645 
4583 2794 2793 2789 2790 6090 6089 6085 6086 
4584 6090 6089 6085 6086 3650 3649 3645 3646 
4585 2795 2794 2790 2791 6091 6090 6086 6087 
4586 6091 6090 6086 6087 3651 3650 3646 3647 
4587 2796 2795 2791 2792 6092 6091 6087 6088 
4588 6092 6091 6087 6088 3652 3651 3647 3648 
4589 767 2796 2792 768 3643 6092 6088 3644 
4590 3643 6092 6088 3644 1073 3652 3648 1074 
4591 2797 759 758 2793 6093 3635 3634 6089 
4592 6093 3635 3634 6089 3653 1065 1064 3649 
4593 2798 2797 2793 2794 6094 6093 6089 6090 
4594 6094 6093 6089 6090 3654 3653 3649 3650 
4595 2799 2798 2794 2795 6095 6094 6090 6091 
4596 6095 6094 6090 6091 3655 3654 3650 3651 
4597 2800 2799 2795 2796 6096 6095 6091 6092 
4598 6096 6095 6091 6092 3656 3655 3651 3652 
4599 766 2800 2796 767 3642 6096 6092 3643 
4600 3642 6096 6092 3643 1072 3656 3652 1073 
4601 2801 760 759 2797 6097 3636 3635 6093 
4602 6097 3636 3635 6093 3657 1066 1065 3653 
4603 2802 2801 2797 2798 6098 6097 6093 6094 
4604 6098 6097 6093 6094 3658 3657 3653 3654 
4605 2803 2802 2798 2799 6099 6098 6094 6095 
4606 6099 6098 6094 6095 3659 3658 3654 3655 
4607 2804 2803 2799 2800 6100 6099 6095 6096 
4608 6100 6099 6095 6096 3660 3659 3655 3656 
4609 765 2804 2800 766 3641 6100 6096 3642 
4610 3641 6100 6096 3642 1071 3660 3656 1072 
4611 761 83 760 2801 3637 1075 3636 6097 
4612 3637 1075 3636 6097 1067 119 1066 3657 
4613 762 761 2801 2802 3638 3637 6097 6098 
4614 3638 3637 6097 6098 1068 1067 3657 3658 
4615 763 762 2802 2803 3639 3638 6098 6099 
4616 3639 3638 6098 6099 1069 1068 3658 3659 
4617 764 763 2803 2804 3640 3639 6099 6100 
4618 3640 3639 6099 6100 1070 1069 3659 3660 
4619 84 764 2804 765 1076 3640 6100 3641 
4620 1076 3640 6100 3641 120 1070 3660 1071 
3 56 5 50
4621 2853 684 76 788 6101 3552 1028 3672 
4622 6101 3552 1028 3672 3673 1020 112 1088 
4623 2854 2853 788 787 6102 6101 3672 3671 
4624 6102 6101 3672 3671 3674 3673 1088 1087 
4625 2855 2854 787 786 6103 6102 3671 3670 
4626 6103 6102 3671 3670 3675 3674 1087 1086 
4627 2856 2855 786 785 6104 6103 3670 3669 
4628 6104 6103 3670 3669 3676 3675 1086 1085 
4629 784 2856 785 86 3668 6104 3669 1090 
4630 3668 6104 3669 1090 1084 3676 1085 122 
4631 2857 683 684 2853 6105 3551 3552 6101 
4632 6105 3551 3552 6101 3677 1019 1020 3673 
4633 2858 2857 2853 2854 6106 6105 6101 6102 
4634 6106 6105 6101 6102 3678 3677 3673 3674 
4635 2859 2858 2854 2855 6107 6106 6102 6103 
4636 6107 6106 6102 6103 3679 3678 3674 3675 
4637 2860 2859 2855 2856 6108 6107 6103 6104 
4638 6108 6107 6103 6104 3680 3679 3675 3676 
4639 783 2860 2856 784 3667 6108 6104 3668 
4640 3667 6108 6104 3668 1083 3680 3676 1084 
4641 2861 682 683 2857 6109 3550 3551 6105 
4642 6109 3550 3551 6105 3681 1018 1019 3677 
4643 2862 2861 2857 2858 6110 6109 6105 6106 
4644 6110 6109 6105 6106 3682 3681 3677 3678 
4645 2863 2862 2858 2859 6111 6110 6106 6107 
4646 6111 6110 6106 6107 3683 3682 3678 3679 
4647 2864 2863 2859 2860 6112 6111 6107 6108 
4648 6112 6111 6107 6108 3684 3683 3679 3680 
4649 782 2864 2860 783 3666 6112 6108 3667 
4650 3666 6112 6108 3667 1082 3684 3680 1083 
4651 2865 681 682 2861 6113 3549 3550 6109 
4652 6113 3549 3550 6109 3685 1017 1018 3681 
4653 2866 2865 2861 2862 6114 6113 6109 6110 
4654 6114 6113 6109 6110 3686 3685 3681 3682 
4655 2867 2866 2862 2863 6115 6114 6110 6111 
4656 6115 6114 6110 6111 3687 3686 3682 3683 
4657 2868 2867 2863 2864 6116 6115 6111 6112 
4658 6116 6115 6111 6112 3688 3687 3683 3684 
4659 781 2868 2864 782 3665 6116 6112 3666 
4660 3665 6116 6112 3666 1081 3688 3684 1082 
4661 777 75 681 2865 3661 1027 3549 6113 
4662 3661 1027 3549 6113 1077 111 1017 3685 
4663 778 777 2865 2866 3662 3661 6113 6114 
4664 3662 3661 6113 6114 1078 1077 3685 3686 
4665 779 778 2866 2867 3663 3662 6114 6115 
4666 3663 3662 6114 6115 1079 1078 3686 3687 
4667 780 779 2867 2868 3664 3663 6115 6116 
4668 3664 3663 6115 6116 1080 1079 3687 3688 
4669 85 780 2868 781 1089 3664 6116 3665 
4670 1089 3664 6116 3665 121 1080 3688 1081 
3 57 5 50
4671 2901 716 75 777 6117 3584 1027 3661 
4672 6117 3584 1027 3661 3697 1040 111 1077 
4673 2902 2901 777 778 6118 6117 3661 3662 
4674 6118 6117 3661 3662 3698 3697 1077 1078 
4675 2903 2902 778 779 6119 6118 3662 3663 
4676 6119 6118 3662 3663 3699 3698 1078 1079 
4677 2904 2903 779 780 6120 6119 3663 3664 
4678 6120 6119 3663 3664 3700 3699 1079 1080 
4679 804 2904 780 85 3696 6120 3664 1089 
4680 3696 6120 3664 1089 1098 3700 1080 121 
4681 2905 715 716 2901 6121 3583 3584 6117 
4682 6121 3583 3584 6117 3701 1039 1040 3697 
4683 2906 2905 2901 2902 6122 6121 6117 6118 
4684 6122 6121 6117 6118 3702 3701 3697 3698 
4685 2907 2906 2902 2903 6123 6122 6118 6119 
4686 6123 6122 6118 6119 3703 3702 3698 3699 
4687 2908 2907 2903 2904 6124 6123 6119 6120 
4688 6124 6123 6119 6120 3704 3703 3699 3700 
4689 803 2908 2904 804 3695 6124 6120 3696 
4690 3695 6124 6120 3696 1097 3704 3700 1098 
4691 2909 714 715 2905 6125 3582 3583 6121 
4692 6125 3582 3583 6121 3705 1038 1039 3701 
4693 2910 2909 2905 2906 6126 6125 6121 6122 
4694 6126 6125 6121 6122 3706 3705 3701 3702 
4695 2911 2910 2906 2907 6127 6126 6122 6123 
4696 6127 6126 6122 6123 3707 3706 3702 3703 
4697 2912 2911 2907 2908 6128 6127 6123 6124 
4698 6128 6127 6123 6124 3708 3707 3703 3704 
4699 802 2912 2908 803 3694 6128 6124 3695 
4700 3694 6128 6124 3695 1096 3708 3704 1097 
4701 2913 713 714 2909 6129 3581 3582 6125 
4702 6129 3581 3582 6125 3709 1037 1038 3705 
4703 2914 2913 2909 2910 6130 6129 6125 6126 
4704 6130 6129 6125 6126 3710 3709 3705 3706 
4705 2915 2914 2910 2911 6131 6130 6126 6127 
4706 6131 6130 6126 6127 3711 3710 3706 3707 
4707 2916 2915 2911 2912 6132 6131 6127 6128 
4708 6132 6131 6127 6128 3712 3711 3707 3708 
4709 801 2916 2912 802 3693 6132 6128 3694 
4710 3693 6132 6128 3694 1095 3712 3708 1096 
4711 797 78 713 2913 3689 1042 3581 6129 
4712 3689 1042 3581 6129 1091 114 1037 3709 
4713 798 797 2913 2914 3690 3689 6129 6130 
4714 3690 3689 6129 6130 1092 1091 3709 3710 
4715 799 798 2914 2915 3691 3690 6130 6131 
4716 3691 3690 6130 6131 1093 1092 3710 3711 
4717 800 799 2915 2916 3692 3691 6131 6132 
4718 3692 3691 6131 6132 1094 1093 3711 3712 
4719 87 800 2916 801 1099 3692 6132 3693 
4720 1099 3692 6132 3693 123 1094 3712 1095 
3 58 5 10
4721 809 80 78 797 3713 1048 1042 3689 
4722 3713 1048 1042 3689 1100 116 114 1091 
4723 810 809 797 798 3714 3713 3689 3690 
4724 3714 3713 3689 3690 1101 1100 1091 1092 
4725 811 810 798 799 3715 3714 3690 3691 
4726 3715 3714 3690 3691 1102 1101 1092 1093 
4727 812 811 799 800 3716 3715 3691 3692 
4728 3716 3715 3691 3692 1103 1102 1093 1094 
4729 88 812 800 87 1104 3716 3692 1099 
4730 1104 3716 3692 1099 124 1103 1094 123 
3 59 5 50
4731 2965 748 80 809 6133 3616 1048 3713 
4732 6133 3616 1048 3713 3725 1060 116 1100 
4733 2966 2965 809 810 6134 6133 3713 3714 
4734 6134 6133 3713 3714 3726 3725 1100 1101 
4735 2967 2966 810 811 6135 6134 3714 3715 
4736 6135 6134 3714 3715 3727 3726 1101 1102 
4737 2968 2967 811 812 6136 6135 3715 3716 
4738 6136 6135 3715 3716 3728 3727 1102 1103 
4739 824 2968 812 88 3724 6136 3716 1104 
4740 3724 6136 3716 1104 1112 3728 1103 124 
4741 2969 747 748 2965 6137 3615 3616 6133 
4742 6137 3615 3616 6133 3729 1059 1060 3725 
4743 2970 2969 2965 2966 6138 6137 6133 6134 
4744 6138 6137 6133 6134 3730 3729 3725 3726 
4745 2971 2970 2966 2967 6139 6138 6134 6135 
4746 6139 6138 6134 6135 3731 3730 3726 3727 
4747 2972 2971 2967 2968 6140 6139 6135 6136 
4748 6140 6139 6135 6136 3732 3731 3727 3728 
4749 823 2972 2968 824 3723 6140 6136 3724 
4750 3723 6140 6136 3724 1111 3732 3728 1112 
4751 2973 746 747 2969 6141 3614 3615 6137 
4752 6141 3614 3615 6137 3733 1058 1059 3729 
4753 2974 2973 2969 2970 6142 6141 6137 6138 
4754 6142 6141 6137 6138 3734 3733 3729 3730 
4755 2975 2974 2970 2971 6143 6142 6138 6139 
4756 6143 6142 6138 6139 3735 3734 3730 3731 
4757 2976 2975 2971 2972 6144 6143 6139 6140 
4758 6144 6143 6139 6140 3736 3735 3731 3732 
4759 822 2976 2972 823 3722 6144 6140 3723 
4760 3722 6144 6140 3723 1110 3736 3732 1111 
4761 2977 745 746 2973 6145 3613 3614 6141 
4762 6145 3613 3614 6141 3737 1057 1058 3733 
4763 2978 2977 2973 2974 6146 6145 6141 6142 
4764 6146 6145 6141 6142 3738 3737 3733 3734 
4765 2979 2978 2974 2975 6147 6146 6142 6143 
4766 6147 6146 6142 6143 3739 3738 3734 3735 
4767 2980 2979 2975 2976 6148 6147 6143 6144 
4768 6148 6147 6143 6144 3740 3739 3735 3736 
4769 821 2980 2976 822 3721 6148 6144 3722 
4770 3721 6148 6144 3722 1109 3740 3736 1110 
4771 817 82 745 2977 3717 1062 3613 6145 
4772 3717 1062 3613 6145 1105 118 1057 3737 
4773 818 817 2977 2978 3718 3717 6145 6146 
4774 3718 3717 6145 6146 1106 1105 3737 3738 
4775 819 818 2978 2979 3719 3718 6146 6147 
4776 3719 3718 6146 6147 1107 1106 3738 3739 
4777 820 819 2979 2980 3720 3719 6147 6148 
4778 3720 3719 6147 6148 1108 1107 3739 3740 
4779 89 820 2980 821 1113 3720 6148 3721 
4780 1113 3720 6148 3721 125 1108 3740 1109 
3 60 5 50
4781 3013 768 82 817 6149 3644 1062 3717 
4782 6149 3644 1062 3717 3749 1074 118 1105 
4783 3014 3013 817 818 6150 6149 3717 3718 
4784 6150 6149 3717 3718 3750 3749 1105 1106 
4785 3015 3014 818 819 6151 6150 3718 3719 
4786 6151 6150 3718 3719 3751 3750 1106 1107 
4787 3016 3015 819 820 6152 6151 3719 3720 
4788 6152 6151 3719 3720 3752 3751 1107 1108 
4789 836 3016 820 89 3748 6152 3720 1113 
4790 3748 6152 3720 1113 1121 3752 1108 125 
4791 3017 767 768 3013 6153 3643 3644 6149 
4792 6153 3643 3644 6149 3753 1073 1074 3749 
4793 3018 3017 3013 3014 6154 6153 6149 6150 
4794 6154 6153 6149 6150 3754 3753 3749 3750 
4795 3019 3018 3014 3015 6155 6154 6150 6151 
4796 6155 6154 6150 6151 3755 3754 3750 3751 
4797 3020 3019 3015 3016 6156 6155 6151 6152 
4798 6156 6155 6151 6152 3756 3755 3751 3752 
4799 835 3020 3016 836 3747 6156 6152 3748 
4800 3747 6156 6152 3748 1120 3756 3752 1121 
4801 3021 766 767 3017 6157 3642 3643 6153 
4802 6157 3642 3643 6153 3757 1072 1073 3753 
4803 3022 3021 3017 3018 6158 6157 6153 6154 
4804 6158 6157 6153 6154 3758 3757 3753 3754 
4805 3023 3022 3018 3019 6159 6158 6154 6155 
4806 6159 6158 6154 6155 3759 3758 3754 3755 
4807 3024 3023 3019 3020 6160 6159 6155 6156 
4808 6160 6159 6155 6156 3760 3759 3755 3756 
4809 834 3024 3020 835 3746 6160 6156 3747 
4810 3746 6160 6156 3747 1119 3760 3756 1120 
4811 3025 765 766 3021 6161 3641 3642 6157 
4812 6161 3641 3642 6157 3761 1071 1072 3757 
4813 3026 3025 3021 3022 6162 6161 6157 6158 
4814 6162 6161 6157 6158 3762 3761 3757 3758 
4815 3027 3026 3022 3023 6163 6162 6158 6159 
4816 6163 6162 6158 6159 3763 3762 3758 3759 
4817 3028 3027 3023 3024 6164 6163 6159 6160 
4818 6164 6163 6159 6160 3764 3763 3759 3760 
4819 833 3028 3024 834 3745 6164 6160 3746 
4820 3745 6164 6160 3746 1118 3764 3760 1119 
4821 829 84 765 3025 3741 1076 3641 6161 
4822 3741 1076 3641 6161 1114 120 1071 3761 
4823 830 829 3025 3026 3742 3741 6161 6162 
4824 3742 3741 6161 6162 1115 1114 3761 3762 
4825 831 830 3026 3027 3743 3742 6162 6163 
4826 3743 3742 6162 6163 1116 1115 3762 3763 
4827 832 831 3027 3028 3744 3743 6163 6164 
4828 3744 3743 6163 6164 1117 1116 3763 3764 
4829 90 832 3028 833 1122 3744 6164 3745 
4830 1122 3744 6164 3745 126 1117 3764 1118 
3 61 5 10
4831 844 784 86 92 3768 3668 1090 1128 
4832 3768 3668 1090 1128 1126 1084 122 128 
4833 843 783 784 844 3767 3667 3668 3768 
4834 3767 3667 3668 3768 1125 1083 1084 1126 
4835 842 782 783 843 3766 3666 3667 3767 
4836 3766 3666 3667 3767 1124 1082 1083 1125 
4837 841 781 782 842 3765 3665 3666 3766 
4838 3765 3665 3666 3766 1123 1081 1082 1124 
4839 91 85 781 841 1127 1089 3665 3765 
4840 1127 1089 3665 3765 127 121 1081 1123 
3 62 5 10
4841 856 804 85 91 3772 3696 1089 1127 
4842 3772 3696 1089 1127 1132 1098 121 127 
4843 855 803 804 856 3771 3695 3696 3772 
4844 3771 3695 3696 3772 1131 1097 1098 1132 
4845 854 802 803 855 3770 3694 3695 3771 
4846 3770 3694 3695 3771 1130 1096 1097 1131 
4847 853 801 802 854 3769 3693 3694 3770 
4848 3769 3693 3694 3770 1129 1095 1096 1130 
4849 93 87 801 853 1133 1099 3693 3769 
4850 1133 1099 3693 3769 129 123 1095 1129 
3 63 5 2
4851 94 88 87 93 1134 1104 1099 1133 
4852 1134 1104 1099 1133 130 124 123 129 
3 64 5 10
4853 868 824 88 94 3776 3724 1104 1134 
4854 3776 3724 1104 1134 1138 1112 124 130 
4855 867 823 824 868 3775 3723 3724 3776 
4856 3775 3723 3724 3776 1137 1111 1112 1138 
4857 866 822 823 867 3774 3722 3723 3775 
4858 3774 3722 3723 3775 1136 1110 1111 1137 
4859 865 821 822 866 3773 3721 3722 3774 
4860 3773 3721 3722 3774 1135 1109 1110 1136 
4861 95 89 821 865 1139 1113 3721 3773 
4862 1139 1113 3721 3773 131 125 1109 1135 
3 65 5 10
4863 876 836 89 95 3780 3748 1113 1139 
4864 3780 3748 1113 1139 1143 1121 125 131 
4865 875 835 836 876 3779 3747 3748 3780 
4866 3779 3747 3748 3780 1142 1120 1121 1143 
4867 874 834 835 875 3778 3746 3747 3779 
4868 3778 3746 3747 3779 1141 1119 1120 1142 
4869 873 833 834 874 3777 3745 3746 3778 
4870 3777 3745 3746 3778 1140 1118 1119 1141 
4871 96 90 833 873 1144 1122 3745 3777 
4872 1144 1122 3745 3777 132 126 1118 1140 
3 66 5 50
4873 3141 844 92 892 6165 3768 1128 3792 
4874 6165 3768 1128 3792 3793 1126 128 1156 
4875 3142 3141 892 891 6166 6165 3792 3791 
4876 6166 6165 3792 3791 3794 3793 1156 1155 
4877 3143 3142 891 890 6167 6166 3791 3790 
4878 6167 6166 3791 3790 3795 3794 1155 1154 
4879 3144 3143 890 889 6168 6167 3790 3789 
4880 6168 6167 3790 3789 3796 3795 1154 1153 
4881 888 3144 889 98 3788 6168 3789 1158 
4882 3788 6168 3789 1158 1152 3796 1153 134 
4883 3145 843 844 3141 6169 3767 3768 6165 
4884 6169 3767 3768 6165 3797 1125 1126 3793 
4885 3146 3145 3141 3142 6170 6169 6165 6166 
4886 6170 6169 6165 6166 3798 3797 3793 3794 
4887 3147 3146 3142 3143 6171 6170 6166 6167 
4888 6171 6170 6166 6167 3799 3798 3794 3795 
4889 3148 3147 3143 3144 6172 6171 6167 6168 
4890 6172 6171 6167 6168 3800 3799 3795 3796 
4891 887 3148 3144 888 3787 6172 6168 3788 
4892 3787 6172 6168 3788 1151 3800 3796 1152 
4893 3149 842 843 3145 6173 3766 3767 6169 
4894 6173 3766 3767 6169 3801 1124 1125 3797 
4895 3150 3149 3145 3146 6174 6173 6169 6170 
4896 6174 6173 6169 6170 3802 3801 3797 3798 
4897 3151 3150 3146 3147 6175 6174 6170 6171 
4898 6175 6174 6170 6171 3803 3802 3798 3799 
4899 3152 3151 3147 3148 6176 6175 6171 6172 
4900 6176 6175 6171 6172 3804 3803 3799 3800 
4901 886 3152 3148 887 3786 6176 6172 3787 
4902 3786 6176 6172 3787 1150 3804 3800 1151 
4903 3153 841 842 3149 6177 3765 3766 6173 
4904 6177 3765 3766 6173 3805 1123 1124 3801 
4905 3154 3153 3149 3150 6178 6177 6173 6174 
4906 6178 6177 6173 6174 3806 3805 3801 3802 
4907 3155 3154 3150 3151 6179 6178 6174 6175 
4908 6179 6178 6174 6175 3807 3806 3802 3803 
4909 3156 3155 3151 3152 6180 6179 6175 6176 
4910 6180 6179 6175 6176 3808 3807 3803 3804 
4911 885 3156 3152 886 3785 6180 6176 3786 
4912 3785 6180 6176 3786 1149 3808 3804 1150 
4913 881 91 841 3153 3781 1127 3765 6177 
4914 3781 1127 3765 6177 1145 127 1123 3805 
4915 882 881 3153 3154 3782 3781 6177 6178 
4916 3782 3781 6177 6178 1146 1145 3805 3806 
4917 883 882 3154 3155 3783 3782 6178 6179 
4918 3783 3782 6178 6179 1147 1146 3806 3807 
4919 884 883 3155 3156 3784 3783 6179 6180 
4920 3784 3783 6179 6180 1148 1147 3807 3808 
4921 97 884 3156 885 1157 3784 6180 3785 
4922 1157 3784 6180 3785 133 1148 3808 1149 
3 67 5 50
4923 3189 856 91 881 6181 3772 1127 3781 
4924 6181 3772 1127 3781 3817 1132 127 1145 
4925 3190 3189 881 882 6182 6181 3781 3782 
4926 6182 6181 3781 3782 3818 3817 1145 1146 
4927 3191 3190 882 883 6183 6182 3782 3783 
4928 6183 6182 3782 3783 3819 3818 1146 1147 
4929 3192 3191 883 884 6184 6183 3783 3784 
4930 6184 6183 3783 3784 3820 3819 1147 1148 
4931 908 3192 884 97 3816 6184 3784 1157 
4932 3816 6184 3784 1157 1166 3820 1148 133 
4933 3193 855 856 3189 6185 3771 3772 6181 
4934 6185 3771 3772 6181 3821 1131 1132 3817 
4935 3194 3193 3189 3190 6186 6185 6181 6182 
4936 6186 6185 6181 6182 3822 3821 3817 3818 
4937 3195 3194 3190 3191 6187 6186 6182 6183 
4938 6187 6186 6182 6183 3823 3822 3818 3819 
4939 3196 3195 3191 3192 6188 6187 6183 6184 
4940 6188 6187 6183 6184 3824 3823 3819 3820 
4941 907 3196 3192 908 3815 6188 6184 3816 
4942 3815 6188 6184 3816 1165 3824 3820 1166 
4943 3197 854 855 3193 6189 3770 3771 6185 
4944 6189 3770 3771 6185 3825 1130 1131 3821 
4945 3198 3197 3193 3194 6190 6189 6185 6186 
4946 6190 6189 6185 6186 3826 3825 3821 3822 
4947 3199 3198 3194 3195 6191 6190 6186 6187 
4948 6191 6190 6186 6187 3827 3826 3822 3823 
4949 3200 3199 3195 3196 6192 6191 6187 6188 
4950 6192 6191 6187 6188 3828 3827 3823 3824 
4951 906 3200 3196 907 3814 6192 6188 3815 
4952 3814 6192 6188 3815 1164 3828 3824 1165 
4953 3201 853 854 3197 6193 3769 3770 6189 
4954 6193 3769 3770 6189 3829 1129 1130 3825 
4955 3202 3201 3197 3198 6194 6193 6189 6190 
4956 6194 6193 6189 6190 3830 3829 3825 3826 
4957 3203 3202 3198 3199 6195 6194 6190 6191 
4958 6195 6194 6190 6191 3831 3830 3826 3827 
4959 3204 3203 3199 3200 6196 6195 6191 6192 
4960 6196 6195 6191 6192 3832 3831 3827 3828 
4961 905 3204 3200 906 3813 6196 6192 3814 
4962 3813 6196 6192 3814 1163 3832 3828 1164 
4963 901 93 853 3201 3809 1133 3769 6193 
4964 3809 1133 3769 6193 1159 129 1129 3829 
4965 902 901 3201 3202 3810 3809 6193 6194 
4966 3810 3809 6193 6194 1160 1159 3829 3830 
4967 903 902 3202 3203 3811 3810 6194 6195 
4968 3811 3810 6194 6195 1161 1160 3830 3831 
4969 904 903 3203 3204 3812 3811 6195 6196 
4970 3812 3811 6195 6196 1162 1161 3831 3832 
4971 99 904 3204 905 1167 3812 6196 3813 
4972 1167 3812 6196 3813 135 1162 3832 1163 
3 68 5 10
4973 913 94 93 901 3833 1134 1133 3809 
4974 3833 1134 1133 3809 1168 130 129 1159 
4975 914 913 901 902 3834 3833 3809 3810 
4976 3834 3833 3809 3810 1169 1168 1159 1160 
4977 915 914 902 903 3835 3834 3810 3811 
4978 3835 3834 3810 3811 1170 1169 1160 1161 
4979 916 915 903 904 3836 3835 3811 3812 
4980 3836 3835 3811 3812 1171 1170 1161 1162 
4981 100 916 904 99 1172 3836 3812 1167 
4982 1172 3836 3812 1167 136 1171 1162 135 
3 69 5 50
4983 3253 868 94 913 6197 3776 1134 3833 
4984 6197 3776 1134 3833 3845 1138 130 1168 
4985 3254 3253 913 914 6198 6197 3833 3834 
4986 6198 6197 3833 3834 3846 3845 1168 1169 
4987 3255 3254 914 915 6199 6198 3834 3835 
4988 6199 6198 3834 3835 3847 3846 1169 1170 
4989 3256 3255 915 916 6200 6199 3835 3836 
4990 6200 6199 3835 3836 3848 3847 1170 1171 
4991 928 3256 916 100 3844 6200 3836 1172 
4992 3844 6200 3836 1172 1180 3848 1171 136 
4993 3257 867 868 3253 6201 3775 3776 6197 
4994 6201 3775 3776 6197 3849 1137 1138 3845 
4995 3258 3257 3253 3254 6202 6201 6197 6198 
4996 6202 6201 6197 6198 3850 3849 3845 3846 
4997 3259 3258 3254 3255 6203 6202 6198 6199 
4998 6203 6202 6198 6199 3851 3850 3846 3847 
4999 3260 3259 3255 3256 6204 6203 6199 6200 
5000 6204 6203 6199 6200 3852 3851 3847 3848 
5001 927 3260 3256 928 3843 6204 6200 3844 
5002 3843 6204 6200 3844 1179 3852 3848 1180 
5003 3261 866 867 3257 6205 3774 3775 6201 
5004 6205 3774 3775 6201 3853 1136 1137 3849 
5005 3262 3261 3257 3258 6206 6205 6201 6202 
5006 6206 6205 6201 6202 3854 3853 3849 3850 
5007 3263 3262 3258 3259 6207 6206 6202 6203 
5008 6207 6206 6202 6203 3855 3854 3850 3851 
5009 3264 3263 3259 3260 6208 6207 6203 6204 
5010 6208 6207 6203 6204 3856 3855 3851 3852 
5011 926 3264 3260 927 3842 6208 6204 3843 
5012 3842 6208 6204 3843 1178 3856 3852 1179 
5013 3265 865 866 3261 6209 3773 3774 6205 
5014 6209 3773 3774 6205 3857 1135 1136 3853 
5015 3266 3265 3261 3262 6210 6209 6205 6206 
5016 6210 6209 6205 6206 3858 3857 3853 3854 
5017 3267 3266 3262 3263 6211 6210 6206 6207 
5018 6211 6210 6206 6207 3859 3858 3854 3855 
5019 3268 3267 3263 3264 6212 6211 6207 6208 
5020 6212 6211 6207 6208 3860 3859 3855 3856 
5021 925 3268 3264 926 3841 6212 6208 3842 
5022 3841 6212 6208 3842 1177 3860 3856 1178 
5023 921 95 865 3265 3837 1139 3773 6209 
5024 3837 1139 3773 6209 1173 131 1135 3857 
5025 922 921 3265 3266 3838 3837 6209 6210 
5026 3838 3837 6209 6210 1174 1173 3857 3858 
5027 923 922 3266 3267 3839 3838 6210 6211 
5028 3839 3838 6210 6211 1175 1174 3858 3859 
5029 924 923 3267 3268 3840 3839 6211 6212 
5030 3840 3839 6211 6212 1176 1175 3859 3860 
5031 101 924 3268 925 1181 3840 6212 3841 
5032 1181 3840 6212 3841 137 1176 3860 1177 
3 70 5 50
5033 3301 876 95 921 6213 3780 1139 3837 
5034 6213 3780 1139 3837 3869 1143 131 1173 
5035 3302 3301 921 922 6214 6213 3837 3838 
5036 6214 6213 3837 3838 3870 3869 1173 1174 
5037 3303 3302 922 923 6215 6214 3838 3839 
5038 6215 6214 3838 3839 3871 3870 1174 1175 
5039 3304 3303 923 924 6216 6215 3839 3840 
5040 6216 6215 3839 3840 3872 3871 1175 1176 
5041 940 3304 924 101 3868 6216 3840 1181 
5042 3868 6216 3840 1181 1189 3872 1176 137 
5043 3305 875 876 3301 6217 3779 3780 6213 
5044 6217 3779 3780 6213 3873 1142 1143 3869 
5045 3306 3305 3301 3302 6218 6217 6213 6214 
5046 6218 6217 6213 6214 3874 3873 3869 3870 
5047 3307 3306 3302 3303 6219 6218 6214 6215 
5048 6219 6218 6214 6215 3875 3874 3870 3871 
5049 3308 3307 3303 3304 6220 6219 6215 6216 
5050 6220 6219 6215 6216 3876 3875 3871 3872 
5051 939 3308 3304 940 3867 6220 6216 3868 
5052 3867 6220 6216 3868 1188 3876 3872 1189 
5053 3309 874 875 3305 6221 3778 3779 6217 
5054 6221 3778 3779 6217 3877 1141 1142 3873 
5055 3310 3309 3305 3306 6222 6221 6217 6218 
5056 6222 6221 6217 6218 3878 3877 3873 3874 
5057 3311 3310 3306 3307 6223 6222 6218 6219 
5058 6223 6222 6218 6219 3879 3878 3874 3875 
5059 3312 3311 3307 3308 6224 6223 6219 6220 
5060 6224 6223 6219 6220 3880 3879 3875 3876 
5061 938 3312 3308 939 3866 6224 6220 3867 
5062 3866 6224 6220 3867 1187 3880 3876 1188 
5063 3313 873 874 3309 6225 3777 3778 6221 
5064 6225 3777 3778 6221 3881 1140 1141 3877 
5065 3314 3313 3309 3310 6226 6225 6221 6222 
5066 6226 6225 6221 6222 3882 3881 3877 3878 
5067 3315 3314 3310 3311 6227 6226 6222 6223 
5068 6227 6226 6222 6223 3883 3882 3878 3879 
5069 3316 3315 3311 3312 6228 6227 6223 6224 
5070 6228 6227 6223 6224 3884 3883 3879 3880 
5071 937 3316 3312 938 3865 6228 6224 3866 
5072 3865 6228 6224 3866 1186 3884 3880 1187 
5073 933 96 873 3313 3861 1144 3777 6225 
5074 3861 1144 3777 6225 1182 132 1140 3881 
5075 934 933 3313 3314 3862 3861 6225 6226 
5076 3862 3861 6225 6226 1183 1182 3881 3882 
5077 935 934 3314 3315 3863 3862 6226 6227 
5078 3863 3862 6226 6227 1184 1183 3882 3883 
5079 936 935 3315 3316 3864 3863 6227 6228 
5080 3864 3863 6227 6228 1185 1184 3883 3884 
5081 102 936 3316 937 1190 3864 6228 3865 
5082 1190 3864 6228 3865 138 1185 3884 1186 
3 71 5 50
5083 3365 888 98 956 6229 3788 1158 3896 
5084 6229 3788 1158 3896 3897 1152 134 1202 
5085 3366 3365 956 955 6230 6229 3896 3895 
5086 6230 6229 3896 3895 3898 3897 1202 1201 
5087 3367 3366 955 954 6231 6230 3895 3894 
5088 6231 6230 3895 3894 3899 3898 1201 1200 
5089 3368 3367 954 953 6232 6231 3894 3893 
5090 6232 6231 3894 3893 3900 3899 1200 1199 
5091 952 3368 953 104 3892 6232 3893 1204 
5092 3892 6232 3893 1204 1198 3900 1199 140 
5093 3369 887 888 3365 6233 3787 3788 6229 
5094 6233 3787 3788 6229 3901 1151 1152 3897 
5095 3370 3369 3365 3366 6234 6233 6229 6230 
5096 6234 6233 6229 6230 3902 3901 3897 3898 
5097 3371 3370 3366 3367 6235 6234 6230 6231 
5098 6235 6234 6230 6231 3903 3902 3898 3899 
5099 3372 3371 3367 3368 6236 6235 6231 6232 
5100 6236 6235 6231 6232 3904 3903 3899 3900 
5101 951 3372 3368 952 3891 6236 6232 3892 
5102 3891 6236 6232 3892 1197 3904 3900 1198 
5103 3373 886 887 3369 6237 3786 3787 6233 
5104 6237 3786 3787 6233 3905 1150 1151 3901 
5105 3374 3373 3369 3370 6238 6237 6233 6234 
5106 6238 6237 6233 6234 3906 3905 3901 3902 
5107 3375 3374 3370 3371 6239 6238 6234 6235 
5108 6239 6238 6234 6235 3907 3906 3902 3903 
5109 3376 3375 3371 3372 6240 6239 6235 6236 
5110 6240 6239 6235 6236 3908 3907 3903 3904 
5111 950 3376 3372 951 3890 6240 6236 3891 
5112 3890 6240 6236 3891 1196 3908 3904 1197 
5113 3377 885 886 3373 6241 3785 3786 6237 
5114 6241 3785 3786 6237 3909 1149 1150 3905 
5115 3378 3377 3373 3374 6242 6241 6237 6238 
5116 6242 6241 6237 6238 3910 3909 3905 3906 
5117 3379 3378 3374 3375 6243 6242 6238 6239 
5118 6243 6242 6238 6239 3911 3910 3906 3907 
5119 3380 3379 3375 3376 6244 6243 6239 6240 
5120 6244 6243 6239 6240 3912 3911 3907 3908 
5121 949 3380 3376 950 3889 6244 6240 3890 
5122 3889 6244 6240 3890 1195 3912 3908 1196 
5123 945 97 885 3377 3885 1157 3785 6241 
5124 3885 1157 3785 6241 1191 133 1149 3909 
5125 946 945 3377 3378 3886 3885 6241 6242 
5126 3886 3885 6241 6242 1192 1191 3909 3910 
5127 947 946 3378 3379 3887 3886 6242 6243 
5128 3887 3886 6242 6243 1193 1192 3910 3911 
5129 948 947 3379 3380 3888 3887 6243 6244 
5130 3888 3887 6243 6244 1194 1193 3911 3912 
5131 103 948 3380 949 1203 3888 6244 3889 
5132 1203 3888 6244 3889 139 1194 3912 1195 
3 72 5 50
5133 3413 908 97 945 6245 3816 1157 3885 
5134 6245 3816 1157 3885 3921 1166 133 1191 
5135 3414 3413 945 946 6246 6245 3885 3886 
5136 6246 6245 3885 3886 3922 3921 1191 1192 
5137 3415 3414 946 947 6247 6246 3886 3887 
5138 6247 6246 3886 3887 3923 3922 1192 1193 
5139 3416 3415 947 948 6248 6247 3887 3888 
5140 6248 6247 3887 3888 3924 3923 1193 1194 
5141 972 3416 948 103 3920 6248 3888 1203 
5142 3920 6248 3888 1203 1212 3924 1194 139 
5143 3417 907 908 3413 6249 3815 3816 6245 
5144 6249 3815 3816 6245 3925 1165 1166 3921 
5145 3418 3417 3413 3414 6250 6249 6245 6246 
5146 6250 6249 6245 6246 3926 3925 3921 3922 
5147 3419 3418 3414 3415 6251 6250 6246 6247 
5148 6251 6250 6246 6247 3927 3926 3922 3923 
5149 3420 3419 3415 3416 6252 6251 6247 6248 
5150 6252 6251 6247 6248 3928 3927 3923 3924 
5151 971 3420 3416 972 3919 6252 6248 3920 
5152 3919 6252 6248 3920 1211 3928 3924 1212 
5153 3421 906 907 3417 6253 3814 3815 6249 
5154 6253 3814 3815 6249 3929 1164 1165 3925 
5155 3422 3421 3417 3418 6254 6253 6249 6250 
5156 6254 6253 6249 6250 3930 3929 3925 3926 
5157 3423 3422 3418 3419 6255 6254 6250 6251 
5158 6255 6254 6250 6251 3931 3930 3926 3927 
5159 3424 3423 3419 3420 6256 6255 6251 6252 
5160 6256 6255 6251 6252 3932 3931 3927 3928 
5161 970 3424 3420 971 3918 6256 6252 3919 
5162 3918 6256 6252 3919 1210 3932 3928 1211 
5163 3425 905 906 3421 6257 3813 3814 6253 
5164 6257 3813 3814 6253 3933 1163 1164 3929 
5165 3426 3425 3421 3422 6258 6257 6253 6254 
5166 6258 6257 6253 6254 3934 3933 3929 3930 
5167 3427 3426 3422 3423 6259 6258 6254 6255 
5168 6259 6258 6254 6255 3935 3934 3930 3931 
5169 3428 3427 3423 3424 6260 6259 6255 6256 
5170 6260 6259 6255 6256 3936 3935 3931 3932 
5171 969 3428 3424 970 3917 6260 6256 3918 
5172 3917 6260 6256 3918 1209 3936 3932 1210 
5173 965 99 905 3425 3913 1167 3813 6257 
5174 3913 1167 3813 6257 1205 135 1163 3933 
5175 966 965 3425 3426 3914 3913 6257 6258 
5176 3914 3913 6257 6258 1206 1205 3933 3934 
5177 967 966 3426 3427 3915 3914 6258 6259 
5178 3915 3914 6258 6259 1207 1206 3934 3935 
5179 968 967 3427 3428 3916 3915 6259 6260 
5180 3916 3915 6259 6260 1208 1207 3935 3936 
5181 105 968 3428 969 1213 3916 6260 3917 
5182 1213 3916 6260 3917 141 1208 3936 1209 
3 73 5 10
5183 977 100 99 965 3937 1172 1167 3913 
5184 3937 1172 1167 3913 1214 136 135 1205 
5185 978 977 965 966 3938 3937 3913 3914 
5186 3938 3937 3913 3914 1215 1214 1205 1206 
5187 979 978 966 967 3939 3938 3914 3915 
5188 3939 3938 3914 3915 1216 1215 1206 1207 
5189 980 979 967 968 3940 3939 3915 3916 
5190 3940 3939 3915 3916 1217 1216 1207 1208 
5191 106 980 968 105 1218 3940 3916 1213 
5192 1218 3940 3916 1213 142 1217 1208 141 
3 74 5 50
5193 3477 928 100 977 6261 3844 1172 3937 
5194 6261 3844 1172 3937 3949 1180 136 1214 
5195 3478 3477 977 978 6262 6261 3937 3938 
5196 6262 6261 3937 3938 3950 3949 1214 1215 
5197 3479 3478 978 979 6263 6262 3938 3939 
5198 6263 6262 3938 3939 3951 3950 1215 1216 
5199 3480 3479 979 980 6264 6263 3939 3940 
5200 6264 6263 3939 3940 3952 3951 1216 1217 
5201 992 3480 980 106 3948 6264 3940 1218 
5202 3948 6264 3940 1218 1226 3952 1217 142 
5203 3481 927 928 3477 6265 3843 3844 6261 
5204 6265 3843 3844 6261 3953 1179 1180 3949 
5205 3482 3481 3477 3478 6266 6265 6261 6262 
5206 6266 6265 6261 6262 3954 3953 3949 3950 
5207 3483 3482 3478 3479 6267 6266 6262 6263 
5208 6267 6266 6262 6263 3955 3954 3950 3951 
5209 3484 3483 3479 3480 6268 6267 6263 6264 
5210 6268 6267 6263 6264 3956 3955 3951 3952 
5211 991 3484 3480 992 3947 6268 6264 3948 
5212 3947 6268 6264 3948 1225 3956 3952 1226 
5213 3485 926 927 3481 6269 3842 3843 6265 
5214 6269 3842 3843 6265 3957 1178 1179 3953 
5215 3486 3485 3481 3482 6270 6269 6265 6266 
5216 6270 6269 6265 6266 3958 3957 3953 3954 
5217 3487 3486 3482 3483 6271 6270 6266 6267 
5218 6271 6270 6266 6267 3959 3958 3954 3955 
5219 3488 3487 3483 3484 6272 6271 6267 6268 
5220 6272 6271 6267 6268 3960 3959 3955 3956 
5221 990 3488 3484 991 3946 6272 6268 3947 
5222 3946 6272 6268 3947 1224 3960 3956 1225 
5223 3489 925 926 3485 6273 3841 3842 6269 
5224 6273 3841 3842 6269 3961 1177 1178 3957 
5225 3490 3489 3485 3486 6274 6273 6269 6270 
5226 6274 6273 6269 6270 3962 3961 3957 3958 
5227 3491 3490 3486 3487 6275 6274 6270 6271 
5228 6275 6274 6270 6271 3963 3962 3958 3959 
5229 3492 3491 3487 3488 6276 6275 6271 6272 
5230 6276 6275 6271 6272 3964 3963 3959 3960 
5231 989 3492 3488 990 3945 6276 6272 3946 
5232 3945 6276 6272 3946 1223 3964 3960 1224 
5233 985 101 925 3489 3941 1181 3841 6273 
5234 3941 1181 3841 6273 1219 137 1177 3961 
5235 986 985 3489 3490 3942 3941 6273 6274 
5236 3942 3941 6273 6274 1220 1219 3961 3962 
5237 987 986 3490 3491 3943 3942 6274 6275 
5238 3943 3942 6274 6275 1221 1220 3962 3963 
5239 988 987 3491 3492 3944 3943 6275 6276 
5240 3944 3943 6275 6276 1222 1221 3963 3964 
5241 107 988 3492 989 1227 3944 6276 3945 
5242 1227 3944 6276 3945 143 1222 3964 1223 
3 75 5 50
5243 3525 940 101 985 6277 3868 1181 3941 
5244 6277 3868 1181 3941 3973 1189 137 1219 
5245 3526 3525 985 986 6278 6277 3941 3942 
5246 6278 6277 3941 3942 3974 3973 1219 1220 
5247 3527 3526 986 987 6279 6278 3942 3943 
5248 6279 6278 3942 3943 3975 3974 1220 1221 
5249 3528 3527 987 988 6280 6279 3943 3944 
5250 6280 6279 3943 3944 3976 3975 1221 1222 
5251 1004 3528 988 107 3972 6280 3944 1227 
5252 3972 6280 3944 1227 1235 3976 1222 143 
5253 3529 939 940 3525 6281 3867 3868 6277 
5254 6281 3867 3868 6277 3977 1188 1189 3973 
5255 3530 3529 3525 3526 6282 6281 6277 6278 
5256 6282 6281 6277 6278 3978 3977 3973 3974 
5257 3531 3530 3526 3527 6283 6282 6278 6279 
5258 6283 6282 6278 6279 3979 3978 3974 3975 
5259 3532 3531 3527 3528 6284 6283 6279 6280 
5260 6284 6283 6279 6280 3980 3979 3975 3976 
5261 1003 3532 3528 1004 3971 6284 6280 3972 
5262 3971 6284 6280 3972 1234 3980 3976 1235 
5263 3533 938 939 3529 6285 3866 3867 6281 
5264 6285 3866 3867 6281 3981 1187 1188 3977 
5265 3534 3533 3529 3530 6286 6285 6281 6282 
5266 6286 6285 6281 6282 3982 3981 3977 3978 
5267 3535 3534 3530 3531 6287 6286 6282 6283 
5268 6287 6286 6282 6283 3983 3982 3978 3979 
5269 3536 3535 3531 3532 6288 6287 6283 6284 
5270 6288 6287 6283 6284 3984 3983 3979 3980 
5271 1002 3536 3532 1003 3970 6288 6284 3971 
5272 3970 6288 6284 3971 1233 3984 3980 1234 
5273 3537 937 938 3533 6289 3865 3866 6285 
5274 6289 3865 3866 6285 3985 1186 1187 3981 
5275 3538 3537 3533 3534 6290 6289 6285 6286 
5276 6290 6289 6285 6286 3986 3985 3981 3982 
5277 3539 3538 3534 3535 6291 6290 6286 6287 
5278 6291 6290 6286 6287 3987 3986 3982 3983 
5279 3540 3539 3535 3536 6292 6291 6287 6288 
5280 6292 6291 6287 6288 3988 3987 3983 3984 
5281 1001 3540 3536 1002 3969 6292 6288 3970 
5282 3969 6292 6288 3970 1232 3988 3984 1233 
5283 997 102 937 3537 3965 1190 3865 6289 
5284 3965 1190 3865 6289 1228 138 1186 3985 
5285 998 997 3537 3538 3966 3965 6289 6290 
5286 3966 3965 6289 6290 1229 1228 3985 3986 
5287 999 998 3538 3539 3967 3966 6290 6291 
5288 3967 3966 6290 6291 1230 1229 3986 3987 
5289 1000 999 3539 3540 3968 3967 6291 6292 
5290 3968 3967 6291 6292 1231 1230 3987 3988 
5291 108 1000 3540 1001 1236 3968 6292 3969 
5292 1236 3968 6292 3969 144 1231 3988 1232 
$EndElements
