$MeshFormat
4.1 0 8
$EndMeshFormat
$PhysicalNames
2
3 1 "reservoir@Region"
3 2 "well@Well"
$EndPhysicalNames
$Entities
32 64 42 9
1 0 0 0 0 
2 304.8 0 0 0 
3 365.76 0 0 0 
4 670.5599999999999 0 0 0 
5 0 304.8 0 0 
6 304.8 304.8 0 0 
7 365.76 304.8 0 0 
8 670.5599999999999 304.8 0 0 
9 0 365.76 0 0 
10 304.8 365.76 0 0 
11 365.76 365.76 0 0 
12 670.5599999999999 365.76 0 0 
13 0 670.5599999999999 0 0 
14 304.8 670.5599999999999 0 0 
15 365.76 670.5599999999999 0 0 
16 670.5599999999999 670.5599999999999 0 0 
17 0 0 -60.96 0 
18 304.8 0 -60.96 0 
22 304.8 304.8 -60.96 0 
26 0 304.8 -60.96 0 
28 365.76 0 -60.96 0 
32 365.76 304.8 -60.96 0 
34 670.5599999999999 0 -60.96 0 
38 670.5599999999999 304.8 -60.96 0 
44 304.8 365.76 -60.96 0 
48 0 365.76 -60.96 0 
54 365.76 365.76 -60.96 0 
60 670.5599999999999 365.76 -60.96 0 
66 304.8 670.5599999999999 -60.96 0 
70 0 670.5599999999999 -60.96 0 
76 365.76 670.5599999999999 -60.96 0 
82 670.5599999999999 670.5599999999999 -60.96 0 
100 0 0 0 304.8 0 0 0 2 1 -2 
101 304.8 0 0 365.76 0 0 0 2 2 -3 
102 365.76 0 0 670.5599999999999 0 0 0 2 3 -4 
103 0 304.8 0 304.8 304.8 0 0 2 5 -6 
104 304.8 304.8 0 365.76 304.8 0 0 2 6 -7 
105 365.76 304.8 0 670.5599999999999 304.8 0 0 2 7 -8 
106 0 365.76 0 304.8 365.76 0 0 2 9 -10 
107 304.8 365.76 0 365.76 365.76 0 0 2 10 -11 
108 365.76 365.76 0 670.5599999999999 365.76 0 0 2 11 -12 
109 0 670.5599999999999 0 304.8 670.5599999999999 0 0 2 13 -14 
110 304.8 670.5599999999999 0 365.76 670.5599999999999 0 0 2 14 -15 
111 365.76 670.5599999999999 0 670.5599999999999 670.5599999999999 0 0 2 15 -16 
200 0 0 0 0 304.8 0 0 2 1 -5 
201 304.8 0 0 304.8 304.8 0 0 2 2 -6 
202 365.76 0 0 365.76 304.8 0 0 2 3 -7 
203 670.5599999999999 0 0 670.5599999999999 304.8 0 0 2 4 -8 
204 0 304.8 0 0 365.76 0 0 2 5 -9 
205 304.8 304.8 0 304.8 365.76 0 0 2 6 -10 
206 365.76 304.8 0 365.76 365.76 0 0 2 7 -11 
207 670.5599999999999 304.8 0 670.5599999999999 365.76 0 0 2 8 -12 
208 0 365.76 0 0 670.5599999999999 0 0 2 9 -13 
209 304.8 365.76 0 304.8 670.5599999999999 0 0 2 10 -14 
210 365.76 365.76 0 365.76 670.5599999999999 0 0 2 11 -15 
211 670.5599999999999 365.76 0 670.5599999999999 670.5599999999999 0 0 2 12 -16 
213 0 0 -60.96 304.8 0 -60.96 0 2 17 -18 
214 304.8 0 -60.96 304.8 304.8 -60.96 0 2 18 -22 
215 0 304.8 -60.96 304.8 304.8 -60.96 0 2 22 -26 
216 0 0 -60.96 0 304.8 -60.96 0 2 26 -17 
218 0 0 -60.96 0 0 0 0 2 1 -17 
219 304.8 0 -60.96 304.8 0 0 0 2 2 -18 
223 304.8 304.8 -60.96 304.8 304.8 0 0 2 6 -22 
227 0 304.8 -60.96 0 304.8 0 0 2 5 -26 
235 304.8 0 -60.96 365.76 0 -60.96 0 2 18 -28 
236 365.76 0 -60.96 365.76 304.8 -60.96 0 2 28 -32 
237 304.8 304.8 -60.96 365.76 304.8 -60.96 0 2 32 -22 
241 365.76 0 -60.96 365.76 0 0 0 2 3 -28 
245 365.76 304.8 -60.96 365.76 304.8 0 0 2 7 -32 
257 365.76 0 -60.96 670.5599999999999 0 -60.96 0 2 28 -34 
258 670.5599999999999 0 -60.96 670.5599999999999 304.8 -60.96 0 2 34 -38 
259 365.76 304.8 -60.96 670.5599999999999 304.8 -60.96 0 2 38 -32 
263 670.5599999999999 0 -60.96 670.5599999999999 0 0 0 2 4 -34 
267 670.5599999999999 304.8 -60.96 670.5599999999999 304.8 0 0 2 8 -38 
280 304.8 304.8 -60.96 304.8 365.76 -60.96 0 2 22 -44 
281 0 365.76 -60.96 304.8 365.76 -60.96 0 2 44 -48 
282 0 304.8 -60.96 0 365.76 -60.96 0 2 48 -26 
289 304.8 365.76 -60.96 304.8 365.76 0 0 2 10 -44 
293 0 365.76 -60.96 0 365.76 0 0 2 9 -48 
302 365.76 304.8 -60.96 365.76 365.76 -60.96 0 2 32 -54 
303 304.8 365.76 -60.96 365.76 365.76 -60.96 0 2 54 -44 
311 365.76 365.76 -60.96 365.76 365.76 0 0 2 11 -54 
324 670.5599999999999 304.8 -60.96 670.5599999999999 365.76 -60.96 0 2 38 -60 
325 365.76 365.76 -60.96 670.5599999999999 365.76 -60.96 0 2 60 -54 
333 670.5599999999999 365.76 -60.96 670.5599999999999 365.76 0 0 2 12 -60 
346 304.8 365.76 -60.96 304.8 670.5599999999999 -60.96 0 2 44 -66 
347 0 670.5599999999999 -60.96 304.8 670.5599999999999 -60.96 0 2 66 -70 
348 0 365.76 -60.96 0 670.5599999999999 -60.96 0 2 70 -48 
355 304.8 670.5599999999999 -60.96 304.8 670.5599999999999 0 0 2 14 -66 
359 0 670.5599999999999 -60.96 0 670.5599999999999 0 0 2 13 -70 
368 365.76 365.76 -60.96 365.76 670.5599999999999 -60.96 0 2 54 -76 
369 304.8 670.5599999999999 -60.96 365.76 670.5599999999999 -60.96 0 2 76 -66 
377 365.76 670.5599999999999 -60.96 365.76 670.5599999999999 0 0 2 15 -76 
390 670.5599999999999 365.76 -60.96 670.5599999999999 670.5599999999999 -60.96 0 2 60 -82 
391 365.76 670.5599999999999 -60.96 670.5599999999999 670.5599999999999 -60.96 0 2 82 -76 
399 670.5599999999999 670.5599999999999 -60.96 670.5599999999999 670.5599999999999 0 0 2 16 -82 
1 0 0 0 304.8 304.8 0 0 4 100 201 -103 -200 
2 304.8 0 0 365.76 304.8 0 0 4 101 202 -104 -201 
3 365.76 0 0 670.5599999999999 304.8 0 0 4 102 203 -105 -202 
4 0 304.8 0 304.8 365.76 0 0 4 103 205 -106 -204 
5 304.8 304.8 0 365.76 365.76 0 0 4 104 206 -107 -205 
6 365.76 304.8 0 670.5599999999999 365.76 0 0 4 105 207 -108 -206 
7 0 365.76 0 304.8 670.5599999999999 0 0 4 106 209 -109 -208 
8 304.8 365.76 0 365.76 670.5599999999999 0 0 4 107 210 -110 -209 
9 365.76 365.76 0 670.5599999999999 670.5599999999999 0 0 4 108 211 -111 -210 
220 0 0 -60.96 304.8 0 0 0 4 100 219 -213 -218 
224 304.8 0 -60.96 304.8 304.8 0 0 4 201 223 -214 -219 
228 0 304.8 -60.96 304.8 304.8 0 0 4 -103 227 -215 -223 
232 0 0 -60.96 0 304.8 0 0 4 -200 218 -216 -227 
233 0 0 -60.96 304.8 304.8 -60.96 0 4 213 214 215 216 
242 304.8 0 -60.96 365.76 0 0 0 4 101 241 -235 -219 
246 365.76 0 -60.96 365.76 304.8 0 0 4 202 245 -236 -241 
250 304.8 304.8 -60.96 365.76 304.8 0 0 4 -104 223 -237 -245 
255 304.8 0 -60.96 365.76 304.8 -60.96 0 4 235 236 237 -214 
264 365.76 0 -60.96 670.5599999999999 0 0 0 4 102 263 -257 -241 
268 670.5599999999999 0 -60.96 670.5599999999999 304.8 0 0 4 203 267 -258 -263 
272 365.76 304.8 -60.96 670.5599999999999 304.8 0 0 4 -105 245 -259 -267 
277 365.76 0 -60.96 670.5599999999999 304.8 -60.96 0 4 257 258 259 -236 
290 304.8 304.8 -60.96 304.8 365.76 0 0 4 205 289 -280 -223 
294 0 365.76 -60.96 304.8 365.76 0 0 4 -106 293 -281 -289 
298 0 304.8 -60.96 0 365.76 0 0 4 -204 227 -282 -293 
299 0 304.8 -60.96 304.8 365.76 -60.96 0 4 -215 280 281 282 
312 365.76 304.8 -60.96 365.76 365.76 0 0 4 206 311 -302 -245 
316 304.8 365.76 -60.96 365.76 365.76 0 0 4 -107 289 -303 -311 
321 304.8 304.8 -60.96 365.76 365.76 -60.96 0 4 -237 302 303 -280 
334 670.5599999999999 304.8 -60.96 670.5599999999999 365.76 0 0 4 207 333 -324 -267 
338 365.76 365.76 -60.96 670.5599999999999 365.76 0 0 4 -108 311 -325 -333 
343 365.76 304.8 -60.96 670.5599999999999 365.76 -60.96 0 4 -259 324 325 -302 
356 304.8 365.76 -60.96 304.8 670.5599999999999 0 0 4 209 355 -346 -289 
360 0 670.5599999999999 -60.96 304.8 670.5599999999999 0 0 4 -109 359 -347 -355 
364 0 365.76 -60.96 0 670.5599999999999 0 0 4 -208 293 -348 -359 
365 0 365.76 -60.96 304.8 670.5599999999999 -60.96 0 4 -281 346 347 348 
378 365.76 365.76 -60.96 365.76 670.5599999999999 0 0 4 210 377 -368 -311 
382 304.8 670.5599999999999 -60.96 365.76 670.5599999999999 0 0 4 -110 355 -369 -377 
387 304.8 365.76 -60.96 365.76 670.5599999999999 -60.96 0 4 -303 368 369 -346 
400 670.5599999999999 365.76 -60.96 670.5599999999999 670.5599999999999 0 0 4 211 399 -390 -333 
404 365.76 670.5599999999999 -60.96 670.5599999999999 670.5599999999999 0 0 4 -111 377 -391 -399 
409 365.76 365.76 -60.96 670.5599999999999 670.5599999999999 -60.96 0 4 -325 390 391 -368 
1 0 0 -60.96 304.8 304.8 0 1 1 6 -1 233 220 224 -228 -232 
2 304.8 0 -60.96 365.76 304.8 0 1 1 6 -2 255 242 246 -250 -224 
3 365.76 0 -60.96 670.5599999999999 304.8 0 1 1 6 -3 277 264 268 -272 -246 
4 0 304.8 -60.96 304.8 365.76 0 1 1 6 -4 299 228 290 -294 -298 
5 304.8 304.8 -60.96 365.76 365.76 0 2 1 2 6 -5 321 250 312 -316 -290 
6 365.76 304.8 -60.96 670.5599999999999 365.76 0 1 1 6 -6 343 272 334 -338 -312 
7 0 365.76 -60.96 304.8 670.5599999999999 0 1 1 6 -7 365 294 356 -360 -364 
8 304.8 365.76 -60.96 365.76 670.5599999999999 0 1 1 6 -8 387 316 378 -382 -356 
9 365.76 365.76 -60.96 670.5599999999999 670.5599999999999 0 1 1 6 -9 409 338 400 -404 -378 
$EndEntities
$Nodes
113 1584 1 1584
0 1 0 1
1
0 0 0
0 2 0 1
2
304.8 0 0
0 3 0 1
3
365.76 0 0
0 4 0 1
4
670.5599999999999 0 0
0 5 0 1
5
0 304.8 0
0 6 0 1
6
304.8 304.8 0
0 7 0 1
7
365.76 304.8 0
0 8 0 1
8
670.5599999999999 304.8 0
0 9 0 1
9
0 365.76 0
0 10 0 1
10
304.8 365.76 0
0 11 0 1
11
365.76 365.76 0
0 12 0 1
12
670.5599999999999 365.76 0
0 13 0 1
13
0 670.5599999999999 0
0 14 0 1
14
304.8 670.5599999999999 0
0 15 0 1
15
365.76 670.5599999999999 0
0 16 0 1
16
670.5599999999999 670.5599999999999 0
0 17 0 1
17
0 0 -60.96
0 18 0 1
18
304.8 0 -60.96
0 22 0 1
19
304.8 304.8 -60.96
0 26 0 1
20
0 304.8 -60.96
0 28 0 1
21
365.76 0 -60.96
0 32 0 1
22
365.76 304.8 -60.96
0 34 0 1
23
670.5599999999999 0 -60.96
0 38 0 1
24
670.5599999999999 304.8 -60.96
0 44 0 1
25
304.8 365.76 -60.96
0 48 0 1
26
0 365.76 -60.96
0 54 0 1
27
365.76 365.76 -60.96
0 60 0 1
28
670.5599999999999 365.76 -60.96
0 66 0 1
29
304.8 670.5599999999999 -60.96
0 70 0 1
30
0 670.5599999999999 -60.96
0 76 0 1
31
365.76 670.5599999999999 -60.96
0 82 0 1
32
670.5599999999999 670.5599999999999 -60.96
1 100 0 4
33
34
35
36
60.95999999987763 0 0
121.9199999997078 0 0
182.8799999997322 0 0
243.8399999998877 0 0
1 102 0 4
37
38
39
40
426.7199999998379 0 0
487.679999999667 0 0
548.6399999997202 0 0
609.5999999998179 0 0
1 103 0 4
41
42
43
44
60.95999999987763 304.8 0
121.9199999997078 304.8 0
182.8799999997322 304.8 0
243.8399999998877 304.8 0
1 105 0 4
45
46
47
48
426.7199999998379 304.8 0
487.679999999667 304.8 0
548.6399999997202 304.8 0
609.5999999998179 304.8 0
1 106 0 4
49
50
51
52
60.95999999987763 365.76 0
121.9199999997078 365.76 0
182.8799999997322 365.76 0
243.8399999998877 365.76 0
1 108 0 4
53
54
55
56
426.7199999998379 365.76 0
487.679999999667 365.76 0
548.6399999997202 365.76 0
609.5999999998179 365.76 0
1 109 0 4
57
58
59
60
60.95999999987763 670.5599999999999 0
121.9199999997078 670.5599999999999 0
182.8799999997322 670.5599999999999 0
243.8399999998877 670.5599999999999 0
1 111 0 4
61
62
63
64
426.7199999998379 670.5599999999999 0
487.679999999667 670.5599999999999 0
548.6399999997202 670.5599999999999 0
609.5999999998179 670.5599999999999 0
1 200 0 4
65
66
67
68
0 60.95999999987763 0
0 121.9199999997078 0
0 182.8799999997322 0
0 243.8399999998877 0
1 201 0 4
69
70
71
72
304.8 60.95999999987763 0
304.8 121.9199999997078 0
304.8 182.8799999997322 0
304.8 243.8399999998877 0
1 202 0 4
73
74
75
76
365.76 60.95999999987763 0
365.76 121.9199999997078 0
365.76 182.8799999997322 0
365.76 243.8399999998877 0
1 203 0 4
77
78
79
80
670.5599999999999 60.95999999987763 0
670.5599999999999 121.9199999997078 0
670.5599999999999 182.8799999997322 0
670.5599999999999 243.8399999998877 0
1 208 0 4
81
82
83
84
0 426.7199999998379 0
0 487.679999999667 0
0 548.6399999997202 0
0 609.5999999998179 0
1 209 0 4
85
86
87
88
304.8 426.7199999998379 0
304.8 487.679999999667 0
304.8 548.6399999997202 0
304.8 609.5999999998179 0
1 210 0 4
89
90
91
92
365.76 426.7199999998379 0
365.76 487.679999999667 0
365.76 548.6399999997202 0
365.76 609.5999999998179 0
1 211 0 4
93
94
95
96
670.5599999999999 426.7199999998379 0
670.5599999999999 487.679999999667 0
670.5599999999999 548.6399999997202 0
670.5599999999999 609.5999999998179 0
1 213 0 4
97
98
99
100
60.95999999987763 0 -60.96
121.9199999997078 0 -60.96
182.8799999997322 0 -60.96
243.8399999998877 0 -60.96
1 214 0 4
101
102
103
104
304.8 60.95999999987763 -60.96
304.8 121.9199999997078 -60.96
304.8 182.8799999997322 -60.96
304.8 243.8399999998877 -60.96
1 215 0 4
105
106
107
108
243.8399999998877 304.8 -60.96
182.8799999997322 304.8 -60.96
121.9199999997078 304.8 -60.96
60.95999999987763 304.8 -60.96
1 216 0 4
109
110
111
112
0 243.8399999998877 -60.96
0 182.8799999997322 -60.96
0 121.9199999997078 -60.96
0 60.95999999987763 -60.96
1 218 0 9
113
114
115
116
117
118
119
120
121
0 0 -6.096
0 0 -12.192
0 0 -18.288
0 0 -24.384
0 0 -30.48
0 0 -36.576
0 0 -42.672
0 0 -48.768
0 0 -54.864
1 219 0 9
122
123
124
125
126
127
128
129
130
304.8 0 -6.096
304.8 0 -12.192
304.8 0 -18.288
304.8 0 -24.384
304.8 0 -30.48
304.8 0 -36.576
304.8 0 -42.672
304.8 0 -48.768
304.8 0 -54.864
1 223 0 9
131
132
133
134
135
136
137
138
139
304.8 304.8 -6.096
304.8 304.8 -12.192
304.8 304.8 -18.288
304.8 304.8 -24.384
304.8 304.8 -30.48
304.8 304.8 -36.576
304.8 304.8 -42.672
304.8 304.8 -48.768
304.8 304.8 -54.864
1 227 0 9
140
141
142
143
144
145
146
147
148
0 304.8 -6.096
0 304.8 -12.192
0 304.8 -18.288
0 304.8 -24.384
0 304.8 -30.48
0 304.8 -36.576
0 304.8 -42.672
0 304.8 -48.768
0 304.8 -54.864
1 236 0 4
149
150
151
152
365.76 60.95999999987763 -60.96
365.76 121.9199999997078 -60.96
365.76 182.8799999997322 -60.96
365.76 243.8399999998877 -60.96
1 241 0 9
153
154
155
156
157
158
159
160
161
365.76 0 -6.096
365.76 0 -12.192
365.76 0 -18.288
365.76 0 -24.384
365.76 0 -30.48
365.76 0 -36.576
365.76 0 -42.672
365.76 0 -48.768
365.76 0 -54.864
1 245 0 9
162
163
164
165
166
167
168
169
170
365.76 304.8 -6.096
365.76 304.8 -12.192
365.76 304.8 -18.288
365.76 304.8 -24.384
365.76 304.8 -30.48
365.76 304.8 -36.576
365.76 304.8 -42.672
365.76 304.8 -48.768
365.76 304.8 -54.864
1 257 0 4
171
172
173
174
426.7199999998379 0 -60.96
487.679999999667 0 -60.96
548.6399999997202 0 -60.96
609.5999999998179 0 -60.96
1 258 0 4
175
176
177
178
670.5599999999999 60.95999999987763 -60.96
670.5599999999999 121.9199999997078 -60.96
670.5599999999999 182.8799999997322 -60.96
670.5599999999999 243.8399999998877 -60.96
1 259 0 4
179
180
181
182
609.5999999998179 304.8 -60.96
548.6399999997202 304.8 -60.96
487.679999999667 304.8 -60.96
426.7199999998379 304.8 -60.96
1 263 0 9
183
184
185
186
187
188
189
190
191
670.5599999999999 0 -6.096
670.5599999999999 0 -12.192
670.5599999999999 0 -18.288
670.5599999999999 0 -24.384
670.5599999999999 0 -30.48
670.5599999999999 0 -36.576
670.5599999999999 0 -42.672
670.5599999999999 0 -48.768
670.5599999999999 0 -54.864
1 267 0 9
192
193
194
195
196
197
198
199
200
670.5599999999999 304.8 -6.096
670.5599999999999 304.8 -12.192
670.5599999999999 304.8 -18.288
670.5599999999999 304.8 -24.384
670.5599999999999 304.8 -30.48
670.5599999999999 304.8 -36.576
670.5599999999999 304.8 -42.672
670.5599999999999 304.8 -48.768
670.5599999999999 304.8 -54.864
1 281 0 4
201
202
203
204
243.8399999998877 365.76 -60.96
182.8799999997322 365.76 -60.96
121.9199999997078 365.76 -60.96
60.95999999987763 365.76 -60.96
1 289 0 9
205
206
207
208
209
210
211
212
213
304.8 365.76 -6.096
304.8 365.76 -12.192
304.8 365.76 -18.288
304.8 365.76 -24.384
304.8 365.76 -30.48
304.8 365.76 -36.576
304.8 365.76 -42.672
304.8 365.76 -48.768
304.8 365.76 -54.864
1 293 0 9
214
215
216
217
218
219
220
221
222
0 365.76 -6.096
0 365.76 -12.192
0 365.76 -18.288
0 365.76 -24.384
0 365.76 -30.48
0 365.76 -36.576
0 365.76 -42.672
0 365.76 -48.768
0 365.76 -54.864
1 311 0 9
223
224
225
226
227
228
229
230
231
365.76 365.76 -6.096
365.76 365.76 -12.192
365.76 365.76 -18.288
365.76 365.76 -24.384
365.76 365.76 -30.48
365.76 365.76 -36.576
365.76 365.76 -42.672
365.76 365.76 -48.768
365.76 365.76 -54.864
1 325 0 4
232
233
234
235
609.5999999998179 365.76 -60.96
548.6399999997202 365.76 -60.96
487.679999999667 365.76 -60.96
426.7199999998379 365.76 -60.96
1 333 0 9
236
237
238
239
240
241
242
243
244
670.5599999999999 365.76 -6.096
670.5599999999999 365.76 -12.192
670.5599999999999 365.76 -18.288
670.5599999999999 365.76 -24.384
670.5599999999999 365.76 -30.48
670.5599999999999 365.76 -36.576
670.5599999999999 365.76 -42.672
670.5599999999999 365.76 -48.768
670.5599999999999 365.76 -54.864
1 346 0 4
245
246
247
248
304.8 426.7199999998379 -60.96
304.8 487.679999999667 -60.96
304.8 548.6399999997202 -60.96
304.8 609.5999999998179 -60.96
1 347 0 4
249
250
251
252
243.8399999998877 670.5599999999999 -60.96
182.8799999997322 670.5599999999999 -60.96
121.9199999997078 670.5599999999999 -60.96
60.95999999987763 670.5599999999999 -60.96
1 348 0 4
253
254
255
256
0 609.5999999998179 -60.96
0 548.6399999997202 -60.96
0 487.679999999667 -60.96
0 426.7199999998379 -60.96
1 355 0 9
257
258
259
260
261
262
263
264
265
304.8 670.5599999999999 -6.096
304.8 670.5599999999999 -12.192
304.8 670.5599999999999 -18.288
304.8 670.5599999999999 -24.384
304.8 670.5599999999999 -30.48
304.8 670.5599999999999 -36.576
304.8 670.5599999999999 -42.672
304.8 670.5599999999999 -48.768
304.8 670.5599999999999 -54.864
1 359 0 9
266
267
268
269
270
271
272
273
274
0 670.5599999999999 -6.096
0 670.5599999999999 -12.192
0 670.5599999999999 -18.288
0 670.5599999999999 -24.384
0 670.5599999999999 -30.48
0 670.5599999999999 -36.576
0 670.5599999999999 -42.672
0 670.5599999999999 -48.768
0 670.5599999999999 -54.864
1 368 0 4
275
276
277
278
365.76 426.7199999998379 -60.96
365.76 487.679999999667 -60.96
365.76 548.6399999997202 -60.96
365.76 609.5999999998179 -60.96
1 377 0 9
279
280
281
282
283
284
285
286
287
365.76 670.5599999999999 -6.096
365.76 670.5599999999999 -12.192
365.76 670.5599999999999 -18.288
365.76 670.5599999999999 -24.384
365.76 670.5599999999999 -30.48
365.76 670.5599999999999 -36.576
365.76 670.5599999999999 -42.672
365.76 670.5599999999999 -48.768
365.76 670.5599999999999 -54.864
1 390 0 4
288
289
290
291
670.5599999999999 426.7199999998379 -60.96
670.5599999999999 487.679999999667 -60.96
670.5599999999999 548.6399999997202 -60.96
670.5599999999999 609.5999999998179 -60.96
1 391 0 4
292
293
294
295
609.5999999998179 670.5599999999999 -60.96
548.6399999997202 670.5599999999999 -60.96
487.679999999667 670.5599999999999 -60.96
426.7199999998379 670.5599999999999 -60.96
1 399 0 9
296
297
298
299
300
301
302
303
304
670.5599999999999 670.5599999999999 -6.096
670.5599999999999 670.5599999999999 -12.192
670.5599999999999 670.5599999999999 -18.288
670.5599999999999 670.5599999999999 -24.384
670.5599999999999 670.5599999999999 -30.48
670.5599999999999 670.5599999999999 -36.576
670.5599999999999 670.5599999999999 -42.672
670.5599999999999 670.5599999999999 -48.768
670.5599999999999 670.5599999999999 -54.864
2 1 0 16
305
306
307
308
309
310
311
312
313
314
315
316
317
318
319
320
60.95999999987762 60.95999999987762 0
60.95999999987762 121.9199999997079 0
60.95999999987762 182.8799999997322 0
60.95999999987763 243.8399999998878 0
121.9199999997078 60.95999999987763 0
121.9199999997078 121.9199999997078 0
121.9199999997079 182.8799999997322 0
121.9199999997078 243.8399999998878 0
182.8799999997322 60.95999999987764 0
182.8799999997323 121.9199999997079 0
182.8799999997322 182.8799999997322 0
182.8799999997322 243.8399999998878 0
243.8399999998877 60.95999999987762 0
243.8399999998877 121.9199999997078 0
243.8399999998878 182.8799999997322 0
243.8399999998877 243.8399999998877 0
2 3 0 16
321
322
323
324
325
326
327
328
329
330
331
332
333
334
335
336
426.7199999998379 60.95999999987763 0
426.719999999838 121.9199999997079 0
426.7199999998379 182.8799999997322 0
426.719999999838 243.8399999998878 0
487.6799999996668 60.95999999987763 0
487.679999999667 121.9199999997078 0
487.679999999667 182.8799999997322 0
487.679999999667 243.8399999998877 0
548.6399999997202 60.95999999987762 0
548.6399999997202 121.9199999997078 0
548.6399999997202 182.8799999997322 0
548.6399999997202 243.8399999998877 0
609.5999999998178 60.95999999987762 0
609.5999999998178 121.9199999997078 0
609.5999999998179 182.8799999997322 0
609.5999999998179 243.8399999998877 0
2 7 0 16
337
338
339
340
341
342
343
344
345
346
347
348
349
350
351
352
60.95999999987765 426.7199999998379 0
60.95999999987763 487.679999999667 0
60.95999999987762 548.6399999997202 0
60.95999999987762 609.5999999998179 0
121.9199999997079 426.7199999998379 0
121.9199999997078 487.679999999667 0
121.9199999997078 548.6399999997202 0
121.9199999997078 609.599999999818 0
182.8799999997322 426.719999999838 0
182.8799999997322 487.679999999667 0
182.8799999997322 548.6399999997202 0
182.8799999997322 609.5999999998179 0
243.8399999998877 426.7199999998378 0
243.8399999998877 487.679999999667 0
243.8399999998877 548.6399999997202 0
243.8399999998877 609.5999999998179 0
2 9 0 16
353
354
355
356
357
358
359
360
361
362
363
364
365
366
367
368
426.7199999998379 426.7199999998379 0
426.719999999838 487.679999999667 0
426.719999999838 548.6399999997202 0
426.719999999838 609.5999999998179 0
487.679999999667 426.7199999998378 0
487.679999999667 487.679999999667 0
487.679999999667 548.6399999997202 0
487.679999999667 609.5999999998179 0
548.6399999997202 426.719999999838 0
548.6399999997202 487.679999999667 0
548.6399999997202 548.6399999997202 0
548.6399999997202 609.5999999998179 0
609.5999999998179 426.719999999838 0
609.599999999818 487.679999999667 0
609.5999999998179 548.6399999997202 0
609.5999999998178 609.5999999998178 0
2 220 0 36
369
370
371
372
373
374
375
376
377
378
379
380
381
382
383
384
385
386
387
388
389
390
391
392
393
394
395
396
397
398
399
400
401
402
403
404
60.95999999987763 0 -6.096
60.95999999987763 0 -12.192
60.95999999987763 0 -18.288
60.95999999987763 0 -24.384
60.95999999987763 0 -30.48
60.95999999987763 0 -36.576
60.95999999987763 0 -42.672
60.95999999987763 0 -48.768
60.95999999987763 0 -54.864
121.9199999997078 0 -6.096
121.9199999997078 0 -12.192
121.9199999997078 0 -18.288
121.9199999997078 0 -24.384
121.9199999997078 0 -30.48
121.9199999997078 0 -36.576
121.9199999997078 0 -42.672
121.9199999997078 0 -48.768
121.9199999997078 0 -54.864
182.8799999997322 0 -6.096
182.8799999997322 0 -12.192
182.8799999997322 0 -18.288
182.8799999997322 0 -24.384
182.8799999997322 0 -30.48
182.8799999997322 0 -36.576
182.8799999997322 0 -42.672
182.8799999997322 0 -48.768
182.8799999997322 0 -54.864
243.8399999998877 0 -6.096
243.8399999998877 0 -12.192
243.8399999998877 0 -18.288
243.8399999998877 0 -24.384
243.8399999998877 0 -30.48
243.8399999998877 0 -36.576
243.8399999998877 0 -42.672
243.8399999998877 0 -48.768
243.8399999998877 0 -54.864
2 224 0 36
405
406
407
408
409
410
411
412
413
414
415
416
417
418
419
420
421
422
423
424
425
426
427
428
429
430
431
432
433
434
435
436
437
438
439
440
304.8 60.95999999987763 -6.096
304.8 60.95999999987763 -12.192
304.8 60.95999999987763 -18.288
304.8 60.95999999987763 -24.384
304.8 60.95999999987763 -30.48
304.8 60.95999999987763 -36.576
304.8 60.95999999987763 -42.672
304.8 60.95999999987763 -48.768
304.8 60.95999999987763 -54.864
304.8 121.9199999997078 -6.096
304.8 121.9199999997078 -12.192
304.8 121.9199999997078 -18.288
304.8 121.9199999997078 -24.384
304.8 121.9199999997078 -30.48
304.8 121.9199999997078 -36.576
304.8 121.9199999997078 -42.672
304.8 121.9199999997078 -48.768
304.8 121.9199999997078 -54.864
304.8 182.8799999997322 -6.096
304.8 182.8799999997322 -12.192
304.8 182.8799999997322 -18.288
304.8 182.8799999997322 -24.384
304.8 182.8799999997322 -30.48
304.8 182.8799999997322 -36.576
304.8 182.8799999997322 -42.672
304.8 182.8799999997322 -48.768
304.8 182.8799999997322 -54.864
304.8 243.8399999998877 -6.096
304.8 243.8399999998877 -12.192
304.8 243.8399999998877 -18.288
304.8 243.8399999998877 -24.384
304.8 243.8399999998877 -30.48
304.8 243.8399999998877 -36.576
304.8 243.8399999998877 -42.672
304.8 243.8399999998877 -48.768
304.8 243.8399999998877 -54.864
2 228 0 36
441
442
443
444
445
446
447
448
449
450
451
452
453
454
455
456
457
458
459
460
461
462
463
464
465
466
467
468
469
470
471
472
473
474
475
476
60.95999999987763 304.8 -6.096
60.95999999987763 304.8 -12.192
60.95999999987763 304.8 -18.288
60.95999999987763 304.8 -24.384
60.95999999987763 304.8 -30.48
60.95999999987763 304.8 -36.576
60.95999999987763 304.8 -42.672
60.95999999987763 304.8 -48.768
60.95999999987763 304.8 -54.864
121.9199999997078 304.8 -6.096
121.9199999997078 304.8 -12.192
121.9199999997078 304.8 -18.288
121.9199999997078 304.8 -24.384
121.9199999997078 304.8 -30.48
121.9199999997078 304.8 -36.576
121.9199999997078 304.8 -42.672
121.9199999997078 304.8 -48.768
121.9199999997078 304.8 -54.864
182.8799999997322 304.8 -6.096
182.8799999997322 304.8 -12.192
182.8799999997322 304.8 -18.288
182.8799999997322 304.8 -24.384
182.8799999997322 304.8 -30.48
182.8799999997322 304.8 -36.576
182.8799999997322 304.8 -42.672
182.8799999997322 304.8 -48.768
182.8799999997322 304.8 -54.864
243.8399999998877 304.8 -6.096
243.8399999998877 304.8 -12.192
243.8399999998877 304.8 -18.288
243.8399999998877 304.8 -24.384
243.8399999998877 304.8 -30.48
243.8399999998877 304.8 -36.576
243.8399999998877 304.8 -42.672
243.8399999998877 304.8 -48.768
243.8399999998877 304.8 -54.864
2 232 0 36
477
478
479
480
481
482
483
484
485
486
487
488
489
490
491
492
493
494
495
496
497
498
499
500
501
502
503
504
505
506
507
508
509
510
511
512
0 60.95999999987763 -6.096
0 60.95999999987763 -12.192
0 60.95999999987763 -18.288
0 60.95999999987763 -24.384
0 60.95999999987763 -30.48
0 60.95999999987763 -36.576
0 60.95999999987763 -42.672
0 60.95999999987763 -48.768
0 60.95999999987763 -54.864
0 121.9199999997078 -6.096
0 121.9199999997078 -12.192
0 121.9199999997078 -18.288
0 121.9199999997078 -24.384
0 121.9199999997078 -30.48
0 121.9199999997078 -36.576
0 121.9199999997078 -42.672
0 121.9199999997078 -48.768
0 121.9199999997078 -54.864
0 182.8799999997322 -6.096
0 182.8799999997322 -12.192
0 182.8799999997322 -18.288
0 182.8799999997322 -24.384
0 182.8799999997322 -30.48
0 182.8799999997322 -36.576
0 182.8799999997322 -42.672
0 182.8799999997322 -48.768
0 182.8799999997322 -54.864
0 243.8399999998877 -6.096
0 243.8399999998877 -12.192
0 243.8399999998877 -18.288
0 243.8399999998877 -24.384
0 243.8399999998877 -30.48
0 243.8399999998877 -36.576
0 243.8399999998877 -42.672
0 243.8399999998877 -48.768
0 243.8399999998877 -54.864
2 233 0 16
513
514
515
516
517
518
519
520
521
522
523
524
525
526
527
528
60.95999999987762 60.95999999987762 -60.96
60.95999999987762 121.9199999997079 -60.96
60.95999999987762 182.8799999997322 -60.96
60.95999999987763 243.8399999998878 -60.96
121.9199999997078 60.95999999987763 -60.96
121.9199999997078 121.9199999997078 -60.96
121.9199999997079 182.8799999997322 -60.96
121.9199999997078 243.8399999998878 -60.96
182.8799999997322 60.95999999987764 -60.96
182.8799999997323 121.9199999997079 -60.96
182.8799999997322 182.8799999997322 -60.96
182.8799999997322 243.8399999998878 -60.96
243.8399999998877 60.95999999987762 -60.96
243.8399999998877 121.9199999997078 -60.96
243.8399999998878 182.8799999997322 -60.96
243.8399999998877 243.8399999998877 -60.96
2 246 0 36
529
530
531
532
533
534
535
536
537
538
539
540
541
542
543
544
545
546
547
548
549
550
551
552
553
554
555
556
557
558
559
560
561
562
563
564
365.76 60.95999999987763 -6.096
365.76 60.95999999987763 -12.192
365.76 60.95999999987763 -18.288
365.76 60.95999999987763 -24.384
365.76 60.95999999987763 -30.48
365.76 60.95999999987763 -36.576
365.76 60.95999999987763 -42.672
365.76 60.95999999987763 -48.768
365.76 60.95999999987763 -54.864
365.76 121.9199999997078 -6.096
365.76 121.9199999997078 -12.192
365.76 121.9199999997078 -18.288
365.76 121.9199999997078 -24.384
365.76 121.9199999997078 -30.48
365.76 121.9199999997078 -36.576
365.76 121.9199999997078 -42.672
365.76 121.9199999997078 -48.768
365.76 121.9199999997078 -54.864
365.76 182.8799999997322 -6.096
365.76 182.8799999997322 -12.192
365.76 182.8799999997322 -18.288
365.76 182.8799999997322 -24.384
365.76 182.8799999997322 -30.48
365.76 182.8799999997322 -36.576
365.76 182.8799999997322 -42.672
365.76 182.8799999997322 -48.768
365.76 182.8799999997322 -54.864
365.76 243.8399999998877 -6.096
365.76 243.8399999998877 -12.192
365.76 243.8399999998877 -18.288
365.76 243.8399999998877 -24.384
365.76 243.8399999998877 -30.48
365.76 243.8399999998877 -36.576
365.76 243.8399999998877 -42.672
365.76 243.8399999998877 -48.768
365.76 243.8399999998877 -54.864
2 264 0 36
565
566
567
568
569
570
571
572
573
574
575
576
577
578
579
580
581
582
583
584
585
586
587
588
589
590
591
592
593
594
595
596
597
598
599
600
426.7199999998379 0 -6.096
426.7199999998379 0 -12.192
426.7199999998379 0 -18.288
426.7199999998379 0 -24.384
426.7199999998379 0 -30.48
426.7199999998379 0 -36.576
426.7199999998379 0 -42.672
426.7199999998379 0 -48.768
426.7199999998379 0 -54.864
487.679999999667 0 -6.096
487.679999999667 0 -12.192
487.679999999667 0 -18.288
487.679999999667 0 -24.384
487.679999999667 0 -30.48
487.679999999667 0 -36.576
487.679999999667 0 -42.672
487.679999999667 0 -48.768
487.679999999667 0 -54.864
548.6399999997202 0 -6.096
548.6399999997202 0 -12.192
548.6399999997202 0 -18.288
548.6399999997202 0 -24.384
548.6399999997202 0 -30.48
548.6399999997202 0 -36.576
548.6399999997202 0 -42.672
548.6399999997202 0 -48.768
548.6399999997202 0 -54.864
609.5999999998179 0 -6.096
609.5999999998179 0 -12.192
609.5999999998179 0 -18.288
609.5999999998179 0 -24.384
609.5999999998179 0 -30.48
609.5999999998179 0 -36.576
609.5999999998179 0 -42.672
609.5999999998179 0 -48.768
609.5999999998179 0 -54.864
2 268 0 36
601
602
603
604
605
606
607
608
609
610
611
612
613
614
615
616
617
618
619
620
621
622
623
624
625
626
627
628
629
630
631
632
633
634
635
636
670.5599999999999 60.95999999987763 -6.096
670.5599999999999 60.95999999987763 -12.192
670.5599999999999 60.95999999987763 -18.288
670.5599999999999 60.95999999987763 -24.384
670.5599999999999 60.95999999987763 -30.48
670.5599999999999 60.95999999987763 -36.576
670.5599999999999 60.95999999987763 -42.672
670.5599999999999 60.95999999987763 -48.768
670.5599999999999 60.95999999987763 -54.864
670.5599999999999 121.9199999997078 -6.096
670.5599999999999 121.9199999997078 -12.192
670.5599999999999 121.9199999997078 -18.288
670.5599999999999 121.9199999997078 -24.384
670.5599999999999 121.9199999997078 -30.48
670.5599999999999 121.9199999997078 -36.576
670.5599999999999 121.9199999997078 -42.672
670.5599999999999 121.9199999997078 -48.768
670.5599999999999 121.9199999997078 -54.864
670.5599999999999 182.8799999997322 -6.096
670.5599999999999 182.8799999997322 -12.192
670.5599999999999 182.8799999997322 -18.288
670.5599999999999 182.8799999997322 -24.384
670.5599999999999 182.8799999997322 -30.48
670.5599999999999 182.8799999997322 -36.576
670.5599999999999 182.8799999997322 -42.672
670.5599999999999 182.8799999997322 -48.768
670.5599999999999 182.8799999997322 -54.864
670.5599999999999 243.8399999998877 -6.096
670.5599999999999 243.8399999998877 -12.192
670.5599999999999 243.8399999998877 -18.288
670.5599999999999 243.8399999998877 -24.384
670.5599999999999 243.8399999998877 -30.48
670.5599999999999 243.8399999998877 -36.576
670.5599999999999 243.8399999998877 -42.672
670.5599999999999 243.8399999998877 -48.768
670.5599999999999 243.8399999998877 -54.864
2 272 0 36
637
638
639
640
641
642
643
644
645
646
647
648
649
650
651
652
653
654
655
656
657
658
659
660
661
662
663
664
665
666
667
668
669
670
671
672
426.7199999998379 304.8 -6.096
426.7199999998379 304.8 -12.192
426.7199999998379 304.8 -18.288
426.7199999998379 304.8 -24.384
426.7199999998379 304.8 -30.48
426.7199999998379 304.8 -36.576
426.7199999998379 304.8 -42.672
426.7199999998379 304.8 -48.768
426.7199999998379 304.8 -54.864
487.679999999667 304.8 -6.096
487.679999999667 304.8 -12.192
487.679999999667 304.8 -18.288
487.679999999667 304.8 -24.384
487.679999999667 304.8 -30.48
487.679999999667 304.8 -36.576
487.679999999667 304.8 -42.672
487.679999999667 304.8 -48.768
487.679999999667 304.8 -54.864
548.6399999997202 304.8 -6.096
548.6399999997202 304.8 -12.192
548.6399999997202 304.8 -18.288
548.6399999997202 304.8 -24.384
548.6399999997202 304.8 -30.48
548.6399999997202 304.8 -36.576
548.6399999997202 304.8 -42.672
548.6399999997202 304.8 -48.768
548.6399999997202 304.8 -54.864
609.5999999998179 304.8 -6.096
609.5999999998179 304.8 -12.192
609.5999999998179 304.8 -18.288
609.5999999998179 304.8 -24.384
609.5999999998179 304.8 -30.48
609.5999999998179 304.8 -36.576
609.5999999998179 304.8 -42.672
609.5999999998179 304.8 -48.768
609.5999999998179 304.8 -54.864
2 277 0 16
673
674
675
676
677
678
679
680
681
682
683
684
685
686
687
688
426.7199999998379 60.95999999987763 -60.96
426.719999999838 121.9199999997079 -60.96
426.7199999998379 182.8799999997322 -60.96
426.719999999838 243.8399999998878 -60.96
487.6799999996668 60.95999999987763 -60.96
487.679999999667 121.9199999997078 -60.96
487.679999999667 182.8799999997322 -60.96
487.679999999667 243.8399999998877 -60.96
548.6399999997202 60.95999999987762 -60.96
548.6399999997202 121.9199999997078 -60.96
548.6399999997202 182.8799999997322 -60.96
548.6399999997202 243.8399999998877 -60.96
609.5999999998178 60.95999999987762 -60.96
609.5999999998178 121.9199999997078 -60.96
609.5999999998179 182.8799999997322 -60.96
609.5999999998179 243.8399999998877 -60.96
2 294 0 36
689
690
691
692
693
694
695
696
697
698
699
700
701
702
703
704
705
706
707
708
709
710
711
712
713
714
715
716
717
718
719
720
721
722
723
724
60.95999999987763 365.76 -6.096
60.95999999987763 365.76 -12.192
60.95999999987763 365.76 -18.288
60.95999999987763 365.76 -24.384
60.95999999987763 365.76 -30.48
60.95999999987763 365.76 -36.576
60.95999999987763 365.76 -42.672
60.95999999987763 365.76 -48.768
60.95999999987763 365.76 -54.864
121.9199999997078 365.76 -6.096
121.9199999997078 365.76 -12.192
121.9199999997078 365.76 -18.288
121.9199999997078 365.76 -24.384
121.9199999997078 365.76 -30.48
121.9199999997078 365.76 -36.576
121.9199999997078 365.76 -42.672
121.9199999997078 365.76 -48.768
121.9199999997078 365.76 -54.864
182.8799999997322 365.76 -6.096
182.8799999997322 365.76 -12.192
182.8799999997322 365.76 -18.288
182.8799999997322 365.76 -24.384
182.8799999997322 365.76 -30.48
182.8799999997322 365.76 -36.576
182.8799999997322 365.76 -42.672
182.8799999997322 365.76 -48.768
182.8799999997322 365.76 -54.864
243.8399999998877 365.76 -6.096
243.8399999998877 365.76 -12.192
243.8399999998877 365.76 -18.288
243.8399999998877 365.76 -24.384
243.8399999998877 365.76 -30.48
243.8399999998877 365.76 -36.576
243.8399999998877 365.76 -42.672
243.8399999998877 365.76 -48.768
243.8399999998877 365.76 -54.864
2 338 0 36
725
726
727
728
729
730
731
732
733
734
735
736
737
738
739
740
741
742
743
744
745
746
747
748
749
750
751
752
753
754
755
756
757
758
759
760
426.7199999998379 365.76 -6.096
426.7199999998379 365.76 -12.192
426.7199999998379 365.76 -18.288
426.7199999998379 365.76 -24.384
426.7199999998379 365.76 -30.48
426.7199999998379 365.76 -36.576
426.7199999998379 365.76 -42.672
426.7199999998379 365.76 -48.768
426.7199999998379 365.76 -54.864
487.679999999667 365.76 -6.096
487.679999999667 365.76 -12.192
487.679999999667 365.76 -18.288
487.679999999667 365.76 -24.384
487.679999999667 365.76 -30.48
487.679999999667 365.76 -36.576
487.679999999667 365.76 -42.672
487.679999999667 365.76 -48.768
487.679999999667 365.76 -54.864
548.6399999997202 365.76 -6.096
548.6399999997202 365.76 -12.192
548.6399999997202 365.76 -18.288
548.6399999997202 365.76 -24.384
548.6399999997202 365.76 -30.48
548.6399999997202 365.76 -36.576
548.6399999997202 365.76 -42.672
548.6399999997202 365.76 -48.768
548.6399999997202 365.76 -54.864
609.5999999998179 365.76 -6.096
609.5999999998179 365.76 -12.192
609.5999999998179 365.76 -18.288
609.5999999998179 365.76 -24.384
609.5999999998179 365.76 -30.48
609.5999999998179 365.76 -36.576
609.5999999998179 365.76 -42.672
609.5999999998179 365.76 -48.768
609.5999999998179 365.76 -54.864
2 356 0 36
761
762
763
764
765
766
767
768
769
770
771
772
773
774
775
776
777
778
779
780
781
782
783
784
785
786
787
788
789
790
791
792
793
794
795
796
304.8 426.7199999998379 -6.096
304.8 426.7199999998379 -12.192
304.8 426.7199999998379 -18.288
304.8 426.7199999998379 -24.384
304.8 426.7199999998379 -30.48
304.8 426.7199999998379 -36.576
304.8 426.7199999998379 -42.672
304.8 426.7199999998379 -48.768
304.8 426.7199999998379 -54.864
304.8 487.679999999667 -6.096
304.8 487.679999999667 -12.192
304.8 487.679999999667 -18.288
304.8 487.679999999667 -24.384
304.8 487.679999999667 -30.48
304.8 487.679999999667 -36.576
304.8 487.679999999667 -42.672
304.8 487.679999999667 -48.768
304.8 487.679999999667 -54.864
304.8 548.6399999997202 -6.096
304.8 548.6399999997202 -12.192
304.8 548.6399999997202 -18.288
304.8 548.6399999997202 -24.384
304.8 548.6399999997202 -30.48
304.8 548.6399999997202 -36.576
304.8 548.6399999997202 -42.672
304.8 548.6399999997202 -48.768
304.8 548.6399999997202 -54.864
304.8 609.5999999998179 -6.096
304.8 609.5999999998179 -12.192
304.8 609.5999999998179 -18.288
304.8 609.5999999998179 -24.384
304.8 609.5999999998179 -30.48
304.8 609.5999999998179 -36.576
304.8 609.5999999998179 -42.672
304.8 609.5999999998179 -48.768
304.8 609.5999999998179 -54.864
2 360 0 36
797
798
799
800
801
802
803
804
805
806
807
808
809
810
811
812
813
814
815
816
817
818
819
820
821
822
823
824
825
826
827
828
829
830
831
832
60.95999999987763 670.5599999999999 -6.096
60.95999999987763 670.5599999999999 -12.192
60.95999999987763 670.5599999999999 -18.288
60.95999999987763 670.5599999999999 -24.384
60.95999999987763 670.5599999999999 -30.48
60.95999999987763 670.5599999999999 -36.576
60.95999999987763 670.5599999999999 -42.672
60.95999999987763 670.5599999999999 -48.768
60.95999999987763 670.5599999999999 -54.864
121.9199999997078 670.5599999999999 -6.096
121.9199999997078 670.5599999999999 -12.192
121.9199999997078 670.5599999999999 -18.288
121.9199999997078 670.5599999999999 -24.384
121.9199999997078 670.5599999999999 -30.48
121.9199999997078 670.5599999999999 -36.576
121.9199999997078 670.5599999999999 -42.672
121.9199999997078 670.5599999999999 -48.768
121.9199999997078 670.5599999999999 -54.864
182.8799999997322 670.5599999999999 -6.096
182.8799999997322 670.5599999999999 -12.192
182.8799999997322 670.5599999999999 -18.288
182.8799999997322 670.5599999999999 -24.384
182.8799999997322 670.5599999999999 -30.48
182.8799999997322 670.5599999999999 -36.576
182.8799999997322 670.5599999999999 -42.672
182.8799999997322 670.5599999999999 -48.768
182.8799999997322 670.5599999999999 -54.864
243.8399999998877 670.5599999999999 -6.096
243.8399999998877 670.5599999999999 -12.192
243.8399999998877 670.5599999999999 -18.288
243.8399999998877 670.5599999999999 -24.384
243.8399999998877 670.5599999999999 -30.48
243.8399999998877 670.5599999999999 -36.576
243.8399999998877 670.5599999999999 -42.672
243.8399999998877 670.5599999999999 -48.768
243.8399999998877 670.5599999999999 -54.864
2 364 0 36
833
834
835
836
837
838
839
840
841
842
843
844
845
846
847
848
849
850
851
852
853
854
855
856
857
858
859
860
861
862
863
864
865
866
867
868
0 426.7199999998379 -6.096
0 426.7199999998379 -12.192
0 426.7199999998379 -18.288
0 426.7199999998379 -24.384
0 426.7199999998379 -30.48
0 426.7199999998379 -36.576
0 426.7199999998379 -42.672
0 426.7199999998379 -48.768
0 426.7199999998379 -54.864
0 487.679999999667 -6.096
0 487.679999999667 -12.192
0 487.679999999667 -18.288
0 487.679999999667 -24.384
0 487.679999999667 -30.48
0 487.679999999667 -36.576
0 487.679999999667 -42.672
0 487.679999999667 -48.768
0 487.679999999667 -54.864
0 548.6399999997202 -6.096
0 548.6399999997202 -12.192
0 548.6399999997202 -18.288
0 548.6399999997202 -24.384
0 548.6399999997202 -30.48
0 548.6399999997202 -36.576
0 548.6399999997202 -42.672
0 548.6399999997202 -48.768
0 548.6399999997202 -54.864
0 609.5999999998179 -6.096
0 609.5999999998179 -12.192
0 609.5999999998179 -18.288
0 609.5999999998179 -24.384
0 609.5999999998179 -30.48
0 609.5999999998179 -36.576
0 609.5999999998179 -42.672
0 609.5999999998179 -48.768
0 609.5999999998179 -54.864
2 365 0 16
869
870
871
872
873
874
875
876
877
878
879
880
881
882
883
884
60.95999999987765 426.7199999998379 -60.96
60.95999999987763 487.679999999667 -60.96
60.95999999987762 548.6399999997202 -60.96
60.95999999987762 609.5999999998179 -60.96
121.9199999997079 426.7199999998379 -60.96
121.9199999997078 487.679999999667 -60.96
121.9199999997078 548.6399999997202 -60.96
121.9199999997078 609.599999999818 -60.96
182.8799999997322 426.719999999838 -60.96
182.8799999997322 487.679999999667 -60.96
182.8799999997322 548.6399999997202 -60.96
182.8799999997322 609.5999999998179 -60.96
243.8399999998877 426.7199999998378 -60.96
243.8399999998877 487.679999999667 -60.96
243.8399999998877 548.6399999997202 -60.96
243.8399999998877 609.5999999998179 -60.96
2 378 0 36
885
886
887
888
889
890
891
892
893
894
895
896
897
898
899
900
901
902
903
904
905
906
907
908
909
910
911
912
913
914
915
916
917
918
919
920
365.76 426.7199999998379 -6.096
365.76 426.7199999998379 -12.192
365.76 426.7199999998379 -18.288
365.76 426.7199999998379 -24.384
365.76 426.7199999998379 -30.48
365.76 426.7199999998379 -36.576
365.76 426.7199999998379 -42.672
365.76 426.7199999998379 -48.768
365.76 426.7199999998379 -54.864
365.76 487.679999999667 -6.096
365.76 487.679999999667 -12.192
365.76 487.679999999667 -18.288
365.76 487.679999999667 -24.384
365.76 487.679999999667 -30.48
365.76 487.679999999667 -36.576
365.76 487.679999999667 -42.672
365.76 487.679999999667 -48.768
365.76 487.679999999667 -54.864
365.76 548.6399999997202 -6.096
365.76 548.6399999997202 -12.192
365.76 548.6399999997202 -18.288
365.76 548.6399999997202 -24.384
365.76 548.6399999997202 -30.48
365.76 548.6399999997202 -36.576
365.76 548.6399999997202 -42.672
365.76 548.6399999997202 -48.768
365.76 548.6399999997202 -54.864
365.76 609.5999999998179 -6.096
365.76 609.5999999998179 -12.192
365.76 609.5999999998179 -18.288
365.76 609.5999999998179 -24.384
365.76 609.5999999998179 -30.48
365.76 609.5999999998179 -36.576
365.76 609.5999999998179 -42.672
365.76 609.5999999998179 -48.768
365.76 609.5999999998179 -54.864
2 400 0 36
921
922
923
924
925
926
927
928
929
930
931
932
933
934
935
936
937
938
939
940
941
942
943
944
945
946
947
948
949
950
951
952
953
954
955
956
670.5599999999999 426.7199999998379 -6.096
670.5599999999999 426.7199999998379 -12.192
670.5599999999999 426.7199999998379 -18.288
670.5599999999999 426.7199999998379 -24.384
670.5599999999999 426.7199999998379 -30.48
670.5599999999999 426.7199999998379 -36.576
670.5599999999999 426.7199999998379 -42.672
670.5599999999999 426.7199999998379 -48.768
670.5599999999999 426.7199999998379 -54.864
670.5599999999999 487.679999999667 -6.096
670.5599999999999 487.679999999667 -12.192
670.5599999999999 487.679999999667 -18.288
670.5599999999999 487.679999999667 -24.384
670.5599999999999 487.679999999667 -30.48
670.5599999999999 487.679999999667 -36.576
670.5599999999999 487.679999999667 -42.672
670.5599999999999 487.679999999667 -48.768
670.5599999999999 487.679999999667 -54.864
670.5599999999999 548.6399999997202 -6.096
670.5599999999999 548.6399999997202 -12.192
670.5599999999999 548.6399999997202 -18.288
670.5599999999999 548.6399999997202 -24.384
670.5599999999999 548.6399999997202 -30.48
670.5599999999999 548.6399999997202 -36.576
670.5599999999999 548.6399999997202 -42.672
670.5599999999999 548.6399999997202 -48.768
670.5599999999999 548.6399999997202 -54.864
670.5599999999999 609.5999999998179 -6.096
670.5599999999999 609.5999999998179 -12.192
670.5599999999999 609.5999999998179 -18.288
670.5599999999999 609.5999999998179 -24.384
670.5599999999999 609.5999999998179 -30.48
670.5599999999999 609.5999999998179 -36.576
670.5599999999999 609.5999999998179 -42.672
670.5599999999999 609.5999999998179 -48.768
670.5599999999999 609.5999999998179 -54.864
2 404 0 36
957
958
959
960
961
962
963
964
965
966
967
968
969
970
971
972
973
974
975
976
977
978
979
980
981
982
983
984
985
986
987
988
989
990
991
992
426.7199999998379 670.5599999999999 -6.096
426.7199999998379 670.5599999999999 -12.192
426.7199999998379 670.5599999999999 -18.288
426.7199999998379 670.5599999999999 -24.384
426.7199999998379 670.5599999999999 -30.48
426.7199999998379 670.5599999999999 -36.576
426.7199999998379 670.5599999999999 -42.672
426.7199999998379 670.5599999999999 -48.768
426.7199999998379 670.5599999999999 -54.864
487.679999999667 670.5599999999999 -6.096
487.679999999667 670.5599999999999 -12.192
487.679999999667 670.5599999999999 -18.288
487.679999999667 670.5599999999999 -24.384
487.679999999667 670.5599999999999 -30.48
487.679999999667 670.5599999999999 -36.576
487.679999999667 670.5599999999999 -42.672
487.679999999667 670.5599999999999 -48.768
487.679999999667 670.5599999999999 -54.864
548.6399999997202 670.5599999999999 -6.096
548.6399999997202 670.5599999999999 -12.192
548.6399999997202 670.5599999999999 -18.288
548.6399999997202 670.5599999999999 -24.384
548.6399999997202 670.5599999999999 -30.48
548.6399999997202 670.5599999999999 -36.576
548.6399999997202 670.5599999999999 -42.672
548.6399999997202 670.5599999999999 -48.768
548.6399999997202 670.5599999999999 -54.864
609.5999999998179 670.5599999999999 -6.096
609.5999999998179 670.5599999999999 -12.192
609.5999999998179 670.5599999999999 -18.288
609.5999999998179 670.5599999999999 -24.384
609.5999999998179 670.5599999999999 -30.48
609.5999999998179 670.5599999999999 -36.576
609.5999999998179 670.5599999999999 -42.672
609.5999999998179 670.5599999999999 -48.768
609.5999999998179 670.5599999999999 -54.864
2 409 0 16
993
994
995
996
997
998
999
1000
1001
1002
1003
1004
1005
1006
1007
1008
426.7199999998379 426.7199999998379 -60.96
426.719999999838 487.679999999667 -60.96
426.719999999838 548.6399999997202 -60.96
426.719999999838 609.5999999998179 -60.96
487.679999999667 426.7199999998378 -60.96
487.679999999667 487.679999999667 -60.96
487.679999999667 548.6399999997202 -60.96
487.679999999667 609.5999999998179 -60.96
548.6399999997202 426.719999999838 -60.96
548.6399999997202 487.679999999667 -60.96
548.6399999997202 548.6399999997202 -60.96
548.6399999997202 609.5999999998179 -60.96
609.5999999998179 426.719999999838 -60.96
609.599999999818 487.679999999667 -60.96
609.5999999998179 548.6399999997202 -60.96
609.5999999998178 609.5999999998178 -60.96
3 1 0 144
1009
1010
1011
1012
1013
1014
1015
1016
1017
1018
1019
1020
1021
1022
1023
1024
1025
1026
1027
1028
1029
1030
1031
1032
1033
1034
1035
1036
1037
1038
1039
1040
1041
1042
1043
1044
1045
1046
1047
1048
1049
1050
1051
1052
1053
1054
1055
1056
1057
1058
1059
1060
1061
1062
1063
1064
1065
1066
1067
1068
1069
1070
1071
1072
1073
1074
1075
1076
1077
1078
1079
1080
1081
1082
1083
1084
1085
1086
1087
1088
1089
1090
1091
1092
1093
1094
1095
1096
1097
1098
1099
1100
1101
1102
1103
1104
1105
1106
1107
1108
1109
1110
1111
1112
1113
1114
1115
1116
1117
1118
1119
1120
1121
1122
1123
1124
1125
1126
1127
1128
1129
1130
1131
1132
1133
1134
1135
1136
1137
1138
1139
1140
1141
1142
1143
1144
1145
1146
1147
1148
1149
1150
1151
1152
60.95999999987762 60.95999999987762 -6.096
60.95999999987762 60.95999999987762 -12.192
60.95999999987762 60.95999999987762 -18.288
60.95999999987762 60.95999999987762 -24.384
60.95999999987762 60.95999999987762 -30.48
60.95999999987762 60.95999999987762 -36.576
60.95999999987762 60.95999999987762 -42.672
60.95999999987762 60.95999999987762 -48.768
60.95999999987762 60.95999999987762 -54.864
60.95999999987762 121.9199999997079 -6.096
60.95999999987762 121.9199999997079 -12.192
60.95999999987762 121.9199999997079 -18.288
60.95999999987762 121.9199999997079 -24.384
60.95999999987762 121.9199999997079 -30.48
60.95999999987762 121.9199999997079 -36.576
60.95999999987762 121.9199999997079 -42.672
60.95999999987762 121.9199999997079 -48.768
60.95999999987762 121.9199999997079 -54.864
60.95999999987762 182.8799999997322 -6.096
60.95999999987762 182.8799999997322 -12.192
60.95999999987762 182.8799999997322 -18.288
60.95999999987762 182.8799999997322 -24.384
60.95999999987762 182.8799999997322 -30.48
60.95999999987762 182.8799999997322 -36.576
60.95999999987762 182.8799999997322 -42.672
60.95999999987762 182.8799999997322 -48.768
60.95999999987762 182.8799999997322 -54.864
60.95999999987763 243.8399999998878 -6.096
60.95999999987763 243.8399999998878 -12.192
60.95999999987763 243.8399999998878 -18.288
60.95999999987763 243.8399999998878 -24.384
60.95999999987763 243.8399999998878 -30.48
60.95999999987763 243.8399999998878 -36.576
60.95999999987763 243.8399999998878 -42.672
60.95999999987763 243.8399999998878 -48.768
60.95999999987763 243.8399999998878 -54.864
121.9199999997078 60.95999999987763 -6.096
121.9199999997078 60.95999999987763 -12.192
121.9199999997078 60.95999999987763 -18.288
121.9199999997078 60.95999999987763 -24.384
121.9199999997078 60.95999999987763 -30.48
121.9199999997078 60.95999999987763 -36.576
121.9199999997078 60.95999999987763 -42.672
121.9199999997078 60.95999999987763 -48.768
121.9199999997078 60.95999999987763 -54.864
121.9199999997078 121.9199999997078 -6.096
121.9199999997078 121.9199999997078 -12.192
121.9199999997078 121.9199999997078 -18.288
121.9199999997078 121.9199999997078 -24.384
121.9199999997078 121.9199999997078 -30.48
121.9199999997078 121.9199999997078 -36.576
121.9199999997078 121.9199999997078 -42.672
121.9199999997078 121.9199999997078 -48.768
121.9199999997078 121.9199999997078 -54.864
121.9199999997079 182.8799999997322 -6.096
121.9199999997079 182.8799999997322 -12.192
121.9199999997079 182.8799999997322 -18.288
121.9199999997079 182.8799999997322 -24.384
121.9199999997079 182.8799999997322 -30.48
121.9199999997079 182.8799999997322 -36.576
121.9199999997079 182.8799999997322 -42.672
121.9199999997079 182.8799999997322 -48.768
121.9199999997079 182.8799999997322 -54.864
121.9199999997078 243.8399999998878 -6.096
121.9199999997078 243.8399999998878 -12.192
121.9199999997078 243.8399999998878 -18.288
121.9199999997078 243.8399999998878 -24.384
121.9199999997078 243.8399999998878 -30.48
121.9199999997078 243.8399999998878 -36.576
121.9199999997078 243.8399999998878 -42.672
121.9199999997078 243.8399999998878 -48.768
121.9199999997078 243.8399999998878 -54.864
182.8799999997322 60.95999999987764 -6.096
182.8799999997322 60.95999999987764 -12.192
182.8799999997322 60.95999999987764 -18.288
182.8799999997322 60.95999999987764 -24.384
182.8799999997322 60.95999999987764 -30.48
182.8799999997322 60.95999999987764 -36.576
182.8799999997322 60.95999999987764 -42.672
182.8799999997322 60.95999999987764 -48.768
182.8799999997322 60.95999999987764 -54.864
182.8799999997323 121.9199999997079 -6.096
182.8799999997323 121.9199999997079 -12.192
182.8799999997323 121.9199999997079 -18.288
182.8799999997323 121.9199999997079 -24.384
182.8799999997323 121.9199999997079 -30.48
182.8799999997323 121.9199999997079 -36.576
182.8799999997323 121.9199999997079 -42.672
182.8799999997323 121.9199999997079 -48.768
182.8799999997323 121.9199999997079 -54.864
182.8799999997322 182.8799999997322 -6.096
182.8799999997322 182.8799999997322 -12.192
182.8799999997322 182.8799999997322 -18.288
182.8799999997322 182.8799999997322 -24.384
182.8799999997322 182.8799999997322 -30.48
182.8799999997322 182.8799999997322 -36.576
182.8799999997322 182.8799999997322 -42.672
182.8799999997322 182.8799999997322 -48.768
182.8799999997322 182.8799999997322 -54.864
182.8799999997322 243.8399999998878 -6.096
182.8799999997322 243.8399999998878 -12.192
182.8799999997322 243.8399999998878 -18.288
182.8799999997322 243.8399999998878 -24.384
182.8799999997322 243.8399999998878 -30.48
182.8799999997322 243.8399999998878 -36.576
182.8799999997322 243.8399999998878 -42.672
182.8799999997322 243.8399999998878 -48.768
182.8799999997322 243.8399999998878 -54.864
243.8399999998877 60.95999999987762 -6.096
243.8399999998877 60.95999999987762 -12.192
243.8399999998877 60.95999999987762 -18.288
243.8399999998877 60.95999999987762 -24.384
243.8399999998877 60.95999999987762 -30.48
243.8399999998877 60.95999999987762 -36.576
243.8399999998877 60.95999999987762 -42.672
243.8399999998877 60.95999999987762 -48.768
243.8399999998877 60.95999999987762 -54.864
243.8399999998877 121.9199999997078 -6.096
243.8399999998877 121.9199999997078 -12.192
243.8399999998877 121.9199999997078 -18.288
243.8399999998877 121.9199999997078 -24.384
243.8399999998877 121.9199999997078 -30.48
243.8399999998877 121.9199999997078 -36.576
243.8399999998877 121.9199999997078 -42.672
243.8399999998877 121.9199999997078 -48.768
243.8399999998877 121.9199999997078 -54.864
243.8399999998878 182.8799999997322 -6.096
243.8399999998878 182.8799999997322 -12.192
243.8399999998878 182.8799999997322 -18.288
243.8399999998878 182.8799999997322 -24.384
243.8399999998878 182.8799999997322 -30.48
243.8399999998878 182.8799999997322 -36.576
243.8399999998878 182.8799999997322 -42.672
243.8399999998878 182.8799999997322 -48.768
243.8399999998878 182.8799999997322 -54.864
243.8399999998877 243.8399999998877 -6.096
243.8399999998877 243.8399999998877 -12.192
243.8399999998877 243.8399999998877 -18.288
243.8399999998877 243.8399999998877 -24.384
243.8399999998877 243.8399999998877 -30.48
243.8399999998877 243.8399999998877 -36.576
243.8399999998877 243.8399999998877 -42.672
243.8399999998877 243.8399999998877 -48.768
243.8399999998877 243.8399999998877 -54.864
3 2 0 0
3 3 0 144
1153
1154
1155
1156
1157
1158
1159
1160
1161
1162
1163
1164
1165
1166
1167
1168
1169
1170
1171
1172
1173
1174
1175
1176
1177
1178
1179
1180
1181
1182
1183
1184
1185
1186
1187
1188
1189
1190
1191
1192
1193
1194
1195
1196
1197
1198
1199
1200
1201
1202
1203
1204
1205
1206
1207
1208
1209
1210
1211
1212
1213
1214
1215
1216
1217
1218
1219
1220
1221
1222
1223
1224
1225
1226
1227
1228
1229
1230
1231
1232
1233
1234
1235
1236
1237
1238
1239
1240
1241
1242
1243
1244
1245
1246
1247
1248
1249
1250
1251
1252
1253
1254
1255
1256
1257
1258
1259
1260
1261
1262
1263
1264
1265
1266
1267
1268
1269
1270
1271
1272
1273
1274
1275
1276
1277
1278
1279
1280
1281
1282
1283
1284
1285
1286
1287
1288
1289
1290
1291
1292
1293
1294
1295
1296
426.7199999998379 60.95999999987763 -6.096
426.7199999998379 60.95999999987763 -12.192
426.7199999998379 60.95999999987763 -18.288
426.7199999998379 60.95999999987763 -24.384
426.7199999998379 60.95999999987763 -30.48
426.7199999998379 60.95999999987763 -36.576
426.7199999998379 60.95999999987763 -42.672
426.7199999998379 60.95999999987763 -48.768
426.7199999998379 60.95999999987763 -54.864
426.719999999838 121.9199999997079 -6.096
426.719999999838 121.9199999997079 -12.192
426.719999999838 121.9199999997079 -18.288
426.719999999838 121.9199999997079 -24.384
426.719999999838 121.9199999997079 -30.48
426.719999999838 121.9199999997079 -36.576
426.719999999838 121.9199999997079 -42.672
426.719999999838 121.9199999997079 -48.768
426.719999999838 121.9199999997079 -54.864
426.7199999998379 182.8799999997322 -6.096
426.7199999998379 182.8799999997322 -12.192
426.7199999998379 182.8799999997322 -18.288
426.7199999998379 182.8799999997322 -24.384
426.7199999998379 182.8799999997322 -30.48
426.7199999998379 182.8799999997322 -36.576
426.7199999998379 182.8799999997322 -42.672
426.7199999998379 182.8799999997322 -48.768
426.7199999998379 182.8799999997322 -54.864
426.719999999838 243.8399999998878 -6.096
426.719999999838 243.8399999998878 -12.192
426.719999999838 243.8399999998878 -18.288
426.719999999838 243.8399999998878 -24.384
426.719999999838 243.8399999998878 -30.48
426.719999999838 243.8399999998878 -36.576
426.719999999838 243.8399999998878 -42.672
426.719999999838 243.8399999998878 -48.768
426.719999999838 243.8399999998878 -54.864
487.6799999996668 60.95999999987763 -6.096
487.6799999996668 60.95999999987763 -12.192
487.6799999996668 60.95999999987763 -18.288
487.6799999996668 60.95999999987763 -24.384
487.6799999996668 60.95999999987763 -30.48
487.6799999996668 60.95999999987763 -36.576
487.6799999996668 60.95999999987763 -42.672
487.6799999996668 60.95999999987763 -48.768
487.6799999996668 60.95999999987763 -54.864
487.679999999667 121.9199999997078 -6.096
487.679999999667 121.9199999997078 -12.192
487.679999999667 121.9199999997078 -18.288
487.679999999667 121.9199999997078 -24.384
487.679999999667 121.9199999997078 -30.48
487.679999999667 121.9199999997078 -36.576
487.679999999667 121.9199999997078 -42.672
487.679999999667 121.9199999997078 -48.768
487.679999999667 121.9199999997078 -54.864
487.679999999667 182.8799999997322 -6.096
487.679999999667 182.8799999997322 -12.192
487.679999999667 182.8799999997322 -18.288
487.679999999667 182.8799999997322 -24.384
487.679999999667 182.8799999997322 -30.48
487.679999999667 182.8799999997322 -36.576
487.679999999667 182.8799999997322 -42.672
487.679999999667 182.8799999997322 -48.768
487.679999999667 182.8799999997322 -54.864
487.679999999667 243.8399999998877 -6.096
487.679999999667 243.8399999998877 -12.192
487.679999999667 243.8399999998877 -18.288
487.679999999667 243.8399999998877 -24.384
487.679999999667 243.8399999998877 -30.48
487.679999999667 243.8399999998877 -36.576
487.679999999667 243.8399999998877 -42.672
487.679999999667 243.8399999998877 -48.768
487.679999999667 243.8399999998877 -54.864
548.6399999997202 60.95999999987762 -6.096
548.6399999997202 60.95999999987762 -12.192
548.6399999997202 60.95999999987762 -18.288
548.6399999997202 60.95999999987762 -24.384
548.6399999997202 60.95999999987762 -30.48
548.6399999997202 60.95999999987762 -36.576
548.6399999997202 60.95999999987762 -42.672
548.6399999997202 60.95999999987762 -48.768
548.6399999997202 60.95999999987762 -54.864
548.6399999997202 121.9199999997078 -6.096
548.6399999997202 121.9199999997078 -12.192
548.6399999997202 121.9199999997078 -18.288
548.6399999997202 121.9199999997078 -24.384
548.6399999997202 121.9199999997078 -30.48
548.6399999997202 121.9199999997078 -36.576
548.6399999997202 121.9199999997078 -42.672
548.6399999997202 121.9199999997078 -48.768
548.6399999997202 121.9199999997078 -54.864
548.6399999997202 182.8799999997322 -6.096
548.6399999997202 182.8799999997322 -12.192
548.6399999997202 182.8799999997322 -18.288
548.6399999997202 182.8799999997322 -24.384
548.6399999997202 182.8799999997322 -30.48
548.6399999997202 182.8799999997322 -36.576
548.6399999997202 182.8799999997322 -42.672
548.6399999997202 182.8799999997322 -48.768
548.6399999997202 182.8799999997322 -54.864
548.6399999997202 243.8399999998877 -6.096
548.6399999997202 243.8399999998877 -12.192
548.6399999997202 243.8399999998877 -18.288
548.6399999997202 243.8399999998877 -24.384
548.6399999997202 243.8399999998877 -30.48
548.6399999997202 243.8399999998877 -36.576
548.6399999997202 243.8399999998877 -42.672
548.6399999997202 243.8399999998877 -48.768
548.6399999997202 243.8399999998877 -54.864
609.5999999998178 60.95999999987762 -6.096
609.5999999998178 60.95999999987762 -12.192
609.5999999998178 60.95999999987762 -18.288
609.5999999998178 60.95999999987762 -24.384
609.5999999998178 60.95999999987762 -30.48
609.5999999998178 60.95999999987762 -36.576
609.5999999998178 60.95999999987762 -42.672
609.5999999998178 60.95999999987762 -48.768
609.5999999998178 60.95999999987762 -54.864
609.5999999998178 121.9199999997078 -6.096
609.5999999998178 121.9199999997078 -12.192
609.5999999998178 121.9199999997078 -18.288
609.5999999998178 121.9199999997078 -24.384
609.5999999998178 121.9199999997078 -30.48
609.5999999998178 121.9199999997078 -36.576
609.5999999998178 121.9199999997078 -42.672
609.5999999998178 121.9199999997078 -48.768
609.5999999998178 121.9199999997078 -54.864
609.5999999998179 182.8799999997322 -6.096
609.5999999998179 182.8799999997322 -12.192
609.5999999998179 182.8799999997322 -18.288
609.5999999998179 182.8799999997322 -24.384
609.5999999998179 182.8799999997322 -30.48
609.5999999998179 182.8799999997322 -36.576
609.5999999998179 182.8799999997322 -42.672
609.5999999998179 182.8799999997322 -48.768
609.5999999998179 182.8799999997322 -54.864
609.5999999998179 243.8399999998877 -6.096
609.5999999998179 243.8399999998877 -12.192
609.5999999998179 243.8399999998877 -18.288
609.5999999998179 243.8399999998877 -24.384
609.5999999998179 243.8399999998877 -30.48
609.5999999998179 243.8399999998877 -36.576
609.5999999998179 243.8399999998877 -42.672
609.5999999998179 243.8399999998877 -48.768
609.5999999998179 243.8399999998877 -54.864
3 4 0 0
3 5 0 0
3 6 0 0
3 7 0 144
1297
1298
1299
1300
1301
1302
1303
1304
1305
1306
1307
1308
1309
1310
1311
1312
1313
1314
1315
1316
1317
1318
1319
1320
1321
1322
1323
1324
1325
1326
1327
1328
1329
1330
1331
1332
1333
1334
1335
1336
1337
1338
1339
1340
1341
1342
1343
1344
1345
1346
1347
1348
1349
1350
1351
1352
1353
1354
1355
1356
1357
1358
1359
1360
1361
1362
1363
1364
1365
1366
1367
1368
1369
1370
1371
1372
1373
1374
1375
1376
1377
1378
1379
1380
1381
1382
1383
1384
1385
1386
1387
1388
1389
1390
1391
1392
1393
1394
1395
1396
1397
1398
1399
1400
1401
1402
1403
1404
1405
1406
1407
1408
1409
1410
1411
1412
1413
1414
1415
1416
1417
1418
1419
1420
1421
1422
1423
1424
1425
1426
1427
1428
1429
1430
1431
1432
1433
1434
1435
1436
1437
1438
1439
1440
60.95999999987765 426.7199999998379 -6.096
60.95999999987765 426.7199999998379 -12.192
60.95999999987765 426.7199999998379 -18.288
60.95999999987765 426.7199999998379 -24.384
60.95999999987765 426.7199999998379 -30.48
60.95999999987765 426.7199999998379 -36.576
60.95999999987765 426.7199999998379 -42.672
60.95999999987765 426.7199999998379 -48.768
60.95999999987765 426.7199999998379 -54.864
60.95999999987763 487.679999999667 -6.096
60.95999999987763 487.679999999667 -12.192
60.95999999987763 487.679999999667 -18.288
60.95999999987763 487.679999999667 -24.384
60.95999999987763 487.679999999667 -30.48
60.95999999987763 487.679999999667 -36.576
60.95999999987763 487.679999999667 -42.672
60.95999999987763 487.679999999667 -48.768
60.95999999987763 487.679999999667 -54.864
60.95999999987762 548.6399999997202 -6.096
60.95999999987762 548.6399999997202 -12.192
60.95999999987762 548.6399999997202 -18.288
60.95999999987762 548.6399999997202 -24.384
60.95999999987762 548.6399999997202 -30.48
60.95999999987762 548.6399999997202 -36.576
60.95999999987762 548.6399999997202 -42.672
60.95999999987762 548.6399999997202 -48.768
60.95999999987762 548.6399999997202 -54.864
60.95999999987762 609.5999999998179 -6.096
60.95999999987762 609.5999999998179 -12.192
60.95999999987762 609.5999999998179 -18.288
60.95999999987762 609.5999999998179 -24.384
60.95999999987762 609.5999999998179 -30.48
60.95999999987762 609.5999999998179 -36.576
60.95999999987762 609.5999999998179 -42.672
60.95999999987762 609.5999999998179 -48.768
60.95999999987762 609.5999999998179 -54.864
121.9199999997079 426.7199999998379 -6.096
121.9199999997079 426.7199999998379 -12.192
121.9199999997079 426.7199999998379 -18.288
121.9199999997079 426.7199999998379 -24.384
121.9199999997079 426.7199999998379 -30.48
121.9199999997079 426.7199999998379 -36.576
121.9199999997079 426.7199999998379 -42.672
121.9199999997079 426.7199999998379 -48.768
121.9199999997079 426.7199999998379 -54.864
121.9199999997078 487.679999999667 -6.096
121.9199999997078 487.679999999667 -12.192
121.9199999997078 487.679999999667 -18.288
121.9199999997078 487.679999999667 -24.384
121.9199999997078 487.679999999667 -30.48
121.9199999997078 487.679999999667 -36.576
121.9199999997078 487.679999999667 -42.672
121.9199999997078 487.679999999667 -48.768
121.9199999997078 487.679999999667 -54.864
121.9199999997078 548.6399999997202 -6.096
121.9199999997078 548.6399999997202 -12.192
121.9199999997078 548.6399999997202 -18.288
121.9199999997078 548.6399999997202 -24.384
121.9199999997078 548.6399999997202 -30.48
121.9199999997078 548.6399999997202 -36.576
121.9199999997078 548.6399999997202 -42.672
121.9199999997078 548.6399999997202 -48.768
121.9199999997078 548.6399999997202 -54.864
121.9199999997078 609.599999999818 -6.096
121.9199999997078 609.599999999818 -12.192
121.9199999997078 609.599999999818 -18.288
121.9199999997078 609.599999999818 -24.384
121.9199999997078 609.599999999818 -30.48
121.9199999997078 609.599999999818 -36.576
121.9199999997078 609.599999999818 -42.672
121.9199999997078 609.599999999818 -48.768
121.9199999997078 609.599999999818 -54.864
182.8799999997322 426.719999999838 -6.096
182.8799999997322 426.719999999838 -12.192
182.8799999997322 426.719999999838 -18.288
182.8799999997322 426.719999999838 -24.384
182.8799999997322 426.719999999838 -30.48
182.8799999997322 426.719999999838 -36.576
182.8799999997322 426.719999999838 -42.672
182.8799999997322 426.719999999838 -48.768
182.8799999997322 426.719999999838 -54.864
182.8799999997322 487.679999999667 -6.096
182.8799999997322 487.679999999667 -12.192
182.8799999997322 487.679999999667 -18.288
182.8799999997322 487.679999999667 -24.384
182.8799999997322 487.679999999667 -30.48
182.8799999997322 487.679999999667 -36.576
182.8799999997322 487.679999999667 -42.672
182.8799999997322 487.679999999667 -48.768
182.8799999997322 487.679999999667 -54.864
182.8799999997322 548.6399999997202 -6.096
182.8799999997322 548.6399999997202 -12.192
182.8799999997322 548.6399999997202 -18.288
182.8799999997322 548.6399999997202 -24.384
182.8799999997322 548.6399999997202 -30.48
182.8799999997322 548.6399999997202 -36.576
182.8799999997322 548.6399999997202 -42.672
182.8799999997322 548.6399999997202 -48.768
182.8799999997322 548.6399999997202 -54.864
182.8799999997322 609.5999999998179 -6.096
182.8799999997322 609.5999999998179 -12.192
182.8799999997322 609.5999999998179 -18.288
182.8799999997322 609.5999999998179 -24.384
182.8799999997322 609.5999999998179 -30.48
182.8799999997322 609.5999999998179 -36.576
182.8799999997322 609.5999999998179 -42.672
182.8799999997322 609.5999999998179 -48.768
182.8799999997322 609.5999999998179 -54.864
243.8399999998877 426.7199999998378 -6.096
243.8399999998877 426.7199999998378 -12.192
243.8399999998877 426.7199999998378 -18.288
243.8399999998877 426.7199999998378 -24.384
243.8399999998877 426.7199999998378 -30.48
243.8399999998877 426.7199999998378 -36.576
243.8399999998877 426.7199999998378 -42.672
243.8399999998877 426.7199999998378 -48.768
243.8399999998877 426.7199999998378 -54.864
243.8399999998877 487.679999999667 -6.096
243.8399999998877 487.679999999667 -12.192
243.8399999998877 487.679999999667 -18.288
243.8399999998877 487.679999999667 -24.384
243.8399999998877 487.679999999667 -30.48
243.8399999998877 487.679999999667 -36.576
243.8399999998877 487.679999999667 -42.672
243.8399999998877 487.679999999667 -48.768
243.8399999998877 487.679999999667 -54.864
243.8399999998877 548.6399999997202 -6.096
243.8399999998877 548.6399999997202 -12.192
243.8399999998877 548.6399999997202 -18.288
243.8399999998877 548.6399999997202 -24.384
243.8399999998877 548.6399999997202 -30.48
243.8399999998877 548.6399999997202 -36.576
243.8399999998877 548.6399999997202 -42.672
243.8399999998877 548.6399999997202 -48.768
243.8399999998877 548.6399999997202 -54.864
243.8399999998877 609.5999999998179 -6.096
243.8399999998877 609.5999999998179 -12.192
243.8399999998877 609.5999999998179 -18.288
243.8399999998877 609.5999999998179 -24.384
243.8399999998877 609.5999999998179 -30.48
243.8399999998877 609.5999999998179 -36.576
243.8399999998877 609.5999999998179 -42.672
243.8399999998877 609.5999999998179 -48.768
243.8399999998877 609.5999999998179 -54.864
3 8 0 0
3 9 0 144
1441
1442
1443
1444
1445
1446
1447
1448
1449
1450
1451
1452
1453
1454
1455
1456
1457
1458
1459
1460
1461
1462
1463
1464
1465
1466
1467
1468
1469
1470
1471
1472
1473
1474
1475
1476
1477
1478
1479
1480
1481
1482
1483
1484
1485
1486
1487
1488
1489
1490
1491
1492
1493
1494
1495
1496
1497
1498
1499
1500
1501
1502
1503
1504
1505
1506
1507
1508
1509
1510
1511
1512
1513
1514
1515
1516
1517
1518
1519
1520
1521
1522
1523
1524
1525
1526
1527
1528
1529
1530
1531
1532
1533
1534
1535
1536
1537
1538
1539
1540
1541
1542
1543
1544
1545
1546
1547
1548
1549
1550
1551
1552
1553
1554
1555
1556
1557
1558
1559
1560
1561
1562
1563
1564
1565
1566
1567
1568
1569
1570
1571
1572
1573
1574
1575
1576
1577
1578
1579
1580
1581
1582
1583
1584
426.7199999998379 426.7199999998379 -6.096
426.7199999998379 426.7199999998379 -12.192
426.7199999998379 426.7199999998379 -18.288
426.7199999998379 426.7199999998379 -24.384
426.7199999998379 426.7199999998379 -30.48
426.7199999998379 426.7199999998379 -36.576
426.7199999998379 426.7199999998379 -42.672
426.7199999998379 426.7199999998379 -48.768
426.7199999998379 426.7199999998379 -54.864
426.719999999838 487.679999999667 -6.096
426.719999999838 487.679999999667 -12.192
426.719999999838 487.679999999667 -18.288
426.719999999838 487.679999999667 -24.384
426.719999999838 487.679999999667 -30.48
426.719999999838 487.679999999667 -36.576
426.719999999838 487.679999999667 -42.672
426.719999999838 487.679999999667 -48.768
426.719999999838 487.679999999667 -54.864
426.719999999838 548.6399999997202 -6.096
426.719999999838 548.6399999997202 -12.192
426.719999999838 548.6399999997202 -18.288
426.719999999838 548.6399999997202 -24.384
426.719999999838 548.6399999997202 -30.48
426.719999999838 548.6399999997202 -36.576
426.719999999838 548.6399999997202 -42.672
426.719999999838 548.6399999997202 -48.768
426.719999999838 548.6399999997202 -54.864
426.719999999838 609.5999999998179 -6.096
426.719999999838 609.5999999998179 -12.192
426.719999999838 609.5999999998179 -18.288
426.719999999838 609.5999999998179 -24.384
426.719999999838 609.5999999998179 -30.48
426.719999999838 609.5999999998179 -36.576
426.719999999838 609.5999999998179 -42.672
426.719999999838 609.5999999998179 -48.768
426.719999999838 609.5999999998179 -54.864
487.679999999667 426.7199999998378 -6.096
487.679999999667 426.7199999998378 -12.192
487.679999999667 426.7199999998378 -18.288
487.679999999667 426.7199999998378 -24.384
487.679999999667 426.7199999998378 -30.48
487.679999999667 426.7199999998378 -36.576
487.679999999667 426.7199999998378 -42.672
487.679999999667 426.7199999998378 -48.768
487.679999999667 426.7199999998378 -54.864
487.679999999667 487.679999999667 -6.096
487.679999999667 487.679999999667 -12.192
487.679999999667 487.679999999667 -18.288
487.679999999667 487.679999999667 -24.384
487.679999999667 487.679999999667 -30.48
487.679999999667 487.679999999667 -36.576
487.679999999667 487.679999999667 -42.672
487.679999999667 487.679999999667 -48.768
487.679999999667 487.679999999667 -54.864
487.679999999667 548.6399999997202 -6.096
487.679999999667 548.6399999997202 -12.192
487.679999999667 548.6399999997202 -18.288
487.679999999667 548.6399999997202 -24.384
487.679999999667 548.6399999997202 -30.48
487.679999999667 548.6399999997202 -36.576
487.679999999667 548.6399999997202 -42.672
487.679999999667 548.6399999997202 -48.768
487.679999999667 548.6399999997202 -54.864
487.679999999667 609.5999999998179 -6.096
487.679999999667 609.5999999998179 -12.192
487.679999999667 609.5999999998179 -18.288
487.679999999667 609.5999999998179 -24.384
487.679999999667 609.5999999998179 -30.48
487.679999999667 609.5999999998179 -36.576
487.679999999667 609.5999999998179 -42.672
487.679999999667 609.5999999998179 -48.768
487.679999999667 609.5999999998179 -54.864
548.6399999997202 426.719999999838 -6.096
548.6399999997202 426.719999999838 -12.192
548.6399999997202 426.719999999838 -18.288
548.6399999997202 426.719999999838 -24.384
548.6399999997202 426.719999999838 -30.48
548.6399999997202 426.719999999838 -36.576
548.6399999997202 426.719999999838 -42.672
548.6399999997202 426.719999999838 -48.768
548.6399999997202 426.719999999838 -54.864
548.6399999997202 487.679999999667 -6.096
548.6399999997202 487.679999999667 -12.192
548.6399999997202 487.679999999667 -18.288
548.6399999997202 487.679999999667 -24.384
548.6399999997202 487.679999999667 -30.48
548.6399999997202 487.679999999667 -36.576
548.6399999997202 487.679999999667 -42.672
548.6399999997202 487.679999999667 -48.768
548.6399999997202 487.679999999667 -54.864
548.6399999997202 548.6399999997202 -6.096
548.6399999997202 548.6399999997202 -12.192
548.6399999997202 548.6399999997202 -18.288
548.6399999997202 548.6399999997202 -24.384
548.6399999997202 548.6399999997202 -30.48
548.6399999997202 548.6399999997202 -36.576
548.6399999997202 548.6399999997202 -42.672
548.6399999997202 548.6399999997202 -48.768
548.6399999997202 548.6399999997202 -54.864
548.6399999997202 609.5999999998179 -6.096
548.6399999997202 609.5999999998179 -12.192
548.6399999997202 609.5999999998179 -18.288
548.6399999997202 609.5999999998179 -24.384
548.6399999997202 609.5999999998179 -30.48
548.6399999997202 609.5999999998179 -36.576
548.6399999997202 609.5999999998179 -42.672
548.6399999997202 609.5999999998179 -48.768
548.6399999997202 609.5999999998179 -54.864
609.5999999998179 426.719999999838 -6.096
609.5999999998179 426.719999999838 -12.192
609.5999999998179 426.719999999838 -18.288
609.5999999998179 426.719999999838 -24.384
609.5999999998179 426.719999999838 -30.48
609.5999999998179 426.719999999838 -36.576
609.5999999998179 426.719999999838 -42.672
609.5999999998179 426.719999999838 -48.768
609.5999999998179 426.719999999838 -54.864
609.599999999818 487.679999999667 -6.096
609.599999999818 487.679999999667 -12.192
609.599999999818 487.679999999667 -18.288
609.599999999818 487.679999999667 -24.384
609.599999999818 487.679999999667 -30.48
609.599999999818 487.679999999667 -36.576
609.599999999818 487.679999999667 -42.672
609.599999999818 487.679999999667 -48.768
609.599999999818 487.679999999667 -54.864
609.5999999998179 548.6399999997202 -6.096
609.5999999998179 548.6399999997202 -12.192
609.5999999998179 548.6399999997202 -18.288
609.5999999998179 548.6399999997202 -24.384
609.5999999998179 548.6399999997202 -30.48
609.5999999998179 548.6399999997202 -36.576
609.5999999998179 548.6399999997202 -42.672
609.5999999998179 548.6399999997202 -48.768
609.5999999998179 548.6399999997202 -54.864
609.5999999998178 609.5999999998178 -6.096
609.5999999998178 609.5999999998178 -12.192
609.5999999998178 609.5999999998178 -18.288
609.5999999998178 609.5999999998178 -24.384
609.5999999998178 609.5999999998178 -30.48
609.5999999998178 609.5999999998178 -36.576
609.5999999998178 609.5999999998178 -42.672
609.5999999998178 609.5999999998178 -48.768
609.5999999998178 609.5999999998178 -54.864
$EndNodes
$Elements
9 1210 1 1210
3 1 5 250
1 305 33 1 65 1009 369 113 477 
2 1009 369 113 477 1010 370 114 478 
3 1010 370 114 478 1011 371 115 479 
4 1011 371 115 479 1012 372 116 480 
5 1012 372 116 480 1013 373 117 481 
6 1013 373 117 481 1014 374 118 482 
7 1014 374 118 482 1015 375 119 483 
8 1015 375 119 483 1016 376 120 484 
9 1016 376 120 484 1017 377 121 485 
10 1017 377 121 485 513 97 17 112 
11 306 305 65 66 1018 1009 477 486 
12 1018 1009 477 486 1019 1010 478 487 
13 1019 1010 478 487 1020 1011 479 488 
14 1020 1011 479 488 1021 1012 480 489 
15 1021 1012 480 489 1022 1013 481 490 
16 1022 1013 481 490 1023 1014 482 491 
17 1023 1014 482 491 1024 1015 483 492 
18 1024 1015 483 492 1025 1016 484 493 
19 1025 1016 484 493 1026 1017 485 494 
20 1026 1017 485 494 514 513 112 111 
21 307 306 66 67 1027 1018 486 495 
22 1027 1018 486 495 1028 1019 487 496 
23 1028 1019 487 496 1029 1020 488 497 
24 1029 1020 488 497 1030 1021 489 498 
25 1030 1021 489 498 1031 1022 490 499 
26 1031 1022 490 499 1032 1023 491 500 
27 1032 1023 491 500 1033 1024 492 501 
28 1033 1024 492 501 1034 1025 493 502 
29 1034 1025 493 502 1035 1026 494 503 
30 1035 1026 494 503 515 514 111 110 
31 308 307 67 68 1036 1027 495 504 
32 1036 1027 495 504 1037 1028 496 505 
33 1037 1028 496 505 1038 1029 497 506 
34 1038 1029 497 506 1039 1030 498 507 
35 1039 1030 498 507 1040 1031 499 508 
36 1040 1031 499 508 1041 1032 500 509 
37 1041 1032 500 509 1042 1033 501 510 
38 1042 1033 501 510 1043 1034 502 511 
39 1043 1034 502 511 1044 1035 503 512 
40 1044 1035 503 512 516 515 110 109 
41 41 308 68 5 441 1036 504 140 
42 441 1036 504 140 442 1037 505 141 
43 442 1037 505 141 443 1038 506 142 
44 443 1038 506 142 444 1039 507 143 
45 444 1039 507 143 445 1040 508 144 
46 445 1040 508 144 446 1041 509 145 
47 446 1041 509 145 447 1042 510 146 
48 447 1042 510 146 448 1043 511 147 
49 448 1043 511 147 449 1044 512 148 
50 449 1044 512 148 108 516 109 20 
51 309 34 33 305 1045 378 369 1009 
52 1045 378 369 1009 1046 379 370 1010 
53 1046 379 370 1010 1047 380 371 1011 
54 1047 380 371 1011 1048 381 372 1012 
55 1048 381 372 1012 1049 382 373 1013 
56 1049 382 373 1013 1050 383 374 1014 
57 1050 383 374 1014 1051 384 375 1015 
58 1051 384 375 1015 1052 385 376 1016 
59 1052 385 376 1016 1053 386 377 1017 
60 1053 386 377 1017 517 98 97 513 
61 310 309 305 306 1054 1045 1009 1018 
62 1054 1045 1009 1018 1055 1046 1010 1019 
63 1055 1046 1010 1019 1056 1047 1011 1020 
64 1056 1047 1011 1020 1057 1048 1012 1021 
65 1057 1048 1012 1021 1058 1049 1013 1022 
66 1058 1049 1013 1022 1059 1050 1014 1023 
67 1059 1050 1014 1023 1060 1051 1015 1024 
68 1060 1051 1015 1024 1061 1052 1016 1025 
69 1061 1052 1016 1025 1062 1053 1017 1026 
70 1062 1053 1017 1026 518 517 513 514 
71 311 310 306 307 1063 1054 1018 1027 
72 1063 1054 1018 1027 1064 1055 1019 1028 
73 1064 1055 1019 1028 1065 1056 1020 1029 
74 1065 1056 1020 1029 1066 1057 1021 1030 
75 1066 1057 1021 1030 1067 1058 1022 1031 
76 1067 1058 1022 1031 1068 1059 1023 1032 
77 1068 1059 1023 1032 1069 1060 1024 1033 
78 1069 1060 1024 1033 1070 1061 1025 1034 
79 1070 1061 1025 1034 1071 1062 1026 1035 
80 1071 1062 1026 1035 519 518 514 515 
81 312 311 307 308 1072 1063 1027 1036 
82 1072 1063 1027 1036 1073 1064 1028 1037 
83 1073 1064 1028 1037 1074 1065 1029 1038 
84 1074 1065 1029 1038 1075 1066 1030 1039 
85 1075 1066 1030 1039 1076 1067 1031 1040 
86 1076 1067 1031 1040 1077 1068 1032 1041 
87 1077 1068 1032 1041 1078 1069 1033 1042 
88 1078 1069 1033 1042 1079 1070 1034 1043 
89 1079 1070 1034 1043 1080 1071 1035 1044 
90 1080 1071 1035 1044 520 519 515 516 
91 42 312 308 41 450 1072 1036 441 
92 450 1072 1036 441 451 1073 1037 442 
93 451 1073 1037 442 452 1074 1038 443 
94 452 1074 1038 443 453 1075 1039 444 
95 453 1075 1039 444 454 1076 1040 445 
96 454 1076 1040 445 455 1077 1041 446 
97 455 1077 1041 446 456 1078 1042 447 
98 456 1078 1042 447 457 1079 1043 448 
99 457 1079 1043 448 458 1080 1044 449 
100 458 1080 1044 449 107 520 516 108 
101 313 35 34 309 1081 387 378 1045 
102 1081 387 378 1045 1082 388 379 1046 
103 1082 388 379 1046 1083 389 380 1047 
104 1083 389 380 1047 1084 390 381 1048 
105 1084 390 381 1048 1085 391 382 1049 
106 1085 391 382 1049 1086 392 383 1050 
107 1086 392 383 1050 1087 393 384 1051 
108 1087 393 384 1051 1088 394 385 1052 
109 1088 394 385 1052 1089 395 386 1053 
110 1089 395 386 1053 521 99 98 517 
111 314 313 309 310 1090 1081 1045 1054 
112 1090 1081 1045 1054 1091 1082 1046 1055 
113 1091 1082 1046 1055 1092 1083 1047 1056 
114 1092 1083 1047 1056 1093 1084 1048 1057 
115 1093 1084 1048 1057 1094 1085 1049 1058 
116 1094 1085 1049 1058 1095 1086 1050 1059 
117 1095 1086 1050 1059 1096 1087 1051 1060 
118 1096 1087 1051 1060 1097 1088 1052 1061 
119 1097 1088 1052 1061 1098 1089 1053 1062 
120 1098 1089 1053 1062 522 521 517 518 
121 315 314 310 311 1099 1090 1054 1063 
122 1099 1090 1054 1063 1100 1091 1055 1064 
123 1100 1091 1055 1064 1101 1092 1056 1065 
124 1101 1092 1056 1065 1102 1093 1057 1066 
125 1102 1093 1057 1066 1103 1094 1058 1067 
126 1103 1094 1058 1067 1104 1095 1059 1068 
127 1104 1095 1059 1068 1105 1096 1060 1069 
128 1105 1096 1060 1069 1106 1097 1061 1070 
129 1106 1097 1061 1070 1107 1098 1062 1071 
130 1107 1098 1062 1071 523 522 518 519 
131 316 315 311 312 1108 1099 1063 1072 
132 1108 1099 1063 1072 1109 1100 1064 1073 
133 1109 1100 1064 1073 1110 1101 1065 1074 
134 1110 1101 1065 1074 1111 1102 1066 1075 
135 1111 1102 1066 1075 1112 1103 1067 1076 
136 1112 1103 1067 1076 1113 1104 1068 1077 
137 1113 1104 1068 1077 1114 1105 1069 1078 
138 1114 1105 1069 1078 1115 1106 1070 1079 
139 1115 1106 1070 1079 1116 1107 1071 1080 
140 1116 1107 1071 1080 524 523 519 520 
141 43 316 312 42 459 1108 1072 450 
142 459 1108 1072 450 460 1109 1073 451 
143 460 1109 1073 451 461 1110 1074 452 
144 461 1110 1074 452 462 1111 1075 453 
145 462 1111 1075 453 463 1112 1076 454 
146 463 1112 1076 454 464 1113 1077 455 
147 464 1113 1077 455 465 1114 1078 456 
148 465 1114 1078 456 466 1115 1079 457 
149 466 1115 1079 457 467 1116 1080 458 
150 467 1116 1080 458 106 524 520 107 
151 317 36 35 313 1117 396 387 1081 
152 1117 396 387 1081 1118 397 388 1082 
153 1118 397 388 1082 1119 398 389 1083 
154 1119 398 389 1083 1120 399 390 1084 
155 1120 399 390 1084 1121 400 391 1085 
156 1121 400 391 1085 1122 401 392 1086 
157 1122 401 392 1086 1123 402 393 1087 
158 1123 402 393 1087 1124 403 394 1088 
159 1124 403 394 1088 1125 404 395 1089 
160 1125 404 395 1089 525 100 99 521 
161 318 317 313 314 1126 1117 1081 1090 
162 1126 1117 1081 1090 1127 1118 1082 1091 
163 1127 1118 1082 1091 1128 1119 1083 1092 
164 1128 1119 1083 1092 1129 1120 1084 1093 
165 1129 1120 1084 1093 1130 1121 1085 1094 
166 1130 1121 1085 1094 1131 1122 1086 1095 
167 1131 1122 1086 1095 1132 1123 1087 1096 
168 1132 1123 1087 1096 1133 1124 1088 1097 
169 1133 1124 1088 1097 1134 1125 1089 1098 
170 1134 1125 1089 1098 526 525 521 522 
171 319 318 314 315 1135 1126 1090 1099 
172 1135 1126 1090 1099 1136 1127 1091 1100 
173 1136 1127 1091 1100 1137 1128 1092 1101 
174 1137 1128 1092 1101 1138 1129 1093 1102 
175 1138 1129 1093 1102 1139 1130 1094 1103 
176 1139 1130 1094 1103 1140 1131 1095 1104 
177 1140 1131 1095 1104 1141 1132 1096 1105 
178 1141 1132 1096 1105 1142 1133 1097 1106 
179 1142 1133 1097 1106 1143 1134 1098 1107 
180 1143 1134 1098 1107 527 526 522 523 
181 320 319 315 316 1144 1135 1099 1108 
182 1144 1135 1099 1108 1145 1136 1100 1109 
183 1145 1136 1100 1109 1146 1137 1101 1110 
184 1146 1137 1101 1110 1147 1138 1102 1111 
185 1147 1138 1102 1111 1148 1139 1103 1112 
186 1148 1139 1103 1112 1149 1140 1104 1113 
187 1149 1140 1104 1113 1150 1141 1105 1114 
188 1150 1141 1105 1114 1151 1142 1106 1115 
189 1151 1142 1106 1115 1152 1143 1107 1116 
190 1152 1143 1107 1116 528 527 523 524 
191 44 320 316 43 468 1144 1108 459 
192 468 1144 1108 459 469 1145 1109 460 
193 469 1145 1109 460 470 1146 1110 461 
194 470 1146 1110 461 471 1147 1111 462 
195 471 1147 1111 462 472 1148 1112 463 
196 472 1148 1112 463 473 1149 1113 464 
197 473 1149 1113 464 474 1150 1114 465 
198 474 1150 1114 465 475 1151 1115 466 
199 475 1151 1115 466 476 1152 1116 467 
200 476 1152 1116 467 105 528 524 106 
201 69 2 36 317 405 122 396 1117 
202 405 122 396 1117 406 123 397 1118 
203 406 123 397 1118 407 124 398 1119 
204 407 124 398 1119 408 125 399 1120 
205 408 125 399 1120 409 126 400 1121 
206 409 126 400 1121 410 127 401 1122 
207 410 127 401 1122 411 128 402 1123 
208 411 128 402 1123 412 129 403 1124 
209 412 129 403 1124 413 130 404 1125 
210 413 130 404 1125 101 18 100 525 
211 70 69 317 318 414 405 1117 1126 
212 414 405 1117 1126 415 406 1118 1127 
213 415 406 1118 1127 416 407 1119 1128 
214 416 407 1119 1128 417 408 1120 1129 
215 417 408 1120 1129 418 409 1121 1130 
216 418 409 1121 1130 419 410 1122 1131 
217 419 410 1122 1131 420 411 1123 1132 
218 420 411 1123 1132 421 412 1124 1133 
219 421 412 1124 1133 422 413 1125 1134 
220 422 413 1125 1134 102 101 525 526 
221 71 70 318 319 423 414 1126 1135 
222 423 414 1126 1135 424 415 1127 1136 
223 424 415 1127 1136 425 416 1128 1137 
224 425 416 1128 1137 426 417 1129 1138 
225 426 417 1129 1138 427 418 1130 1139 
226 427 418 1130 1139 428 419 1131 1140 
227 428 419 1131 1140 429 420 1132 1141 
228 429 420 1132 1141 430 421 1133 1142 
229 430 421 1133 1142 431 422 1134 1143 
230 431 422 1134 1143 103 102 526 527 
231 72 71 319 320 432 423 1135 1144 
232 432 423 1135 1144 433 424 1136 1145 
233 433 424 1136 1145 434 425 1137 1146 
234 434 425 1137 1146 435 426 1138 1147 
235 435 426 1138 1147 436 427 1139 1148 
236 436 427 1139 1148 437 428 1140 1149 
237 437 428 1140 1149 438 429 1141 1150 
238 438 429 1141 1150 439 430 1142 1151 
239 439 430 1142 1151 440 431 1143 1152 
240 440 431 1143 1152 104 103 527 528 
241 6 72 320 44 131 432 1144 468 
242 131 432 1144 468 132 433 1145 469 
243 132 433 1145 469 133 434 1146 470 
244 133 434 1146 470 134 435 1147 471 
245 134 435 1147 471 135 436 1148 472 
246 135 436 1148 472 136 437 1149 473 
247 136 437 1149 473 137 438 1150 474 
248 137 438 1150 474 138 439 1151 475 
249 138 439 1151 475 139 440 1152 476 
250 139 440 1152 476 19 104 528 105 
3 2 5 50
251 73 3 2 69 529 153 122 405 
252 529 153 122 405 530 154 123 406 
253 530 154 123 406 531 155 124 407 
254 531 155 124 407 532 156 125 408 
255 532 156 125 408 533 157 126 409 
256 533 157 126 409 534 158 127 410 
257 534 158 127 410 535 159 128 411 
258 535 159 128 411 536 160 129 412 
259 536 160 129 412 537 161 130 413 
260 537 161 130 413 149 21 18 101 
261 74 73 69 70 538 529 405 414 
262 538 529 405 414 539 530 406 415 
263 539 530 406 415 540 531 407 416 
264 540 531 407 416 541 532 408 417 
265 541 532 408 417 542 533 409 418 
266 542 533 409 418 543 534 410 419 
267 543 534 410 419 544 535 411 420 
268 544 535 411 420 545 536 412 421 
269 545 536 412 421 546 537 413 422 
270 546 537 413 422 150 149 101 102 
271 75 74 70 71 547 538 414 423 
272 547 538 414 423 548 539 415 424 
273 548 539 415 424 549 540 416 425 
274 549 540 416 425 550 541 417 426 
275 550 541 417 426 551 542 418 427 
276 551 542 418 427 552 543 419 428 
277 552 543 419 428 553 544 420 429 
278 553 544 420 429 554 545 421 430 
279 554 545 421 430 555 546 422 431 
280 555 546 422 431 151 150 102 103 
281 76 75 71 72 556 547 423 432 
282 556 547 423 432 557 548 424 433 
283 557 548 424 433 558 549 425 434 
284 558 549 425 434 559 550 426 435 
285 559 550 426 435 560 551 427 436 
286 560 551 427 436 561 552 428 437 
287 561 552 428 437 562 553 429 438 
288 562 553 429 438 563 554 430 439 
289 563 554 430 439 564 555 431 440 
290 564 555 431 440 152 151 103 104 
291 7 76 72 6 162 556 432 131 
292 162 556 432 131 163 557 433 132 
293 163 557 433 132 164 558 434 133 
294 164 558 434 133 165 559 435 134 
295 165 559 435 134 166 560 436 135 
296 166 560 436 135 167 561 437 136 
297 167 561 437 136 168 562 438 137 
298 168 562 438 137 169 563 439 138 
299 169 563 439 138 170 564 440 139 
300 170 564 440 139 22 152 104 19 
3 3 5 250
301 321 37 3 73 1153 565 153 529 
302 1153 565 153 529 1154 566 154 530 
303 1154 566 154 530 1155 567 155 531 
304 1155 567 155 531 1156 568 156 532 
305 1156 568 156 532 1157 569 157 533 
306 1157 569 157 533 1158 570 158 534 
307 1158 570 158 534 1159 571 159 535 
308 1159 571 159 535 1160 572 160 536 
309 1160 572 160 536 1161 573 161 537 
310 1161 573 161 537 673 171 21 149 
311 322 321 73 74 1162 1153 529 538 
312 1162 1153 529 538 1163 1154 530 539 
313 1163 1154 530 539 1164 1155 531 540 
314 1164 1155 531 540 1165 1156 532 541 
315 1165 1156 532 541 1166 1157 533 542 
316 1166 1157 533 542 1167 1158 534 543 
317 1167 1158 534 543 1168 1159 535 544 
318 1168 1159 535 544 1169 1160 536 545 
319 1169 1160 536 545 1170 1161 537 546 
320 1170 1161 537 546 674 673 149 150 
321 323 322 74 75 1171 1162 538 547 
322 1171 1162 538 547 1172 1163 539 548 
323 1172 1163 539 548 1173 1164 540 549 
324 1173 1164 540 549 1174 1165 541 550 
325 1174 1165 541 550 1175 1166 542 551 
326 1175 1166 542 551 1176 1167 543 552 
327 1176 1167 543 552 1177 1168 544 553 
328 1177 1168 544 553 1178 1169 545 554 
329 1178 1169 545 554 1179 1170 546 555 
330 1179 1170 546 555 675 674 150 151 
331 324 323 75 76 1180 1171 547 556 
332 1180 1171 547 556 1181 1172 548 557 
333 1181 1172 548 557 1182 1173 549 558 
334 1182 1173 549 558 1183 1174 550 559 
335 1183 1174 550 559 1184 1175 551 560 
336 1184 1175 551 560 1185 1176 552 561 
337 1185 1176 552 561 1186 1177 553 562 
338 1186 1177 553 562 1187 1178 554 563 
339 1187 1178 554 563 1188 1179 555 564 
340 1188 1179 555 564 676 675 151 152 
341 45 324 76 7 637 1180 556 162 
342 637 1180 556 162 638 1181 557 163 
343 638 1181 557 163 639 1182 558 164 
344 639 1182 558 164 640 1183 559 165 
345 640 1183 559 165 641 1184 560 166 
346 641 1184 560 166 642 1185 561 167 
347 642 1185 561 167 643 1186 562 168 
348 643 1186 562 168 644 1187 563 169 
349 644 1187 563 169 645 1188 564 170 
350 645 1188 564 170 182 676 152 22 
351 325 38 37 321 1189 574 565 1153 
352 1189 574 565 1153 1190 575 566 1154 
353 1190 575 566 1154 1191 576 567 1155 
354 1191 576 567 1155 1192 577 568 1156 
355 1192 577 568 1156 1193 578 569 1157 
356 1193 578 569 1157 1194 579 570 1158 
357 1194 579 570 1158 1195 580 571 1159 
358 1195 580 571 1159 1196 581 572 1160 
359 1196 581 572 1160 1197 582 573 1161 
360 1197 582 573 1161 677 172 171 673 
361 326 325 321 322 1198 1189 1153 1162 
362 1198 1189 1153 1162 1199 1190 1154 1163 
363 1199 1190 1154 1163 1200 1191 1155 1164 
364 1200 1191 1155 1164 1201 1192 1156 1165 
365 1201 1192 1156 1165 1202 1193 1157 1166 
366 1202 1193 1157 1166 1203 1194 1158 1167 
367 1203 1194 1158 1167 1204 1195 1159 1168 
368 1204 1195 1159 1168 1205 1196 1160 1169 
369 1205 1196 1160 1169 1206 1197 1161 1170 
370 1206 1197 1161 1170 678 677 673 674 
371 327 326 322 323 1207 1198 1162 1171 
372 1207 1198 1162 1171 1208 1199 1163 1172 
373 1208 1199 1163 1172 1209 1200 1164 1173 
374 1209 1200 1164 1173 1210 1201 1165 1174 
375 1210 1201 1165 1174 1211 1202 1166 1175 
376 1211 1202 1166 1175 1212 1203 1167 1176 
377 1212 1203 1167 1176 1213 1204 1168 1177 
378 1213 1204 1168 1177 1214 1205 1169 1178 
379 1214 1205 1169 1178 1215 1206 1170 1179 
380 1215 1206 1170 1179 679 678 674 675 
381 328 327 323 324 1216 1207 1171 1180 
382 1216 1207 1171 1180 1217 1208 1172 1181 
383 1217 1208 1172 1181 1218 1209 1173 1182 
384 1218 1209 1173 1182 1219 1210 1174 1183 
385 1219 1210 1174 1183 1220 1211 1175 1184 
386 1220 1211 1175 1184 1221 1212 1176 1185 
387 1221 1212 1176 1185 1222 1213 1177 1186 
388 1222 1213 1177 1186 1223 1214 1178 1187 
389 1223 1214 1178 1187 1224 1215 1179 1188 
390 1224 1215 1179 1188 680 679 675 676 
391 46 328 324 45 646 1216 1180 637 
392 646 1216 1180 637 647 1217 1181 638 
393 647 1217 1181 638 648 1218 1182 639 
394 648 1218 1182 639 649 1219 1183 640 
395 649 1219 1183 640 650 1220 1184 641 
396 650 1220 1184 641 651 1221 1185 642 
397 651 1221 1185 642 652 1222 1186 643 
398 652 1222 1186 643 653 1223 1187 644 
399 653 1223 1187 644 654 1224 1188 645 
400 654 1224 1188 645 181 680 676 182 
401 329 39 38 325 1225 583 574 1189 
402 1225 583 574 1189 1226 584 575 1190 
403 1226 584 575 1190 1227 585 576 1191 
404 1227 585 576 1191 1228 586 577 1192 
405 1228 586 577 1192 1229 587 578 1193 
406 1229 587 578 1193 1230 588 579 1194 
407 1230 588 579 1194 1231 589 580 1195 
408 1231 589 580 1195 1232 590 581 1196 
409 1232 590 581 1196 1233 591 582 1197 
410 1233 591 582 1197 681 173 172 677 
411 330 329 325 326 1234 1225 1189 1198 
412 1234 1225 1189 1198 1235 1226 1190 1199 
413 1235 1226 1190 1199 1236 1227 1191 1200 
414 1236 1227 1191 1200 1237 1228 1192 1201 
415 1237 1228 1192 1201 1238 1229 1193 1202 
416 1238 1229 1193 1202 1239 1230 1194 1203 
417 1239 1230 1194 1203 1240 1231 1195 1204 
418 1240 1231 1195 1204 1241 1232 1196 1205 
419 1241 1232 1196 1205 1242 1233 1197 1206 
420 1242 1233 1197 1206 682 681 677 678 
421 331 330 326 327 1243 1234 1198 1207 
422 1243 1234 1198 1207 1244 1235 1199 1208 
423 1244 1235 1199 1208 1245 1236 1200 1209 
424 1245 1236 1200 1209 1246 1237 1201 1210 
425 1246 1237 1201 1210 1247 1238 1202 1211 
426 1247 1238 1202 1211 1248 1239 1203 1212 
427 1248 1239 1203 1212 1249 1240 1204 1213 
428 1249 1240 1204 1213 1250 1241 1205 1214 
429 1250 1241 1205 1214 1251 1242 1206 1215 
430 1251 1242 1206 1215 683 682 678 679 
431 332 331 327 328 1252 1243 1207 1216 
432 1252 1243 1207 1216 1253 1244 1208 1217 
433 1253 1244 1208 1217 1254 1245 1209 1218 
434 1254 1245 1209 1218 1255 1246 1210 1219 
435 1255 1246 1210 1219 1256 1247 1211 1220 
436 1256 1247 1211 1220 1257 1248 1212 1221 
437 1257 1248 1212 1221 1258 1249 1213 1222 
438 1258 1249 1213 1222 1259 1250 1214 1223 
439 1259 1250 1214 1223 1260 1251 1215 1224 
440 1260 1251 1215 1224 684 683 679 680 
441 47 332 328 46 655 1252 1216 646 
442 655 1252 1216 646 656 1253 1217 647 
443 656 1253 1217 647 657 1254 1218 648 
444 657 1254 1218 648 658 1255 1219 649 
445 658 1255 1219 649 659 1256 1220 650 
446 659 1256 1220 650 660 1257 1221 651 
447 660 1257 1221 651 661 1258 1222 652 
448 661 1258 1222 652 662 1259 1223 653 
449 662 1259 1223 653 663 1260 1224 654 
450 663 1260 1224 654 180 684 680 181 
451 333 40 39 329 1261 592 583 1225 
452 1261 592 583 1225 1262 593 584 1226 
453 1262 593 584 1226 1263 594 585 1227 
454 1263 594 585 1227 1264 595 586 1228 
455 1264 595 586 1228 1265 596 587 1229 
456 1265 596 587 1229 1266 597 588 1230 
457 1266 597 588 1230 1267 598 589 1231 
458 1267 598 589 1231 1268 599 590 1232 
459 1268 599 590 1232 1269 600 591 1233 
460 1269 600 591 1233 685 174 173 681 
461 334 333 329 330 1270 1261 1225 1234 
462 1270 1261 1225 1234 1271 1262 1226 1235 
463 1271 1262 1226 1235 1272 1263 1227 1236 
464 1272 1263 1227 1236 1273 1264 1228 1237 
465 1273 1264 1228 1237 1274 1265 1229 1238 
466 1274 1265 1229 1238 1275 1266 1230 1239 
467 1275 1266 1230 1239 1276 1267 1231 1240 
468 1276 1267 1231 1240 1277 1268 1232 1241 
469 1277 1268 1232 1241 1278 1269 1233 1242 
470 1278 1269 1233 1242 686 685 681 682 
471 335 334 330 331 1279 1270 1234 1243 
472 1279 1270 1234 1243 1280 1271 1235 1244 
473 1280 1271 1235 1244 1281 1272 1236 1245 
474 1281 1272 1236 1245 1282 1273 1237 1246 
475 1282 1273 1237 1246 1283 1274 1238 1247 
476 1283 1274 1238 1247 1284 1275 1239 1248 
477 1284 1275 1239 1248 1285 1276 1240 1249 
478 1285 1276 1240 1249 1286 1277 1241 1250 
479 1286 1277 1241 1250 1287 1278 1242 1251 
480 1287 1278 1242 1251 687 686 682 683 
481 336 335 331 332 1288 1279 1243 1252 
482 1288 1279 1243 1252 1289 1280 1244 1253 
483 1289 1280 1244 1253 1290 1281 1245 1254 
484 1290 1281 1245 1254 1291 1282 1246 1255 
485 1291 1282 1246 1255 1292 1283 1247 1256 
486 1292 1283 1247 1256 1293 1284 1248 1257 
487 1293 1284 1248 1257 1294 1285 1249 1258 
488 1294 1285 1249 1258 1295 1286 1250 1259 
489 1295 1286 1250 1259 1296 1287 1251 1260 
490 1296 1287 1251 1260 688 687 683 684 
491 48 336 332 47 664 1288 1252 655 
492 664 1288 1252 655 665 1289 1253 656 
493 665 1289 1253 656 666 1290 1254 657 
494 666 1290 1254 657 667 1291 1255 658 
495 667 1291 1255 658 668 1292 1256 659 
496 668 1292 1256 659 669 1293 1257 660 
497 669 1293 1257 660 670 1294 1258 661 
498 670 1294 1258 661 671 1295 1259 662 
499 671 1295 1259 662 672 1296 1260 663 
500 672 1296 1260 663 179 688 684 180 
501 77 4 40 333 601 183 592 1261 
502 601 183 592 1261 602 184 593 1262 
503 602 184 593 1262 603 185 594 1263 
504 603 185 594 1263 604 186 595 1264 
505 604 186 595 1264 605 187 596 1265 
506 605 187 596 1265 606 188 597 1266 
507 606 188 597 1266 607 189 598 1267 
508 607 189 598 1267 608 190 599 1268 
509 608 190 599 1268 609 191 600 1269 
510 609 191 600 1269 175 23 174 685 
511 78 77 333 334 610 601 1261 1270 
512 610 601 1261 1270 611 602 1262 1271 
513 611 602 1262 1271 612 603 1263 1272 
514 612 603 1263 1272 613 604 1264 1273 
515 613 604 1264 1273 614 605 1265 1274 
516 614 605 1265 1274 615 606 1266 1275 
517 615 606 1266 1275 616 607 1267 1276 
518 616 607 1267 1276 617 608 1268 1277 
519 617 608 1268 1277 618 609 1269 1278 
520 618 609 1269 1278 176 175 685 686 
521 79 78 334 335 619 610 1270 1279 
522 619 610 1270 1279 620 611 1271 1280 
523 620 611 1271 1280 621 612 1272 1281 
524 621 612 1272 1281 622 613 1273 1282 
525 622 613 1273 1282 623 614 1274 1283 
526 623 614 1274 1283 624 615 1275 1284 
527 624 615 1275 1284 625 616 1276 1285 
528 625 616 1276 1285 626 617 1277 1286 
529 626 617 1277 1286 627 618 1278 1287 
530 627 618 1278 1287 177 176 686 687 
531 80 79 335 336 628 619 1279 1288 
532 628 619 1279 1288 629 620 1280 1289 
533 629 620 1280 1289 630 621 1281 1290 
534 630 621 1281 1290 631 622 1282 1291 
535 631 622 1282 1291 632 623 1283 1292 
536 632 623 1283 1292 633 624 1284 1293 
537 633 624 1284 1293 634 625 1285 1294 
538 634 625 1285 1294 635 626 1286 1295 
539 635 626 1286 1295 636 627 1287 1296 
540 636 627 1287 1296 178 177 687 688 
541 8 80 336 48 192 628 1288 664 
542 192 628 1288 664 193 629 1289 665 
543 193 629 1289 665 194 630 1290 666 
544 194 630 1290 666 195 631 1291 667 
545 195 631 1291 667 196 632 1292 668 
546 196 632 1292 668 197 633 1293 669 
547 197 633 1293 669 198 634 1294 670 
548 198 634 1294 670 199 635 1295 671 
549 199 635 1295 671 200 636 1296 672 
550 200 636 1296 672 24 178 688 179 
3 4 5 50
551 49 41 5 9 689 441 140 214 
552 689 441 140 214 690 442 141 215 
553 690 442 141 215 691 443 142 216 
554 691 443 142 216 692 444 143 217 
555 692 444 143 217 693 445 144 218 
556 693 445 144 218 694 446 145 219 
557 694 446 145 219 695 447 146 220 
558 695 447 146 220 696 448 147 221 
559 696 448 147 221 697 449 148 222 
560 697 449 148 222 204 108 20 26 
561 50 42 41 49 698 450 441 689 
562 698 450 441 689 699 451 442 690 
563 699 451 442 690 700 452 443 691 
564 700 452 443 691 701 453 444 692 
565 701 453 444 692 702 454 445 693 
566 702 454 445 693 703 455 446 694 
567 703 455 446 694 704 456 447 695 
568 704 456 447 695 705 457 448 696 
569 705 457 448 696 706 458 449 697 
570 706 458 449 697 203 107 108 204 
571 51 43 42 50 707 459 450 698 
572 707 459 450 698 708 460 451 699 
573 708 460 451 699 709 461 452 700 
574 709 461 452 700 710 462 453 701 
575 710 462 453 701 711 463 454 702 
576 711 463 454 702 712 464 455 703 
577 712 464 455 703 713 465 456 704 
578 713 465 456 704 714 466 457 705 
579 714 466 457 705 715 467 458 706 
580 715 467 458 706 202 106 107 203 
581 52 44 43 51 716 468 459 707 
582 716 468 459 707 717 469 460 708 
583 717 469 460 708 718 470 461 709 
584 718 470 461 709 719 471 462 710 
585 719 471 462 710 720 472 463 711 
586 720 472 463 711 721 473 464 712 
587 721 473 464 712 722 474 465 713 
588 722 474 465 713 723 475 466 714 
589 723 475 466 714 724 476 467 715 
590 724 476 467 715 201 105 106 202 
591 10 6 44 52 205 131 468 716 
592 205 131 468 716 206 132 469 717 
593 206 132 469 717 207 133 470 718 
594 207 133 470 718 208 134 471 719 
595 208 134 471 719 209 135 472 720 
596 209 135 472 720 210 136 473 721 
597 210 136 473 721 211 137 474 722 
598 211 137 474 722 212 138 475 723 
599 212 138 475 723 213 139 476 724 
600 213 139 476 724 25 19 105 201 
3 5 5 10
601 11 7 6 10 223 162 131 205 
602 223 162 131 205 224 163 132 206 
603 224 163 132 206 225 164 133 207 
604 225 164 133 207 226 165 134 208 
605 226 165 134 208 227 166 135 209 
606 227 166 135 209 228 167 136 210 
607 228 167 136 210 229 168 137 211 
608 229 168 137 211 230 169 138 212 
609 230 169 138 212 231 170 139 213 
610 231 170 139 213 27 22 19 25 
3 6 5 50
611 53 45 7 11 725 637 162 223 
612 725 637 162 223 726 638 163 224 
613 726 638 163 224 727 639 164 225 
614 727 639 164 225 728 640 165 226 
615 728 640 165 226 729 641 166 227 
616 729 641 166 227 730 642 167 228 
617 730 642 167 228 731 643 168 229 
618 731 643 168 229 732 644 169 230 
619 732 644 169 230 733 645 170 231 
620 733 645 170 231 235 182 22 27 
621 54 46 45 53 734 646 637 725 
622 734 646 637 725 735 647 638 726 
623 735 647 638 726 736 648 639 727 
624 736 648 639 727 737 649 640 728 
625 737 649 640 728 738 650 641 729 
626 738 650 641 729 739 651 642 730 
627 739 651 642 730 740 652 643 731 
628 740 652 643 731 741 653 644 732 
629 741 653 644 732 742 654 645 733 
630 742 654 645 733 234 181 182 235 
631 55 47 46 54 743 655 646 734 
632 743 655 646 734 744 656 647 735 
633 744 656 647 735 745 657 648 736 
634 745 657 648 736 746 658 649 737 
635 746 658 649 737 747 659 650 738 
636 747 659 650 738 748 660 651 739 
637 748 660 651 739 749 661 652 740 
638 749 661 652 740 750 662 653 741 
639 750 662 653 741 751 663 654 742 
640 751 663 654 742 233 180 181 234 
641 56 48 47 55 752 664 655 743 
642 752 664 655 743 753 665 656 744 
643 753 665 656 744 754 666 657 745 
644 754 666 657 745 755 667 658 746 
645 755 667 658 746 756 668 659 747 
646 756 668 659 747 757 669 660 748 
647 757 669 660 748 758 670 661 749 
648 758 670 661 749 759 671 662 750 
649 759 671 662 750 760 672 663 751 
650 760 672 663 751 232 179 180 233 
651 12 8 48 56 236 192 664 752 
652 236 192 664 752 237 193 665 753 
653 237 193 665 753 238 194 666 754 
654 238 194 666 754 239 195 667 755 
655 239 195 667 755 240 196 668 756 
656 240 196 668 756 241 197 669 757 
657 241 197 669 757 242 198 670 758 
658 242 198 670 758 243 199 671 759 
659 243 199 671 759 244 200 672 760 
660 244 200 672 760 28 24 179 232 
3 7 5 250
661 337 49 9 81 1297 689 214 833 
662 1297 689 214 833 1298 690 215 834 
663 1298 690 215 834 1299 691 216 835 
664 1299 691 216 835 1300 692 217 836 
665 1300 692 217 836 1301 693 218 837 
666 1301 693 218 837 1302 694 219 838 
667 1302 694 219 838 1303 695 220 839 
668 1303 695 220 839 1304 696 221 840 
669 1304 696 221 840 1305 697 222 841 
670 1305 697 222 841 869 204 26 256 
671 338 337 81 82 1306 1297 833 842 
672 1306 1297 833 842 1307 1298 834 843 
673 1307 1298 834 843 1308 1299 835 844 
674 1308 1299 835 844 1309 1300 836 845 
675 1309 1300 836 845 1310 1301 837 846 
676 1310 1301 837 846 1311 1302 838 847 
677 1311 1302 838 847 1312 1303 839 848 
678 1312 1303 839 848 1313 1304 840 849 
679 1313 1304 840 849 1314 1305 841 850 
680 1314 1305 841 850 870 869 256 255 
681 339 338 82 83 1315 1306 842 851 
682 1315 1306 842 851 1316 1307 843 852 
683 1316 1307 843 852 1317 1308 844 853 
684 1317 1308 844 853 1318 1309 845 854 
685 1318 1309 845 854 1319 1310 846 855 
686 1319 1310 846 855 1320 1311 847 856 
687 1320 1311 847 856 1321 1312 848 857 
688 1321 1312 848 857 1322 1313 849 858 
689 1322 1313 849 858 1323 1314 850 859 
690 1323 1314 850 859 871 870 255 254 
691 340 339 83 84 1324 1315 851 860 
692 1324 1315 851 860 1325 1316 852 861 
693 1325 1316 852 861 1326 1317 853 862 
694 1326 1317 853 862 1327 1318 854 863 
695 1327 1318 854 863 1328 1319 855 864 
696 1328 1319 855 864 1329 1320 856 865 
697 1329 1320 856 865 1330 1321 857 866 
698 1330 1321 857 866 1331 1322 858 867 
699 1331 1322 858 867 1332 1323 859 868 
700 1332 1323 859 868 872 871 254 253 
701 57 340 84 13 797 1324 860 266 
702 797 1324 860 266 798 1325 861 267 
703 798 1325 861 267 799 1326 862 268 
704 799 1326 862 268 800 1327 863 269 
705 800 1327 863 269 801 1328 864 270 
706 801 1328 864 270 802 1329 865 271 
707 802 1329 865 271 803 1330 866 272 
708 803 1330 866 272 804 1331 867 273 
709 804 1331 867 273 805 1332 868 274 
710 805 1332 868 274 252 872 253 30 
711 341 50 49 337 1333 698 689 1297 
712 1333 698 689 1297 1334 699 690 1298 
713 1334 699 690 1298 1335 700 691 1299 
714 1335 700 691 1299 1336 701 692 1300 
715 1336 701 692 1300 1337 702 693 1301 
716 1337 702 693 1301 1338 703 694 1302 
717 1338 703 694 1302 1339 704 695 1303 
718 1339 704 695 1303 1340 705 696 1304 
719 1340 705 696 1304 1341 706 697 1305 
720 1341 706 697 1305 873 203 204 869 
721 342 341 337 338 1342 1333 1297 1306 
722 1342 1333 1297 1306 1343 1334 1298 1307 
723 1343 1334 1298 1307 1344 1335 1299 1308 
724 1344 1335 1299 1308 1345 1336 1300 1309 
725 1345 1336 1300 1309 1346 1337 1301 1310 
726 1346 1337 1301 1310 1347 1338 1302 1311 
727 1347 1338 1302 1311 1348 1339 1303 1312 
728 1348 1339 1303 1312 1349 1340 1304 1313 
729 1349 1340 1304 1313 1350 1341 1305 1314 
730 1350 1341 1305 1314 874 873 869 870 
731 343 342 338 339 1351 1342 1306 1315 
732 1351 1342 1306 1315 1352 1343 1307 1316 
733 1352 1343 1307 1316 1353 1344 1308 1317 
734 1353 1344 1308 1317 1354 1345 1309 1318 
735 1354 1345 1309 1318 1355 1346 1310 1319 
736 1355 1346 1310 1319 1356 1347 1311 1320 
737 1356 1347 1311 1320 1357 1348 1312 1321 
738 1357 1348 1312 1321 1358 1349 1313 1322 
739 1358 1349 1313 1322 1359 1350 1314 1323 
740 1359 1350 1314 1323 875 874 870 871 
741 344 343 339 340 1360 1351 1315 1324 
742 1360 1351 1315 1324 1361 1352 1316 1325 
743 1361 1352 1316 1325 1362 1353 1317 1326 
744 1362 1353 1317 1326 1363 1354 1318 1327 
745 1363 1354 1318 1327 1364 1355 1319 1328 
746 1364 1355 1319 1328 1365 1356 1320 1329 
747 1365 1356 1320 1329 1366 1357 1321 1330 
748 1366 1357 1321 1330 1367 1358 1322 1331 
749 1367 1358 1322 1331 1368 1359 1323 1332 
750 1368 1359 1323 1332 876 875 871 872 
751 58 344 340 57 806 1360 1324 797 
752 806 1360 1324 797 807 1361 1325 798 
753 807 1361 1325 798 808 1362 1326 799 
754 808 1362 1326 799 809 1363 1327 800 
755 809 1363 1327 800 810 1364 1328 801 
756 810 1364 1328 801 811 1365 1329 802 
757 811 1365 1329 802 812 1366 1330 803 
758 812 1366 1330 803 813 1367 1331 804 
759 813 1367 1331 804 814 1368 1332 805 
760 814 1368 1332 805 251 876 872 252 
761 345 51 50 341 1369 707 698 1333 
762 1369 707 698 1333 1370 708 699 1334 
763 1370 708 699 1334 1371 709 700 1335 
764 1371 709 700 1335 1372 710 701 1336 
765 1372 710 701 1336 1373 711 702 1337 
766 1373 711 702 1337 1374 712 703 1338 
767 1374 712 703 1338 1375 713 704 1339 
768 1375 713 704 1339 1376 714 705 1340 
769 1376 714 705 1340 1377 715 706 1341 
770 1377 715 706 1341 877 202 203 873 
771 346 345 341 342 1378 1369 1333 1342 
772 1378 1369 1333 1342 1379 1370 1334 1343 
773 1379 1370 1334 1343 1380 1371 1335 1344 
774 1380 1371 1335 1344 1381 1372 1336 1345 
775 1381 1372 1336 1345 1382 1373 1337 1346 
776 1382 1373 1337 1346 1383 1374 1338 1347 
777 1383 1374 1338 1347 1384 1375 1339 1348 
778 1384 1375 1339 1348 1385 1376 1340 1349 
779 1385 1376 1340 1349 1386 1377 1341 1350 
780 1386 1377 1341 1350 878 877 873 874 
781 347 346 342 343 1387 1378 1342 1351 
782 1387 1378 1342 1351 1388 1379 1343 1352 
783 1388 1379 1343 1352 1389 1380 1344 1353 
784 1389 1380 1344 1353 1390 1381 1345 1354 
785 1390 1381 1345 1354 1391 1382 1346 1355 
786 1391 1382 1346 1355 1392 1383 1347 1356 
787 1392 1383 1347 1356 1393 1384 1348 1357 
788 1393 1384 1348 1357 1394 1385 1349 1358 
789 1394 1385 1349 1358 1395 1386 1350 1359 
790 1395 1386 1350 1359 879 878 874 875 
791 348 347 343 344 1396 1387 1351 1360 
792 1396 1387 1351 1360 1397 1388 1352 1361 
793 1397 1388 1352 1361 1398 1389 1353 1362 
794 1398 1389 1353 1362 1399 1390 1354 1363 
795 1399 1390 1354 1363 1400 1391 1355 1364 
796 1400 1391 1355 1364 1401 1392 1356 1365 
797 1401 1392 1356 1365 1402 1393 1357 1366 
798 1402 1393 1357 1366 1403 1394 1358 1367 
799 1403 1394 1358 1367 1404 1395 1359 1368 
800 1404 1395 1359 1368 880 879 875 876 
801 59 348 344 58 815 1396 1360 806 
802 815 1396 1360 806 816 1397 1361 807 
803 816 1397 1361 807 817 1398 1362 808 
804 817 1398 1362 808 818 1399 1363 809 
805 818 1399 1363 809 819 1400 1364 810 
806 819 1400 1364 810 820 1401 1365 811 
807 820 1401 1365 811 821 1402 1366 812 
808 821 1402 1366 812 822 1403 1367 813 
809 822 1403 1367 813 823 1404 1368 814 
810 823 1404 1368 814 250 880 876 251 
811 349 52 51 345 1405 716 707 1369 
812 1405 716 707 1369 1406 717 708 1370 
813 1406 717 708 1370 1407 718 709 1371 
814 1407 718 709 1371 1408 719 710 1372 
815 1408 719 710 1372 1409 720 711 1373 
816 1409 720 711 1373 1410 721 712 1374 
817 1410 721 712 1374 1411 722 713 1375 
818 1411 722 713 1375 1412 723 714 1376 
819 1412 723 714 1376 1413 724 715 1377 
820 1413 724 715 1377 881 201 202 877 
821 350 349 345 346 1414 1405 1369 1378 
822 1414 1405 1369 1378 1415 1406 1370 1379 
823 1415 1406 1370 1379 1416 1407 1371 1380 
824 1416 1407 1371 1380 1417 1408 1372 1381 
825 1417 1408 1372 1381 1418 1409 1373 1382 
826 1418 1409 1373 1382 1419 1410 1374 1383 
827 1419 1410 1374 1383 1420 1411 1375 1384 
828 1420 1411 1375 1384 1421 1412 1376 1385 
829 1421 1412 1376 1385 1422 1413 1377 1386 
830 1422 1413 1377 1386 882 881 877 878 
831 351 350 346 347 1423 1414 1378 1387 
832 1423 1414 1378 1387 1424 1415 1379 1388 
833 1424 1415 1379 1388 1425 1416 1380 1389 
834 1425 1416 1380 1389 1426 1417 1381 1390 
835 1426 1417 1381 1390 1427 1418 1382 1391 
836 1427 1418 1382 1391 1428 1419 1383 1392 
837 1428 1419 1383 1392 1429 1420 1384 1393 
838 1429 1420 1384 1393 1430 1421 1385 1394 
839 1430 1421 1385 1394 1431 1422 1386 1395 
840 1431 1422 1386 1395 883 882 878 879 
841 352 351 347 348 1432 1423 1387 1396 
842 1432 1423 1387 1396 1433 1424 1388 1397 
843 1433 1424 1388 1397 1434 1425 1389 1398 
844 1434 1425 1389 1398 1435 1426 1390 1399 
845 1435 1426 1390 1399 1436 1427 1391 1400 
846 1436 1427 1391 1400 1437 1428 1392 1401 
847 1437 1428 1392 1401 1438 1429 1393 1402 
848 1438 1429 1393 1402 1439 1430 1394 1403 
849 1439 1430 1394 1403 1440 1431 1395 1404 
850 1440 1431 1395 1404 884 883 879 880 
851 60 352 348 59 824 1432 1396 815 
852 824 1432 1396 815 825 1433 1397 816 
853 825 1433 1397 816 826 1434 1398 817 
854 826 1434 1398 817 827 1435 1399 818 
855 827 1435 1399 818 828 1436 1400 819 
856 828 1436 1400 819 829 1437 1401 820 
857 829 1437 1401 820 830 1438 1402 821 
858 830 1438 1402 821 831 1439 1403 822 
859 831 1439 1403 822 832 1440 1404 823 
860 832 1440 1404 823 249 884 880 250 
861 85 10 52 349 761 205 716 1405 
862 761 205 716 1405 762 206 717 1406 
863 762 206 717 1406 763 207 718 1407 
864 763 207 718 1407 764 208 719 1408 
865 764 208 719 1408 765 209 720 1409 
866 765 209 720 1409 766 210 721 1410 
867 766 210 721 1410 767 211 722 1411 
868 767 211 722 1411 768 212 723 1412 
869 768 212 723 1412 769 213 724 1413 
870 769 213 724 1413 245 25 201 881 
871 86 85 349 350 770 761 1405 1414 
872 770 761 1405 1414 771 762 1406 1415 
873 771 762 1406 1415 772 763 1407 1416 
874 772 763 1407 1416 773 764 1408 1417 
875 773 764 1408 1417 774 765 1409 1418 
876 774 765 1409 1418 775 766 1410 1419 
877 775 766 1410 1419 776 767 1411 1420 
878 776 767 1411 1420 777 768 1412 1421 
879 777 768 1412 1421 778 769 1413 1422 
880 778 769 1413 1422 246 245 881 882 
881 87 86 350 351 779 770 1414 1423 
882 779 770 1414 1423 780 771 1415 1424 
883 780 771 1415 1424 781 772 1416 1425 
884 781 772 1416 1425 782 773 1417 1426 
885 782 773 1417 1426 783 774 1418 1427 
886 783 774 1418 1427 784 775 1419 1428 
887 784 775 1419 1428 785 776 1420 1429 
888 785 776 1420 1429 786 777 1421 1430 
889 786 777 1421 1430 787 778 1422 1431 
890 787 778 1422 1431 247 246 882 883 
891 88 87 351 352 788 779 1423 1432 
892 788 779 1423 1432 789 780 1424 1433 
893 789 780 1424 1433 790 781 1425 1434 
894 790 781 1425 1434 791 782 1426 1435 
895 791 782 1426 1435 792 783 1427 1436 
896 792 783 1427 1436 793 784 1428 1437 
897 793 784 1428 1437 794 785 1429 1438 
898 794 785 1429 1438 795 786 1430 1439 
899 795 786 1430 1439 796 787 1431 1440 
900 796 787 1431 1440 248 247 883 884 
901 14 88 352 60 257 788 1432 824 
902 257 788 1432 824 258 789 1433 825 
903 258 789 1433 825 259 790 1434 826 
904 259 790 1434 826 260 791 1435 827 
905 260 791 1435 827 261 792 1436 828 
906 261 792 1436 828 262 793 1437 829 
907 262 793 1437 829 263 794 1438 830 
908 263 794 1438 830 264 795 1439 831 
909 264 795 1439 831 265 796 1440 832 
910 265 796 1440 832 29 248 884 249 
3 8 5 50
911 89 11 10 85 885 223 205 761 
912 885 223 205 761 886 224 206 762 
913 886 224 206 762 887 225 207 763 
914 887 225 207 763 888 226 208 764 
915 888 226 208 764 889 227 209 765 
916 889 227 209 765 890 228 210 766 
917 890 228 210 766 891 229 211 767 
918 891 229 211 767 892 230 212 768 
919 892 230 212 768 893 231 213 769 
920 893 231 213 769 275 27 25 245 
921 90 89 85 86 894 885 761 770 
922 894 885 761 770 895 886 762 771 
923 895 886 762 771 896 887 763 772 
924 896 887 763 772 897 888 764 773 
925 897 888 764 773 898 889 765 774 
926 898 889 765 774 899 890 766 775 
927 899 890 766 775 900 891 767 776 
928 900 891 767 776 901 892 768 777 
929 901 892 768 777 902 893 769 778 
930 902 893 769 778 276 275 245 246 
931 91 90 86 87 903 894 770 779 
932 903 894 770 779 904 895 771 780 
933 904 895 771 780 905 896 772 781 
934 905 896 772 781 906 897 773 782 
935 906 897 773 782 907 898 774 783 
936 907 898 774 783 908 899 775 784 
937 908 899 775 784 909 900 776 785 
938 909 900 776 785 910 901 777 786 
939 910 901 777 786 911 902 778 787 
940 911 902 778 787 277 276 246 247 
941 92 91 87 88 912 903 779 788 
942 912 903 779 788 913 904 780 789 
943 913 904 780 789 914 905 781 790 
944 914 905 781 790 915 906 782 791 
945 915 906 782 791 916 907 783 792 
946 916 907 783 792 917 908 784 793 
947 917 908 784 793 918 909 785 794 
948 918 909 785 794 919 910 786 795 
949 919 910 786 795 920 911 787 796 
950 920 911 787 796 278 277 247 248 
951 15 92 88 14 279 912 788 257 
952 279 912 788 257 280 913 789 258 
953 280 913 789 258 281 914 790 259 
954 281 914 790 259 282 915 791 260 
955 282 915 791 260 283 916 792 261 
956 283 916 792 261 284 917 793 262 
957 284 917 793 262 285 918 794 263 
958 285 918 794 263 286 919 795 264 
959 286 919 795 264 287 920 796 265 
960 287 920 796 265 31 278 248 29 
3 9 5 250
961 353 53 11 89 1441 725 223 885 
962 1441 725 223 885 1442 726 224 886 
963 1442 726 224 886 1443 727 225 887 
964 1443 727 225 887 1444 728 226 888 
965 1444 728 226 888 1445 729 227 889 
966 1445 729 227 889 1446 730 228 890 
967 1446 730 228 890 1447 731 229 891 
968 1447 731 229 891 1448 732 230 892 
969 1448 732 230 892 1449 733 231 893 
970 1449 733 231 893 993 235 27 275 
971 354 353 89 90 1450 1441 885 894 
972 1450 1441 885 894 1451 1442 886 895 
973 1451 1442 886 895 1452 1443 887 896 
974 1452 1443 887 896 1453 1444 888 897 
975 1453 1444 888 897 1454 1445 889 898 
976 1454 1445 889 898 1455 1446 890 899 
977 1455 1446 890 899 1456 1447 891 900 
978 1456 1447 891 900 1457 1448 892 901 
979 1457 1448 892 901 1458 1449 893 902 
980 1458 1449 893 902 994 993 275 276 
981 355 354 90 91 1459 1450 894 903 
982 1459 1450 894 903 1460 1451 895 904 
983 1460 1451 895 904 1461 1452 896 905 
984 1461 1452 896 905 1462 1453 897 906 
985 1462 1453 897 906 1463 1454 898 907 
986 1463 1454 898 907 1464 1455 899 908 
987 1464 1455 899 908 1465 1456 900 909 
988 1465 1456 900 909 1466 1457 901 910 
989 1466 1457 901 910 1467 1458 902 911 
990 1467 1458 902 911 995 994 276 277 
991 356 355 91 92 1468 1459 903 912 
992 1468 1459 903 912 1469 1460 904 913 
993 1469 1460 904 913 1470 1461 905 914 
994 1470 1461 905 914 1471 1462 906 915 
995 1471 1462 906 915 1472 1463 907 916 
996 1472 1463 907 916 1473 1464 908 917 
997 1473 1464 908 917 1474 1465 909 918 
998 1474 1465 909 918 1475 1466 910 919 
999 1475 1466 910 919 1476 1467 911 920 
1000 1476 1467 911 920 996 995 277 278 
1001 61 356 92 15 957 1468 912 279 
1002 957 1468 912 279 958 1469 913 280 
1003 958 1469 913 280 959 1470 914 281 
1004 959 1470 914 281 960 1471 915 282 
1005 960 1471 915 282 961 1472 916 283 
1006 961 1472 916 283 962 1473 917 284 
1007 962 1473 917 284 963 1474 918 285 
1008 963 1474 918 285 964 1475 919 286 
1009 964 1475 919 286 965 1476 920 287 
1010 965 1476 920 287 295 996 278 31 
1011 357 54 53 353 1477 734 725 1441 
1012 1477 734 725 1441 1478 735 726 1442 
1013 1478 735 726 1442 1479 736 727 1443 
1014 1479 736 727 1443 1480 737 728 1444 
1015 1480 737 728 1444 1481 738 729 1445 
1016 1481 738 729 1445 1482 739 730 1446 
1017 1482 739 730 1446 1483 740 731 1447 
1018 1483 740 731 1447 1484 741 732 1448 
1019 1484 741 732 1448 1485 742 733 1449 
1020 1485 742 733 1449 997 234 235 993 
1021 358 357 353 354 1486 1477 1441 1450 
1022 1486 1477 1441 1450 1487 1478 1442 1451 
1023 1487 1478 1442 1451 1488 1479 1443 1452 
1024 1488 1479 1443 1452 1489 1480 1444 1453 
1025 1489 1480 1444 1453 1490 1481 1445 1454 
1026 1490 1481 1445 1454 1491 1482 1446 1455 
1027 1491 1482 1446 1455 1492 1483 1447 1456 
1028 1492 1483 1447 1456 1493 1484 1448 1457 
1029 1493 1484 1448 1457 1494 1485 1449 1458 
1030 1494 1485 1449 1458 998 997 993 994 
1031 359 358 354 355 1495 1486 1450 1459 
1032 1495 1486 1450 1459 1496 1487 1451 1460 
1033 1496 1487 1451 1460 1497 1488 1452 1461 
1034 1497 1488 1452 1461 1498 1489 1453 1462 
1035 1498 1489 1453 1462 1499 1490 1454 1463 
1036 1499 1490 1454 1463 1500 1491 1455 1464 
1037 1500 1491 1455 1464 1501 1492 1456 1465 
1038 1501 1492 1456 1465 1502 1493 1457 1466 
1039 1502 1493 1457 1466 1503 1494 1458 1467 
1040 1503 1494 1458 1467 999 998 994 995 
1041 360 359 355 356 1504 1495 1459 1468 
1042 1504 1495 1459 1468 1505 1496 1460 1469 
1043 1505 1496 1460 1469 1506 1497 1461 1470 
1044 1506 1497 1461 1470 1507 1498 1462 1471 
1045 1507 1498 1462 1471 1508 1499 1463 1472 
1046 1508 1499 1463 1472 1509 1500 1464 1473 
1047 1509 1500 1464 1473 1510 1501 1465 1474 
1048 1510 1501 1465 1474 1511 1502 1466 1475 
1049 1511 1502 1466 1475 1512 1503 1467 1476 
1050 1512 1503 1467 1476 1000 999 995 996 
1051 62 360 356 61 966 1504 1468 957 
1052 966 1504 1468 957 967 1505 1469 958 
1053 967 1505 1469 958 968 1506 1470 959 
1054 968 1506 1470 959 969 1507 1471 960 
1055 969 1507 1471 960 970 1508 1472 961 
1056 970 1508 1472 961 971 1509 1473 962 
1057 971 1509 1473 962 972 1510 1474 963 
1058 972 1510 1474 963 973 1511 1475 964 
1059 973 1511 1475 964 974 1512 1476 965 
1060 974 1512 1476 965 294 1000 996 295 
1061 361 55 54 357 1513 743 734 1477 
1062 1513 743 734 1477 1514 744 735 1478 
1063 1514 744 735 1478 1515 745 736 1479 
1064 1515 745 736 1479 1516 746 737 1480 
1065 1516 746 737 1480 1517 747 738 1481 
1066 1517 747 738 1481 1518 748 739 1482 
1067 1518 748 739 1482 1519 749 740 1483 
1068 1519 749 740 1483 1520 750 741 1484 
1069 1520 750 741 1484 1521 751 742 1485 
1070 1521 751 742 1485 1001 233 234 997 
1071 362 361 357 358 1522 1513 1477 1486 
1072 1522 1513 1477 1486 1523 1514 1478 1487 
1073 1523 1514 1478 1487 1524 1515 1479 1488 
1074 1524 1515 1479 1488 1525 1516 1480 1489 
1075 1525 1516 1480 1489 1526 1517 1481 1490 
1076 1526 1517 1481 1490 1527 1518 1482 1491 
1077 1527 1518 1482 1491 1528 1519 1483 1492 
1078 1528 1519 1483 1492 1529 1520 1484 1493 
1079 1529 1520 1484 1493 1530 1521 1485 1494 
1080 1530 1521 1485 1494 1002 1001 997 998 
1081 363 362 358 359 1531 1522 1486 1495 
1082 1531 1522 1486 1495 1532 1523 1487 1496 
1083 1532 1523 1487 1496 1533 1524 1488 1497 
1084 1533 1524 1488 1497 1534 1525 1489 1498 
1085 1534 1525 1489 1498 1535 1526 1490 1499 
1086 1535 1526 1490 1499 1536 1527 1491 1500 
1087 1536 1527 1491 1500 1537 1528 1492 1501 
1088 1537 1528 1492 1501 1538 1529 1493 1502 
1089 1538 1529 1493 1502 1539 1530 1494 1503 
1090 1539 1530 1494 1503 1003 1002 998 999 
1091 364 363 359 360 1540 1531 1495 1504 
1092 1540 1531 1495 1504 1541 1532 1496 1505 
1093 1541 1532 1496 1505 1542 1533 1497 1506 
1094 1542 1533 1497 1506 1543 1534 1498 1507 
1095 1543 1534 1498 1507 1544 1535 1499 1508 
1096 1544 1535 1499 1508 1545 1536 1500 1509 
1097 1545 1536 1500 1509 1546 1537 1501 1510 
1098 1546 1537 1501 1510 1547 1538 1502 1511 
1099 1547 1538 1502 1511 1548 1539 1503 1512 
1100 1548 1539 1503 1512 1004 1003 999 1000 
1101 63 364 360 62 975 1540 1504 966 
1102 975 1540 1504 966 976 1541 1505 967 
1103 976 1541 1505 967 977 1542 1506 968 
1104 977 1542 1506 968 978 1543 1507 969 
1105 978 1543 1507 969 979 1544 1508 970 
1106 979 1544 1508 970 980 1545 1509 971 
1107 980 1545 1509 971 981 1546 1510 972 
1108 981 1546 1510 972 982 1547 1511 973 
1109 982 1547 1511 973 983 1548 1512 974 
1110 983 1548 1512 974 293 1004 1000 294 
1111 365 56 55 361 1549 752 743 1513 
1112 1549 752 743 1513 1550 753 744 1514 
1113 1550 753 744 1514 1551 754 745 1515 
1114 1551 754 745 1515 1552 755 746 1516 
1115 1552 755 746 1516 1553 756 747 1517 
1116 1553 756 747 1517 1554 757 748 1518 
1117 1554 757 748 1518 1555 758 749 1519 
1118 1555 758 749 1519 1556 759 750 1520 
1119 1556 759 750 1520 1557 760 751 1521 
1120 1557 760 751 1521 1005 232 233 1001 
1121 366 365 361 362 1558 1549 1513 1522 
1122 1558 1549 1513 1522 1559 1550 1514 1523 
1123 1559 1550 1514 1523 1560 1551 1515 1524 
1124 1560 1551 1515 1524 1561 1552 1516 1525 
1125 1561 1552 1516 1525 1562 1553 1517 1526 
1126 1562 1553 1517 1526 1563 1554 1518 1527 
1127 1563 1554 1518 1527 1564 1555 1519 1528 
1128 1564 1555 1519 1528 1565 1556 1520 1529 
1129 1565 1556 1520 1529 1566 1557 1521 1530 
1130 1566 1557 1521 1530 1006 1005 1001 1002 
1131 367 366 362 363 1567 1558 1522 1531 
1132 1567 1558 1522 1531 1568 1559 1523 1532 
1133 1568 1559 1523 1532 1569 1560 1524 1533 
1134 1569 1560 1524 1533 1570 1561 1525 1534 
1135 1570 1561 1525 1534 1571 1562 1526 1535 
1136 1571 1562 1526 1535 1572 1563 1527 1536 
1137 1572 1563 1527 1536 1573 1564 1528 1537 
1138 1573 1564 1528 1537 1574 1565 1529 1538 
1139 1574 1565 1529 1538 1575 1566 1530 1539 
1140 1575 1566 1530 1539 1007 1006 1002 1003 
1141 368 367 363 364 1576 1567 1531 1540 
1142 1576 1567 1531 1540 1577 1568 1532 1541 
1143 1577 1568 1532 1541 1578 1569 1533 1542 
1144 1578 1569 1533 1542 1579 1570 1534 1543 
1145 1579 1570 1534 1543 1580 1571 1535 1544 
1146 1580 1571 1535 1544 1581 1572 1536 1545 
1147 1581 1572 1536 1545 1582 1573 1537 1546 
1148 1582 1573 1537 1546 1583 1574 1538 1547 
1149 1583 1574 1538 1547 1584 1575 1539 1548 
1150 1584 1575 1539 1548 1008 1007 1003 1004 
1151 64 368 364 63 984 1576 1540 975 
1152 984 1576 1540 975 985 1577 1541 976 
1153 985 1577 1541 976 986 1578 1542 977 
1154 986 1578 1542 977 987 1579 1543 978 
1155 987 1579 1543 978 988 1580 1544 979 
1156 988 1580 1544 979 989 1581 1545 980 
1157 989 1581 1545 980 990 1582 1546 981 
1158 990 1582 1546 981 991 1583 1547 982 
1159 991 1583 1547 982 992 1584 1548 983 
1160 992 1584 1548 983 292 1008 1004 293 
1161 93 12 56 365 921 236 752 1549 
1162 921 236 752 1549 922 237 753 1550 
1163 922 237 753 1550 923 238 754 1551 
1164 923 238 754 1551 924 239 755 1552 
1165 924 239 755 1552 925 240 756 1553 
1166 925 240 756 1553 926 241 757 1554 
1167 926 241 757 1554 927 242 758 1555 
1168 927 242 758 1555 928 243 759 1556 
1169 928 243 759 1556 929 244 760 1557 
1170 929 244 760 1557 288 28 232 1005 
1171 94 93 365 366 930 921 1549 1558 
1172 930 921 1549 1558 931 922 1550 1559 
1173 931 922 1550 1559 932 923 1551 1560 
1174 932 923 1551 1560 933 924 1552 1561 
1175 933 924 1552 1561 934 925 1553 1562 
1176 934 925 1553 1562 935 926 1554 1563 
1177 935 926 1554 1563 936 927 1555 1564 
1178 936 927 1555 1564 937 928 1556 1565 
1179 937 928 1556 1565 938 929 1557 1566 
1180 938 929 1557 1566 289 288 1005 1006 
1181 95 94 366 367 939 930 1558 1567 
1182 939 930 1558 1567 940 931 1559 1568 
1183 940 931 1559 1568 941 932 1560 1569 
1184 941 932 1560 1569 942 933 1561 1570 
1185 942 933 1561 1570 943 934 1562 1571 
1186 943 934 1562 1571 944 935 1563 1572 
1187 944 935 1563 1572 945 936 1564 1573 
1188 945 936 1564 1573 946 937 1565 1574 
1189 946 937 1565 1574 947 938 1566 1575 
1190 947 938 1566 1575 290 289 1006 1007 
1191 96 95 367 368 948 939 1567 1576 
1192 948 939 1567 1576 949 940 1568 1577 
1193 949 940 1568 1577 950 941 1569 1578 
1194 950 941 1569 1578 951 942 1570 1579 
1195 951 942 1570 1579 952 943 1571 1580 
1196 952 943 1571 1580 953 944 1572 1581 
1197 953 944 1572 1581 954 945 1573 1582 
1198 954 945 1573 1582 955 946 1574 1583 
1199 955 946 1574 1583 956 947 1575 1584 
1200 956 947 1575 1584 291 290 1007 1008 
1201 16 96 368 64 296 948 1576 984 
1202 296 948 1576 984 297 949 1577 985 
1203 297 949 1577 985 298 950 1578 986 
1204 298 950 1578 986 299 951 1579 987 
1205 299 951 1579 987 300 952 1580 988 
1206 300 952 1580 988 301 953 1581 989 
1207 301 953 1581 989 302 954 1582 990 
1208 302 954 1582 990 303 955 1583 991 
1209 303 955 1583 991 304 956 1584 992 
1210 304 956 1584 992 32 291 1008 292 
$EndElements
